time_s,raw_ecg,filtered_ecg,diff_envelope,threshold,is_r_peak
780.916666666667,-0.19,-0.0568009806420437,0.00384065689830021,0.0322781422630964,0
780.919444444444,-0.195,-0.0507510305100767,0.00391312981392518,0.0322850596668778,0
780.922222222222,-0.21,-0.0437643780712691,0.00398208144678473,0.0322921692083379,0
780.925,-0.205,-0.036323064135045,0.00404848264622937,0.0322994051149425,0
780.927777777778,-0.18,-0.0289164663612224,0.00411386729924517,0.0323066773183281,0
780.930555555556,-0.19,-0.0219934942285964,0.00417994582852702,0.0323139093333295,0
780.933333333333,-0.195,-0.015919381027317,0.00424822081230808,0.0323210431723019,0
780.936111111111,-0.215,-0.0109413593942177,0.00431965335970097,0.0323281487500137,0
780.938888888889,-0.22,-0.00716661542257976,0.00439442190488673,0.032335234727859,0
780.941666666667,-0.205,-0.00455469192885016,0.004471803465119,0.0323423154908887,0
780.944444444444,-0.19,-0.00292507410187401,0.00455019243502001,0.0323494096466983,0
780.947222222222,-0.18,-0.00197918123640379,0.00462725531469992,0.032356538013949,0
780.95,-0.185,-0.0013345543466279,0.00470020322846372,0.0323637213779198,0
780.952777777778,-0.185,-0.000567811671033163,0.00469016212749964,0.032370978285718,0
780.955555555556,-0.2,0.000737937985766813,0.0046338029693371,0.032378222923027,0
780.958333333333,-0.185,0.00294599340111973,0.00458892479782094,0.032385437984699,0
780.961111111111,-0.18,0.00632403031435858,0.00455639822661235,0.0323926148003519,0
780.963888888889,-0.16,0.0110114228241877,0.00453584305613661,0.0323997324072838,0
780.966666666667,-0.175,0.0169992944464405,0.00452553942715781,0.0324068036750494,0
780.969444444444,-0.185,0.024125435773457,0.00452249762416853,0.0324138465265474,0
780.972222222222,-0.19,0.0320847672141772,0.00452268896728167,0.0324208826743804,0
780.975,-0.18,0.0404544905529588,0.004521421836436,0.0324279351029976,0
780.977777777778,-0.17,0.0487316115937974,0.00451382954647206,0.0324350260400739,0
780.980555555556,-0.165,0.0563792711327036,0.00449542244366709,0.0324421751211042,0
780.983333333333,-0.165,0.0628774158540588,0.00446264686443618,0.0324493982597256,0
780.986111111111,-0.195,0.067772865176389,0.00441338968223902,0.0324567063413289,0
780.988888888889,-0.21,0.0707238341183905,0.00441417568564983,0.0324641041912996,0
780.991666666667,-0.19,0.0715344592854068,0.00445072238077709,0.0324716424639289,0
780.994444444444,-0.165,0.0701758016923991,0.00448996151061018,0.0324794007615685,0
780.997222222222,-0.17,0.0667910800760501,0.00449736636876855,0.032487345101541,0
781,-0.17,0.0616844005091321,0.00444059377628533,0.0324954594237702,0
781.002777777778,-0.19,0.0552938480141211,0.00435526118519415,0.0325036707701105,0
781.005555555556,-0.2,0.0481513393182821,0.00428855488155099,0.0325119095537845,0
781.008333333333,-0.2,0.0408329538311486,0.00424837211222709,0.0325201154711882,0
781.011111111111,-0.2,0.0339044327482415,0.00424127710293484,0.0325282423595225,0
781.013888888889,-0.185,0.0278670663414865,0.00427180266763295,0.032536261966602,0
781.016666666667,-0.19,0.0231092211173415,0.00434190488929867,0.032544160200432,0
781.019444444444,-0.195,0.0198682831270477,0.0044506320486463,0.0325519205095736,0
781.022222222222,-0.2,0.0182068514310145,0.00459405056439941,0.0325595313568518,0
781.025,-0.185,0.0180056918877559,0.00476544727987773,0.0325669876591584,0
781.027777777778,-0.18,0.0189743788521396,0.00495580113255573,0.0325742912782055,0
781.030555555556,-0.17,0.0206788599006058,0.00515449058016087,0.0325814523216647,0
781.033333333333,-0.175,0.0225835373413603,0.00535017875346889,0.0325884889567798,0
781.036111111111,-0.2,0.024104027884753,0.00543809812782215,0.032595405038384,0
781.038888888889,-0.2,0.0246656781180925,0.00536241829266085,0.0326021729511921,0
781.041666666667,-0.2,0.0237622863464978,0.00523616809270538,0.0326087953042938,0
781.044444444444,-0.195,0.0210093766423203,0.00514613762431726,0.0326154120896555,0
781.047222222222,-0.19,0.0161868053304606,0.0050936585662705,0.0326219861317818,0
781.05,-0.19,0.00926641927291951,0.00507649984615026,0.0326284828463067,0
781.052777777778,-0.2,0.000421846455953902,0.0050890290227178,0.0326348720487319,0
781.055555555556,-0.215,-0.0099808413111336,0.00512270505334066,0.0326411299717873,0
781.058333333333,-0.215,-0.0214110499730534,0.00516686668557862,0.0326472409903385,0
781.061111111111,-0.215,-0.0332178464687997,0.00520975102293144,0.0326531989206959,0
781.063888888889,-0.19,-0.0446864959390263,0.00523965240468893,0.0326590073118554,0
781.066666666667,-0.19,-0.0551022069890185,0.00524611513776034,0.0326646796436296,0
781.069444444444,-0.215,-0.0638151699115689,0.00527118359468608,0.03267023940521,0
781.072222222222,-0.22,-0.0703007521045177,0.00533258868246445,0.0326757192848884,0
781.075,-0.215,-0.0742090715537702,0.00543120936296643,0.0326811634546544,0
781.077777777778,-0.19,-0.0753990779504415,0.00556371468104204,0.032686746572162,0
781.080555555556,-0.185,-0.0739536541822323,0.00572267604614147,0.0326926149780979,0
781.083333333333,-0.19,-0.0701739852704766,0.00583477569101643,0.0326987201580197,0
781.086111111111,-0.2,-0.0645533692579937,0.00582103812615965,0.0327049987983244,0
781.088888888889,-0.22,-0.0577325866543471,0.005658470355874,0.0327113934165338,0
781.091666666667,-0.2,-0.0504407194509814,0.00552489751174833,0.0327178601350875,0
781.094444444444,-0.175,-0.0434267481561633,0.0054345091065084,0.0327243747918761,0
781.097222222222,-0.18,-0.0373882155971175,0.00539886969524073,0.0327309745311346,0
781.1,-0.185,-0.0329036318235921,0.0054257436741876,0.0327378170346922,0
781.102777777778,-0.205,-0.0303750600565917,0.00551823260633429,0.0327449035045573,0
781.105555555556,-0.215,-0.0299864812542622,0.00567431695791889,0.032752228703362,0
781.108333333333,-0.21,-0.0316821534694924,0.00588685877885184,0.0327597824725519,0
781.111111111111,-0.195,-0.0351673820635314,0.00614408000447716,0.0327675501354731,0
781.113888888889,-0.19,-0.0399320592388431,0.00643048646259086,0.0327755137752974,0
781.116666666667,-0.2,-0.0452952040064286,0.00672816448256299,0.032783618024451,0
781.119444444444,-0.205,-0.0504667338276517,0.00701833936449925,0.0327917091603588,0
781.122222222222,-0.2,-0.0546210153006199,0.00718337222496063,0.0327996350969343,0
781.125,-0.195,-0.0569755356239509,0.00714647963665275,0.0328072820704194,0
781.127777777778,-0.18,-0.0568674296503751,0.00697520525915634,0.0328148314143873,0
781.130555555556,-0.17,-0.0538206560724785,0.00686293292821204,0.0328223988109591,0
781.133333333333,-0.195,-0.0475973470074707,0.00681043451012184,0.0328300379371161,0
781.136111111111,-0.21,-0.0382282021671457,0.00681260415518535,0.0328378190308092,0
781.138888888889,-0.215,-0.0260186481157665,0.00685886936592113,0.0328458312670303,0
781.141666666667,-0.2,-0.0115296725877663,0.00693413849765255,0.0328541837795565,0
781.144444444444,-0.165,0.00446542307841358,0.00702021081643448,0.0328630048216624,0
781.147222222222,-0.17,0.0210448469354613,0.00709752866375051,0.0328724386595988,0
781.15,-0.165,0.037217225401146,0.00704794275644088,0.0328826395632337,0
781.152777777778,-0.18,0.0520085948793923,0.00704254417263833,0.0328877463365082,0
781.155555555556,-0.195,0.0645495769078364,0.00709350635613787,0.0328859409899683,0
781.158333333333,-0.18,0.0741546548806591,0.00720731888977484,0.0328766644181476,0
781.161111111111,-0.17,0.0803860316022483,0.00738389128795928,0.0328596371009324,0
781.163888888889,-0.165,0.0830958154530755,0.00761626701464316,0.0328350554149286,0
781.166666666667,-0.18,0.0824421563879885,0.00789099734522243,0.0328033115477836,0
781.169444444444,-0.2,0.0788772713817265,0.00818170734850546,0.0327650675147332,0
781.172222222222,-0.205,0.0731078583029765,0.00827039000554775,0.0327213673004674,0
781.175,-0.185,0.0660309673013166,0.00811600130820089,0.0326736249247307,0
781.177777777778,-0.175,0.0586507436309334,0.00788938851783273,0.0326235908568125,0
781.180555555556,-0.175,0.0519833550371968,0.00773237955214145,0.0325731471663537,0
781.183333333333,-0.18,0.0469586860255203,0.00766145611478524,0.0325243716275243,0
781.186111111111,-0.195,0.0443278896510258,0.00768642540977875,0.0324759431891995,0
781.188888888889,-0.195,0.0445855705542769,0.00780927091450037,0.0324255116494902,0
781.191666666667,-0.2,0.0479142402180419,0.00802374052193649,0.0323707093722938,0
781.194444444444,-0.19,0.0541568207148403,0.00831574913944284,0.0323092515376276,0
781.197222222222,-0.175,0.0628205289578978,0.00866459725838953,0.0322390365314489,0
781.2,-0.18,0.0731126583264697,0.00904492732495756,0.032158236569324,0
781.202777777778,-0.19,0.0840058358732704,0.00942926320872725,0.0320653833916742,0
781.205555555556,-0.2,0.0943275357834004,0.00979091200081035,0.0319594321145745,0
781.208333333333,-0.2,0.102866231852184,0.0100618785526636,0.031840310319061,0
781.211111111111,-0.19,0.108484802484307,0.0100701223390482,0.0317094930169737,0
781.213888888889,-0.18,0.110230839326256,0.00988545804550064,0.0315688542338472,0
781.216666666667,-0.185,0.107433465406608,0.00976732599840026,0.0314201517464564,0
781.219444444444,-0.195,0.0997771713602757,0.00970189334234491,0.0312674101672797,0
781.222222222222,-0.2,0.0873449755156054,0.0096649662312118,0.031117609770387,0
781.225,-0.19,0.0706257702946139,0.00962371539844478,0.0309761738451443,0
781.227777777778,-0.175,0.050483826800639,0.00953949072342545,0.0308484061296125,0
781.230555555556,-0.165,0.0280918297193069,0.0097074295686679,0.0307391762514167,0
781.233333333333,-0.17,0.00483221033337652,0.00999753779523604,0.0306508096249025,0
781.236111111111,-0.195,-0.0178253671445217,0.0104413178119177,0.0305830717204801,0
781.238888888889,-0.2,-0.0384600170478173,0.0110587666407716,0.0305350782645435,0
781.241666666667,-0.2,-0.0558371343987274,0.0118543688862358,0.0305052274123728,0
781.244444444444,-0.18,-0.0690347332199645,0.0128140525987388,0.0304911556591379,0
781.247222222222,-0.165,-0.077546422288797,0.0139034751104396,0.0304890211348176,0
781.25,-0.15,-0.0813503771002122,0.0150679205763982,0.0304940621148581,0
781.252777777778,-0.17,-0.0809362285343424,0.0162339756896284,0.0305014273914538,0
781.255555555556,-0.185,-0.0772851668985936,0.0173130128086973,0.0305112681628819,0
781.258333333333,-0.19,-0.0718024902538156,0.0180134384109416,0.0305272059075115,0
781.261111111111,-0.17,-0.0662059878829389,0.0180909518454135,0.0305516513236405,0
781.263888888889,-0.165,-0.0623775930215061,0.0178712082873515,0.03058539862096,0
781.266666666667,-0.175,-0.0621893122225724,0.0181229835886378,0.0306316292845743,0
781.269444444444,-0.19,-0.0673172196378547,0.0189117622172692,0.030693480188414,0
781.272222222222,-0.195,-0.0790590278720958,0.0202755198543913,0.0307730644345738,0
781.275,-0.18,-0.0981712288526634,0.0222188099392864,0.0308714831668847,0
781.277777777778,-0.175,-0.124740953132482,0.0247087578230672,0.0309889090759385,0
781.280555555556,-0.155,-0.158105547619516,0.0276734099522253,0.0311247298475429,0
781.283333333333,-0.155,-0.196829552828905,0.0310027356962092,0.0312777394295208,0
781.286111111111,-0.185,-0.238744505578357,0.0345523986500568,0.0314463512731646,0
781.288888888889,-0.19,-0.281052120159941,0.038150215059677,0.0316288139515908,0
781.291666666667,-0.175,-0.32048628907574,0.0416050139498087,0.0318234104068586,0
781.294444444444,-0.15,-0.353524402370686,0.0446888599901646,0.0320267984644681,0
781.297222222222,-0.15,-0.37663411875542,0.0470115715483187,0.0322364654686746,0
781.3,-0.135,-0.386538302401437,0.0484910059334957,0.0324499701818466,0
781.302777777778,-0.155,-0.380478669740565,0.0490952782021987,0.0326642515996543,0
781.305555555556,-0.145,-0.35645798078227,0.0490829219818864,0.0328758785349648,0
781.308333333333,-0.135,-0.313441457057987,0.0501101481659611,0.0330813328407272,0
781.311111111111,-0.11,-0.251500488500113,0.0518297491982347,0.0332773064791824,0
781.313888888889,-0.07,-0.171885456652223,0.0540872720237267,0.0334628036673446,0
781.316666666667,-0.025,-0.0770193905446843,0.0567205855108462,0.0336391267241963,0
781.319444444444,0.02,0.0295901711041981,0.0595598352514319,0.0338074297064697,0
781.322222222222,0.11,0.143517735030642,0.0624406250690941,0.0339684604735177,0
781.325,0.225,0.259655559513458,0.0652163811611888,0.0341235245081631,0
781.327777777778,0.365,0.372503924461278,0.0677689094018087,0.0342717989073869,0
781.330555555556,0.555,0.47649704708651,0.0700163068359333,0.0344137972240443,0
781.333333333333,0.735,0.566342730822702,0.0719176076163546,0.0345543061712325,0
781.336111111111,0.92,0.637352427644919,0.0734738138024329,0.0346930155141288,0
781.338888888889,1.12,0.685738701459831,0.0747252605132002,0.0348259943919308,0
781.341666666667,1.31,0.708859099623095,0.0757455684015514,0.0349493532635641,1
781.344444444444,1.42,0.705389035150718,0.0762148136345984,0.0350594917023149,0
781.347222222222,1.415,0.67541119501362,0.0754235252503224,0.0351542705466016,0
781.35,1.255,0.620414857662402,0.0744675804682522,0.0352329716018201,0
781.352777777778,0.985,0.543204887488894,0.073319652924687,0.0352957505843559,0
781.355555555556,0.645,0.447726595381861,0.0719008479384466,0.0353435587553185,0
781.358333333333,0.345,0.338818628625057,0.0701641199087197,0.0353780218173922,0
781.361111111111,0.06,0.221911129425818,0.0681009109101681,0.0354012865486537,0
781.363888888889,-0.14,0.102690197545682,0.0657444376344815,0.0354158472525936,0
781.366666666667,-0.255,-0.0132480741817467,0.0631693082711269,0.0354243647866337,0
781.369444444444,-0.26,-0.120730214352943,0.060487455060604,0.0354294914645298,0
781.372222222222,-0.235,-0.215302105900961,0.0578406746103858,0.0354337123706385,0
781.375,-0.175,-0.293470198592178,0.0553903514054175,0.0354392100950488,0
781.377777777778,-0.145,-0.352871869589164,0.0533051769054852,0.0354433515642966,0
781.380555555556,-0.15,-0.392364981997363,0.0517478476340333,0.0354430618424773,0
781.383333333333,-0.18,-0.412032726416599,0.051039368470368,0.0354371728999765,0
781.386111111111,-0.22,-0.41310605223089,0.0511420095552425,0.0354301252198049,0
781.388888888889,-0.23,-0.397811927186643,0.0503905241010055,0.0354234566898214,0
781.391666666667,-0.24,-0.369160857392157,0.0487625738817074,0.0354171250836579,0
781.394444444444,-0.25,-0.33069117014524,0.0462877177030801,0.0354110543719613,0
781.397222222222,-0.24,-0.286190216899781,0.0430470537013903,0.0354051492748906,0
781.4,-0.25,-0.239413716208895,0.0394142126766453,0.0353992727582943,0
781.402777777778,-0.26,-0.193823877277362,0.0356991073875949,0.035393259912775,0
781.405555555556,-0.27,-0.152364804331829,0.032097128812534,0.0353869734591847,0
781.408333333333,-0.26,-0.117290182489174,0.0287815723692498,0.0353803116703474,0
781.411111111111,-0.25,-0.0900536929202692,0.0258947680068186,0.035373253777281,0
781.413888888889,-0.24,-0.0712673821281598,0.0235417734826128,0.0353659843152554,0
781.416666666667,-0.25,-0.0607277458039779,0.0217869075555293,0.0353585201628283,0
781.419444444444,-0.275,-0.0575040208611715,0.0206531879093649,0.0353508431202002,0
781.422222222222,-0.28,-0.0600785232781412,0.0201245315353622,0.0353429042310978,0
781.425,-0.275,-0.0665251792118796,0.0201503881072446,0.0353346322958463,0
781.427777777778,-0.255,-0.0747099411761046,0.0206523226033287,0.0353261004138505,0
781.430555555556,-0.245,-0.082495722167678,0.0204771848887114,0.0353174319178807,0
781.433333333333,-0.245,-0.0879348631609924,0.0196488769426464,0.0353087629579869,0
781.436111111111,-0.265,-0.0894338992190209,0.0183455967398426,0.0353002025029474,0
781.438888888889,-0.28,-0.0858783221798191,0.0169935919997681,0.0352918138061772,0
781.441666666667,-0.27,-0.076708876363042,0.0156874431846387,0.0352836076652156,0
781.444444444444,-0.27,-0.0619453231596744,0.014504014351276,0.0352755393000505,0
781.447222222222,-0.27,-0.0421581882874856,0.0134989192001559,0.0352675140966951,0
781.45,-0.255,-0.0183933746267937,0.0127049391801452,0.0352593983610444,0
781.452777777778,-0.275,0.00794167571925413,0.0121323526874207,0.0352510625322753,0
781.455555555556,-0.26,0.0352186565250503,0.0117709893453953,0.0352424563225582,0
781.458333333333,-0.255,0.0617424577832683,0.0115937018403134,0.0352335378426343,0
781.461111111111,-0.24,0.0859045353453904,0.0115608581586461,0.0352242792722705,0
781.463888888889,-0.235,0.106322120349216,0.0114963115991292,0.0352148929484913,0
781.466666666667,-0.245,0.121951546549943,0.0113836783848102,0.0352056431257973,0
781.469444444444,-0.26,0.132166677870289,0.0112696692842791,0.0351967522978663,0
781.472222222222,-0.255,0.136796817228888,0.0111942660448807,0.0351882662259778,0
781.475,-0.25,0.136122255863281,0.0111875831598529,0.03518020716966,0
781.477777777778,-0.24,0.130829440079983,0.011267913900614,0.0351725745689053,0
781.480555555556,-0.23,0.121931255027848,0.0111958208895575,0.0351653012559486,0
781.483333333333,-0.23,0.110660852263835,0.0109361373752051,0.0351582075146526,0
781.486111111111,-0.235,0.0983495387007836,0.0106065184840166,0.0351511220105878,0
781.488888888889,-0.25,0.0863003374384375,0.0102315542828492,0.0351438972321458,0
781.491666666667,-0.23,0.0756688561585452,0.00984078660000855,0.0351364911660382,0
781.494444444444,-0.225,0.0673620822851717,0.00946544805578441,0.0351289112332748,0
781.497222222222,-0.2,0.0619637836083661,0.00913526461158896,0.0351212777407518,0
781.5,-0.225,0.0596925254339112,0.00887561009021067,0.0351136808956053,0
781.502777777778,-0.225,0.0603951776248918,0.00870525064629715,0.0351061746657054,0
781.505555555556,-0.235,0.0635754703433806,0.00863484865265156,0.0350987766722057,0
781.508333333333,-0.215,0.0684539683922025,0.00866631596212197,0.0350914665790748,0
781.511111111111,-0.2,0.0740530554412231,0.0087930236628885,0.0350843254041498,0
781.513888888889,-0.185,0.0792983927687299,0.00900079683071054,0.0350774133904564,0
781.516666666667,-0.185,0.0831270203088313,0.00922303373017151,0.035070788319897,0
781.519444444444,-0.195,0.0845919000273927,0.00916386639539378,0.0350645076943332,0
781.522222222222,-0.205,0.0829532761268348,0.00886778228349669,0.0350586241366062,0
781.525,-0.185,0.0777486707679323,0.00856297693081005,0.035053183666586,0
781.527777777778,-0.175,0.068835497729599,0.00829247455050562,0.0350482217389182,0
781.530555555556,-0.16,0.0564029468712857,0.00807308853494339,0.0350437587974595,0
781.533333333333,-0.17,0.0409527143077378,0.00791572749465693,0.0350397703347573,0
781.536111111111,-0.165,0.0232510533836099,0.00782481532351379,0.0350361282421739,0
781.538888888889,-0.18,0.00425723324536204,0.00779834261488464,0.0350327627685059,0
781.541666666667,-0.165,-0.0149644204432679,0.00782850668177049,0.0350296535723752,0
781.544444444444,-0.15,-0.0333403476313718,0.00785438554164397,0.0350267846626147,0
781.547222222222,-0.13,-0.0498823258067401,0.0077515096920472,0.0350241464126724,0
781.55,-0.13,-0.0637719804493159,0.00763722222967174,0.0350217519217766,0
781.552777777778,-0.14,-0.0744275416747542,0.00752843988039011,0.0350196686324242,0
781.555555555556,-0.14,-0.0815469731247301,0.00744031240256566,0.0350179321556791,0
781.558333333333,-0.14,-0.0851239361994735,0.00738495047793661,0.0350165682992682,0
781.561111111111,-0.12,-0.0854356820065926,0.00737054363544354,0.0350155918905584,0
781.563888888889,-0.1,-0.0830046344704914,0.00734015834533723,0.03501500670671,0
781.566666666667,-0.105,-0.078537889936269,0.0072654643181168,0.0350148068415673,0
781.569444444444,-0.12,-0.0728508831252275,0.00715080441410125,0.0350149792234046,0
781.572222222222,-0.125,-0.0667828720136423,0.00700356679083768,0.0350154359823814,0
781.575,-0.11,-0.0611125511034201,0.0068331251498831,0.0350160956921153,0
781.577777777778,-0.115,-0.0564819609768598,0.00664966054600132,0.0350169233046788,0
781.580555555556,-0.08,-0.0533359448627151,0.00646299768948017,0.0350179497186104,0
781.583333333333,-0.1,-0.0518828057354037,0.00628158062465016,0.0350191964285466,0
781.586111111111,-0.105,-0.0520796988155864,0.00611169209434442,0.0350206598579594,0
781.588888888889,-0.095,-0.0536438604555198,0.00595699030796174,0.0350223532797335,0
781.591666666667,-0.08,-0.0560882593753731,0.00581839964933253,0.0350242391993524,0
781.594444444444,-0.055,-0.0587778998459709,0.00569435207904729,0.0350263394759057,0
781.597222222222,-0.04,-0.06100103157183,0.00558133774557807,0.0350286629538133,0
781.6,-0.035,-0.0620481128580923,0.00547469050056173,0.0350311952860214,0
781.602777777778,-0.045,-0.0612906623706173,0.00555837143346031,0.0350339221201002,0
781.605555555556,-0.055,-0.0582521838011074,0.00566627356306802,0.0350368286503141,0
781.608333333333,-0.04,-0.0526641479792251,0.00577951411308188,0.0350398974412909,0
781.611111111111,-0.03,-0.0445014881955551,0.00589846998185828,0.0350431098082307,0
781.613888888889,-0.025,-0.0339940632196901,0.00602087934446864,0.0350464460581576,0
781.616666666667,-0.03,-0.0216128758081337,0.00614176363995751,0.0350498858578323,0
781.619444444444,-0.035,-0.00803227850899939,0.00625368574945354,0.035053335190301,0
781.622222222222,-0.04,0.00592828029956022,0.00634732346518953,0.0350566492622677,0
781.625,-0.015,0.019377440108798,0.00641230323891845,0.0350597430114947,0
781.627777777778,-0.01,0.0314330664790683,0.00642463204405044,0.0350625874917051,0
781.630555555556,-0.01,0.041303592021397,0.00644716673464458,0.0350651701215035,0
781.633333333333,-0.025,0.0483617737085634,0.00652542338873137,0.0350675853299052,0
781.636111111111,-0.03,0.0522037894879318,0.00666369218264028,0.0350699528173579,0
781.638888888889,-0.04,0.0526879824572015,0.00686261848110197,0.0350723841378091,0
781.641666666667,-0.045,0.0499494895960234,0.0071188634237127,0.035074883350688,0
781.644444444444,-0.04,0.0443892803012988,0.00737288396603926,0.0350774350866968,0
781.647222222222,-0.055,0.0366385598166744,0.00750871618506579,0.0350800214430348,0
781.65,-0.075,0.0275018328111174,0.00749408237379342,0.0350826240805541,0
781.652777777778,-0.09,0.0178839501838316,0.00731161332990853,0.0350852278323401,0
781.655555555556,-0.105,0.00870798470443218,0.00696080710625713,0.0350878230972206,0
781.658333333333,-0.105,0.000831653402487061,0.00660941903562924,0.035090390934121,0
781.661111111111,-0.11,-0.00502985646800137,0.00629458573088434,0.0350928893565574,0
781.663888888889,-0.12,-0.00836740903345123,0.00602763285101843,0.0350953261327709,0
781.666666666667,-0.125,-0.00892183746246172,0.00581631701253753,0.0350977654493816,0
781.669444444444,-0.145,-0.00670416979529818,0.00566435294749342,0.0351002295080805,0
781.672222222222,-0.155,-0.00199032790692803,0.00557130453017991,0.0351027323804161,0
781.675,-0.16,0.00470910758702803,0.00553284543469803,0.0351052400960585,0
781.677777777778,-0.15,0.0127011019682761,0.00554135944278778,0.035107756815913,0
781.680555555556,-0.135,0.0211792865902498,0.00558681778500199,0.0351103346613532,0
781.683333333333,-0.165,0.0293033328051949,0.0055157909762164,0.0351130469575766,0
781.686111111111,-0.175,0.0362809457264742,0.00543077140525393,0.0351159628410397,0
781.688888888889,-0.185,0.0414446010214577,0.00534241860875531,0.0351190851699039,0
781.691666666667,-0.18,0.0443156585324658,0.00525949977315016,0.0351224055311724,0
781.694444444444,-0.185,0.0446497030224402,0.00518814666325916,0.035125904032814,0
781.697222222222,-0.185,0.0424587696590926,0.00513141445504261,0.0351295501083275,0
781.7,-0.185,0.0380083381975604,0.005089180028072,0.0351333043055172,0
781.702777777778,-0.2,0.0317894129051122,0.00505838244520077,0.0351371209355656,0
781.705555555556,-0.22,0.0244684124118203,0.00503357343923259,0.0351408950837706,0
781.708333333333,-0.2,0.0168197439278293,0.00502119617500917,0.0351445504587305,0
781.711111111111,-0.19,0.00964762248759227,0.00505578004517671,0.0351480587101397,0
781.713888888889,-0.17,0.00370475456940039,0.00510639050883279,0.0351514006029717,0
781.716666666667,-0.17,-0.000384167444570666,0.00517900396885171,0.0351545667512951,0
781.719444444444,-0.19,-0.00218665233805231,0.00527747681243241,0.0351575579030685,0
781.722222222222,-0.195,-0.00150793693165643,0.00540299518533117,0.0351604752456247,0
781.725,-0.19,0.00158670480515673,0.00555382907693807,0.0351634239770419,0
781.727777777778,-0.165,0.00677519419132101,0.00572541849393399,0.0351664891343512,0
781.730555555556,-0.16,0.0135072749643287,0.00591078419023528,0.0351696564988093,0
781.733333333333,-0.15,0.0210559174047755,0.00610122065397153,0.0351728891342672,0
781.736111111111,-0.16,0.0285866488458952,0.00628719841408802,0.0351761492963991,0
781.738888888889,-0.175,0.0352381817656926,0.00630828056675426,0.0351794031877651,0
781.741666666667,-0.165,0.0402065617329153,0.00615802423764962,0.0351826744774082,0
781.744444444444,-0.15,0.0428246531252878,0.00603570024046426,0.0351859872986458,0
781.747222222222,-0.145,0.0426291653587564,0.00594449676008855,0.0351893265343947,0
781.75,-0.16,0.0394085654567342,0.00588437614133372,0.0351926358429002,0
781.752777777778,-0.185,0.0332270201223377,0.00585201383612004,0.0351958428632394,0
781.755555555556,-0.185,0.024421794287833,0.00584109962503274,0.0351988955821106,0
781.758333333333,-0.17,0.0135740874427444,0.00584297999404091,0.0352017743861568,0
781.761111111111,-0.14,0.00145587000670672,0.00584758378177564,0.035204466913301,0
781.763888888889,-0.13,-0.0110423590648384,0.00585062599935936,0.0352069714816327,0
781.766666666667,-0.125,-0.0229960650789995,0.00587078149163825,0.0352093195556022,0
781.769444444444,-0.14,-0.0335353255667203,0.00591545875293245,0.0352116333112429,0
781.772222222222,-0.14,-0.0419290405260797,0.00598901908120246,0.0352140609629914,0
781.775,-0.145,-0.0476564400594321,0.00609206750784707,0.0352167590795961,0
781.777777777778,-0.135,-0.0504587558501008,0.00622110917574295,0.0352197037336431,0
781.780555555556,-0.13,-0.0503657579326032,0.00636862263418185,0.0352228519000294,0
781.783333333333,-0.135,-0.0476942285585305,0.00652356056511828,0.0352261440245764,0
781.786111111111,-0.135,-0.0430181289961342,0.00667224513826454,0.0352295082978738,0
781.788888888889,-0.14,-0.0371129584560331,0.00678610189796931,0.0352327967456467,0
781.791666666667,-0.13,-0.030879343866993,0.00669518953244439,0.0352358267989273,0
781.794444444444,-0.125,-0.0252529880703328,0.00665426864480716,0.0352385112262375,0
781.797222222222,-0.11,-0.0211095353551246,0.0066739572121649,0.0352408450668839,0
781.8,-0.13,-0.0191735406173359,0.00676071099530333,0.0352428427491348,0
781.802777777778,-0.15,-0.0199404803336597,0.00691595493514551,0.0352445363670662,0
781.805555555556,-0.16,-0.0236196313465605,0.00713566077873538,0.0352459720981157,0
781.808333333333,-0.155,-0.0301037613102566,0.00741043017396325,0.035247204973448,0
781.811111111111,-0.135,-0.0389690916030946,0.00772609470654092,0.0352483648264207,0
781.813888888889,-0.14,-0.0495061384162351,0.00806479389039188,0.0352495678622256,0
781.816666666667,-0.14,-0.0607790782263353,0.0084064438582304,0.0352508262379751,0
781.819444444444,-0.17,-0.0717085014408608,0.00873046825262017,0.0352520786762485,0
781.822222222222,-0.185,-0.0811700814052401,0.00901121921091368,0.0352533137415908,0
781.825,-0.185,-0.0881000254188541,0.00906115309970833,0.0352545580967151,0
781.827777777778,-0.17,-0.0915973592168236,0.00890835438388289,0.0352558234468713,0
781.830555555556,-0.165,-0.0910132179150239,0.00880889605956854,0.0352570748970355,0
781.833333333333,-0.16,-0.0860183783221071,0.0087790573919428,0.035258245442871,0
781.836111111111,-0.17,-0.0766421840342279,0.00881185236353558,0.0352591895144847,0
781.838888888889,-0.18,-0.063278617478125,0.0088945189614309,0.0352596866502294,0
781.841666666667,-0.165,-0.0466583257866639,0.00900968711677171,0.0352594934876793,0
781.844444444444,-0.16,-0.0277886272510127,0.00908412797528815,0.0352585061057155,0
781.847222222222,-0.14,-0.00786660877524346,0.00896596344192387,0.0352566536132096,0
781.85,-0.15,0.0118269231572301,0.00887718526106388,0.035253911579412,0
781.852777777778,-0.17,0.0300429144482672,0.00883483950464407,0.0352503143141128,0
781.855555555556,-0.175,0.0456781630489368,0.00885100675736446,0.0352459680580011,0
781.858333333333,-0.17,0.0578771862769088,0.00893145366371113,0.0352426013270158,0
781.861111111111,-0.15,0.0661119619849179,0.00907487602111738,0.0352400020817979,0
781.863888888889,-0.13,0.0702315741340357,0.00927282592043958,0.0352362211493863,0
781.866666666667,-0.145,0.0704765109374943,0.00951035091803838,0.0352332387119792,0
781.869444444444,-0.17,0.0674556318025094,0.00976730366518216,0.0352333233171943,0
781.872222222222,-0.165,0.0620873385746157,0.00997992681618062,0.0352389190267792,0
781.875,-0.16,0.0555099286017648,0.00985978584694288,0.0352524342181861,0
781.877777777778,-0.15,0.0489691445475926,0.00968719049665326,0.0352761155168259,0
781.880555555556,-0.15,0.0436932733049201,0.00958573587137819,0.0353119891295528,0
781.883333333333,-0.16,0.0407675486916196,0.00956900759213543,0.035361789756868,0
781.886111111111,-0.165,0.0410199282369562,0.00964323456011144,0.0354266667673078,0
781.888888888889,-0.175,0.0449294909557126,0.00980646220976932,0.0355070534363415,0
781.891666666667,-0.175,0.052566794312376,0.0100485521349217,0.0356025716789497,0
781.894444444444,-0.155,0.0635726914544078,0.0103520463863385,0.0357119813839201,0
781.897222222222,-0.145,0.0771785915485614,0.0106938493399178,0.0358328221402315,0
781.9,-0.16,0.0922672631278682,0.0110475949681321,0.0359617079991186,0
781.902777777778,-0.16,0.107469390172591,0.0113864908414823,0.0360949074903269,0
781.905555555556,-0.19,0.121287559116571,0.0116863700323749,0.0362287641714567,0
781.908333333333,-0.165,0.13223652258171,0.0119286448986779,0.0363656515352418,0
781.911111111111,-0.15,0.138986735262465,0.0118945107522586,0.0365088239836768,0
781.913888888889,-0.15,0.140497486747487,0.0117888980250002,0.0366610309437394,0
781.916666666667,-0.16,0.136126557618007,0.0117415622602634,0.0368243905537651,0
781.919444444444,-0.16,0.125705175194881,0.0117316028101467,0.0370003124943474,0
781.922222222222,-0.17,0.10957000360146,0.0117289626287528,0.0371894694081515,0
781.925,-0.155,0.0885477229945042,0.0116970081334428,0.0373916901017778,0
781.927777777778,-0.16,0.0638921026786567,0.011797914900057,0.0376061750884635,0
781.930555555556,-0.15,0.037177962916763,0.0120061152362735,0.0378317793981282,0
781.933333333333,-0.155,0.010160638334641,0.0123539775650961,0.0380671465049217,0
781.936111111111,-0.19,-0.0153868959198284,0.0128632635440012,0.0383107882791875,0
781.938888888889,-0.19,-0.0378445423660165,0.0135409840424926,0.0385612582320202,0
781.941666666667,-0.19,-0.0559072984011809,0.0143761840700101,0.0388173077965941,0
781.944444444444,-0.16,-0.0687234070861854,0.01533804725021,0.0390772447471907,0
781.947222222222,-0.155,-0.0759943150124289,0.0163756238406037,0.0393355942347947,0
781.95,-0.165,-0.0780253039012546,0.0174193669442951,0.0395906359916914,0
781.952777777778,-0.175,-0.0757197797638551,0.0183845179332913,0.0398420425089947,0
781.955555555556,-0.175,-0.0705151069683689,0.0191762252085513,0.0400890584661181,0
781.958333333333,-0.175,-0.0642631469675824,0.0193946795693894,0.040330603580759,0
781.961111111111,-0.17,-0.0590638409853342,0.0192408506204303,0.0405653816004568,0
781.963888888889,-0.155,-0.0570647967360229,0.0195351173966079,0.040791968762861,0
781.966666666667,-0.16,-0.0602434725131714,0.0203392623637183,0.0410091696166882,0
781.969444444444,-0.185,-0.0701908449822058,0.0216875797894604,0.0412163293820695,0
781.972222222222,-0.19,-0.0879161558747252,0.0235810396688542,0.0414132827137748,0
781.975,-0.17,-0.113691346405006,0.0259834305594275,0.0416004627009396,0
781.977777777778,-0.16,-0.146951140955409,0.028819934749013,0.0417789652649227,0
781.980555555556,-0.145,-0.186260613332724,0.0319784286673645,0.0419505614505604,0
781.983333333333,-0.145,-0.229356772603245,0.0353136091012784,0.0421179034821143,0
781.986111111111,-0.155,-0.273264662668639,0.0386538354394254,0.0422855279792027,0
781.988888888889,-0.15,-0.314482176140831,0.0418103656995805,0.0424517737149256,0
781.991666666667,-0.145,-0.349221767502476,0.04458846608586,0.042613077204278,0
781.994444444444,-0.13,-0.373692029970037,0.0466407046825297,0.0427658678649866,0
781.997222222222,-0.115,-0.384398135563823,0.0477566858502801,0.0429067825290406,0
782,-0.125,-0.378437792660511,0.0479258110920981,0.0430321326271087,0
782.002777777778,-0.115,-0.35376888455794,0.0482965299662367,0.043135723512744,0
782.005555555556,-0.115,-0.309426399904783,0.0496841355902864,0.0432177170729363,0
782.008333333333,-0.09,-0.245669574242415,0.0518590847058806,0.0432794967782424,0
782.011111111111,-0.02,-0.1640450979781,0.0545049947413815,0.043324454662489,0
782.013888888889,0.025,-0.0673584375693553,0.0574264271780848,0.0433576229732274,0
782.016666666667,0.08,0.0404477181830959,0.0604269242553121,0.0433829597061611,0
782.019444444444,0.165,0.154501688261477,0.0633245945192696,0.0434011934649473,0
782.022222222222,0.265,0.269284676880143,0.0659660923271199,0.043412765155105,0
782.025,0.415,0.378967349371413,0.0682378428430686,0.0434177816797991,0
782.027777777778,0.585,0.477777634842154,0.0700736020281346,0.0434160220249189,0
782.030555555556,0.79,0.560373534933083,0.0714577554786402,0.043403305307494,0
782.033333333333,0.965,0.622193978373906,0.0724241239266749,0.0433742426628236,0
782.036111111111,1.14,0.659762105034152,0.0730504257841425,0.0433251888548707,0
782.038888888889,1.29,0.670918697047662,0.0734489157467163,0.0432547778051619,1
782.041666666667,1.38,0.654968543715396,0.0733429837432002,0.0431628654635226,0
782.044444444444,1.365,0.612728936368643,0.0729888112630898,0.0430505433625152,0
782.047222222222,1.18,0.546476736239261,0.0724500894069009,0.042920207232004,0
782.05,0.91,0.4597979727407,0.0716124291309407,0.0427761769859629,0
782.052777777778,0.59,0.357351121183785,0.0703948596425934,0.0426232225329337,0
782.055555555556,0.275,0.244561515413914,0.0687591557043873,0.0424674587297877,0
782.058333333333,-0.005,0.127269283208744,0.0667153699319277,0.0423118561733655,0
782.061111111111,-0.21,0.0113563744037692,0.0643230770389119,0.0421516708439301,0
782.063888888889,-0.3,-0.0976205498292636,0.0616882027294045,0.0419837357103177,0
782.066666666667,-0.305,-0.194765456261574,0.0589556852603929,0.04180580643598,0
782.069444444444,-0.245,-0.276123419798425,0.0562985707752252,0.0416162270624437,0
782.072222222222,-0.205,-0.338887696153079,0.0539044445966068,0.0414140641854096,0
782.075,-0.16,-0.381520712487199,0.0519603246218384,0.0411990884736931,0
782.077777777778,-0.145,-0.403783026995626,0.0506924726081423,0.0409717042001535,0
782.080555555556,-0.14,-0.40667134179697,0.0504843321455925,0.0407338166794874,0
782.083333333333,-0.15,-0.392273435617599,0.0501856945558936,0.0404860154073248,0
782.086111111111,-0.165,-0.36355388479392,0.0489805728935645,0.0402289619417189,0
782.088888888889,-0.185,-0.324089207134399,0.0468790517362037,0.0399652804968217,0
782.091666666667,-0.19,-0.277774246032155,0.0439485854643564,0.0396963577488381,0
782.094444444444,-0.175,-0.228522999831386,0.0405215690834534,0.0394232270838483,0
782.097222222222,-0.185,-0.179986631480263,0.0369220862174052,0.0391483174482423,0
782.1,-0.2,-0.135309155299343,0.0333513424387251,0.0388771862470526,0
782.102777777778,-0.225,-0.0969375216563888,0.0299927203307117,0.0386104993857639,0
782.105555555556,-0.255,-0.066497855766457,0.0270017912121335,0.0383490292068092,0
782.108333333333,-0.25,-0.0447438903655803,0.0244987720776441,0.0380938937260166,0
782.111111111111,-0.23,-0.0315776494545824,0.0225638043967117,0.0378464244953607,0
782.113888888889,-0.22,-0.0261366852820442,0.0212352138829074,0.0376080027251605,0
782.116666666667,-0.235,-0.0269371035451016,0.0205106907913022,0.0373800002554775,0
782.119444444444,-0.255,-0.0320576221446686,0.0203511251171327,0.0371636404912006,0
782.122222222222,-0.255,-0.039347285375667,0.020686654978728,0.0369595197184845,0
782.125,-0.26,-0.046638364514877,0.020431392399995,0.0367674953511492,0
782.127777777778,-0.245,-0.0519464510807929,0.0194832597962975,0.0365866895024827,0
782.130555555556,-0.23,-0.0536416926957831,0.0182687101937976,0.0364154591506501,0
782.133333333333,-0.245,-0.0505783161850531,0.0169818654470367,0.0362514265926599,0
782.136111111111,-0.25,-0.0421737135305807,0.0157218225353275,0.0360907803838564,0
782.138888888889,-0.26,-0.028433050907133,0.0145709740894943,0.035929874478314,0
782.141666666667,-0.245,-0.00992018323454913,0.0135907598644501,0.0357724659014453,0
782.144444444444,-0.235,0.0123197965597185,0.0128194239576794,0.0356224169128852,0
782.147222222222,-0.225,0.0368771480918345,0.0122717921065779,0.0354835064082492,0
782.15,-0.215,0.0621210488816475,0.0119409250476495,0.0353592738375416,0
782.152777777778,-0.23,0.0863562003359755,0.0118013662501729,0.0352514631929079,0
782.155555555556,-0.25,0.107978047013544,0.0118135951747307,0.0351604300015838,0
782.158333333333,-0.235,0.125612956971056,0.011874026221478,0.0350856522482236,0
782.161111111111,-0.225,0.138231637758665,0.0117067787906087,0.0350258314711261,0
782.163888888889,-0.21,0.145226929154777,0.0115378636805078,0.0349790339013953,0
782.166666666667,-0.215,0.146450634471229,0.0114107824349543,0.0349428869730215,0
782.169444444444,-0.23,0.142207895284204,0.0113589676319863,0.0349148954042813,0
782.172222222222,-0.24,0.133211431838026,0.0114033788458478,0.0348923437442163,0
782.175,-0.235,0.120501430076826,0.0113401685680084,0.0348725742856791,0
782.177777777778,-0.215,0.105339666654864,0.011094318188484,0.034853140691784,0
782.180555555556,-0.22,0.0890884030002274,0.0107683151704486,0.0348319314451663,0
782.183333333333,-0.225,0.0730855106536231,0.0103891017284044,0.0348119472842274,0
782.186111111111,-0.24,0.058527168445634,0.00998972064220022,0.0347960714391078,0
782.188888888889,-0.255,0.0463683477536819,0.00960573239968515,0.0347863840411319,0
782.191666666667,-0.235,0.0372493119695046,0.00927159640488012,0.0347830615485325,0
782.194444444444,-0.23,0.0314537089847903,0.00901734503567386,0.0347821103994608,0
782.197222222222,-0.21,0.0289007903660621,0.00886583464422793,0.0347805319628823,0
782.2,-0.205,0.0291711334704197,0.00883079065125113,0.0347784276504066,0
782.202777777778,-0.22,0.0315622585084922,0.00891578161776032,0.034776034245824,0
782.205555555556,-0.23,0.0351679815266502,0.00911416749235625,0.0347735651413368,0
782.208333333333,-0.225,0.0389734388064949,0.00940997829463478,0.0347711606688192,0
782.211111111111,-0.2,0.0419566056234673,0.0094869963138416,0.0347689295211597,0
782.213888888889,-0.195,0.0431868840768564,0.00928102265332181,0.0347669419219782,0
782.216666666667,-0.2,0.0419119424285922,0.00885331818407518,0.0347651347077656,0
782.219444444444,-0.21,0.0376253673281706,0.00844385339947022,0.0347634340542586,0
782.222222222222,-0.195,0.0301096894748678,0.00808127744172913,0.0347618056345538,0
782.225,-0.17,0.0194517611805222,0.00778910349447546,0.0347602512075817,0
782.227777777778,-0.135,0.0060300686813433,0.00758394664719516,0.0347588044199734,0
782.230555555556,-0.125,-0.0095238882591238,0.00747444248350597,0.0347575314025508,0
782.233333333333,-0.125,-0.0263857500064704,0.00746090932685321,0.0347564323637749,0
782.236111111111,-0.14,-0.0436137953321068,0.00753574782301011,0.034755420281038,0
782.238888888889,-0.135,-0.0602324294932916,0.00768450620194338,0.0347544099192758,0
782.241666666667,-0.13,-0.0753158483096671,0.00786883944539285,0.0347533209723463,0
782.244444444444,-0.115,-0.0880643300690612,0.00793815423087598,0.0347520853263044,0
782.247222222222,-0.1,-0.0978665486515906,0.00793084135686448,0.034750653136375,0
782.25,-0.11,-0.104342810395614,0.00789378369207552,0.0347489983574226,0
782.252777777778,-0.12,-0.107366037686718,0.00787726896210675,0.0347472485123792,0
782.255555555556,-0.115,-0.107059465533671,0.00792973579405569,0.034745562597037,0
782.258333333333,-0.11,-0.103772180865253,0.00800491750205071,0.0347440763365496,0
782.261111111111,-0.1,-0.0980356199851078,0.00801376637400539,0.0347428662338626,0
782.263888888889,-0.1,-0.0905057721088598,0.00795804834442752,0.0347419965569343,0
782.266666666667,-0.095,-0.0818969784719994,0.00784491425069391,0.0347415142794511,0
782.269444444444,-0.125,-0.072913778527034,0.0076858782561659,0.0347414111043814,0
782.272222222222,-0.115,-0.0641872042857866,0.00749547789296463,0.0347414550251948,0
782.275,-0.09,-0.056221284912522,0.00728975966307736,0.0347414417762056,0
782.277777777778,-0.075,-0.0493543733047291,0.00708474224942189,0.0347413300467218,0
782.280555555556,-0.06,-0.043738366140337,0.00689500281259805,0.034741107196701,0
782.283333333333,-0.055,-0.0393371123232537,0.0067325118522607,0.0347407734260048,0
782.286111111111,-0.07,-0.0359434626514292,0.00660581116789787,0.0347403913099345,0
782.288888888889,-0.07,-0.0332126776504644,0.00651959096760477,0.0347400287660013,0
782.291666666667,-0.07,-0.0307084380025862,0.00647468013134964,0.034739746182157,0
782.294444444444,-0.05,-0.0279566214226778,0.00646842221075558,0.0347395925332335,0
782.297222222222,-0.025,-0.0245014102425582,0.00647422999601086,0.0347395666677704,0
782.3,-0.035,-0.0199582178554508,0.00642137704072536,0.0347395712995362,0
782.302777777778,-0.035,-0.0140583628599063,0.00635074762838364,0.0347395936744525,0
782.305555555556,-0.05,-0.00668132328383549,0.00627024571140227,0.0347396332385102,0
782.308333333333,-0.035,0.00212832537403135,0.0061866258314805,0.0347397012327652,0
782.311111111111,-0.025,0.0121606717816616,0.00610477502471439,0.0347398181925208,0
782.313888888889,-0.015,0.0230567048622774,0.00602727398520728,0.034739952591652,0
782.316666666667,-0.025,0.0343392451919052,0.0059542750574237,0.0347400233641211,0
782.319444444444,-0.045,0.0454554356851985,0.00588369947515318,0.0347399963719691,0
782.322222222222,-0.06,0.055826616651791,0.00581172177511891,0.0347398391623937,0
782.325,-0.05,0.0649007785646628,0.00573347892913238,0.0347395237282473,0
782.327777777778,-0.035,0.0722026113386926,0.00564391842880124,0.0347390285009999,0
782.330555555556,-0.035,0.0773764588313165,0.00556082131955416,0.034738339379096,0
782.333333333333,-0.055,0.0802182064251936,0.00551185420980351,0.0347374524937031,0
782.336111111111,-0.065,0.0806932043506438,0.00546496871457506,0.0347363743575818,0
782.338888888889,-0.08,0.0789386553855053,0.00538677037815711,0.034735156042305,0
782.341666666667,-0.075,0.0752503474632698,0.0052460366307736,0.0347339036341768,0
782.344444444444,-0.065,0.0700550551794815,0.00506820618487779,0.034732608537216,0
782.347222222222,-0.055,0.0638712380603525,0.00489446300134736,0.034731257451204,0
782.35,-0.08,0.0572617115116043,0.00473545661610865,0.0347298321020636,0
782.352777777778,-0.1,0.0507826674160631,0.00460221824057773,0.0347283097942112,0
782.355555555556,-0.125,0.0449337169485225,0.00450512144655869,0.0347268050768606,0
782.358333333333,-0.13,0.0401134972265745,0.00445284732078624,0.0347253124329676,0
782.361111111111,-0.125,0.0365848433631762,0.00445145957143829,0.034723817206118,0
782.363888888889,-0.11,0.0344526320797024,0.00450368628056295,0.0347223106849567,0
782.366666666667,-0.12,0.0336562369174809,0.00460848650563296,0.0347208436170489,0
782.369444444444,-0.135,0.0339772057502802,0.00476095348265671,0.034719511537012,0
782.372222222222,-0.15,0.0350613992153896,0.00495257428861826,0.0347183990061049,0
782.375,-0.145,0.036453536433673,0.00517183153268616,0.0347174869398636,0
782.377777777778,-0.135,0.0376409958576722,0.00540509925791299,0.0347167259258176,0
782.380555555556,-0.135,0.0381029095706577,0.00551675259680043,0.0347160441687199,0
782.383333333333,-0.155,0.0373601375060916,0.00548004601443096,0.0347154142411717,0
782.386111111111,-0.175,0.0350216502524035,0.00531149738065873,0.0347148439901412,0
782.388888888889,-0.185,0.0308231867664591,0.00515997922928366,0.0347143486582175,0
782.391666666667,-0.18,0.0246547532492256,0.00505349983972672,0.0347139501252267,0
782.394444444444,-0.165,0.0165745271951618,0.00499475589894976,0.0347137332247686,0
782.397222222222,-0.165,0.00680793651293507,0.00498209176365575,0.0347137930933383,0
782.4,-0.17,-0.00426800924926762,0.00500965355299917,0.0347140621050484,0
782.402777777778,-0.19,-0.0161537647804752,0.00506792837182143,0.0347144230554784,0
782.405555555556,-0.19,-0.0282671332203775,0.00514462423037674,0.0347147387028394,0
782.408333333333,-0.185,-0.0399905083280959,0.00522581393525947,0.0347148658348854,0
782.411111111111,-0.18,-0.0507213591936047,0.0052751049091766,0.0347147818301128,0
782.413888888889,-0.185,-0.0599215668654512,0.00524875908989718,0.0347144886793624,0
782.416666666667,-0.19,-0.0671613288224792,0.00523428425781077,0.034713997532234,0
782.419444444444,-0.205,-0.0721538246153535,0.00526135557575225,0.0347133289650981,0
782.422222222222,-0.195,-0.0747776416488744,0.00533344299491444,0.0347125174507832,0
782.425,-0.205,-0.0750850235532679,0.00539827104110494,0.0347116985668386,0
782.427777777778,-0.17,-0.073295232824016,0.00539146611135363,0.0347109131476279,0
782.430555555556,-0.16,-0.069773608572419,0.00528518972021685,0.0347101895609788,0
782.433333333333,-0.165,-0.0649981387594095,0.0050859744662624,0.0347095431852329,0
782.436111111111,-0.18,-0.0595164482153951,0.00488579868463696,0.0347088716842231,0
782.438888888889,-0.19,-0.0538969366024882,0.00470043417795536,0.0347081462080774,0
782.441666666667,-0.185,-0.0486783129932441,0.00454502644151057,0.0347073444747708,0
782.444444444444,-0.175,-0.0443219218116664,0.00443272523368681,0.034706451314066,0
782.447222222222,-0.165,-0.0411710252078458,0.00437349024839544,0.0347054585785477,0
782.45,-0.145,-0.0394206181314496,0.00437318523578703,0.0347043639612157,0
782.452777777778,-0.155,-0.0391004534254434,0.00443304810541599,0.0347031704689657,0
782.455555555556,-0.155,-0.0400728205132208,0.00454959015927356,0.034701967020303,0
782.458333333333,-0.15,-0.042045348157523,0.00471493772406627,0.0347008440924692,0
782.461111111111,-0.135,-0.0445977970262121,0.00491758772772541,0.0346997981357202,0
782.463888888889,-0.12,-0.0472205824303026,0.00514350907345472,0.0346988454727171,0
782.466666666667,-0.135,-0.0493617267212026,0.00537748776443296,0.0346979753900595,0
782.469444444444,-0.155,-0.0504781748641803,0.00548115506901314,0.0346971793961015,0
782.472222222222,-0.16,-0.0500869837116257,0.00544529104830962,0.0346964517156357,0
782.475,-0.14,-0.0478118553246997,0.00529263660557005,0.0346957905158104,0
782.477777777778,-0.13,-0.0434208353362394,0.00515251247607166,0.0346951967878924,0
782.480555555556,-0.13,-0.0368517139309356,0.00505062783408091,0.0346947456098502,0
782.483333333333,-0.125,-0.0282226934266171,0.00498395260190897,0.0346945192015414,0
782.486111111111,-0.135,-0.0178271395601645,0.00494509694098975,0.0346945233345725,0
782.488888888889,-0.135,-0.00611260981808995,0.00492311385034987,0.0346947506768709,0
782.491666666667,-0.13,0.00635426426665863,0.00490469005311188,0.0346950698490231,0
782.494444444444,-0.115,0.0189341915003748,0.00491168311330717,0.0346953411247002,0
782.497222222222,-0.125,0.0309690328363914,0.00496489916928434,0.0346955693787298,0
782.5,-0.125,0.0418383787353808,0.0050534402223503,0.0346957599425201,0
782.502777777778,-0.145,0.0510139147950517,0.0051847600624999,0.0346959174886658,0
782.505555555556,-0.145,0.058106678737814,0.0053614923120632,0.0346960617365642,0
782.508333333333,-0.145,0.0629028212998911,0.00558080737263524,0.0346962346507403,0
782.511111111111,-0.11,0.0653843889510862,0.00583430109507267,0.0346964474530171,0
782.513888888889,-0.115,0.0657328799246481,0.00608147082547519,0.0346966989356391,0
782.516666666667,-0.12,0.0643147891360869,0.0062017259372008,0.0346969801088237,0
782.519444444444,-0.145,0.0616499321409119,0.00615878174959169,0.0346972923180786,0
782.522222222222,-0.155,0.0583648902646541,0.0059372836382134,0.0346976411315683,0
782.525,-0.135,0.0551353132497338,0.00577409908180007,0.0346980357387368,0
782.527777777778,-0.135,0.0526219262744694,0.00568596851416345,0.0346984877121167,0
782.530555555556,-0.125,0.0514058093179752,0.00568464714453772,0.0346990070320182,0
782.533333333333,-0.135,0.0519287727696449,0.00577549941534879,0.0346995990031167,0
782.536111111111,-0.15,0.0544444054807603,0.00595664833736975,0.0347002633773551,0
782.538888888889,-0.155,0.0589846236639754,0.00621879656068152,0.0347009940115285,0
782.541666666667,-0.145,0.0653453478970027,0.00654577770777816,0.034701848505108,0
782.544444444444,-0.145,0.0730933685384289,0.00691582934494436,0.0347026750269992,0
782.547222222222,-0.145,0.0815946495859182,0.00730350875416251,0.0347034983516606,0
782.55,-0.145,0.0900624156795812,0.00768210570717008,0.0347043492739495,0
782.552777777778,-0.15,0.097621529013809,0.00802634907556649,0.0347052630558667,0
782.555555555556,-0.165,0.103384055640778,0.00831516213406309,0.0347062772509865,0
782.558333333333,-0.165,0.106529694188574,0.00843640017870373,0.034707429062565,0
782.561111111111,-0.15,0.10638401801324,0.00839631779303497,0.0347087519247349,0
782.563888888889,-0.13,0.102487349644908,0.00832340053675514,0.0347102793565009,0
782.566666666667,-0.145,0.0946475822399174,0.00830618434974585,0.0347120424343076,0
782.569444444444,-0.15,0.0829713722169892,0.008319674924357,0.0347140376864362,0
782.572222222222,-0.16,0.0678697822787195,0.00833065129134343,0.0347162432121247,0
782.575,-0.16,0.0500365363063954,0.00836094560107988,0.0347186165613384,0
782.577777777778,-0.15,0.0303993964943378,0.00847326300309622,0.0347209766687362,0
782.580555555556,-0.14,0.0100475973295456,0.00870621091414074,0.0347231649345975,0
782.583333333333,-0.15,-0.00985943620794485,0.00909183052967529,0.0347252149915711,0
782.586111111111,-0.165,-0.0281949030180336,0.00965126796929953,0.0347271749791827,0
782.588888888889,-0.175,-0.0439703572173303,0.0103909335375219,0.0347291553842017,0
782.591666666667,-0.165,-0.0564349825520211,0.0112995357568947,0.0347312025065027,0
782.594444444444,-0.145,-0.0651590522219846,0.0123463342821529,0.0347333168051755,0
782.597222222222,-0.135,-0.0700930463051243,0.0134808812621695,0.0347354381681731,0
782.6,-0.13,-0.0715955141159054,0.0146344183886387,0.0347373893221491,0
782.602777777778,-0.145,-0.0704250726717628,0.0157129268600648,0.0347391550738089,0
782.605555555556,-0.14,-0.0676947650801117,0.0163732825757514,0.0347407332667533,0
782.608333333333,-0.125,-0.0647901514411241,0.0165033287154713,0.0347421342193488,0
782.611111111111,-0.12,-0.0632557198420234,0.01618721126791,0.0347433814547281,0
782.613888888889,-0.105,-0.0646572182760499,0.0163115904625605,0.0347445091134956,0
782.616666666667,-0.12,-0.0704300556456392,0.0169443555346744,0.0347455568811672,0
782.619444444444,-0.135,-0.0817257632491455,0.0181282975168231,0.0347465580138518,0
782.622222222222,-0.14,-0.0992694563326749,0.0198751756749597,0.0347475348803794,0
782.625,-0.125,-0.123241162723204,0.0221614800767869,0.0347485345105001,0
782.627777777778,-0.1,-0.153192745249141,0.0249263357365218,0.0347493831499296,0
782.630555555556,-0.105,-0.188009975704617,0.0280718634344676,0.034749995811093,0
782.633333333333,-0.1,-0.225926246271332,0.0314661507827936,0.0347503645478231,0
782.636111111111,-0.105,-0.264590635318782,0.0349488051823697,0.0347504891336916,0
782.638888888889,-0.125,-0.301188850534185,0.0383388708063005,0.0347503756860568,0
782.641666666667,-0.11,-0.332611272380876,0.0414447085880554,0.034750034647763,0
782.644444444444,-0.105,-0.355658256504119,0.0439945553006425,0.0347494773970256,0
782.647222222222,-0.09,-0.367269361960987,0.0457830920267647,0.0347487714712003,0
782.65,-0.085,-0.364760557917336,0.0467519065347906,0.0347479970642552,0
782.652777777778,-0.1,-0.346051971334204,0.0468890707629757,0.034747190513261,0
782.655555555556,-0.075,-0.309868538270576,0.0475491352456842,0.0347463056958299,0
782.658333333333,-0.03,-0.255897080976205,0.0489291277816677,0.0347452800685777,0
782.661111111111,0.01,-0.184885815225452,0.0509154190724364,0.0347440286018559,0
782.663888888889,0.075,-0.0986759540349732,0.0533671803803271,0.0347422968019267,0
782.666666666667,0.135,-0.000159673092570891,0.0561273820708124,0.0347399790441991,0
782.669444444444,0.2,0.106836084347152,0.0590347982226653,0.0347370674468676,0
782.672222222222,0.295,0.217735042783299,0.0619360680320744,0.0347336257112063,0
782.675,0.425,0.327456090040968,0.0646968546950118,0.034729736767526,0
782.677777777778,0.57,0.4307019872181,0.0672112103365516,0.0347254579508733,0
782.680555555556,0.75,0.522273750699773,0.06940839691982,0.0347208449222302,0
782.683333333333,0.905,0.597389746808942,0.0712566173050376,0.0347159247358631,0
782.686111111111,1.055,0.651987619458137,0.0727633617527706,0.0347107418834265,0
782.688888888889,1.23,0.682987853829875,0.0739723530491788,0.0347053534648299,0
782.691666666667,1.355,0.688500048046344,0.0747843344571606,0.0346998215404836,1
782.694444444444,1.42,0.66795667961377,0.0743501069149005,0.0346942030997077,0
782.697222222222,1.36,0.62216405870066,0.0735174792721618,0.0346885394007421,0
782.7,1.155,0.55326590366486,0.0726036752664464,0.0346828524940301,0
782.702777777778,0.885,0.464621132652502,0.071516704030083,0.0346771271334864,0
782.705555555556,0.585,0.360603577237898,0.0701876552960743,0.0346712985636536,0
782.708333333333,0.3,0.246336926308226,0.0685792257820278,0.0346652469537384,0
782.711111111111,0.055,0.127382871379886,0.0666915023626751,0.0346586676649436,0
782.713888888889,-0.145,0.00940378758798624,0.0645644582261799,0.0346514058920111,0
782.716666666667,-0.275,-0.102176915064118,0.0622768889566287,0.0346438985120723,0
782.719444444444,-0.3,-0.202493541194303,0.0599418120235888,0.0346346535335942,0
782.722222222222,-0.26,-0.287514354212304,0.0576986509930652,0.0346194723698679,0
782.725,-0.215,-0.354256927319806,0.0557028000511562,0.034595893395185,0
782.727777777778,-0.175,-0.40092878037251,0.0541133920338496,0.0345616193626432,0
782.730555555556,-0.15,-0.426985045247632,0.0530802546612814,0.0345146934421086,0
782.733333333333,-0.165,-0.433101033105222,0.0530492369723852,0.0344536992025581,0
782.736111111111,-0.19,-0.421063801681015,0.0526202038887833,0.0343779324642279,0
782.738888888889,-0.225,-0.393592660552391,0.0513616069450832,0.0342873600639038,0
782.741666666667,-0.22,-0.354103560656177,0.0492709398451497,0.0341827754044429,0
782.744444444444,-0.215,-0.306436112751951,0.0463970918157146,0.0340658270985633,0
782.747222222222,-0.22,-0.254564287716898,0.0428389708595261,0.0339397007091762,0
782.75,-0.225,-0.202312509438402,0.0390571866582928,0.0338085135892279,0
782.752777777778,-0.255,-0.153097830960616,0.0353128335808855,0.0336764312507489,0
782.755555555556,-0.255,-0.109716292519933,0.0317919392097304,0.0335425202210709,0
782.758333333333,-0.26,-0.0741876264009553,0.0286528847109434,0.0334022419807966,0
782.761111111111,-0.24,-0.0476675328044678,0.0260188078005599,0.03325221559708,0
782.763888888889,-0.22,-0.0304312140106591,0.0239727529383048,0.0330904873027578,0
782.766666666667,-0.225,-0.0219261738633553,0.0225557430155682,0.0329158822940846,0
782.769444444444,-0.235,-0.0208869232960975,0.0217677349619132,0.032728016530193,0
782.772222222222,-0.255,-0.0254996045345762,0.0215712214115506,0.0325273003589259,0
782.775,-0.24,-0.0336010135426971,0.021897066137673,0.0323148147624503,0
782.777777777778,-0.225,-0.0428943230885038,0.0218218703799168,0.032092138729926,0
782.780555555556,-0.23,-0.0511631322262336,0.0210025926787468,0.031861143268395,0
782.783333333333,-0.235,-0.0564663103849713,0.019722381091101,0.0316237713976688,0
782.786111111111,-0.24,-0.0572983580701096,0.0183506147105566,0.0313818242902525,0
782.788888888889,-0.26,-0.0527034489762026,0.0169909087474705,0.031136770214662,0
782.791666666667,-0.255,-0.0423356332926745,0.0157307889193925,0.0308895938372456,0
782.794444444444,-0.255,-0.0264624862642741,0.0146371249430356,0.0306425257297245,0
782.797222222222,-0.24,-0.00591436407699138,0.0137535366556662,0.0303966738617149,0
782.8,-0.24,0.0180140316520728,0.0130998166837241,0.0301529243138694,0
782.802777777778,-0.255,0.0436992536646746,0.0126732557721257,0.0299127082993013,0
782.805555555556,-0.25,0.0693485390128141,0.0124516168712644,0.0296777896388965,0
782.808333333333,-0.25,0.0931681585095232,0.0123973919702966,0.0294500273506395,0
782.811111111111,-0.24,0.11352553042413,0.0124628989327279,0.0292312147033228,0
782.813888888889,-0.205,0.129091015339271,0.0123300593134156,0.0290228893536941,0
782.816666666667,-0.225,0.138947569788549,0.0121816622209798,0.0288260217323668,0
782.819444444444,-0.25,0.142659657583242,0.0120640680080413,0.0286409892884341,0
782.822222222222,-0.26,0.140296693728757,0.0120143412406381,0.0284673734717918,0
782.825,-0.25,0.132410470860319,0.0120575393260234,0.0283038986010978,0
782.827777777778,-0.24,0.119970118754763,0.0122053150352169,0.0281484407331936,0
782.830555555556,-0.22,0.10426181549053,0.0121389663008241,0.0279978622450344,0
782.833333333333,-0.25,0.086763392327091,0.0117997495272061,0.0278473244383553,0
782.836111111111,-0.25,0.0690059142201229,0.0113959885927383,0.0276971165579186,0
782.838888888889,-0.245,0.0524351272874661,0.0109588358375471,0.027555785401304,0
782.841666666667,-0.25,0.0382853001273306,0.0105229878264084,0.0274284506116171,0
782.844444444444,-0.24,0.0274765094585003,0.0101230937313826,0.0273186648644292,0
782.847222222222,-0.235,0.020543991439264,0.0097903819573292,0.0272275222772663,0
782.85,-0.255,0.017605038961496,0.00954979890385163,0.0271537846639673,0
782.852777777778,-0.265,0.0183653712399174,0.00941789120928747,0.0270949257283829,0
782.855555555556,-0.275,0.0221632645674005,0.00940158324764412,0.0270501898071657,0
782.858333333333,-0.265,0.028046341937989,0.0094979128287135,0.0270199673048378,0
782.861111111111,-0.25,0.0348730748210262,0.00969469822138967,0.0270043632628225,0
782.863888888889,-0.235,0.0414289974559381,0.00980906371529834,0.0270032630030601,0
782.866666666667,-0.245,0.0465465407076884,0.0095975457377866,0.027016382972251,0
782.869444444444,-0.26,0.0492173365042033,0.00923872088140904,0.0270432942434243,0
782.872222222222,-0.255,0.0486868072555983,0.0088823435147272,0.0270834243827195,0
782.875,-0.24,0.0445227273267622,0.00855506499126488,0.0271360426802283,0
782.877777777778,-0.235,0.0366520350400264,0.0082789993873574,0.0272046395482254,0
782.880555555556,-0.225,0.0253632316339819,0.00806997524920855,0.0272924425607463,0
782.883333333333,-0.235,0.0112749383771296,0.00793645178571153,0.0273999913642697,0
782.886111111111,-0.25,-0.00472570552346126,0.00787916907112486,0.0275214017784166,0
782.888888888889,-0.245,-0.0215684164693209,0.00789153099751719,0.0276526618162868,0
782.891666666667,-0.225,-0.0381004652415667,0.00796065204020345,0.0277907459354223,0
782.894444444444,-0.2,-0.0531930192690507,0.00801650370321141,0.0279324350783815,0
782.897222222222,-0.185,-0.065843131569341,0.00788939825444582,0.0280737612230071,0
782.9,-0.185,-0.0752619957516431,0.00776447040857463,0.0282169806120805,0
782.902777777778,-0.2,-0.0809415589294798,0.0076612846294772,0.0283651791846682,0
782.905555555556,-0.19,-0.0826937604500778,0.00759613343688813,0.0285210063357907,0
782.908333333333,-0.19,-0.0806593291794717,0.00758059250129142,0.0286865635201292,0
782.911111111111,-0.17,-0.0752859695490117,0.00762059274148163,0.0288632865958513,0
782.913888888889,-0.155,-0.0672786235659799,0.00767948809769775,0.0290517992805563,0
782.916666666667,-0.16,-0.0575270479723286,0.00753747973992502,0.0292523095192819,0
782.919444444444,-0.165,-0.0470179610459885,0.00735336556536158,0.0294645416357197,0
782.922222222222,-0.15,-0.0367403143272666,0.00714474737323979,0.0296878278711482,0
782.925,-0.145,-0.0275927223814496,0.00692820678369092,0.0299212231905122,0
782.927777777778,-0.105,-0.0203017084968359,0.00672075585554081,0.0301634771083346,0
782.930555555556,-0.09,-0.0153582457811662,0.0065381439747241,0.0304132699364997,0
782.933333333333,-0.1,-0.012978215275514,0.00639334478258805,0.0306694755658533,0
782.936111111111,-0.11,-0.013090050588795,0.00629536326684743,0.0309283343063757,0
782.938888888889,-0.11,-0.0153502204291188,0.00624846818254942,0.0311844211782012,0
782.941666666667,-0.1,-0.0191845657183306,0.00625191116046957,0.0314346440928904,0
782.944444444444,-0.07,-0.0238511037681594,0.00630014557695374,0.0316788565943885,0
782.947222222222,-0.065,-0.0285179598876053,0.0063835101714479,0.0319166208880672,0
782.95,-0.065,-0.0323487626496363,0.00634899341532115,0.0321472832952009,0
782.952777777778,-0.08,-0.034587257228509,0.00623518768520998,0.0323700753781189,0
782.955555555556,-0.085,-0.0346330947819356,0.00612799360672163,0.0325842365115462,0
782.958333333333,-0.08,-0.0321017135575395,0.00604078920753864,0.032789149894661,0
782.961111111111,-0.065,-0.0268628377230269,0.00598438015940928,0.0329844777370911,0
782.963888888889,-0.06,-0.0190542215630918,0.00596595119388364,0.033170066563711,0
782.966666666667,-0.065,-0.00906965457885415,0.00598838529210145,0.0333462351480642,0
782.969444444444,-0.065,0.00247731182332105,0.00605000803394843,0.0335139313996821,0
782.972222222222,-0.07,0.0148101840236212,0.00614477290440944,0.0336748853043819,0
782.975,-0.075,0.0270612740946273,0.00626286133700333,0.0338314249906097,0
782.977777777778,-0.05,0.0383514289502755,0.00638392001438547,0.0339875821230358,0
782.980555555556,-0.06,0.0478701394922618,0.0063532422163264,0.0341413841763138,0
782.983333333333,-0.06,0.0549485007481393,0.00624615790265962,0.0342895197850937,0
782.986111111111,-0.07,0.0591182755090682,0.00617065025765997,0.0344286350851754,0
782.988888888889,-0.08,0.0601517208519983,0.00613788086622837,0.0345555264169607,0
782.991666666667,-0.075,0.0580787273947622,0.0061557036631825,0.0346673421858733,0
782.994444444444,-0.05,0.0531800096878926,0.00622797586978231,0.0347624540319429,0
782.997222222222,-0.055,0.0459573616705479,0.00635423965501082,0.0348409496081428,0
783,-0.055,0.0370841371399593,0.00635521606049449,0.0349037657338258,0
783.002777777778,-0.085,0.0273409304214809,0.00621026022137262,0.0349525758577507,0
783.005555555556,-0.105,0.0175427496273474,0.00596465354393487,0.0349896398952789,0
783.008333333333,-0.09,0.00846467622917126,0.00570334030894036,0.035017628069094,0
783.011111111111,-0.08,0.000773032270132264,0.00544074776881552,0.0350393664698039,0
783.013888888889,-0.095,-0.00503156278074279,0.00519099360653876,0.0350576241346469,0
783.016666666667,-0.105,-0.00865409973810572,0.0049667799331422,0.0350750137721748,0
783.019444444444,-0.12,-0.0100246134347165,0.0047784618495599,0.0350938538348206,0
783.022222222222,-0.135,-0.00929571324184109,0.00463336847950419,0.0351138519112849,0
783.025,-0.135,-0.00681889689700232,0.004535427571677,0.0351316995262299,0
783.027777777778,-0.145,-0.00310235312907277,0.00448511393935505,0.0351445314487825,0
783.030555555556,-0.145,0.00124531074462812,0.00447971024087386,0.0351507713214082,0
783.033333333333,-0.165,0.00557969931489526,0.00444558147607029,0.0351504514249142,0
783.036111111111,-0.175,0.00928718663994863,0.00437922029142615,0.0351440161894547,0
783.038888888889,-0.195,0.011846883623371,0.00428898931404773,0.0351357342194154,0
783.041666666667,-0.185,0.0128820401233494,0.00418342306941199,0.0351281718019802,0
783.044444444444,-0.18,0.0121960176091089,0.00407039762370897,0.035121179058351,0
783.047222222222,-0.165,0.00978953443971217,0.00395644182621952,0.0351146042828531,0
783.05,-0.175,0.00585775170115742,0.00384625383043914,0.035108291157504,0
783.052777777778,-0.18,0.000767750206883309,0.00374246307728809,0.0351020574530735,0
783.055555555556,-0.195,-0.00498114333562254,0.00364565100864464,0.0350957865153212,0
783.058333333333,-0.19,-0.0108100737673841,0.0035546162147454,0.0350895972102589,0
783.061111111111,-0.18,-0.0161210765777547,0.00354786995721917,0.0350835085590162,0
783.063888888889,-0.17,-0.0203591515066439,0.00363559238236824,0.0350775087332473,0
783.066666666667,-0.185,-0.0230698309302362,0.00372649400313654,0.0350715588256786,0
783.069444444444,-0.2,-0.0239465690172118,0.00382314642513392,0.0350655989966782,0
783.072222222222,-0.2,-0.0228633097392791,0.00392688131475763,0.0350595570177377,0
783.075,-0.175,-0.0198890663870897,0.00403736504138045,0.0350534743097643,0
783.077777777778,-0.18,-0.0152831167137191,0.00415238123949404,0.0350475841538944,0
783.080555555556,-0.17,-0.00947131327756688,0.0042678491158349,0.0350419258179583,0
783.083333333333,-0.175,-0.00300584448447623,0.00437807992250215,0.0350365297517366,0
783.086111111111,-0.19,0.00348761818246331,0.00442893651455411,0.0350314219390217,0
783.088888888889,-0.2,0.00937023970300834,0.00435015204558964,0.0350265793915975,0
783.091666666667,-0.195,0.0140519518206669,0.00429782599363466,0.0350219318930719,0
783.094444444444,-0.175,0.017048996880882,0.00427801471721249,0.0350173686922521,0
783.097222222222,-0.17,0.0180315248151669,0.00429503969393543,0.0350127850339645,0
783.1,-0.175,0.0168566525868167,0.00435090132725283,0.0350081008088553,0
783.102777777778,-0.185,0.0135838020646183,0.00444488827575906,0.0350032452075312,0
783.105555555556,-0.2,0.00847083871749902,0.00457342866113822,0.0349981638621153,0
783.108333333333,-0.19,0.00195137471164533,0.00473020618760479,0.0349928250870583,0
783.111111111111,-0.18,-0.00540460096114319,0.00490653836761756,0.034987337921403,0
783.113888888889,-0.17,-0.012943017603472,0.00501728069618638,0.0349819882756006,0
783.116666666667,-0.185,-0.0199859746738194,0.00499532987965764,0.0349769501598088,0
783.119444444444,-0.215,-0.0258942400711268,0.00484711245700861,0.0349722412308501,0
783.122222222222,-0.22,-0.0301260899644556,0.00470199069816481,0.0349678609276958,0
783.125,-0.21,-0.0322869536482029,0.00459000447087094,0.0349637922245446,0
783.127777777778,-0.185,-0.0321652200787757,0.00451748384803645,0.0349600028816936,0
783.130555555556,-0.185,-0.0297508928469155,0.0044877355000117,0.0349564492145576,0
783.133333333333,-0.18,-0.0252354183688842,0.00450077108873619,0.0349529911171373,0
783.136111111111,-0.19,-0.018992800501413,0.00455332151844981,0.0349494777721467,0
783.138888888889,-0.195,-0.0115438827034472,0.00463913762024972,0.0349457909249191,0
783.141666666667,-0.185,-0.00350725838639563,0.00466852560411363,0.034942096725152,0
783.144444444444,-0.17,0.00445848771848919,0.00456750727870048,0.0349384452544179,0
783.147222222222,-0.16,0.0117157154096119,0.0044395813373367,0.0349348550277188,0
783.15,-0.175,0.0177060867169579,0.00431924243553908,0.0349313327272903,0
783.152777777778,-0.19,0.0220008735233863,0.00421613474096237,0.0349278721776687,0
783.155555555556,-0.195,0.0243385431962424,0.0041379050841363,0.0349244553655653,0
783.158333333333,-0.185,0.0246461876127911,0.00408956848086208,0.0349210553426971,0
783.161111111111,-0.175,0.023042915183109,0.00407311963655826,0.0349178458216709,0
783.163888888889,-0.155,0.0198250469815407,0.00408742389703044,0.0349148420866017,0
783.166666666667,-0.16,0.0154346823768013,0.00412839512202801,0.0349120038732455,0
783.169444444444,-0.17,0.0104147629489741,0.00418104598382306,0.0349093431964072,0
783.172222222222,-0.175,0.00535501875830534,0.00410835247211478,0.0349068815233575,0
783.175,-0.16,0.000834011236395271,0.00403344558264502,0.0349046317698859,0
783.177777777778,-0.145,-0.00263718365008722,0.00396585366752296,0.0349025607094536,0
783.180555555556,-0.155,-0.00466430741049065,0.00391429164715714,0.0349005820617889,0
783.183333333333,-0.155,-0.00500762649570782,0.00388584077457004,0.0348985871868006,0
783.186111111111,-0.17,-0.0036045154481381,0.00388529118882662,0.0348964742743083,0
783.188888888889,-0.165,-0.000574879594415532,0.0039147064118896,0.0348942143905573,0
783.191666666667,-0.155,0.00379097293564834,0.00397324761630607,0.0348917983608886,0
783.194444444444,-0.145,0.00906072953002121,0.00405727082889584,0.0348892382558124,0
783.197222222222,-0.15,0.0147019251054161,0.00416068458853902,0.0348866457019768,0
783.2,-0.15,0.020133174017913,0.00427553136894746,0.0348840545177811,0
783.202777777778,-0.175,0.0247798474649348,0.00428216506600558,0.0348814857990175,0
783.205555555556,-0.185,0.0281288766736116,0.00417195458842616,0.034878955638932,0
783.208333333333,-0.18,0.0297774852350952,0.00407750759585727,0.0348764761102876,0
783.211111111111,-0.145,0.0294712698427749,0.00400622129104519,0.034874055796513,0
783.213888888889,-0.145,0.0271280951593667,0.00396346804795919,0.0348716995791995,0
783.216666666667,-0.16,0.0228456428304352,0.00395214092957307,0.0348694101963049,0
783.219444444444,-0.17,0.0168920236230782,0.0039724364350689,0.0348671897783679,0
783.222222222222,-0.165,0.00968047461105253,0.00402189092316612,0.0348649502415134,0
783.225,-0.165,0.00173066649272694,0.00409566291073789,0.0348627181531546,0
783.227777777778,-0.15,-0.00637960266722205,0.0040902639839552,0.0348604552929742,0
783.230555555556,-0.145,-0.0140676689026459,0.00398924287125631,0.0348581288352581,0
783.233333333333,-0.155,-0.0207991288741775,0.0038869695820389,0.0348557184640598,0
783.236111111111,-0.175,-0.0261357975766858,0.00379152185492681,0.0348531989815094,0
783.238888888889,-0.19,-0.0297739986250792,0.00370992047801012,0.0348505403020868,0
783.241666666667,-0.19,-0.031569648269447,0.0036475158016991,0.0348477088838555,0
783.244444444444,-0.18,-0.0315478839176822,0.0036075500568407,0.0348448228601515,0
783.247222222222,-0.175,-0.0298964820974406,0.0035909336982725,0.0348420551234448,0
783.25,-0.18,-0.0269438655091638,0.00359625257071647,0.0348396065336002,0
783.252777777778,-0.19,-0.0231239653679888,0.00359888162891244,0.0348375157840222,0
783.255555555556,-0.185,-0.0189314442792762,0.00356187606488651,0.0348357984026953,0
783.258333333333,-0.185,-0.0148716797334147,0.00351786675532932,0.0348344588638981,0
783.261111111111,-0.175,-0.011410375818192,0.00347352334742904,0.0348334893783083,0
783.263888888889,-0.165,-0.00892766909339323,0.00343524066989708,0.0348328687331639,0
783.266666666667,-0.18,-0.00768112692252162,0.00340849726811253,0.0348325422241119,0
783.269444444444,-0.205,-0.0077811505079764,0.00339732611950189,0.0348323662095292,0
783.272222222222,-0.21,-0.00918107765073538,0.00340394895234503,0.0348321747272421,0
783.275,-0.205,-0.0116828501588576,0.00342860835035668,0.03483179839903,0
783.277777777778,-0.2,-0.0149576058036686,0.00346961130045938,0.034831253648567,0
783.280555555556,-0.19,-0.0185791191031457,0.00352357609320849,0.0348307466468355,0
783.283333333333,-0.19,-0.0220667859492739,0.00358585369074732,0.0348303445143864,0
783.286111111111,-0.2,-0.024933940759473,0.00364957592423545,0.0348301081422922,0
783.288888888889,-0.2,-0.0267367966218316,0.00359838707435792,0.034830088786786,0
783.291666666667,-0.185,-0.027119254701835,0.0035431579308979,0.0348303252921066,0
783.294444444444,-0.18,-0.0258492413751787,0.00349927722992224,0.0348308431632484,0
783.297222222222,-0.17,-0.0228430590234058,0.00346911885552256,0.0348316518522774,0
783.3,-0.175,-0.0181753986451569,0.00345329529062695,0.0348327462130425,0
783.302777777778,-0.2,-0.0120740472815579,0.00345059929807639,0.034834108177582,0
783.305555555556,-0.205,-0.00489979781498423,0.00345815400518288,0.0348357096605963,0
783.308333333333,-0.2,0.002886508035256,0.00347175754469624,0.0348375972444254,0
783.311111111111,-0.18,0.0107666364231308,0.00347948947466461,0.0348396352225814,0
783.313888888889,-0.17,0.0182132189370002,0.0034690629566094,0.0348416845739601,0
783.316666666667,-0.19,0.024738973192487,0.00346762208898197,0.0348436955885414,0
783.319444444444,-0.205,0.0299421532306046,0.00347887169661466,0.0348456810404631,0
783.322222222222,-0.215,0.0335438532035984,0.00350490627266981,0.0348476348792487,0
783.325,-0.205,0.035413562326519,0.00354583383173495,0.034849529233876,0
783.327777777778,-0.195,0.0355804875003123,0.00359960294857356,0.0348513580371757,0
783.330555555556,-0.175,0.0342295160723761,0.00366205949752041,0.0348531688363639,0
783.333333333333,-0.165,0.0316821562594952,0.00372723670879721,0.0348551969331689,0
783.336111111111,-0.18,0.0283642280283732,0.00370027117196792,0.0348577197321328,0
783.338888888889,-0.185,0.0247633468644846,0.0036521175165064,0.0348608527994615,0
783.341666666667,-0.175,0.0213802267332279,0.00362419782683833,0.0348647094233822,0
783.344444444444,-0.165,0.0186784335023411,0.00362331550157712,0.0348693889658408,0
783.347222222222,-0.17,0.0170373886855819,0.00365454187756593,0.0348749647675376,0
783.35,-0.17,0.0167131391310446,0.00372057308793893,0.0348814722231847,0
783.352777777778,-0.19,0.0178106972502026,0.00382128309741321,0.0348888971133438,0
783.355555555556,-0.19,0.0202706845971294,0.00395352619594286,0.0348971604286578,0
783.358333333333,-0.185,0.0238716788632884,0.0041112199036352,0.0349045662415115,0
783.361111111111,-0.165,0.0282481948683647,0.00428571319688464,0.0349113977530391,0
783.363888888889,-0.15,0.032922760927382,0.00446641761390957,0.0349197194605882,0
783.366666666667,-0.155,0.0373492201259009,0.00464165272408781,0.0349275598374449,0
783.369444444444,-0.175,0.0409633159077179,0.00479963517524068,0.0349326386920689,0
783.372222222222,-0.175,0.0432359131147487,0.00483635384672133,0.0349324813533978,0
783.375,-0.165,0.0437239258733556,0.00475357824190931,0.0349245598001831,0
783.377777777778,-0.15,0.0421141995299668,0.00470372839186878,0.0349064530664942,0
783.380555555556,-0.165,0.0382562101520921,0.00469952935238377,0.0348760179302432,0
783.383333333333,-0.165,0.0321804462210681,0.00473974089903763,0.034831554816101,0
783.386111111111,-0.185,0.0241006318508189,0.00481925634903466,0.0347719604916019,0
783.388888888889,-0.195,0.0143994208997618,0.0049294204130142,0.0346968603846406,0
783.391666666667,-0.18,0.00359870223713275,0.00505867810478302,0.0346068634146445,0
783.394444444444,-0.18,-0.00768293013409659,0.00511781339929155,0.0345032211662583,0
783.397222222222,-0.175,-0.0187818019126611,0.0050742102852549,0.0343883801255316,0
783.4,-0.18,-0.0290452874550124,0.0049708598066257,0.0342656922607636,0
783.402777777778,-0.185,-0.0378874155217295,0.00490245132683171,0.034138765141541,0
783.405555555556,-0.2,-0.0448389428398188,0.00487839890041482,0.0340112587491828,0
783.408333333333,-0.19,-0.0495873590970455,0.00490435960056946,0.0338808156681598,0
783.411111111111,-0.185,-0.0520031719979204,0.00498160891288415,0.0337442087344807,0
783.413888888889,-0.165,-0.0521500392712528,0.00510678540816484,0.033598724192305,0
783.416666666667,-0.175,-0.0502777566913062,0.00527203724727773,0.0334422905662017,0
783.419444444444,-0.185,-0.0467986476724827,0.00535455215637925,0.0332737157760553,0
783.422222222222,-0.195,-0.0422493926882644,0.00529545764959816,0.0330924687513267,0
783.425,-0.195,-0.0372416514074635,0.0050917204445503,0.0328985496966964,0
783.427777777778,-0.17,-0.0324058487352978,0.00490836006497421,0.0326925501851747,0
783.430555555556,-0.175,-0.0283331261194648,0.00476152316333737,0.0324755305378385,0
783.433333333333,-0.17,-0.0255206444595592,0.00466496544123578,0.0322488662787807,0
783.436111111111,-0.185,-0.0243251474196952,0.00462883635781432,0.0320140788871283,0
783.438888888889,-0.19,-0.0249289778056071,0.00465875720030326,0.0317726643401816,0
783.441666666667,-0.17,-0.0273216478966579,0.00475527982040209,0.0315259345596034,0
783.444444444444,-0.145,-0.0312986935895853,0.00491378091616167,0.0312757503513445,0
783.447222222222,-0.165,-0.0364780130925888,0.00512480869516645,0.0310277782387271,0
783.45,-0.175,-0.0423323389315319,0.00537485841162331,0.0307837703687526,0
783.452777777778,-0.18,-0.0482350545017026,0.00564751422682568,0.0305440551343289,0
783.455555555556,-0.19,-0.0535153705945833,0.00592486065857522,0.0303093590156555,0
783.458333333333,-0.175,-0.0575180293019161,0.00605991782074421,0.0300807080384299,0
783.461111111111,-0.17,-0.0596622779831393,0.00605476112317307,0.0298592918826797,0
783.463888888889,-0.17,-0.059494892998503,0.0059332292787867,0.0296463046132989,0
783.466666666667,-0.175,-0.0567325296359604,0.00579253937358402,0.029442772081486,0
783.469444444444,-0.19,-0.0512895888323717,0.00570730021714429,0.0292493781964575,0
783.472222222222,-0.185,-0.0432890441106889,0.00567608822348474,0.0290663142479647,0
783.475,-0.17,-0.033055155158682,0.00569228085880192,0.0288933622473095,0
783.477777777778,-0.145,-0.0210885789479381,0.00574469838796117,0.0287294697645995,0
783.480555555556,-0.135,-0.00802593742272074,0.00577703740203207,0.0285727881538127,0
783.483333333333,-0.14,0.0054127224210241,0.00569821011186,0.0284207962395584,0
783.486111111111,-0.15,0.018484055330252,0.0056316814487943,0.0282689890432498,0
783.488888888889,-0.16,0.0304839133647279,0.00559331310565253,0.0281190869216546,0
783.491666666667,-0.16,0.0408067449064712,0.00559607070452673,0.0279747354222203,0
783.494444444444,-0.135,0.0489966587005402,0.00564865424253514,0.027839602563233,0
783.497222222222,-0.14,0.0547855989833876,0.00575450844060384,0.0277171491317901,0
783.5,-0.135,0.0581151637726482,0.00591131607493912,0.0276104089063265,0
783.502777777778,-0.145,0.0591399952696616,0.00611103482546247,0.0275204203434313,0
783.505555555556,-0.155,0.0582122612397383,0.00632894491717516,0.0274469812013729,0
783.508333333333,-0.14,0.0558483941043249,0.00638042149307446,0.027389053372704,0
783.511111111111,-0.12,0.0526808193046188,0.00623985556268379,0.0273448863918508,0
783.513888888889,-0.12,0.049398751220515,0.00603261180890219,0.0273121803200692,0
783.516666666667,-0.12,0.0466831458350326,0.00587207060490735,0.0272882706963355,0
783.519444444444,-0.145,0.0451414840410646,0.00577423929260714,0.0272703210387741,0
783.522222222222,-0.14,0.0452481627171253,0.00575036687303308,0.0272555101524973,0
783.525,-0.13,0.0472958771811475,0.0058057323220588,0.0272412019701042,0
783.527777777778,-0.135,0.0513625147330397,0.00593898671875108,0.0272251503111781,0
783.530555555556,-0.12,0.0572968109393345,0.00614213907724657,0.0272092260574013,0
783.533333333333,-0.12,0.0647244491117491,0.00640121820151573,0.0271966624610726,0
783.536111111111,-0.135,0.0730745369486221,0.00669757944335902,0.027189429851955,0
783.538888888889,-0.15,0.081624617051678,0.00700976144823154,0.0271878578155379,0
783.541666666667,-0.145,0.0895607094980784,0.0073157396124772,0.0271918221540362,0
783.544444444444,-0.145,0.0960474871423828,0.0075953756241887,0.0272008212231196,0
783.547222222222,-0.145,0.100302671206005,0.00776884932141295,0.0272140728005745,0
783.55,-0.135,0.101669200028264,0.00779169346133538,0.0272306208392077,0
783.552777777778,-0.175,0.0996787241662476,0.00770617078097104,0.0272494439471611,0
783.555555555556,-0.17,0.094100530130091,0.00761857666209246,0.0272683378456699,0
783.558333333333,-0.15,0.0849710619760532,0.00755972655808146,0.0272872521751126,0
783.561111111111,-0.125,0.0726007206184835,0.00750818250308752,0.0273065669753619,0
783.563888888889,-0.125,0.057556462752993,0.0075897787537813,0.0273263454030938,0
783.566666666667,-0.125,0.0406207523396889,0.00773258747384954,0.0273463518627276,0
783.569444444444,-0.135,0.0227294759088438,0.00797110024537995,0.0273664909394112,0
783.572222222222,-0.14,0.00489334976329501,0.00833606489071536,0.0273867168148259,0
783.575,-0.14,-0.0118910400442295,0.00885051538974192,0.0274070350706486,0
783.577777777778,-0.13,-0.0267332584683799,0.0095260199883217,0.0274275007788706,0
783.580555555556,-0.125,-0.0389361900207647,0.0103595048046163,0.0274472292068707,0
783.583333333333,-0.125,-0.0480704658574118,0.0113309914413202,0.0274670376076161,0
783.586111111111,-0.125,-0.0540289371068382,0.0124025385196549,0.0274876991565285,0
783.588888888889,-0.13,-0.0570552843000021,0.0135186008182732,0.0275079929818849,0
783.591666666667,-0.13,-0.0577427013691422,0.0146079203615827,0.0275277360419659,0
783.594444444444,-0.115,-0.0570008627325173,0.0154496738221129,0.027546764510756,0
783.597222222222,-0.105,-0.0559919103633536,0.0158426930719719,0.0275649500470918,0
783.6,-0.125,-0.0560387945624973,0.0156969978225183,0.0275822171767799,0
783.602777777778,-0.15,-0.0585117645086774,0.0155940650851437,0.0275985578832199,0
783.605555555556,-0.15,-0.0647009318546786,0.015946881286853,0.0276140411007174,0
783.608333333333,-0.16,-0.0756844397809527,0.0168108040346647,0.0276288115055901,0
783.611111111111,-0.135,-0.0922027107019744,0.0182155230010336,0.0276432267869745,0
783.613888888889,-0.13,-0.114549413346159,0.020160017868199,0.027657873877989,0
783.616666666667,-0.14,-0.142489134541846,0.0226092117561091,0.0276726120593526,0
783.619444444444,-0.14,-0.175210274317445,0.0254926978974304,0.0276868137966438,0
783.622222222222,-0.125,-0.211319479228259,0.0287057909111379,0.0277047574377751,0
783.625,-0.12,-0.248881122144268,0.0321130016583192,0.0277293278477466,0
783.627777777778,-0.105,-0.285502112867823,0.0355538664515069,0.0277630307595864,0
783.630555555556,-0.1,-0.318458908446058,0.0388508890841923,0.0278081690610072,0
783.633333333333,-0.11,-0.344860234663448,0.0418191903112883,0.0278666633665999,0
783.636111111111,-0.12,-0.361835986945517,0.0442261552064199,0.0279398861328435,0
783.638888888889,-0.12,-0.3667402928654,0.0459378042822852,0.0280285176702488,0
783.641666666667,-0.11,-0.357355000891692,0.0469012388482766,0.0281324362973864,0
783.644444444444,-0.09,-0.332079073176632,0.0469418942712345,0.0282491257945507,0
783.647222222222,-0.065,-0.290089603076789,0.0474578259291543,0.0283750817435012,0
783.65,-0.05,-0.231461476621246,0.0486367653644325,0.0285063221534403,0
783.652777777778,-0.015,-0.157234999327901,0.0503841966704192,0.0286388964569741,0
783.655555555556,0.035,-0.0694239867709842,0.0525826430726582,0.0287692567844288,0
783.658333333333,0.115,0.0290393297514846,0.0551005487519933,0.028901797248096,0
783.661111111111,0.215,0.134421958701388,0.0578019480463724,0.0290410610608038,0
783.663888888889,0.335,0.242365346206292,0.0605561894962595,0.0291913235622648,0
783.666666666667,0.45,0.348108896458162,0.0632469736355609,0.0293540065977413,0
783.669444444444,0.59,0.446748899999202,0.0657800121905498,0.0295295716441799,0
783.672222222222,0.775,0.533517052654127,0.0680887196945624,0.0297178463943202,0
783.675,0.94,0.604060873249567,0.0701374993678651,0.0299180239981838,0
783.677777777778,1.12,0.654707648818824,0.0719223724618045,0.0301288128220962,0
783.680555555556,1.295,0.68269413543172,0.0734689100087345,0.0303486185642911,0
783.683333333333,1.405,0.686346112643679,0.07418038034028,0.0305757412817263,1
783.686111111111,1.405,0.665194927218002,0.0736768940043359,0.030808569901103,0
783.688888888889,1.3,0.620022175668662,0.0724776024252242,0.0310457559809993,0
783.691666666667,1.075,0.552828396874025,0.0712393434589803,0.0312863521699762,0
783.694444444444,0.8,0.466726748564909,0.0698913919140205,0.0315299037029506,0
783.697222222222,0.53,0.365767762668505,0.0683803028037566,0.0317726196185756,0
783.7,0.27,0.254706043355912,0.0666771289877665,0.0320118665453862,0
783.702777777778,0.03,0.138723836398371,0.0647825614282852,0.0322465529683565,0
783.705555555556,-0.13,0.0231294534426229,0.0627295054570158,0.0324752927812257,0
783.708333333333,-0.19,-0.0869496553756109,0.0605828089338133,0.0326965979739291,0
783.711111111111,-0.17,-0.186858968570212,0.0584360876226617,0.0329090062650328,0
783.713888888889,-0.115,-0.272674905313379,0.0564058314046397,0.0331112675120857,0
783.716666666667,-0.1,-0.341411977319691,0.0546232029053592,0.0333025177377772,0
783.719444444444,-0.135,-0.391165872100543,0.053224139012709,0.0334824284388927,0
783.722222222222,-0.15,-0.421183803689072,0.0523385188811458,0.0336513171502458,0
783.725,-0.165,-0.431858627661753,0.0523459212082973,0.033810209505904,0
783.727777777778,-0.155,-0.42464861335615,0.0518929786857935,0.0339608450209789,0
783.730555555556,-0.145,-0.401929996921679,0.0506775012918231,0.0341056205197637,0
783.733333333333,-0.17,-0.366794114432169,0.0486907589453979,0.0342473875684647,0
783.736111111111,-0.195,-0.322804686072905,0.0459687790831541,0.0343892251299363,0
783.738888888889,-0.215,-0.273733410214149,0.0425922530699701,0.0345270116397409,0
783.741666666667,-0.225,-0.223293240489204,0.038841962854107,0.0346571351156156,0
783.744444444444,-0.22,-0.174888476151113,0.0351283299644949,0.0347763529817338,0
783.747222222222,-0.225,-0.131399125072115,0.0316354245928316,0.0348823317009065,0
783.75,-0.23,-0.095014039554472,0.0285207512254812,0.0349735708954026,0
783.752777777778,-0.235,-0.067123317222184,0.025907641958026,0.0350492975703157,0
783.755555555556,-0.25,-0.0482757231058785,0.0238802839947597,0.0351095586082508,0
783.758333333333,-0.23,-0.0382018004234782,0.0224815738125085,0.0351551974077979,0
783.761111111111,-0.205,-0.0358982976259149,0.021713786850721,0.0351877712083246,0
783.763888888889,-0.205,-0.039764942325266,0.0215418566735911,0.035209356151672,0
783.766666666667,-0.22,-0.0477807945983353,0.0218988852345547,0.0352223850024975,0
783.769444444444,-0.245,-0.0577047017225331,0.0221961256160523,0.0352294769634175,0
783.772222222222,-0.24,-0.0672829524708373,0.0217534794797278,0.035233270665167,0
783.775,-0.235,-0.0744471847748824,0.0206688595411376,0.0352362708521317,0
783.777777777778,-0.23,-0.0774869162889512,0.0192301381471837,0.0352407176463654,0
783.780555555556,-0.225,-0.0751836132363859,0.0177966150808069,0.0352459160855021,0
783.783333333333,-0.22,-0.0668967600775977,0.0164583728691271,0.0352494268012666,0
783.786111111111,-0.24,-0.0525966329000836,0.0152854342285438,0.0352492202896932,0
783.788888888889,-0.23,-0.0328430517350115,0.0143249125962179,0.0352437968623535,0
783.791666666667,-0.24,-0.00871390729661296,0.0136001497668373,0.0352352988659309,0
783.794444444444,-0.235,0.0183086485118331,0.0131117542268811,0.0352276305527736,0
783.797222222222,-0.245,0.0464831252328581,0.0128403128596834,0.0352206926085003,0
783.8,-0.245,0.073971198121872,0.0127504331736632,0.0352143545712658,0
783.802777777778,-0.26,0.0990031545736349,0.0127956909906412,0.0352084688208547,0
783.805555555556,-0.25,0.120031806814262,0.0126673674169866,0.035202883739788,0
783.808333333333,-0.23,0.135861792183295,0.0125083499165223,0.0351974558959282,0
783.811111111111,-0.205,0.145743670664354,0.0123664383137183,0.0351920623209927,0
783.813888888889,-0.21,0.14942557493475,0.0122808344896316,0.0351866657912993,0
783.816666666667,-0.21,0.147159067000151,0.012279238820787,0.035181268050861,0
783.819444444444,-0.215,0.139659960066321,0.0123762332200833,0.0351758432822958,0
783.822222222222,-0.22,0.128028814480092,0.0124141471542266,0.0351704067886189,0
783.825,-0.205,0.113639270718915,0.0121288683288585,0.0351649568634804,0
783.827777777778,-0.205,0.098005046977369,0.0117766954840633,0.0351595371001007,0
783.830555555556,-0.2,0.0826380835117625,0.0113867372504182,0.0351542043932119,0
783.833333333333,-0.205,0.0689108318382041,0.0109921934003296,0.0351490163584759,0
783.836111111111,-0.215,0.0579350373706325,0.0106267904733462,0.0351440222784805,0
783.838888888889,-0.22,0.0504676255828178,0.0103213845003039,0.0351392210453784,0
783.841666666667,-0.205,0.0468516460928943,0.0101010330466577,0.0351345445582889,0
783.844444444444,-0.18,0.0469969071562631,0.00998277976235583,0.0351300217660762,0
783.847222222222,-0.17,0.050401251915868,0.00997431701519769,0.0351256659145016,0
783.85,-0.175,0.056209722558751,0.0100736036626888,0.0351214739251932,0
783.852777777778,-0.175,0.0633054624085399,0.0102694238952318,0.0351174272304819,0
783.855555555556,-0.175,0.0704234203160924,0.01054278756954,0.0351134936542477,0
783.858333333333,-0.175,0.0762759894097537,0.0107126890434149,0.035109630227223,0
783.861111111111,-0.16,0.0796787965524742,0.0105466844112137,0.0351057866270368,0
783.863888888889,-0.17,0.0796650293293621,0.0101989225817782,0.0351019104174908,0
783.866666666667,-0.165,0.075577914650908,0.00988081402706419,0.035097897112967,0
783.869444444444,-0.17,0.0671331222615424,0.0096141541595465,0.0350936066015541,0
783.872222222222,-0.165,0.054445749475714,0.00941450673655621,0.0350889182470345,0
783.875,-0.15,0.0380198785497885,0.00929008380012514,0.0350839124193792,0
783.877777777778,-0.13,0.0187021750469896,0.00924136982933512,0.0350786995666189,0
783.880555555556,-0.125,-0.00239570568628524,0.00926149409149178,0.0350733748831199,0
783.883333333333,-0.135,-0.0239983168932938,0.00933728443352764,0.0350680166967646,0
783.886111111111,-0.135,-0.0447815494663347,0.00944085590382808,0.035062685263668,0
783.888888888889,-0.13,-0.0634908476126113,0.00933688372701184,0.0350574235179237,0
783.891666666667,-0.11,-0.0790515128374161,0.00920998781602083,0.0350522593823255,0
783.894444444444,-0.09,-0.0906609636627508,0.00910658583656421,0.0350471516206743,0
783.897222222222,-0.09,-0.0978546143397211,0.00904283481008391,0.0350419868583724,0
783.9,-0.09,-0.100539586939717,0.00903001851763683,0.035036724863742,0
783.902777777778,-0.095,-0.0989935344071183,0.00907363893365178,0.0350313614371141,0
783.905555555556,-0.095,-0.0938291387326478,0.00917216919558113,0.0350259102340254,0
783.908333333333,-0.07,-0.0859280511491146,0.00903930232225023,0.035020400507074,0
783.911111111111,-0.065,-0.0763508629502262,0.0088519840737632,0.0350148734988351,0
783.913888888889,-0.065,-0.0662318764331691,0.00864108624306621,0.0350093805318101,0
783.916666666667,-0.065,-0.056668787118508,0.00842321648051177,0.0350039759672171,0
783.919444444444,-0.08,-0.04861777172815,0.00821506389274387,0.0349987109971338,0
783.922222222222,-0.07,-0.0428038723191866,0.00803165662791339,0.0349936221628493,0
783.925,-0.05,-0.0396550386171052,0.00788484196566878,0.0349886385102921,0
783.927777777778,-0.03,-0.0392658869851713,0.00778213710108088,0.0349837723636272,0
783.930555555556,-0.01,-0.0413943762093149,0.00772605880729047,0.0349790337884849,0
783.933333333333,-0.005,-0.0454914586548619,0.00771399039008467,0.0349744296048837,0
783.936111111111,-0.03,-0.0507606367944857,0.00773858980337006,0.0349699621295122,0
783.938888888889,-0.035,-0.0562415334071816,0.0077886888384639,0.0349656289017066,0
783.941666666667,-0.02,-0.0609093326143358,0.00785058514382598,0.0349614230720965,0
783.944444444444,0.005,-0.0637804774333992,0.00780296673181574,0.0349573335856003,0
783.947222222222,0.01,-0.0640144527852572,0.00776087856308697,0.0349533455107578,0
783.95,0.005,-0.0610018896020156,0.00774750045767605,0.0349494410571615,0
783.952777777778,-0.01,-0.0544305539064,0.00777104539263729,0.0349455992226221,0
783.955555555556,-0.005,-0.044322906094553,0.00783516808065011,0.0349417145287911,0
783.958333333333,0.015,-0.0310416276370233,0.00793844959068577,0.0349376802701742,0
783.961111111111,0.04,-0.0152625575838322,0.00807439726615557,0.034933493507418,0
783.963888888889,0.04,0.00208242841808242,0.00823196073569944,0.0349291614715922,0
783.966666666667,0.035,0.0198872199180742,0.00839651415922232,0.0349247018549242,0
783.969444444444,0.015,0.0369702475444289,0.00855120940996868,0.034920140109464,0
783.972222222222,0.01,0.0521809286702655,0.00853177664264878,0.0349155061585841,0
783.975,0.03,0.0645037624808767,0.00844818102446826,0.0349108302537149,0
783.977777777778,0.025,0.0731502851755682,0.00842212647495494,0.0349061586410125,0
783.980555555556,0.04,0.0776302506310646,0.00846336758797938,0.0349014678322495,0
783.983333333333,0.025,0.0777953692153663,0.00857662768817068,0.0348967163248927,0
783.986111111111,0.005,0.0738515304340302,0.00876104918541482,0.0348919276117921,0
783.988888888889,-0.01,0.0663384079074137,0.00901015548338489,0.034887127385282,0
783.991666666667,0,0.0560784165946492,0.00910456494091746,0.0348823441158528,0
783.994444444444,0.025,0.0440998721252206,0.00899079367361001,0.0348776093135625,0
783.997222222222,0.025,0.0315416190195251,0.00865170690016127,0.0348729594832431,0
784,0,0.019548121040543,0.00829511925172273,0.0348684363540792,0
784.002777777778,-0.02,0.00916488101480731,0.00795951203645347,0.0348640865051718,0
784.005555555556,-0.035,0.00124399803056258,0.00766242943892837,0.0348599428426361,0
784.008333333333,-0.045,-0.00363131587301594,0.00741795293741507,0.0348560154026178,0
784.011111111111,-0.035,-0.0051962548448825,0.00723560414677506,0.0348523473984453,0
784.013888888889,-0.03,-0.00352344532657063,0.00711967971093257,0.034848998499768,0
784.016666666667,-0.065,0.000990150877166745,0.00706907434716335,0.0348460431288415,0
784.019444444444,-0.08,0.00766703976757156,0.00707760125317323,0.0348435059197828,0
784.022222222222,-0.1,0.0156193818802734,0.00713477174905636,0.0348413822421304,0
784.025,-0.09,0.023838750119417,0.00722695278471287,0.03483966045969,0
784.027777777778,-0.095,0.0312968081124071,0.00711511965126564,0.034838321596125,0
784.030555555556,-0.105,0.037047245564093,0.00699917770798834,0.0348373408428111,0
784.033333333333,-0.115,0.0403192145077926,0.006893342701978,0.034836690791284,0
784.036111111111,-0.145,0.0405933458896263,0.00680916364022064,0.0348363409949749,0
784.038888888889,-0.15,0.0376531092368143,0.00675448315623957,0.0348362586258231,0
784.041666666667,-0.135,0.0316066484264319,0.00673279313056642,0.0348363294905838,0
784.044444444444,-0.12,0.0228770577527451,0.00674304158519504,0.0348365276408743,0
784.047222222222,-0.11,0.0121620847966389,0.00677990213886938,0.0348368427941188,0
784.05,-0.125,0.000367172098844642,0.00683447188998226,0.0348372704291709,0
784.052777777778,-0.15,-0.0114817003875597,0.00689532190715398,0.0348378096280706,0
784.055555555556,-0.15,-0.0223369786488637,0.00684085322647632,0.034838463483084,0
784.058333333333,-0.145,-0.0312307816178417,0.00680525656365105,0.034839237821251,0
784.061111111111,-0.13,-0.0373686914539489,0.00679948018638185,0.0348401381087418,0
784.063888888889,-0.135,-0.0402070600722894,0.00683172851861167,0.0348411585475543,0
784.066666666667,-0.14,-0.0395063821609231,0.00690655079294705,0.0348422785162148,0
784.069444444444,-0.155,-0.0353555759893484,0.00702431011436365,0.0348434895794864,0
784.072222222222,-0.16,-0.0281647998508836,0.00718108478666047,0.0348447765571679,0
784.075,-0.14,-0.0186274481724182,0.00736901030352269,0.0348461153080821,0
784.077777777778,-0.125,-0.00765492910217395,0.00757702627467764,0.0348474714824748,0
784.080555555556,-0.115,0.00370955813228669,0.0075891771514621,0.0348488008001913,0
784.083333333333,-0.13,0.0143900033422525,0.00738134691132298,0.0348500509535309,0
784.086111111111,-0.145,0.023379842383053,0.0071940583118036,0.0348511668272025,0
784.088888888889,-0.145,0.029837679068905,0.0070388649406116,0.0348520303747308,0
784.091666666667,-0.14,0.0331672685387516,0.00692428071287847,0.0348525823540389,0
784.094444444444,-0.125,0.0330740507600918,0.00685493499918143,0.0348528030720928,0
784.097222222222,-0.11,0.0295927577782874,0.00683111644483045,0.034852693355642,0
784.1,-0.115,0.0230833838286892,0.00684875313754869,0.0348523404447814,0
784.102777777778,-0.13,0.0141958400813227,0.006899833221463,0.0348518961220323,0
784.105555555556,-0.125,0.00380662588645308,0.00697322594147696,0.0348515512407921,0
784.108333333333,-0.12,-0.00706645242761834,0.00700750018163647,0.0348515306776482,0
784.111111111111,-0.11,-0.0173633553759121,0.00692943699640437,0.0348520103842355,0
784.113888888889,-0.09,-0.026085164308616,0.00686885311109411,0.0348528077085503,0
784.116666666667,-0.11,-0.0323917588539433,0.0068365499394464,0.0348537056055812,0
784.119444444444,-0.125,-0.0356843709335048,0.00684003863686194,0.03485446286788,0
784.122222222222,-0.125,-0.0356649870871569,0.00688271712273033,0.034854824226126,0
784.125,-0.13,-0.0323667657995322,0.00696345596576608,0.0348544636392051,0
784.127777777778,-0.11,-0.0261524006079939,0.00707663892180529,0.0348530751302534,0
784.130555555556,-0.11,-0.0176804305144605,0.00721265905014226,0.0348569193299445,0
784.133333333333,-0.115,-0.00784258372527024,0.00735882601159559,0.0348694744338106,0
784.136111111111,-0.12,0.00232195645985538,0.00749417002589019,0.0348914162064712,0
784.138888888889,-0.12,0.0117272235176621,0.00737650728385929,0.0349230569426783,0
784.141666666667,-0.115,0.0193464557872846,0.00728728556040294,0.0349642968013616,0
784.144444444444,-0.1,0.0243132132860297,0.00724261042928348,0.0350145928661082,0
784.147222222222,-0.115,0.0260078441620218,0.00725010981042447,0.0350728955572254,0
784.15,-0.12,0.0241208703621778,0.00731284652639378,0.0351377072286342,0
784.152777777778,-0.145,0.0186870268977107,0.00742890224696394,0.0352071787087057,0
784.155555555556,-0.15,0.0100864671970287,0.00759144326942948,0.0352792114520306,0
784.158333333333,-0.14,-0.000987224098266029,0.00778926796353603,0.0353514787727087,0
784.161111111111,-0.11,-0.0135893874229102,0.00800778831387943,0.0354215307584957,0
784.163888888889,-0.125,-0.0266112590809125,0.00822901797190396,0.0354910108175374,0
784.166666666667,-0.13,-0.0388834038468501,0.00821099869038214,0.0355617375459651,0
784.169444444444,-0.145,-0.0492858242544743,0.00803075150271115,0.0356354031087687,0
784.172222222222,-0.155,-0.0568542556064676,0.00789315744773413,0.0357134546449998,0
784.175,-0.145,-0.0608724497996707,0.00780776524017469,0.0357971196063871,0
784.177777777778,-0.13,-0.0609415232625789,0.00777929237579414,0.0358874363025452,0
784.180555555556,-0.14,-0.0570195792932148,0.00780715938792968,0.0359853777980004,0
784.183333333333,-0.155,-0.0494276143483126,0.00788553154560322,0.0360917496605226,0
784.186111111111,-0.16,-0.0388209181003543,0.00800386787209715,0.0362072027290182,0
784.188888888889,-0.17,-0.0261284750231728,0.00814792741173928,0.0363322491138635,0
784.191666666667,-0.15,-0.0124659561783444,0.00817100100430272,0.0364668340167338,0
784.194444444444,-0.125,0.000969542405860162,0.0080259489019047,0.0366085493686522,0
784.197222222222,-0.135,0.0130130530802772,0.00790542632140388,0.0367546503025124,0
784.2,-0.155,0.0226427553197972,0.00782329014868895,0.0369021739528926,0
784.202777777778,-0.15,0.0290777992488567,0.00778955186166078,0.0370480784402592,0
784.205555555556,-0.165,0.0318534613723485,0.00780942984629441,0.0371893845288966,0
784.208333333333,-0.15,0.030866264623269,0.00788288142133684,0.0373233133511704,0
784.211111111111,-0.135,0.026384522124069,0.00800466446136474,0.0374480292870544,0
784.213888888889,-0.125,0.0190230493541025,0.00816492575194391,0.0375637546800294,0
784.216666666667,-0.135,0.0096842222360128,0.00835025998064848,0.0376708419660733,0
784.219444444444,-0.16,-0.000529188173724672,0.00854513486430303,0.0377698436949857,0
784.222222222222,-0.16,-0.0104212130158798,0.00846306035812409,0.0378615108288682,0
784.225,-0.14,-0.0188197239829487,0.00829591343829619,0.0379467491632707,0
784.227777777778,-0.13,-0.0246920815085626,0.00816200517157521,0.0380266214446759,0
784.230555555556,-0.125,-0.0272481894927462,0.00806921778711603,0.0381023430065445,0
784.233333333333,-0.13,-0.0260208569978217,0.00802047034644877,0.0381752392498285,0
784.236111111111,-0.16,-0.0209154521316635,0.00801338264423536,0.0382467020106074,0
784.238888888889,-0.165,-0.0122237098451017,0.00804051398120553,0.0383183232534223,0
784.241666666667,-0.15,-0.000599956844274451,0.00809016512127935,0.0383917729767072,0
784.244444444444,-0.14,0.0129983763681032,0.00814767296910731,0.0384646464592054,0
784.247222222222,-0.15,0.0274006168102714,0.00819707429967664,0.0385344462875353,0
784.25,-0.14,0.0413347453787045,0.00817117585731969,0.0385989439009138,0
784.252777777778,-0.14,0.0535507541574935,0.00818173187765732,0.0386562685062152,0
784.255555555556,-0.16,0.0629436409831293,0.00823756026055379,0.038704974033184,0
784.258333333333,-0.15,0.0686640860720195,0.00834203302655122,0.0387440723911543,0
784.261111111111,-0.145,0.0702058693621942,0.00849229641987419,0.0387729333642389,0
784.263888888889,-0.135,0.0674611650923009,0.00867912995026192,0.0387913939606783,0
784.266666666667,-0.15,0.0607378085792511,0.00888748927132238,0.038802014731818,0
784.269444444444,-0.175,0.0507361996513857,0.0090977090289706,0.0388141018480774,0
784.272222222222,-0.165,0.038487356585908,0.00928727261056212,0.0388275007227339,0
784.275,-0.165,0.0252574013658924,0.00934834933690787,0.0388420286197583,0
784.277777777778,-0.15,0.0124270819193403,0.00926794352626888,0.0388574855677314,0
784.280555555556,-0.13,0.00135749661767942,0.0092702532885154,0.038873665635784,0
784.283333333333,-0.15,-0.00674527489839082,0.00936653277383432,0.0388903624525961,0
784.286111111111,-0.15,-0.0109535756083932,0.00956032158483111,0.0389073741676771,0
784.288888888889,-0.16,-0.0107174336876655,0.00984657821756347,0.0389245121946377,0
784.291666666667,-0.145,-0.00592956659867415,0.010211646681276,0.038941727383528,0
784.294444444444,-0.12,0.0030509292752902,0.0106341120331894,0.0389592640814445,0
784.297222222222,-0.125,0.0154194666073051,0.0110865145725934,0.0389773252848308,0
784.3,-0.125,0.0299905154234086,0.0115378046372872,0.0389960195873887,0
784.302777777778,-0.145,0.045300712646808,0.0119563387050078,0.0390153018037216,0
784.305555555556,-0.15,0.0597416439246302,0.0121238610057533,0.0390350497074769,0
784.308333333333,-0.14,0.0717103744220425,0.0119322200096535,0.039055194062459,0
784.311111111111,-0.13,0.0797638262723803,0.0117592189908849,0.0390756732549487,0
784.313888888889,-0.14,0.0827623838313316,0.0116885377120249,0.0390964042857255,0
784.316666666667,-0.145,0.0799887474737041,0.011711231036282,0.0391173964828375,0
784.319444444444,-0.165,0.0712300220819932,0.0118060312984098,0.0391386102270223,0
784.322222222222,-0.17,0.0568141640069173,0.0119405064809206,0.0391600428984193,0
784.325,-0.16,0.0375959552756327,0.0120734648465757,0.0391817309696128,0
784.327777777778,-0.145,0.0148922724842261,0.012158481172067,0.039203747336466,0
784.330555555556,-0.13,-0.00962884153186996,0.0121686565315106,0.0392261939984764,0
784.333333333333,-0.14,-0.0340963455161474,0.0123171440977183,0.0392491906070217,0
784.336111111111,-0.145,-0.0566089059845012,0.012637851098273,0.039272859213988,0
784.338888888889,-0.145,-0.0754167629495107,0.0131507138619456,0.0392927050691253,0
784.341666666667,-0.145,-0.0890960342035813,0.0138577295182741,0.0393076266384653,0
784.344444444444,-0.14,-0.0966988851950952,0.0147402048925762,0.0393177958598773,0
784.347222222222,-0.14,-0.0978646528212501,0.015757576054455,0.039324367630955,0
784.35,-0.135,-0.0928800734376734,0.0168480422259172,0.0393293882959632,0
784.352777777778,-0.155,-0.0826809874591345,0.017931120191008,0.0393352980233556,0
784.355555555556,-0.155,-0.0687929258356645,0.0189120702023634,0.039341944008394,0
784.358333333333,-0.13,-0.053213398787407,0.019496698573258,0.0393473277965352,0
784.361111111111,-0.115,-0.0382440331929324,0.0193598362315541,0.0393491942443788,0
784.363888888889,-0.13,-0.0262854690728633,0.0192976521907428,0.0393451460305928,0
784.366666666667,-0.125,-0.0196116949236123,0.0197209321748965,0.039332781336431,0
784.369444444444,-0.135,-0.020142922268203,0.0206863510199036,0.0393098477140096,0
784.372222222222,-0.145,-0.0292369287772167,0.0222199238402576,0.0392744021495883,0
784.375,-0.14,-0.0475179276672684,0.0243118380155137,0.039224964422173,0
784.377777777778,-0.14,-0.0747594851457889,0.0269135079270687,0.039160608769298,0
784.380555555556,-0.135,-0.109833987995418,0.0299372281481765,0.0390810555368214,0
784.383333333333,-0.14,-0.15073597107358,0.0332586237872623,0.0389868880321646,0
784.386111111111,-0.145,-0.194680666045886,0.0367218960147429,0.0388795814708467,0
784.388888888889,-0.135,-0.238272915515702,0.0401476512170017,0.0387616440883406,0
784.391666666667,-0.125,-0.277735628353672,0.0429991355542805,0.038636179652388,0
784.394444444444,-0.11,-0.309181736241931,0.0450654804458172,0.0385065283832277,0
784.397222222222,-0.115,-0.328909595355503,0.0462672755930211,0.0383768091639441,0
784.4,-0.115,-0.333699312837799,0.0465804780542167,0.0382449318187151,0
784.402777777778,-0.13,-0.321086791946249,0.0460921782753788,0.0381079782539131,0
784.405555555556,-0.135,-0.289593463674508,0.0465863709811761,0.0379634566725836,0
784.408333333333,-0.1,-0.238892634377896,0.0480944731210626,0.0378094036195512,0
784.411111111111,-0.075,-0.169897908571533,0.0505551271845139,0.0376444459067519,0
784.413888888889,-0.02,-0.0847648935048289,0.0533325982204809,0.0374678189134276,0
784.416666666667,0.04,0.0131960943986197,0.0562475305208812,0.0372792366914059,0
784.419444444444,0.085,0.119691837775757,0.0591309534524012,0.037078892206109,0
784.422222222222,0.17,0.229691582563314,0.06183719307117,0.0368674144843619,0
784.425,0.3,0.337729328151766,0.064254382257885,0.0366457493388882,0
784.427777777778,0.46,0.438241996643426,0.0663117386024397,0.0364150238284039,0
784.430555555556,0.62,0.525919621808086,0.0679830629922272,0.0361764054123661,0
784.433333333333,0.78,0.596042709641191,0.069286238398127,0.0359309705999668,0
784.436111111111,0.93,0.644782830533575,0.0702788496062593,0.0356824671608713,0
784.438888888889,1.09,0.669445228956505,0.0710503715568632,0.0354363430799575,1
784.441666666667,1.23,0.668636556948331,0.0717116590111801,0.0351957424973165,0
784.444444444444,1.3,0.64234640436014,0.0715128608108742,0.0349608852684156,0
784.447222222222,1.25,0.59193766815418,0.0707159001395476,0.0347322927641869,0
784.45,1.085,0.520047472969503,0.0696930557098107,0.0345107047461407,0
784.452777777778,0.84,0.430406806417445,0.0683714964557649,0.0342969630011065,0
784.455555555556,0.575,0.327592770815783,0.0667139199841353,0.0340918649387855,0
784.458333333333,0.32,0.216731948323184,0.0647237612326047,0.0338961143089578,0
784.461111111111,0.07,0.10317649652926,0.0624467693882761,0.033710178989172,0
784.463888888889,-0.145,-0.00782397296363743,0.0599688295945923,0.0335340885767466,0
784.466666666667,-0.295,-0.111432001928029,0.0574102233735099,0.0333673434028349,0
784.469444444444,-0.33,-0.203492658701684,0.0549168186054895,0.0332088457373239,0
784.472222222222,-0.28,-0.280747458310748,0.0526489317400054,0.0330568793799697,0
784.475,-0.225,-0.340979291234843,0.0507687912794764,0.0329091383823153,0
784.477777777778,-0.17,-0.383081286915929,0.0494276379965296,0.0327616201002889,0
784.480555555556,-0.14,-0.407048340573414,0.0487535163141355,0.0326163299153047,0
784.483333333333,-0.145,-0.413895713656092,0.0487849723195262,0.0324766130192648,0
784.486111111111,-0.185,-0.405514244852822,0.0478838259472307,0.0323458543075292,0
784.488888888889,-0.205,-0.384475904018578,0.0461628127261791,0.0322272821926568,0
784.491666666667,-0.21,-0.353806396579545,0.0437036885763308,0.0321237721406909,0
784.494444444444,-0.205,-0.316743099190101,0.0407103253838042,0.0320369591646596,0
784.497222222222,-0.205,-0.276496715081038,0.0373702453021266,0.0319667648714059,0
784.5,-0.22,-0.236033735189429,0.033877039359025,0.0319122218039909,0
784.502777777778,-0.235,-0.197894244418703,0.0304186606907691,0.0318716369993705,0
784.505555555556,-0.25,-0.16405607924164,0.027166770235655,0.0318427682541822,0
784.508333333333,-0.24,-0.135852149022573,0.024267767840359,0.0318229998369749,0
784.511111111111,-0.24,-0.113943242956951,0.0218359959169625,0.0318095274624667,0
784.513888888889,-0.245,-0.0983442284791881,0.0199494299495748,0.0317995371884737,0
784.516666666667,-0.265,-0.0884975527922616,0.018647983819416,0.0317903711553868,0
784.519444444444,-0.275,-0.0833846831587589,0.0179343720576136,0.0317796704484445,0
784.522222222222,-0.28,-0.0816637869942548,0.0177772990799494,0.0317676953140064,0
784.525,-0.28,-0.0818206947858761,0.0181165989433732,0.0317577318323504,0
784.527777777778,-0.265,-0.0823200475813385,0.0182918051845222,0.031752633963949,0
784.530555555556,-0.26,-0.0817444527422605,0.0179108660975429,0.0317539781364492,0
784.533333333333,-0.265,-0.0789113187734734,0.0170783174972053,0.0317616942509483,0
784.536111111111,-0.28,-0.0729596055404642,0.0159139324113378,0.0317753472617369,0
784.538888888889,-0.285,-0.0634017553978112,0.0145431012486035,0.0317906917884169,0
784.541666666667,-0.285,-0.050139284983307,0.0132081832368043,0.0318052202262395,0
784.544444444444,-0.265,-0.0334436386887193,0.0120088143240255,0.0318191437910234,0
784.547222222222,-0.265,-0.0139066791879134,0.0109909211240782,0.031832630028583,0
784.55,-0.275,0.00763259180724502,0.0101798603539963,0.0318458241633797,0
784.552777777778,-0.305,0.0301769783620641,0.00958121095197001,0.0318588375622719,0
784.555555555556,-0.29,0.0526668735115546,0.00918296659887606,0.0318717407828664,0
784.558333333333,-0.285,0.0740741281003707,0.00895883639163682,0.0318843711038627,0
784.561111111111,-0.26,0.0934860654055943,0.00887230034751965,0.031896670167605,0
784.563888888889,-0.26,0.110173134527562,0.00888103674242582,0.0319086164272076,0
784.566666666667,-0.265,0.123635584324154,0.00893051903514999,0.0319202224218017,0
784.569444444444,-0.275,0.133626691636,0.0089669220047922,0.0319315299929317,0
784.572222222222,-0.275,0.140152289665242,0.00901335428909776,0.0319426026852145,0
784.575,-0.275,0.143448419564529,0.00900905228692303,0.0319533998736917,0
784.577777777778,-0.265,0.143940699954296,0.00893784897264355,0.0319636979027866,0
784.580555555556,-0.265,0.142190342404864,0.00879423387355382,0.0319735902130928,0
784.583333333333,-0.27,0.138832550104723,0.00858286027599131,0.0319832142796879,0
784.586111111111,-0.275,0.134513287726131,0.00831718762615163,0.0319926498967781,0
784.588888888889,-0.27,0.129830119839441,0.00801744693884563,0.0320018733031745,0
784.591666666667,-0.28,0.125282046432581,0.0077081589978968,0.0320108844051398,0
784.594444444444,-0.26,0.121232118194542,0.00741545525162712,0.0320197057175543,0
784.597222222222,-0.255,0.117885218517554,0.00716444937846818,0.0320283803287039,0
784.6,-0.25,0.115281894163449,0.00697688512824847,0.032036967429844,0
784.602777777778,-0.26,0.113307642546666,0.00686924640918188,0.0320455365841941,0
784.605555555556,-0.26,0.111715748266044,0.00685146308127284,0.0320541608936771,0
784.608333333333,-0.26,0.110160709350957,0.00692628571308838,0.0320629101705267,0
784.611111111111,-0.245,0.108238578267018,0.00708934015684949,0.0320717291477505,0
784.613888888889,-0.235,0.105530202361298,0.00732981354003188,0.0320804399734084,0
784.616666666667,-0.24,0.101643385242394,0.00763167192014768,0.0320888765612338,0
784.619444444444,-0.255,0.0962503729733429,0.00797527022104536,0.0320970291997575,0
784.622222222222,-0.255,0.0891177368881515,0.00821847546502606,0.032104908277885,0
784.625,-0.235,0.0801265974389145,0.0083498429408498,0.0321125902293094,0
784.627777777778,-0.225,0.0692821178699826,0.00839451317551889,0.0321202407745082,0
784.630555555556,-0.215,0.0567121971623403,0.008377692960202,0.0321279119110445,0
784.633333333333,-0.225,0.042656219249342,0.00832232605321804,0.032135629101152,0
784.636111111111,-0.245,0.0274454944214606,0.00824718657058678,0.0321433942987026,0
784.638888888889,-0.24,0.011477603089016,0.00816552630993761,0.0321511768386122,0
784.641666666667,-0.235,-0.00481281136327649,0.00808434798633243,0.0321587628237081,0
784.644444444444,-0.205,-0.0209841639758822,0.00802822486345181,0.0321660705250575,0
784.647222222222,-0.19,-0.0366164700951244,0.00800249623148544,0.0321730525803883,0
784.65,-0.19,-0.0513361562760426,0.00799333771597713,0.0321796771604735,0
784.652777777778,-0.2,-0.0648354824175739,0.00798635049027629,0.0321859292645675,0
784.655555555556,-0.2,-0.076885505340219,0.0079679432547431,0.0321918103989536,0
784.658333333333,-0.19,-0.0873421364560193,0.00792657008634203,0.0321973360389092,0
784.661111111111,-0.175,-0.0961454460808914,0.00785372285083789,0.0322023258803422,0
784.663888888889,-0.165,-0.103312895179921,0.00774460325458067,0.0322067465769988,0
784.666666666667,-0.165,-0.108927594363916,0.00759843119296908,0.0322106711085398,0
784.669444444444,-0.175,-0.113122976006417,0.00741837987835786,0.0322142991562643,0
784.672222222222,-0.16,-0.116065409110742,0.00721116130154661,0.0322178135085231,0
784.675,-0.14,-0.117936292352474,0.00698631510163457,0.0322213638717723,0
784.677777777778,-0.14,-0.118915044470637,0.00675527752047727,0.0322250492041317,0
784.680555555556,-0.14,-0.119164197440192,0.00653032303814549,0.0322288788080383,0
784.683333333333,-0.135,-0.118817516386946,0.00632347848890125,0.0322328751564339,0
784.686111111111,-0.14,-0.117971752433349,0.00614550768829123,0.0322369922246576,0
784.688888888889,-0.15,-0.116682310468003,0.00600505437444674,0.0322411281532331,0
784.691666666667,-0.14,-0.114962808929388,0.00590801378731566,0.0322451550342904,0
784.694444444444,-0.13,-0.112788242854131,0.00585718024958845,0.0322489493946743,0
784.697222222222,-0.12,-0.110101247618858,0.00585219183862464,0.032252411294994,0
784.7,-0.125,-0.106820805179427,0.00588976601576911,0.0322555376354715,0
784.702777777778,-0.135,-0.102852637385695,0.00596419427062688,0.0322583628500471,0
784.705555555556,-0.13,-0.0981004877231942,0.00606804160712333,0.0322609563137096,0
784.708333333333,-0.11,-0.0924774962779878,0.00619297983939278,0.0322634259346568,0
784.711111111111,-0.1,-0.0859169142978718,0.00633067346731648,0.0322660057107073,0
784.713888888889,-0.1,-0.0783814761823226,0.00647363405769641,0.0322685529164332,0
784.716666666667,-0.1,-0.069870841208003,0.0066159636281643,0.0322708744750993,0
784.719444444444,-0.12,-0.06042662986318,0.00675391895795027,0.0322727301082067,0
784.722222222222,-0.12,-0.0501347073389705,0.00688624591678335,0.0322738406588501,0
784.725,-0.1,-0.0391245079440551,0.00699034520514391,0.0322737924804001,0
784.727777777778,-0.09,-0.0275653479263033,0.00705938925038857,0.0322732915707951,0
784.730555555556,-0.1,-0.0156598387721864,0.00710281690076714,0.0322827387079535,0
784.733333333333,-0.11,-0.00363468522474419,0.00712847441624232,0.0323034495610625,0
784.736111111111,-0.11,0.00827067377995056,0.00714203908223522,0.0323363518761865,0
784.738888888889,-0.12,0.0198169560329404,0.00714657981739465,0.0323818698978292,0
784.741666666667,-0.105,0.0307786850486876,0.00714228854644059,0.0324398288570605,0
784.744444444444,-0.11,0.0409577069061145,0.00712640978348382,0.0325092351005419,0
784.747222222222,-0.115,0.0501956148259238,0.00709338646658245,0.0325883732374214,0
784.75,-0.145,0.0583841116782119,0.00703522763399139,0.0326748488953049,0
784.752777777778,-0.16,0.0654724019035552,0.0069420884912123,0.0327658152861465,0
784.755555555556,-0.16,0.0714708426888558,0.0068030366797899,0.0328579513861617,0
784.758333333333,-0.16,0.0764502993708117,0.00660696141648332,0.0329521455847743,0
784.761111111111,-0.155,0.0805369341465257,0.00634356621599436,0.0330523158075823,0
784.763888888889,-0.145,0.0839024945622271,0.00600437288039316,0.0331623670447443,0
784.766666666667,-0.175,0.0867505358279195,0.00566576563162515,0.0332854987435988,0
784.769444444444,-0.2,0.0892993796542438,0.0053730130645944,0.0334240888646917,0
784.772222222222,-0.21,0.091762949141639,0.00513819279257155,0.0335797044394426,0
784.775,-0.2,0.0943308905306902,0.0049707033968484,0.0337530903239239,0
784.777777777778,-0.195,0.097149567085587,0.00487656972148321,0.0339442171661326,0
784.780555555556,-0.195,0.10030556266735,0.00485800649648394,0.0341522172659682,0
784.783333333333,-0.21,0.103813246335336,0.00491328436350039,0.0343758546326315,0
784.786111111111,-0.235,0.107607719807697,0.00503691834636376,0.0346135607090825,0
784.788888888889,-0.24,0.111544105107763,0.00522017237354596,0.0348636183392916,0
784.791666666667,-0.225,0.115403651947285,0.00545184666004248,0.0351239360605273,0
784.794444444444,-0.225,0.118906587531584,0.00571928971360723,0.0353898176976092,0
784.797222222222,-0.21,0.121731039870013,0.00600955549003779,0.0356562073858808,0
784.8,-0.215,0.123536790400656,0.006310610598036,0.035917946690063,0
784.802777777778,-0.23,0.123992106192431,0.0066124878859031,0.0361729515516001,0
784.805555555556,-0.24,0.122801517011788,0.00690828217765577,0.0364212039493207,0
784.808333333333,-0.235,0.119732181437928,0.00719489173516425,0.0366622594991701,0
784.811111111111,-0.23,0.114636460172474,0.00747342495245101,0.0368955507987599,0
784.813888888889,-0.23,0.107468499101003,0.00774921496026012,0.0371204419040909,0
784.816666666667,-0.25,0.0982930166818987,0.00803141377403973,0.0373363889208137,0
784.819444444444,-0.245,0.0872850679538875,0.00833217040300397,0.0375431013461732,0
784.822222222222,-0.245,0.0747202807946632,0.00866543162981589,0.0377406888816041,0
784.825,-0.235,0.0609558734341987,0.00904543743533259,0.0379297794276042,0
784.827777777778,-0.22,0.0464035987261055,0.00948501271127302,0.0381115960726539,0
784.830555555556,-0.225,0.0314965475654184,0.00999378055665842,0.0382879845701989,0
784.833333333333,-0.225,0.0166524087866975,0.0105764380046271,0.0384612368014052,0
784.836111111111,-0.23,0.00223626048491056,0.0112312408845067,0.0386341536236851,0
784.838888888889,-0.235,-0.0114737943289935,0.0119488397312602,0.0388055315610159,0
784.841666666667,-0.22,-0.0243148704528534,0.0127115929788586,0.0389709893411157,0
784.844444444444,-0.215,-0.0362584653293821,0.0134934576579884,0.0391266390087783,0
784.847222222222,-0.205,-0.0474181837628206,0.0141784131734223,0.0392692608847609,0
784.85,-0.21,-0.0580444908904609,0.0146784205529661,0.0393964322538845,0
784.852777777778,-0.205,-0.0685059706043201,0.0149378906855643,0.0395066040421737,0
784.855555555556,-0.225,-0.0792576775929801,0.0149058398149622,0.0395991238813459,0
784.858333333333,-0.21,-0.0907982963878401,0.0146395249614559,0.0396742070945181,0
784.861111111111,-0.19,-0.103618867547148,0.0146129382618559,0.0397328245806193,0
784.863888888889,-0.185,-0.118146719575118,0.0148629440262177,0.0397765784627088,0
784.866666666667,-0.17,-0.134688876049752,0.0154163528053862,0.0398077057182931,0
784.869444444444,-0.185,-0.153379528865995,0.0162870786347019,0.0398288232006549,0
784.872222222222,-0.16,-0.17413614169661,0.0174738329613506,0.0398427502417658,0
784.875,-0.145,-0.196628360797418,0.0189585475832505,0.0398523341081765,0
784.877777777778,-0.125,-0.220263179691696,0.0207056841786525,0.0398602874561314,0
784.880555555556,-0.11,-0.244188774402694,0.0226625409117035,0.0398690498179409,0
784.883333333333,-0.1,-0.267318165889232,0.0247606096832211,0.0398777697576563,0
784.886111111111,-0.1,-0.288372465017459,0.0269179741427135,0.0398835003056326,0
784.888888888889,-0.095,-0.30594201459809,0.0290426724419458,0.0398838535490366,0
784.891666666667,-0.06,-0.318562369708892,0.0310368840797613,0.0398788057452683,0
784.894444444444,-0.015,-0.324800855532901,0.0328017413162135,0.0398745091143986,0
784.897222222222,0.035,-0.323348503865479,0.0342425165613762,0.0398709440832878,0
784.9,0.09,-0.313111569425868,0.0352739014224947,0.0398680456633731,0
784.902777777778,0.135,-0.293296615100152,0.0358250735363429,0.039865715397864,0
784.905555555556,0.19,-0.2634833531438,0.0358442457891133,0.0398638344193394,0
784.908333333333,0.26,-0.223680029385552,0.0353024098029864,0.0398622765355846,0
784.911111111111,0.345,-0.174357102752054,0.0351197878328415,0.0398609194238691,0
784.913888888889,0.44,-0.116456239938235,0.0353358916482607,0.039859653715515,0
784.916666666667,0.51,-0.0513731303697912,0.0359232309013099,0.0398583799287877,0
784.919444444444,0.565,0.0190857697025937,0.036846915505583,0.0398568471334357,0
784.922222222222,0.65,0.0927708402004633,0.0380672260629472,0.0398548910968447,0
784.925,0.755,0.167278004402273,0.0395421290134356,0.0398525272024893,0
784.927777777778,0.855,0.240053973513448,0.0412295638387086,0.0398498018739108,0
784.930555555556,0.94,0.308512418137736,0.0430893586137375,0.0398467834347863,0
784.933333333333,1,0.37015475770871,0.04508466823573,0.0398435522004356,0
784.936111111111,1.05,0.422688946807087,0.0471828733884267,0.0398401894028935,0
784.938888888889,1.105,0.464139726574384,0.0492557619237416,0.0398367667447076,0
784.941666666667,1.13,0.492944289035292,0.050773998483173,0.0398333375402076,0
784.944444444444,1.14,0.508028136393602,0.0516629417304219,0.0398298347614949,0
784.947222222222,1.12,0.508857049270557,0.0518764252296295,0.0398261465031779,0
784.95,1.105,0.495462433588517,0.0513993386796435,0.0398222927708611,0
784.952777777778,1.08,0.468438810110747,0.0502486119239952,0.0398182936962677,0
784.955555555556,1.045,0.42891375267151,0.0484725339544265,0.0398141686058873,0
784.958333333333,1,0.378492080253313,0.0463081441848578,0.0398099345993904,0
784.961111111111,0.955,0.319177479378753,0.0442185025408945,0.0398056067873286,0
784.963888888889,0.85,0.253275902328053,0.0422292762374851,0.0398011957396633,0
784.966666666667,0.73,0.183285993266906,0.0403698077013153,0.0397965709008582,0
784.969444444444,0.64,0.111782395210439,0.0386727230234443,0.0397916016458988,0
784.972222222222,0.535,0.0412980610618541,0.0371730949978258,0.0397863489770958,0
784.975,0.43,-0.0257883741903604,0.035907199664703,0.0397806529660385,0
784.977777777778,0.34,-0.0873544933819131,0.0349109340053651,0.0397744865596453,0
784.980555555556,0.265,-0.141620288045036,0.0342179865269051,0.0397679016635177,0
784.983333333333,0.21,-0.187214596540969,0.033857870810593,0.0397609488803418,0
784.986111111111,0.155,-0.223218879974341,0.0338539439205925,0.0397536758808897,0
784.988888888889,0.145,-0.249186693782996,0.0342215364729906,0.0397461257531197,0
784.991666666667,0.145,-0.265138544502692,0.0340425524538685,0.0397383369359999,0
784.994444444444,0.14,-0.27153314619902,0.0332955559452442,0.0397303426219546,0
784.997222222222,0.115,-0.269217339948069,0.0320412691385752,0.0397221793303086,0
785,0.075,-0.259358047550618,0.0303612597173809,0.0397138870971348,0
785.002777777778,0.06,-0.243360539851622,0.0283528228638687,0.0397053201292674,0
785.005555555556,0.095,-0.222777963198737,0.0261232142288015,0.0396964327903737,0
785.008333333333,0.155,-0.199217449745819,0.0237835864058599,0.0396872087761552,0
785.011111111111,0.21,-0.17424821786447,0.0214429889099528,0.0396776590119769,0
785.013888888889,0.24,-0.149316842954056,0.0192027766924348,0.0396678153237317,0
785.016666666667,0.2,-0.125674357976479,0.0171517362065662,0.03965772236327,0
785.019444444444,0.075,-0.10431905508452,0.0153621836902023,0.0396474287977539,0
785.022222222222,-0.12,-0.085957848396664,0.0138872215467831,0.039636978010049,0
785.025,-0.295,-0.0709878808483699,0.0127592602560713,0.0396263989535558,0
785.027777777778,-0.415,-0.059498783951868,0.0119898304661695,0.0396156358803708,0
785.030555555556,-0.47,-0.0512947048243699,0.0115706283316661,0.0396046121113667,0
785.033333333333,-0.495,-0.0459339800967061,0.0114756621050301,0.0395934004262186,0
785.036111111111,-0.515,-0.0427832400508698,0.0116643042453608,0.0395820616457445,0
785.038888888889,-0.525,-0.0410818408473061,0.0119252940194172,0.0395706371805094,0
785.041666666667,-0.54,-0.0400119087245999,0.0118397293053275,0.0395591422046281,0
785.044444444444,-0.57,-0.0387689820908495,0.0114435310259758,0.0395475633433637,0
785.047222222222,-0.59,-0.0366282798950089,0.0107842209137909,0.0395359946870759,0
785.05,-0.605,-0.0330020092198483,0.0100255346769443,0.0395245057115222,0
785.052777777778,-0.63,-0.0274838293792834,0.00931496752415667,0.0395131342597522,0
785.055555555556,-0.655,-0.0198775682172584,0.00868900524082552,0.039501882932415,0
785.058333333333,-0.67,-0.0102084720002587,0.00817269033156596,0.0394905798608931,0
785.061111111111,-0.66,0.0012834205037065,0.00777921945974499,0.0394789623485039,0
785.063888888889,-0.65,0.0141668515689978,0.00751039889442088,0.039467040321584,0
785.066666666667,-0.66,0.0278576710952167,0.00735785868933601,0.03945488325382,0
785.069444444444,-0.68,0.0416686230032737,0.00730487838913522,0.0394425579923263,0
785.072222222222,-0.7,0.0548664531505258,0.00732864244789796,0.0394301258339484,0
785.075,-0.69,0.0667316769164434,0.00740272424262395,0.0394176421678245,0
785.077777777778,-0.69,0.0766161866150293,0.00749959433990918,0.0394051565417311,0
785.080555555556,-0.71,0.0839941023038794,0.00759296105306544,0.0393927140213148,0
785.083333333333,-0.705,0.0885018599016748,0.00765977765865187,0.0393801946204323,0
785.086111111111,-0.735,0.0899644433011993,0.00768178825763242,0.0393675609947494,0
785.088888888889,-0.74,0.0884058307168335,0.00764652971642452,0.0393547714386316,0
785.091666666667,-0.73,0.0840430462663248,0.00754775646546433,0.0393417739657723,0
785.094444444444,-0.72,0.0772645775725146,0.00738530406019391,0.0393290820827677,0
785.097222222222,-0.71,0.068595224963465,0.00716445238003861,0.0393233688718704,0
785.1,-0.725,0.0586505773543145,0.0068948866912337,0.0393260436037404,0
785.102777777778,-0.745,0.0480851670608571,0.00658938181057477,0.0393383430942,0
785.105555555556,-0.765,0.0375388654600243,0.00626234950714798,0.0393612273255184,0
785.108333333333,-0.765,0.0275861972693453,0.00592839136237374,0.0393952837096908,0
785.111111111111,-0.765,0.0186929604377277,0.00560098896647259,0.0394405016826258,0
785.113888888889,-0.785,0.0111838636630102,0.00529144198809512,0.0394961848176541,0
785.116666666667,-0.79,0.00522389079590217,0.00500813462815386,0.0395617364367839,0
785.119444444444,-0.81,0.000814856910807028,0.00475617524348881,0.0396363537458998,0
785.122222222222,-0.82,-0.00219275677390568,0.00453741588411558,0.0397139557460695,0
785.125,-0.8,-0.00407399077809193,0.00441313032295558,0.0397894992548685,0
785.127777777778,-0.8,-0.00519219527890359,0.00446995708797659,0.0398579423150771,0
785.130555555556,-0.825,-0.00595404167621857,0.00460339187606535,0.0399141559276672,0
785.133333333333,-0.86,-0.00676110176394118,0.00471762951572976,0.0399558582570249,0
785.136111111111,-0.87,-0.00796266420146273,0.00481721701447647,0.0399844032048242,0
785.138888888889,-0.86,-0.00981435544311984,0.00490536449192297,0.0400017508083019,0
785.141666666667,-0.86,-0.0124466064079762,0.00498332972089099,0.0400104771283482,0
785.144444444444,-0.825,-0.0158461006738906,0.00505007363734871,0.0400152781389497,0
785.147222222222,-0.83,-0.0198521340016565,0.00510222267623199,0.040021452606954,0
785.15,-0.835,-0.0241684164285802,0.00513434147887196,0.0400342691420676,0
785.152777777778,-0.855,-0.0283893842028856,0.00513948733706061,0.0400586868904274,0
785.155555555556,-0.855,-0.0320386945305067,0.00510998874986464,0.0400988588024165,0
785.158333333333,-0.85,-0.0346163820738062,0.00503836739766446,0.0401506107837526,0
785.161111111111,-0.825,-0.0356502763408324,0.00491830782674394,0.0402092728177009,0
785.163888888889,-0.82,-0.0347468000166768,0.00488362046402458,0.0402681770407936,0
785.166666666667,-0.815,-0.0316362404315431,0.00498068110396045,0.0403226329633092,0
785.169444444444,-0.83,-0.0262080189926032,0.00518244670189809,0.0403683180032633,0
785.172222222222,-0.825,-0.0185323429918268,0.00545527342726217,0.0404014038827787,0
785.175,-0.81,-0.0088658368343618,0.0057623477768024,0.0404186413928612,0
785.177777777778,-0.78,0.00235979262063617,0.00606736306308179,0.0404174047243078,0
785.180555555556,-0.78,0.0145654318698592,0.00633809687448648,0.0403982439937803,0
785.183333333333,-0.77,0.0270664157405904,0.00654955234245512,0.0403635387440544,0
785.186111111111,-0.77,0.0391250394690386,0.00668636482068761,0.0403154926941283,0
785.188888888889,-0.755,0.0500091529362767,0.00674424266505164,0.0402559853670224,0
785.191666666667,-0.745,0.0590516196553652,0.00673030029174706,0.0401864751869521,0
785.194444444444,-0.725,0.0657052574013995,0.00666224548871711,0.0401079580559801,0
785.197222222222,-0.705,0.0695882110547024,0.00656649150235016,0.0400248526075671,0
785.2,-0.68,0.0705155173831023,0.00647984387932577,0.0399405667454295,0
785.202777777778,-0.675,0.0685138372172511,0.00646021886285453,0.0398570630094107,0
785.205555555556,-0.66,0.0638178446549246,0.00643889197690362,0.0397768782483212,0
785.208333333333,-0.625,0.0568484378139213,0.00634730726860808,0.0397029868604049,0
785.211111111111,-0.6,0.0481746163810479,0.00621785334665247,0.0396386142187656,0
785.213888888889,-0.57,0.0384624001566586,0.00606492909679101,0.0395843778594848,0
785.216666666667,-0.56,0.0284153944170348,0.00590342362135604,0.0395375644231598,0
785.219444444444,-0.56,0.0187124226446419,0.0057475355241008,0.0394952142936936,0
785.222222222222,-0.555,0.00994796310869476,0.00560969079152202,0.0394541603150617,0
785.225,-0.505,0.00258090697403807,0.00549965336745334,0.0394112870085182,0
785.227777777778,-0.48,-0.00310358384028443,0.00542390354915384,0.0393629958043791,0
785.230555555556,-0.47,-0.00701553744137557,0.00538533341799411,0.0393058720871003,0
785.233333333333,-0.465,-0.00926291592781244,0.00538327812709829,0.0392366586892329,0
785.236111111111,-0.46,-0.010135360650792,0.00541386990362406,0.0391526020952405,0
785.238888888889,-0.455,-0.0100704541751999,0.00547067114253036,0.0390588418926458,0
785.241666666667,-0.43,-0.0096056853858397,0.00554551689433638,0.0389605375716152,0
785.244444444444,-0.395,-0.00932068875426048,0.00549143098078334,0.0388628930816142,0
785.247222222222,-0.39,-0.00977529179882384,0.00540706403088449,0.0387704863020928,0
785.25,-0.405,-0.0114493495010508,0.00532987472574196,0.038687206533088,0
785.252777777778,-0.415,-0.014690222255845,0.00526558453883129,0.0386160984707854,0
785.255555555556,-0.41,-0.0196730696256958,0.00521755813507921,0.0385592678681051,0
785.258333333333,-0.385,-0.026377944260292,0.00518659758056347,0.0385178508404522,0
785.261111111111,-0.375,-0.0345860862647303,0.00517104250287675,0.0384895002787909,0
785.263888888889,-0.375,-0.0438959848374697,0.0051671614283697,0.0384697952659735,0
785.266666666667,-0.39,-0.0537578638352325,0.00516978908277932,0.0384543317241967,0
785.269444444444,-0.375,-0.0635234434988385,0.00517313843886494,0.038439795330668,0
785.272222222222,-0.37,-0.0725063067819479,0.00517169736617677,0.0384294148029446,0
785.275,-0.345,-0.0800471060472299,0.00516110985329374,0.0384207107627739,0
785.277777777778,-0.335,-0.0855772956288154,0.00513894203196733,0.038411429557204,0
785.280555555556,-0.325,-0.0886751287595898,0.00517264031668244,0.0384022210742041,0
785.283333333333,-0.34,-0.0891083174324028,0.0052150477780836,0.0383954554504763,0
785.286111111111,-0.36,-0.0868589664171427,0.00526059981022639,0.0383930252425447,0
785.288888888889,-0.345,-0.0821280494252729,0.00526999026464756,0.0383962884434055,0
785.291666666667,-0.325,-0.0753186434128088,0.00524374631940461,0.0384029344253917,0
785.294444444444,-0.31,-0.06699919289723,0.00524252451737566,0.0384088643392153,0
785.297222222222,-0.335,-0.0578500432385627,0.00527662320931487,0.038414020309781,0
785.3,-0.345,-0.0485981687190846,0.00535499833325425,0.0384184240927318,0
785.302777777778,-0.35,-0.0399462603438419,0.00548420298622943,0.0384221699466318,0
785.305555555556,-0.34,-0.0325030022313062,0.00566749560282122,0.0384254462052026,0
785.308333333333,-0.335,-0.0267213800905008,0.00590421590917024,0.0384284174670824,0
785.311111111111,-0.325,-0.0228512175973667,0.00618950465909045,0.0384313005406033,0
785.313888888889,-0.32,-0.0209108769845376,0.00651441164858934,0.0384343005641221,0
785.316666666667,-0.31,-0.0206812990800239,0.00686639953037229,0.0384374920787383,0
785.319444444444,-0.325,-0.0217234558123541,0.00723021200703063,0.0384409035553116,0
785.322222222222,-0.335,-0.023418040982348,0.00758903785316888,0.0384445194374686,0
785.325,-0.315,-0.0250240465460681,0.00792587061005663,0.038448335407039,0
785.327777777778,-0.3,-0.0257509727688452,0.00806981332437344,0.0384522948585129,0
785.330555555556,-0.3,-0.0248379894786638,0.00799168963527645,0.0384563211397284,0
785.333333333333,-0.31,-0.0216325489827091,0.00780384533676485,0.0384603296088148,0
785.336111111111,-0.33,-0.0156608395466211,0.0076810365990838,0.0384642376349615,0
785.338888888889,-0.33,-0.00668308631778308,0.00762289722613731,0.0384679727344033,0
785.341666666667,-0.3,0.00527199062293573,0.00762396986202308,0.0384714787737532,0
785.344444444444,-0.29,0.019897375076837,0.00767419140331598,0.0384747218683183,0
785.347222222222,-0.28,0.0366241429587211,0.00775982362205798,0.0384776939096435,0
785.35,-0.3,0.0546630963700132,0.00786475340480448,0.0384804125282879,0
785.352777777778,-0.315,0.0730682623485906,0.00797204911160895,0.0384829768073096,0
785.355555555556,-0.315,0.090816710185578,0.0080656314496418,0.0384855372411689,0
785.358333333333,-0.285,0.106897461590255,0.00813190196268924,0.0384882215910332,0
785.361111111111,-0.255,0.120401244259039,0.00810263228798398,0.0384911274114325,0
785.363888888889,-0.265,0.130602582881597,0.00811505718992908,0.0384943236886909,0
785.366666666667,-0.265,0.137026272612044,0.00816824608474166,0.0384978517662781,0
785.369444444444,-0.275,0.139491602620101,0.0082555450100422,0.0385017264478973,0
785.372222222222,-0.28,0.138129681264474,0.00830206723970735,0.0385059807380787,0
785.375,-0.27,0.133371684141645,0.00819646592370892,0.0385105905525374,0
785.377777777778,-0.255,0.125908576298426,0.00809410023385318,0.0385155212984738,0
785.380555555556,-0.26,0.116625595338261,0.00802502927907381,0.0385207536239631,0
785.383333333333,-0.27,0.106517262265524,0.00800867348688903,0.0385262801664559,0
785.386111111111,-0.28,0.0965906698094704,0.00806180319410265,0.0385321024628694,0
785.388888888889,-0.285,0.0877660839690166,0.00819687433292164,0.0385382272413646,0
785.391666666667,-0.275,0.0807843459785528,0.00842074292360284,0.0385446167725795,0
785.394444444444,-0.275,0.076130117562771,0.00873389567765783,0.0385511814476971,0
785.397222222222,-0.28,0.0739786947798815,0.00913028710379104,0.0385579506845117,0
785.4,-0.295,0.0741720309457593,0.00959781586314975,0.0385649601560082,0
785.402777777778,-0.29,0.0762269382721609,0.010119409935644,0.0385722320903509,0
785.405555555556,-0.29,0.0793754217854461,0.010674627374831,0.0385797740020775,0
785.408333333333,-0.275,0.0826340168419386,0.0112416231948112,0.0385875828604496,0
785.411111111111,-0.255,0.0848961447924095,0.01179928903294,0.0385956463232437,0
785.413888888889,-0.265,0.0850391471244098,0.0122354199118082,0.0386039431799419,0
785.416666666667,-0.265,0.0820360426941384,0.0123960978758908,0.0386124468508769,0
785.419444444444,-0.295,0.0750613471539021,0.0123213276350111,0.0386211295933978,0
785.422222222222,-0.295,0.0635805881865418,0.0120711753623367,0.0386299672309626,0
785.425,-0.265,0.0474144422234456,0.0117254072691039,0.0386389418662534,0
785.427777777778,-0.26,0.0267706113158107,0.0114126663957237,0.0386480439255208,0
785.430555555556,-0.24,0.00223946877476376,0.011117703310551,0.0386572732770076,0
785.433333333333,-0.24,-0.0252471270714081,0.0109302976116312,0.0386666389672929,0
785.436111111111,-0.25,-0.0544909262662588,0.0109183165258287,0.0386761593491802,0
785.438888888889,-0.245,-0.0841300116923387,0.0111055042324884,0.0386858602361705,0
785.441666666667,-0.23,-0.112760022463455,0.0114722725382278,0.0386957240415452,0
785.444444444444,-0.195,-0.139062666822437,0.0118654128850359,0.0387057499682029,0
785.447222222222,-0.175,-0.161929235332311,0.0122688631062484,0.0387159552453311,0
785.45,-0.18,-0.180566874646101,0.0126545692706072,0.0387263700077991,0
785.452777777778,-0.185,-0.194576591488909,0.0129828971583009,0.0387370309296457,0
785.455555555556,-0.16,-0.203994249570132,0.013204318536966,0.0387479443267014,0
785.458333333333,-0.135,-0.209289020427839,0.0131462745825506,0.0387590874959629,0
785.461111111111,-0.1,-0.211317585480446,0.01331093141367,0.0387704288504254,0
785.463888888889,-0.07,-0.211236527111459,0.013755475957871,0.0387819314339525,0
785.466666666667,-0.065,-0.210379419983432,0.0145294131635554,0.0387935506814223,0
785.469444444444,-0.06,-0.210108763612987,0.015668885478051,0.0388052369751775,0
785.472222222222,-0.04,-0.211655736334778,0.0171913285258467,0.0388169841013696,0
785.475,-0.005,-0.215962513262288,0.019090947347075,0.0388288556582197,0
785.477777777778,0.03,-0.223542379538307,0.0213354711120761,0.0388409031682799,0
785.480555555556,0.065,-0.234371996570629,0.0238645779931894,0.0388531009688928,0
785.483333333333,0.08,-0.247827973954465,0.0265902789993696,0.0388654242820048,0
785.486111111111,0.105,-0.262676513882913,0.0293994164033535,0.0388778480804569,0
785.488888888889,0.125,-0.277120587705809,0.0321582780530918,0.0388903421270044,0
785.491666666667,0.145,-0.288904224399398,0.0347191646542305,0.0389028705321528,0
785.494444444444,0.17,-0.295468446712685,0.0369285856489888,0.0389153921806647,0
785.497222222222,0.18,-0.29414861696046,0.0386366135454947,0.0389278604758576,0
785.5,0.18,-0.28239887331776,0.0397068087148073,0.0389402251821353,0
785.502777777778,0.21,-0.258026322568572,0.0400260472982646,0.038952433382166,0
785.505555555556,0.275,-0.219415997640627,0.0405385427351339,0.0389644315709623,0
785.508333333333,0.365,-0.165727469612621,0.0419236522395347,0.0389761669796831,0
785.511111111111,0.46,-0.0970454786854983,0.0441769000243653,0.0389875789595991,0
785.513888888889,0.54,-0.0144699370237048,0.0471388955253918,0.038998552007673,0
785.516666666667,0.605,0.0798650513561776,0.0506251168406367,0.0390089140635619,0
785.519444444444,0.665,0.182848236334543,0.0544542301596332,0.0390185631587742,0
785.522222222222,0.735,0.290523576284885,0.0584429774282603,0.0390274994667754,0
785.525,0.83,0.398291205359401,0.0624194051531318,0.039035735667931,0
785.527777777778,0.915,0.501164761711684,0.0662346916577019,0.0390432913553642,0
785.530555555556,0.975,0.594068112458497,0.0697726223980037,0.0390501929096891,0
785.533333333333,1.05,0.672151038149294,0.0729559694953516,0.0390564710066976,0
785.536111111111,1.16,0.731101505229189,0.0757493006201688,0.0390621889789812,0
785.538888888889,1.305,0.767431935996963,0.0780670278608676,0.0390674062894723,0
785.541666666667,1.485,0.77871841996983,0.0793226602297093,0.0390721193365552,1
785.544444444444,1.59,0.763774993931634,0.0794354764672573,0.0390763192303142,0
785.547222222222,1.635,0.722749711175982,0.0783833036108359,0.0390799973415719,0
785.55,1.565,0.657134869045449,0.0768593747117639,0.0390831469889513,0
785.552777777778,1.37,0.569690026793891,0.075330464655178,0.03908576548451,0
785.555555555556,1.125,0.46428283172428,0.0737209176830931,0.0390878500749438,0
785.558333333333,0.885,0.34565867919736,0.0719806868633422,0.039089403779068,0
785.561111111111,0.64,0.219155391374853,0.0700924091766286,0.0390905091472926,0
785.563888888889,0.36,0.0903830099697438,0.0680753134936103,0.0390912592165401,0
785.566666666667,0.09,-0.0351088385912375,0.0659856019140872,0.0390917196344092,0
785.569444444444,-0.11,-0.152152903882885,0.0639132533053879,0.0390919129805803,0
785.572222222222,-0.205,-0.256253606399563,0.0619755094134754,0.039091869553076,0
785.575,-0.225,-0.343824431332549,0.0603075918415139,0.0390916287236705,0
785.577777777778,-0.22,-0.41235835106504,0.0590514379196307,0.0390912389969195,0
785.580555555556,-0.28,-0.460521433404149,0.0583434147691478,0.0390907555806345,0
785.583333333333,-0.315,-0.48816565504223,0.0583020594751211,0.0390902376983345,0
785.586111111111,-0.36,-0.496262967133954,0.0579863111131158,0.0390897435435196,0
785.588888888889,-0.39,-0.486768377179036,0.0566793482923119,0.0390893189816499,0
785.591666666667,-0.39,-0.462424777892906,0.054490919509586,0.0390889099011366,0
785.594444444444,-0.385,-0.426526098421575,0.0515706815901097,0.0390885000584443,0
785.597222222222,-0.4,-0.382657803814469,0.048097884384707,0.0390881163162601,0
785.6,-0.435,-0.334434671750796,0.0442697525846161,0.0390877063253455,0
785.602777777778,-0.46,-0.285255106607985,0.0402893535548439,0.0390871587200085,0
785.605555555556,-0.475,-0.23808911333964,0.0363537438844418,0.0390863264889183,0
785.608333333333,-0.475,-0.195313666639637,0.0326431365548479,0.0390850292297575,0
785.611111111111,-0.485,-0.158604888758285,0.0293117306103877,0.0390831326564011,0
785.613888888889,-0.49,-0.128891572654373,0.0264807047780977,0.0390808561757705,0
785.616666666667,-0.5,-0.106369569309089,0.0242337071002416,0.0390784477360142,0
785.619444444444,-0.51,-0.0905718099053192,0.0226149875220614,0.0390762013862105,0
785.622222222222,-0.525,-0.0804846294592273,0.0216301334234539,0.0390744765839496,0
785.625,-0.515,-0.0746979059191843,0.0212491928289013,0.0390735117429915,0
785.627777777778,-0.51,-0.071574544966847,0.0214118186310556,0.0390735089847787,0
785.630555555556,-0.505,-0.0694241375353653,0.0213791502236549,0.0390682153718219,0
785.633333333333,-0.52,-0.0666661949486195,0.0206817983061631,0.0390541703238193,0
785.636111111111,-0.555,-0.0619701188356873,0.0194490334661498,0.039030720202131,0
785.638888888889,-0.545,-0.0543617885114041,0.0180733393435796,0.0389975797927047,0
785.641666666667,-0.55,-0.0432900725522898,0.0166561031492852,0.0389548783449433,0
785.644444444444,-0.525,-0.0286503715888408,0.0152858353515092,0.0389031876056671,0
785.647222222222,-0.535,-0.0107661355860823,0.014033713855365,0.0388435582721758,0
785.65,-0.55,0.00966715731621832,0.0129508088649894,0.0387775110261981,0
785.652777777778,-0.575,0.0316681106964886,0.0120670416561768,0.0387069368173523,0
785.655555555556,-0.58,0.0540760029716461,0.0113917977376832,0.0386339823828969,0
785.658333333333,-0.58,0.0756670549369113,0.0109159971065083,0.0385609920878488,0
785.661111111111,-0.58,0.0952693684164023,0.010615329671993,0.0384904380957355,0
785.663888888889,-0.585,0.11186631281246,0.0104542983596996,0.0384207037733482,0
785.666666666667,-0.61,0.124679773166657,0.010390679232206,0.0383500001749881,0
785.669444444444,-0.635,0.133226979306957,0.0103800077666318,0.0382766642775142,0
785.672222222222,-0.64,0.137347372985824,0.0103797311461524,0.038199208494206,0
785.675,-0.635,0.137198873874878,0.0103527236419829,0.0381163171839278,0
785.677777777778,-0.63,0.133225708822308,0.0102699395921497,0.0380268558036326,0
785.680555555556,-0.64,0.126102426393174,0.0101120685572569,0.0379298716358531,0
785.683333333333,-0.665,0.116660627385867,0.00987015178809801,0.0378245865107302,0
785.686111111111,-0.68,0.105806157505704,0.00954521011083363,0.0377103835293323,0
785.688888888889,-0.71,0.094434955526591,0.00914701341199277,0.0375867904853399,0
785.691666666667,-0.7,0.0833554267008059,0.00869218509396949,0.0374539069162105,0
785.694444444444,-0.7,0.073224184233209,0.00820187692315482,0.0373141885846431,0
785.697222222222,-0.715,0.0645003991919972,0.00769926836781125,0.0371704286292842,0
785.7,-0.72,0.0574219953891713,0.00720713967649125,0.0370256318797072,0
785.702777777778,-0.755,0.0520047229995855,0.00674574143776004,0.0368828759935787,0
785.705555555556,-0.745,0.048062954156859,0.00633113879282112,0.0367452757563557,0
785.708333333333,-0.745,0.0452490657061712,0.00597415080628423,0.0366156076472912,0
785.711111111111,-0.745,0.043106680268594,0.0056799405698434,0.0364955797540358,0
785.713888888889,-0.74,0.0411319553027641,0.00562747047299925,0.0363848401931306,0
785.716666666667,-0.76,0.0388366166349938,0.0058015392533062,0.0362829230430046,0
785.719444444444,-0.79,0.0358065463226032,0.00592625241597074,0.0361892340434017,0
785.722222222222,-0.8,0.0317504166690954,0.00601173063333636,0.0361030378952868,0
785.725,-0.81,0.0265340243463134,0.00606830624404333,0.0360234491498116,0
785.727777777778,-0.78,0.0201974926099398,0.00610495932419614,0.0359494298998126,0
785.730555555556,-0.78,0.0129542209303143,0.00612799429795529,0.0358797907407616,0
785.733333333333,-0.795,0.00517220450366926,0.00614009243578818,0.0358131994747165,0
785.736111111111,-0.81,-0.00266003966652476,0.00613983298371853,0.0357481997022003,0
785.738888888889,-0.81,-0.00997935958350978,0.00612172549320178,0.0356831852445438,0
785.741666666667,-0.815,-0.0162011241397956,0.00607674305325264,0.0356164806182806,0
785.744444444444,-0.78,-0.0207745918326244,0.00599329553573897,0.0355504917452732,0
785.747222222222,-0.785,-0.0232354005772521,0.00585853828366943,0.0354877228326505,0
785.75,-0.79,-0.0232505098607674,0.00586313649530756,0.0354304204597246,0
785.752777777778,-0.8,-0.0206517489903804,0.00598873980399119,0.0353805607543576,0
785.755555555556,-0.79,-0.0154552552505328,0.00620816387544853,0.0353397100351372,0
785.758333333333,-0.77,-0.00786540848069178,0.00649090905641591,0.0353088613565919,0
785.761111111111,-0.75,0.00173674225204573,0.00680643303672457,0.0352884822579264,0
785.763888888889,-0.735,0.0128192339698552,0.00712721554033672,0.0352785479420864,0
785.766666666667,-0.725,0.0247366431744495,0.0074313558934622,0.0352763994968653,0
785.769444444444,-0.735,0.0367758593925775,0.00770449889873662,0.0352727156601894,0
785.772222222222,-0.69,0.0482062342155166,0.00794095300057673,0.0352676503108272,0
785.775,-0.685,0.0583299525730938,0.00814394031324749,0.0352613995895455,0
785.777777777778,-0.665,0.0665286203893198,0.00832499366270781,0.0352541894500415,0
785.780555555556,-0.655,0.0723025334336205,0.0085025848970259,0.0352462621491305,0
785.783333333333,-0.64,0.0752998278153098,0.00870012600313481,0.0352378632267268,0
785.786111111111,-0.62,0.0753336363480198,0.00894352621206236,0.0352292303102058,0
785.788888888889,-0.61,0.0723863997598263,0.00925851221059591,0.0352207111206598,0
785.791666666667,-0.575,0.0666015183704237,0.00966792451233048,0.0352124963152024,0
785.794444444444,-0.545,0.0582634953323312,0.0100099674226804,0.0352043000225068,0
785.797222222222,-0.525,0.0477685464165069,0.0102945606324522,0.0351958570480533,0
785.8,-0.51,0.0355882806751651,0.0105363971190817,0.0351869359032853,0
785.802777777778,-0.52,0.0222294584169047,0.0107520317732185,0.0351774278945619,0
785.805555555556,-0.51,0.00819299585348389,0.0109576903527182,0.0351673377911072,0
785.808333333333,-0.475,-0.00606468303584792,0.0111669424030427,0.0351567034688713,0
785.811111111111,-0.445,-0.0201651236688366,0.0113884469607424,0.0351455892488842,0
785.813888888889,-0.43,-0.0338337721629335,0.0116239865308617,0.0351340784853909,0
785.816666666667,-0.41,-0.0469165634674769,0.0118669938429326,0.035122307640349,0
785.819444444444,-0.415,-0.0593860291796864,0.0121017474222028,0.0351104555976042,0
785.822222222222,-0.41,-0.0713364858131309,0.0123033676115239,0.0350985655558971,0
785.825,-0.38,-0.0829685595648585,0.0124386871770098,0.0350866567137546,0
785.827777777778,-0.36,-0.0945639622669591,0.0124680039599976,0.0350747244832379,0
785.830555555556,-0.35,-0.106452028300777,0.012588355954359,0.0350627430141191,0
785.833333333333,-0.345,-0.118970033571313,0.0129027508476316,0.035050669628832,0
785.836111111111,-0.36,-0.13241973039454,0.013452528320224,0.0350384484185561,0
785.838888888889,-0.335,-0.147022835276637,0.0142720145092926,0.0350261263219912,0
785.841666666667,-0.295,-0.162878390979343,0.0153845933969846,0.0350137829137035,0
785.844444444444,-0.26,-0.179924981502643,0.0167991330712938,0.0350015004509955,0
785.847222222222,-0.235,-0.197910700166649,0.0185070670524956,0.0349892529499342,0
785.85,-0.215,-0.216373548558066,0.0204804044141679,0.0349769705451908,0
785.852777777778,-0.205,-0.234634570914466,0.0226708945385183,0.0349645779034028,0
785.855555555556,-0.165,-0.251805501322099,0.0250105054496476,0.034951998418227,0
785.858333333333,-0.12,-0.266812022937161,0.0274132926349327,0.0349391580231993,0
785.861111111111,-0.085,-0.278432921471774,0.0297786431911155,0.0349259894276258,0
785.863888888889,-0.055,-0.285354483252555,0.0319957840271115,0.0349124337004036,0
785.866666666667,-0.04,-0.286238478491912,0.0339493492521837,0.0348984407912635,0
785.869444444444,-0.02,-0.279801034067238,0.0355257173935052,0.0348839744933211,0
785.872222222222,0.05,-0.264898700772931,0.0366197599666806,0.0348690206048591,0
785.875,0.15,-0.240617131029659,0.0371415945932744,0.0348537287423116,0
785.877777777778,0.24,-0.206357082630845,0.0370229125246019,0.0348382655341806,0
785.880555555556,0.31,-0.161912029146434,0.0368162596289249,0.0348227750272968,0
785.883333333333,0.36,-0.107531556333209,0.0372149841840466,0.0348073266356484,0
785.886111111111,0.405,-0.043965008314934,0.0381993636514171,0.0347919174737682,0
785.888888888889,0.48,0.0275194540628935,0.0397280478884524,0.0347765412582332,0
785.891666666667,0.595,0.105144108302044,0.041740550703737,0.0347611879982911,0
785.894444444444,0.695,0.186661473218892,0.0441608575622492,0.0347458433875974,0
785.897222222222,0.79,0.269425092896703,0.0469019282708377,0.0347304047896974,0
785.9,0.875,0.350489724738211,0.0498707978968142,0.0347147360455688,0
785.902777777778,0.96,0.426737265615541,0.052973923124987,0.0346988007115584,0
785.905555555556,1.055,0.495022730894361,0.0561223908029252,0.0346825481600386,0
785.908333333333,1.18,0.552332809694785,0.0592366047371267,0.0346659152781377,0
785.911111111111,1.27,0.595948110350691,0.06180613597334,0.0346488372968735,0
785.913888888889,1.325,0.623599319792447,0.0636404679121015,0.0346312510008142,0
785.916666666667,1.32,0.633607236624173,0.0646428993883589,0.0346132053465819,1
785.919444444444,1.285,0.624997065716711,0.0647553221596917,0.0345947961884312,0
785.922222222222,1.245,0.597578497915476,0.0639619466525484,0.0345761127896931,0
785.925,1.21,0.551984902838431,0.0622907583306227,0.0345572329235357,0
785.927777777778,1.135,0.4896673413004,0.0603850309211797,0.0345383220609072,0
785.930555555556,1.055,0.41284191126573,0.0586298483702032,0.0345194469858929,0
785.933333333333,0.925,0.324391990012478,0.0570033802830476,0.0345005911979579,0
785.936111111111,0.81,0.227730009055777,0.0554895234052192,0.0344817166052057,0
785.938888888889,0.695,0.126626268287398,0.0540818808442845,0.034462772993906,0
785.941666666667,0.595,0.0250147381357724,0.0527866788208986,0.0344437075973404,0
785.944444444444,0.485,-0.0732123863052165,0.0516243047358068,0.0344244760464767,0
785.947222222222,0.365,-0.164408585636415,0.0506292660291897,0.0344050533638219,0
785.95,0.26,-0.245362435911275,0.0498485066532303,0.0343854371239479,0
785.952777777778,0.145,-0.313460395429665,0.0493381654823369,0.0343656556643934,0
785.955555555556,0.055,-0.366812477984403,0.0491590058664047,0.034345783685991,0
785.958333333333,0,-0.404332786751868,0.0493708748383195,0.0343257442792373,0
785.961111111111,-0.025,-0.425769950529122,0.0494328473683747,0.0343054545288325,0
785.963888888889,-0.035,-0.431685962006502,0.0486814739589164,0.0342848527108036,0
785.966666666667,-0.025,-0.423385508862074,0.0471818314640629,0.0342638937029243,0
785.969444444444,0.005,-0.402801340462566,0.0450333906852023,0.0342425592140799,0
785.972222222222,0.04,-0.372344260750926,0.0424084939751255,0.0342208597245365,0
785.975,0.075,-0.334728745291104,0.0393611667771688,0.03419883452152,0
785.977777777778,0.1,-0.292786759880398,0.0360847808940354,0.0341766310176177,0
785.980555555556,0.115,-0.249282986717081,0.0327421845919023,0.0341543291425883,0
785.983333333333,0.12,-0.206744294307412,0.0294844204719052,0.0341319273902112,0
785.986111111111,0.115,-0.16731495152049,0.026448434564781,0.0341094203537815,0
785.988888888889,0.085,-0.132646894622887,0.0237506702686722,0.0340867993834571,0
785.991666666667,0.035,-0.103831487922891,0.0214822148503894,0.0340640464098757,0
785.994444444444,-0.005,-0.0813759073431675,0.0197057128290161,0.0340411371651585,0
785.997222222222,-0.08,-0.0652237903259141,0.0184541374320168,0.0340179428148504,0
786,-0.175,-0.0548164160468505,0.0177313870781758,0.0339944173569474,0
786.002777777778,-0.265,-0.0491876771199047,0.017514557122872,0.033970555886381,0
786.005555555556,-0.33,-0.047083714393612,0.0177576357301179,0.0339463732166604,0
786.008333333333,-0.365,-0.0470964933446868,0.0178238481527958,0.0339219024535829,0
786.011111111111,-0.385,-0.0477999187871295,0.0173613381857734,0.0338973032381067,0
786.013888888889,-0.415,-0.047877351299637,0.0164522022529792,0.0338727944770574,0
786.016666666667,-0.445,-0.0462305609538052,0.0151981639159989,0.033848422875008,0
786.019444444444,-0.475,-0.042062112947286,0.013790809614147,0.0338241349793311,0
786.022222222222,-0.49,-0.0349257422755758,0.0123894269516327,0.0337998889332223,0
786.025,-0.51,-0.0247422091411881,0.0110553925012669,0.0337756596361925,0
786.027777777778,-0.5,-0.0117811743971446,0.00983598707041373,0.0337514424869072,0
786.030555555556,-0.5,0.00338746874751204,0.0087633269223216,0.0337272592568789,0
786.033333333333,-0.53,0.0199668696460754,0.00785446949748206,0.0337032133041111,0
786.036111111111,-0.55,0.0370232656878366,0.00711257303263554,0.0336792365882806,0
786.038888888889,-0.555,0.0535838141939099,0.00658228527901638,0.0336551986080483,0
786.041666666667,-0.55,0.0687329092673547,0.0063078782246032,0.0336309579274634,0
786.044444444444,-0.54,0.0816982003548659,0.00624686468093182,0.0336067999878483,0
786.047222222222,-0.545,0.0919188137569528,0.00634000699630177,0.0335861319346005,0
786.05,-0.545,0.0990901931128131,0.00651669899951717,0.0335696230079031,0
786.052777777778,-0.56,0.103182330773421,0.00665679759350424,0.0335577494233947,0
786.055555555556,-0.56,0.104430734460812,0.0067808186064153,0.0335507094290965,0
786.058333333333,-0.55,0.10330202380381,0.00678990589152899,0.0335483498296893,0
786.061111111111,-0.53,0.100438347853408,0.0066603444917101,0.0335492843434115,0
786.063888888889,-0.53,0.0965866545043467,0.00652202738095953,0.0335510891226349,0
786.066666666667,-0.53,0.0925200692121668,0.00637885327819847,0.033551305676639,0
786.069444444444,-0.54,0.088959156609236,0.00623931421020276,0.0335517964292233,0
786.072222222222,-0.53,0.0865006152295864,0.00611498859189552,0.0335547326822119,0
786.075,-0.52,0.0855600321304115,0.00601885524944375,0.0335624860187414,0
786.077777777778,-0.51,0.0863338042927089,0.0059635991939637,0.0335774981941491,0
786.080555555556,-0.51,0.0887833739937905,0.00596006683043014,0.0336020172938033,0
786.083333333333,-0.515,0.0926427201542662,0.00601600247766843,0.033638041135239,0
786.086111111111,-0.515,0.0974478100262875,0.00613516267667333,0.0336872601114969,0
786.088888888889,-0.505,0.102584657070609,0.00631686350860582,0.0337509523350512,0
786.091666666667,-0.48,0.107350941738677,0.00655597304063987,0.033829725024375,0
786.094444444444,-0.46,0.111024983625605,0.00684331998856405,0.0339234144724947,0
786.097222222222,-0.445,0.112935305239734,0.00716645422217828,0.0340301015363682,0
786.1,-0.46,0.112524137827962,0.00743282550769048,0.034146662609601,0
786.102777777778,-0.46,0.109398963368019,0.00758482987420096,0.0342695905059709,0
786.105555555556,-0.45,0.103367479213702,0.00765831293283329,0.0343952036815136,0
786.108333333333,-0.435,0.0944530774415339,0.00769218964610612,0.0345198608042444,0
786.111111111111,-0.43,0.0828898772277872,0.00772398624743478,0.0346460440561811,0
786.113888888889,-0.415,0.0690983432603252,0.0077856554800185,0.0347780626616757,0
786.116666666667,-0.42,0.0536443728274854,0.00790007660699561,0.0349192434446475,0
786.119444444444,-0.405,0.0371862628638853,0.00802521254389672,0.0350713459865195,0
786.122222222222,-0.405,0.0204150340205302,0.00809739923397577,0.0352354364573905,0
786.125,-0.39,0.00399409716187681,0.0081208690490883,0.0354118559956071,0
786.127777777778,-0.37,-0.0114958403662524,0.00810229571534559,0.0356002623270994,0
786.130555555556,-0.36,-0.0256013961511002,0.00805008286225996,0.0357999391702113,0
786.133333333333,-0.36,-0.0380265953015088,0.00797360321451741,0.0360098469971456,0
786.136111111111,-0.37,-0.0486458917637131,0.00788246054470242,0.0362287768772251,0
786.138888888889,-0.35,-0.0574993697005695,0.0078473377850803,0.036455513735675,0
786.141666666667,-0.33,-0.0647711722797752,0.00794120135862654,0.0366889872343008,0
786.144444444444,-0.305,-0.0707538743291743,0.00802536255436314,0.0369283971374881,0
786.147222222222,-0.29,-0.0758028843062662,0.0080943626879398,0.0371728895120362,0
786.15,-0.285,-0.0802858983477282,0.00814424938666371,0.0374174129330017,0
786.152777777778,-0.28,-0.0845328474723055,0.00817246221100218,0.0376569241380226,0
786.155555555556,-0.275,-0.0887916432538167,0.00817761898364744,0.0378903082025948,0
786.158333333333,-0.265,-0.0931943575862463,0.00815924733448233,0.0381166276694257,0
786.161111111111,-0.23,-0.0977373412996203,0.00811750716507885,0.0383347715697793,0
786.163888888889,-0.22,-0.102277312098359,0.0080529455317369,0.0385436023793878,0
786.166666666667,-0.215,-0.106543775291842,0.00796631663393297,0.0387420457816302,0
786.169444444444,-0.23,-0.11016644959668,0.00785848742882875,0.0389292153260906,0
786.172222222222,-0.215,-0.112714824480214,0.00773043543541678,0.0391046952082693,0
786.175,-0.185,-0.113745728942508,0.00758333123892363,0.039268665305846,0
786.177777777778,-0.155,-0.11285396735742,0.0074186856981221,0.0394219867848977,0
786.180555555556,-0.145,-0.109720756312808,0.00723853230768467,0.0395662631028233,0
786.183333333333,-0.13,-0.104154907176503,0.00704560961355156,0.0397037086600963,0
786.186111111111,-0.15,-0.096122419148463,0.00684350758507095,0.0398371528983775,0
786.188888888889,-0.145,-0.0857613031133015,0.00670206213280792,0.0399699059401936,0
786.191666666667,-0.14,-0.0733799309937392,0.00659887795620222,0.0400999147797321,0
786.194444444444,-0.11,-0.0594388506195647,0.00650497696717301,0.0402237592169848,0
786.197222222222,-0.115,-0.0445176580125133,0.00639647716379304,0.0403380028842307,0
786.2,-0.105,-0.029270012961614,0.00625725173516721,0.040439971433036,0
786.202777777778,-0.11,-0.0143710714851754,0.00612049591499153,0.0405279458249648,0
786.205555555556,-0.12,-0.000462372662835999,0.00601764849206409,0.0406010083140759,0
786.208333333333,-0.1,0.0119005179172709,0.00595393134185647,0.0406590219844291,0
786.211111111111,-0.1,0.0222925658931714,0.0059331467021335,0.0407024793169868,0
786.213888888889,-0.11,0.0304517433452787,0.00595737436781521,0.0407329011563396,0
786.216666666667,-0.11,0.0362963191242387,0.00602678579894915,0.0407523746603182,0
786.219444444444,-0.13,0.0399253487384095,0.00607809608683901,0.0407633940627657,0
786.222222222222,-0.125,0.0416023931877552,0.00601458365317353,0.0407686873918937,0
786.225,-0.1,0.0417241364112166,0.00582750616576513,0.0407710401297356,0
786.227777777778,-0.09,0.0407770445497526,0.00561242623804286,0.0407720950921527,0
786.230555555556,-0.105,0.039286371629856,0.00537664433240893,0.0407636562737713,0
786.233333333333,-0.115,0.0377625511871256,0.00512775397662058,0.0407462837485324,0
786.236111111111,-0.14,0.0366502497036336,0.0048731343931341,0.040716873300319,0
786.238888888889,-0.135,0.0362850728013532,0.00461948518709733,0.0406727346301515,0
786.241666666667,-0.135,0.0368621377296326,0.00437244478479397,0.0406122516358694,0
786.244444444444,-0.125,0.0384195332634756,0.00413632579017231,0.0405351838588911,0
786.247222222222,-0.155,0.0408381991009375,0.00391398854775956,0.0404491585459786,0
786.25,-0.16,0.0438581188538096,0.00370686018500116,0.0403563167835593,0
786.252777777778,-0.165,0.0471090960421129,0.00351509169985539,0.0402593729301072,0
786.255555555556,-0.185,0.0501529320072909,0.00333783177921975,0.0401615262782445,0
786.258333333333,-0.18,0.0525326919411842,0.00317358441649926,0.0400617766040217,0
786.261111111111,-0.165,0.0538240424094976,0.00307628168251013,0.0399561145642872,0
786.263888888889,-0.165,0.0536834404080361,0.00310391301643631,0.0398405717498065,0
786.266666666667,-0.18,0.0518882702839419,0.00323020184627744,0.039711916896345,0
786.269444444444,-0.19,0.0483648295121646,0.00335659031337091,0.0395677718499777,0
786.272222222222,-0.225,0.0432012777104645,0.00347406454687926,0.0394066313275562,0
786.275,-0.225,0.0366441652573977,0.00358105772079776,0.0392277740673636,0
786.277777777778,-0.22,0.0290787996254126,0.00367516323116715,0.0390312160192551,0
786.280555555556,-0.205,0.020995326241311,0.00375336377982857,0.0388176959033778,0
786.283333333333,-0.225,0.0129438356089004,0.00377255695914428,0.0385885433797543,0
786.286111111111,-0.25,0.00548291681653091,0.00373598737956296,0.0383454654400998,0
786.288888888889,-0.26,-0.000873251243582634,0.00372456117369467,0.0380902731309392,0
786.291666666667,-0.25,-0.00570401315025579,0.00374014587856696,0.0378251277298088,0
786.294444444444,-0.225,-0.00872265290392932,0.00378346163282311,0.0375547776610084,0
786.297222222222,-0.225,-0.00980405516399505,0.00385389623686795,0.0372843072999554,0
786.3,-0.225,-0.00899680483550898,0.00394945192496175,0.0370188756567186,0
786.302777777778,-0.24,-0.00651845170230396,0.00406683384825389,0.0367605378883585,0
786.305555555556,-0.24,-0.00273433241344977,0.00419197837706935,0.0365092543478056,0
786.308333333333,-0.225,0.00187802499372502,0.00421537642141297,0.0362653058421974,0
786.311111111111,-0.215,0.0067754506853636,0.00412654139812826,0.0360291858413135,0
786.313888888889,-0.225,0.0114020731717304,0.0039706670755392,0.0358014618306074,0
786.316666666667,-0.23,0.015243434455935,0.00381770758605669,0.035582619279522,0
786.319444444444,-0.24,0.0178764272693965,0.00367127409220885,0.0353729033298423,0
786.322222222222,-0.235,0.0190100943978314,0.00353366020282649,0.0351721736199343,0
786.325,-0.23,0.0185132166718466,0.00340567622800068,0.0349797863893722,0
786.327777777778,-0.225,0.0164259108045652,0.00328663919130781,0.0347946741610558,0
786.330555555556,-0.22,0.0129540346103964,0.00317452379869343,0.0346151218570782,0
786.333333333333,-0.215,0.00844690054866495,0.00306626278413197,0.0344387804240029,0
786.336111111111,-0.22,0.00336046106618664,0.00296617445239293,0.0342627429016335,0
786.338888888889,-0.205,-0.00179041382242687,0.00300332544572586,0.0340882534992647,0
786.341666666667,-0.2,-0.00648584006621243,0.00312208075813399,0.0339197059095038,0
786.344444444444,-0.185,-0.0102556334033223,0.00325032558552634,0.0337609644616632,0
786.347222222222,-0.185,-0.0127293468133814,0.00338917334170384,0.0336152296540037,0
786.35,-0.17,-0.0136765719099021,0.00353808597622099,0.0334849106560981,0
786.352777777778,-0.175,-0.0130333754632848,0.00369473757162438,0.0333715524861492,0
786.355555555556,-0.165,-0.0109120882052109,0.00385506237183328,0.0332758691208473,0
786.358333333333,-0.16,-0.00759329389481309,0.0040134897370659,0.0331976755230073,0
786.361111111111,-0.165,-0.0035006233027999,0.00416334966510641,0.0331359728055244,0
786.363888888889,-0.165,0.000839332059662249,0.00429741481511186,0.0330890676260306,0
786.366666666667,-0.175,0.00484817678793854,0.00437426279621354,0.0330546932768509,0
786.369444444444,-0.18,0.00795299846223495,0.00431205212052962,0.0330302605288968,0
786.372222222222,-0.195,0.00964419094662582,0.00426475474551785,0.0330130013874399,0
786.375,-0.2,0.00952811281338429,0.00425509118087524,0.0330001222682776,0
786.377777777778,-0.18,0.00736933174666362,0.00428399579760908,0.0329889597344205,0
786.380555555556,-0.19,0.00311817735834206,0.00434996486372604,0.0329771139449731,0
786.383333333333,-0.175,-0.00307927576924135,0.0044490892616687,0.0329654633315686,0
786.386111111111,-0.18,-0.0108899799872429,0.00457530552729284,0.0329569667526389,0
786.388888888889,-0.19,-0.0198208037954151,0.00472084698393945,0.0329540032885147,0
786.391666666667,-0.165,-0.0292611257537519,0.00487685699870776,0.0329564043581552,0
786.394444444444,-0.175,-0.038537167446177,0.00498975157895748,0.0329580312872623,0
786.397222222222,-0.175,-0.0469729223221275,0.00499312004197011,0.0329589281725936,0
786.4,-0.19,-0.0539518530487637,0.00489860871370001,0.0329591906710354,0
786.402777777778,-0.205,-0.0589734095273565,0.00478547263609884,0.0329589521733426,0
786.405555555556,-0.2,-0.0616988787052901,0.00469727580939093,0.0329583680817604,0
786.408333333333,-0.195,-0.0619820749777379,0.00463521616674982,0.0329575994338255,0
786.411111111111,-0.195,-0.0598818226589104,0.00459795019871558,0.0329567558429755,0
786.413888888889,-0.215,-0.0556549319718147,0.00458179666744754,0.0329558620644996,0
786.416666666667,-0.225,-0.049730258604055,0.00458243218319099,0.0329549355738066,0
786.419444444444,-0.23,-0.0426662807980496,0.00457445154069088,0.0329539875887094,0
786.422222222222,-0.23,-0.035096247013927,0.00456533481867794,0.0329530326544364,0
786.425,-0.235,-0.027666181973717,0.00456235809458043,0.032952101697243,0
786.427777777778,-0.205,-0.0209717663209063,0.00457183468218545,0.0329512086856995,0
786.430555555556,-0.205,-0.0155002507961046,0.00459845489902421,0.032950356997583,0
786.433333333333,-0.21,-0.0115831115222453,0.00464479064563127,0.0329495462313556,0
786.436111111111,-0.235,-0.00936413883680527,0.00471101564910651,0.0329487091221459,0
786.438888888889,-0.225,-0.00878617304624013,0.00479487155930937,0.0329477273926548,0
786.441666666667,-0.22,-0.00959789738781932,0.00489188613114276,0.0329464897669942,0
786.444444444444,-0.2,-0.0113801447757521,0.00499582477802615,0.0329448964376391,0
786.447222222222,-0.215,-0.0135892598674361,0.00509933327170671,0.0329428890188459,0
786.45,-0.215,-0.0156133684687397,0.00519470962294589,0.0329404490355938,0
786.452777777778,-0.235,-0.0168361085463573,0.00512988421950861,0.0329375980504587,0
786.455555555556,-0.23,-0.0167016004565558,0.00507117295937526,0.0329343955696047,0
786.458333333333,-0.215,-0.0147742580223381,0.00503776360128098,0.0329309347814609,0
786.461111111111,-0.2,-0.0107874885723919,0.00503118965785751,0.0329273323558836,0
786.463888888889,-0.195,-0.00467636044363629,0.00505026072928862,0.0329237185358395,0
786.466666666667,-0.21,0.00340916481491094,0.00509106991190768,0.0329203606418461,0
786.469444444444,-0.235,0.0131119749114071,0.00514727937265289,0.032917510822602,0
786.472222222222,-0.24,0.0238960335213488,0.00521066366575379,0.032915172629832,0
786.475,-0.2,0.0350926003145557,0.00527186444545592,0.0329132304959996,0
786.477777777778,-0.18,0.045960176586389,0.00532128826694826,0.0329115735786412,0
786.480555555556,-0.17,0.0557525298961937,0.0053500633778951,0.0329100998175901,0
786.483333333333,-0.18,0.0637883071344047,0.00534916331780504,0.0329087188975976,0
786.486111111111,-0.205,0.0695155226290744,0.00538091986609938,0.0329073546364696,0
786.488888888889,-0.22,0.0725646330874585,0.00544707641795129,0.0329059458054484,0
786.491666666667,-0.195,0.0727849487066051,0.00554601473032714,0.0329044870957706,0
786.494444444444,-0.185,0.0702606845633767,0.00567274098252207,0.0329030485001543,0
786.497222222222,-0.19,0.0653048825803511,0.00580991595783233,0.0329016857631056,0
786.5,-0.19,0.0584315491336264,0.00583264838456203,0.032900430240962,0
786.502777777778,-0.195,0.0503084542780016,0.00571042806886189,0.0328994318570674,0
786.505555555556,-0.215,0.0416949229418388,0.00557330735814248,0.0328987820353438,0
786.508333333333,-0.205,0.033370432927417,0.00546391479851654,0.0328984975861094,0
786.511111111111,-0.19,0.0260607729026892,0.00539269359199982,0.0328985707410786,0
786.513888888889,-0.18,0.0203688110174682,0.00536741950372611,0.0328989733688632,0
786.516666666667,-0.19,0.0167165475087503,0.00539242411316648,0.0328997188648081,0
786.519444444444,-0.205,0.0153041035007269,0.00546810928526831,0.0329008104002631,0
786.522222222222,-0.2,0.0160897260996943,0.00559080432252022,0.0329022295630157,0
786.525,-0.185,0.0187929133881629,0.00575298656642743,0.0329039424003937,0
786.527777777778,-0.165,0.0229205684835524,0.00594385305804149,0.0329059067405645,0
786.530555555556,-0.175,0.0278138881437556,0.00615019831024118,0.0329080800676214,0
786.533333333333,-0.185,0.0327116895350262,0.00635752434187651,0.0329104271968213,0
786.536111111111,-0.19,0.0368242719088253,0.00637719944145719,0.0329129270274095,0
786.538888888889,-0.195,0.0394108547182043,0.00621032039579404,0.0329155783554185,0
786.541666666667,-0.185,0.0398532350128464,0.00608123599398633,0.0329184049902696,0
786.544444444444,-0.175,0.0377186074949538,0.00599746274987013,0.032921455496022,0
786.547222222222,-0.185,0.0328054664655588,0.00596242284979063,0.0329246640191464,0
786.55,-0.185,0.0251680713580474,0.00597509821259984,0.0329279790607726,0
786.552777777778,-0.205,0.0151169613080433,0.00603007280805928,0.0329313998834588,0
786.555555555556,-0.2,0.00319526084106582,0.00611796320094066,0.0329350534795428,0
786.558333333333,-0.195,-0.00986718542172061,0.00622620223518745,0.0329389766798331,0
786.561111111111,-0.175,-0.0232176948118307,0.00634010870500181,0.0329431473554407,0
786.563888888889,-0.17,-0.0359567571233507,0.00638996889178339,0.0329475473075996,0
786.566666666667,-0.175,-0.0472191008748282,0.00631083354324695,0.0329521597959204,0
786.569444444444,-0.205,-0.0562522236470033,0.00626984418978496,0.0329569683035262,0
786.572222222222,-0.205,-0.0624849941835745,0.00627728575681294,0.0329619529353002,0
786.575,-0.21,-0.0655798362146426,0.00633958612935842,0.0329670838612848,0
786.577777777778,-0.205,-0.0654635265558483,0.00645874671194964,0.032972315985975,0
786.580555555556,-0.205,-0.0623336407615471,0.0066321536065914,0.0329775839159121,0
786.583333333333,-0.205,-0.056639969985292,0.00685278327082187,0.0329829761270112,0
786.586111111111,-0.215,-0.0490425957514348,0.00696256518520032,0.032988562964805,0
786.588888888889,-0.205,-0.0403505202155459,0.00690330314197838,0.0329944891228526,0
786.591666666667,-0.195,-0.0314465969224943,0.00666314341491098,0.0330009249563605,0
786.594444444444,-0.195,-0.0232058136437134,0.00638574500994166,0.0330074807635085,0
786.597222222222,-0.185,-0.0164146181418385,0.00613291380127262,0.0330076141880757,0
786.6,-0.195,-0.0116988865091985,0.00591814582575147,0.0330000960137788,0
786.602777777778,-0.195,-0.00946731849356529,0.00575204441227333,0.032983852879061,0
786.605555555556,-0.205,-0.00987558067447712,0.0056416220290677,0.032958047468402,0
786.608333333333,-0.175,-0.0128145445194689,0.0055899387558059,0.0329219956684126,0
786.611111111111,-0.17,-0.0179236696234834,0.0055960991766839,0.0328753845944334,0
786.613888888889,-0.16,-0.0246281818185731,0.00565559524469673,0.0328183397135364,0
786.616666666667,-0.17,-0.0321964210875175,0.00576095015565694,0.0327514731058572,0
786.619444444444,-0.175,-0.0398118038415075,0.00589456927638517,0.0326759081243825,0
786.622222222222,-0.18,-0.0466524443988332,0.00584597935706913,0.0325932753684426,0
786.625,-0.19,-0.0519707474337009,0.0056638012578365,0.0325056787136706,0
786.627777777778,-0.175,-0.0551652892096597,0.00547649857449304,0.0324156307827838,0
786.630555555556,-0.185,-0.0558380522322163,0.00529213583403757,0.0323259591159808,0
786.633333333333,-0.215,-0.0538314959263221,0.00511648806174395,0.0322370476046102,0
786.636111111111,-0.215,-0.0492419005107471,0.0049527628543264,0.0321462111206555,0
786.638888888889,-0.215,-0.0424077255380738,0.00480162586661644,0.0320509517298436,0
786.641666666667,-0.2,-0.0338741571388298,0.00466151383070037,0.0319490089778272,0
786.644444444444,-0.2,-0.0243373439402732,0.0046399376211377,0.0318383167981597,0
786.647222222222,-0.215,-0.0145738151133877,0.00476866441083732,0.0317170358593463,0
786.65,-0.215,-0.00536204013575077,0.00489812814045909,0.0315837121219466,0
786.652777777778,-0.225,0.00259611637319251,0.00503202252033324,0.0314373101971779,0
786.655555555556,-0.225,0.00874625082210683,0.00517272280750155,0.0312772212635393,0
786.658333333333,-0.215,0.0127375149820198,0.00532080129818451,0.0311032449082725,0
786.661111111111,-0.2,0.0144582931161556,0.00547479497526925,0.0309155487850089,0
786.663888888889,-0.195,0.0140477872176466,0.00563125633304256,0.0307164569606177,0
786.666666666667,-0.195,0.0118821908007497,0.00578508592135831,0.0305092212911704,0
786.669444444444,-0.21,0.0085366347380696,0.0059301122647096,0.0302975195967922,0
786.672222222222,-0.2,0.00472649684153297,0.006059855039704,0.0300852863210323,0
786.675,-0.175,0.00123374457786093,0.00603000081412549,0.0298765284159661,0
786.677777777778,-0.16,-0.00117447828042519,0.00594721294625443,0.0296751348115836,0
786.680555555556,-0.155,-0.00182696087149922,0.00589254902552694,0.0294821454185134,0
786.683333333333,-0.17,-0.000221102933183486,0.00586571449549743,0.0292969013640208,0
786.686111111111,-0.195,0.00392023614901733,0.00586349096599369,0.0291188564686343,0
786.688888888889,-0.2,0.0106136481530404,0.00587982566434798,0.0289477116797297,0
786.691666666667,-0.18,0.0196057102734054,0.00590627075399252,0.0287831559108867,0
786.694444444444,-0.17,0.030390530796376,0.00593274789608421,0.0286246278643637,0
786.697222222222,-0.175,0.042253046295126,0.00594857554079693,0.0284714710459954,0
786.7,-0.18,0.0543342456845736,0.0059436633115078,0.0283228748865208,0
786.702777777778,-0.205,0.0657122656173253,0.00590975320444966,0.0281778248502224,0
786.705555555556,-0.205,0.0754916267133497,0.00597793223969085,0.0280350669606576,0
786.708333333333,-0.185,0.0828919324464959,0.00608172949425599,0.0278930920221002,0
786.711111111111,-0.185,0.0873272359438901,0.00621797624236297,0.0277501439908554,0
786.713888888889,-0.18,0.0884680197080075,0.00637881906221177,0.0276068927855686,0
786.716666666667,-0.195,0.0862792724606932,0.0065520347940913,0.0274669791016336,0
786.719444444444,-0.205,0.0810303511891172,0.0067218323682363,0.0273337746850354,0
786.722222222222,-0.18,0.073274984160729,0.00687009638829674,0.027210225447454,0
786.725,-0.165,0.0638026533177807,0.00686722957404403,0.0270985717644008,0
786.727777777778,-0.15,0.0535654182386208,0.00681750876368809,0.0270008425973811,0
786.730555555556,-0.145,0.0435867356612922,0.00684081377501619,0.0269179914956215,0
786.733333333333,-0.155,0.0348607420316898,0.00694739110446778,0.0268502583162118,0
786.736111111111,-0.18,0.0282516058861068,0.00714149116580935,0.0267972336362874,0
786.738888888889,-0.175,0.0244027963755784,0.00742048056503448,0.0267579278244404,0
786.741666666667,-0.18,0.0236654113461289,0.00777457231816324,0.0267308662747262,0
786.744444444444,-0.16,0.0260531092666325,0.00818724964732477,0.026714175002011,0
786.747222222222,-0.16,0.0312288260659186,0.0086363958589425,0.0267055564357805,0
786.75,-0.17,0.0385255378237011,0.00909607402322242,0.0267025377463251,0
786.752777777778,-0.17,0.0470001174958528,0.00953883198806207,0.026702609503571,0
786.755555555556,-0.18,0.0555161259840312,0.00993834722933652,0.0267033578675577,0
786.758333333333,-0.18,0.0628484784925223,0.0101212303401526,0.0267025829745522,0
786.761111111111,-0.16,0.0678006176653491,0.0100114191684592,0.0267009415588019,0
786.763888888889,-0.17,0.0693233379903362,0.00984819664010393,0.0267006976047761,0
786.766666666667,-0.165,0.0666239024084574,0.00977109686716141,0.0267038090866951,0
786.769444444444,-0.18,0.0592546450759194,0.00976650864493871,0.0267110362034919,0
786.772222222222,-0.18,0.0471718404014583,0.0098104446955351,0.0267206919291876,0
786.775,-0.17,0.0307581180995824,0.00987001445252321,0.0267300732359243,0
786.777777777778,-0.155,0.0108049100233035,0.00990593461493555,0.0267367747753283,0
786.780555555556,-0.16,-0.011544950206878,0.00987594103872135,0.0267429361058036,0
786.783333333333,-0.18,-0.0348906126853143,0.00996215585285091,0.0267510105359914,0
786.786111111111,-0.185,-0.0576952139182527,0.0102419142415928,0.0267636239213255,0
786.788888888889,-0.185,-0.0784261864155166,0.0106899897855505,0.0267834086903067,0
786.791666666667,-0.165,-0.0957014708932606,0.0113179898200152,0.0268128640075675,0
786.794444444444,-0.15,-0.108428196654337,0.0121202682447946,0.0268541804307568,0
786.797222222222,-0.16,-0.115920554115317,0.0130718534052536,0.0269090088467657,0
786.8,-0.16,-0.117984951407785,0.0141278271733272,0.0269783022407222,0
786.802777777778,-0.165,-0.114963037701699,0.0152243463924884,0.0270621937639003,0
786.805555555556,-0.17,-0.107726600274084,0.0162813758606955,0.0271598892738959,0
786.808333333333,-0.165,-0.0976224236393821,0.017020898000573,0.0272694602514521,0
786.811111111111,-0.15,-0.0863695955947582,0.0172091758525418,0.0273870932976028,0
786.813888888889,-0.155,-0.0759160790125006,0.0168387925735722,0.0275087137549724,0
786.816666666667,-0.165,-0.0682652581569596,0.0168829802832501,0.0276303671779716,0
786.819444444444,-0.175,-0.0652862623566431,0.0174140356569999,0.0277532921165739,0
786.822222222222,-0.19,-0.0685238769958498,0.0184808953632941,0.0278818495713788,0
786.825,-0.18,-0.0790245681898674,0.0201029875764525,0.028019415802084,0
786.827777777778,-0.15,-0.0971944757639272,0.0222656840407101,0.0281677061019421,0
786.830555555556,-0.135,-0.122703188521188,0.0249178103717177,0.0283275847114635,0
786.833333333333,-0.125,-0.154443842511941,0.0279715459580316,0.028499079082673,0
786.836111111111,-0.135,-0.190555820653431,0.0313048865770464,0.0286814622799327,0
786.838888888889,-0.14,-0.228511412436055,0.0347666634427047,0.0288733952159929,0
786.841666666667,-0.13,-0.265262608964556,0.0381839246920434,0.0290731150806239,0
786.844444444444,-0.125,-0.297439183867549,0.0411628954041721,0.0292786517344752,0
786.847222222222,-0.13,-0.321584761505876,0.0434343600629856,0.0294880534428723,0
786.85,-0.145,-0.334414076545511,0.0449142296756794,0.0296996024377124,0
786.852777777778,-0.15,-0.33307238696117,0.0455657075519164,0.0299119430474026,0
786.855555555556,-0.14,-0.315377221078632,0.0454002536439025,0.0301242462780325,0
786.858333333333,-0.11,-0.280023407163611,0.0457979192607174,0.0303368311458554,0
786.861111111111,-0.085,-0.226734615450898,0.0471809225443459,0.0305491027470615,0
786.863888888889,-0.075,-0.156348278790869,0.0493049697017645,0.0307598837677414,0
786.866666666667,-0.045,-0.0708254800944579,0.0518170967918368,0.0309675266012213,0
786.869444444444,0.01,0.0268171560020261,0.0545618441774308,0.0311700765133545,0
786.872222222222,0.095,0.132650772482873,0.0573880021466854,0.0313654296203465,0
786.875,0.205,0.242044376195378,0.0601599815004842,0.0315515420485633,0
786.877777777778,0.335,0.349928262760448,0.0627674509811864,0.0317267042113114,0
786.880555555556,0.475,0.451093236283737,0.0651324868191599,0.0318897455204978,0
786.883333333333,0.62,0.540505300641558,0.0672136957839894,0.0320402006147257,0
786.886111111111,0.765,0.613614213174763,0.06900703143563,0.032178420133605,0
786.888888888889,0.945,0.666634608577586,0.0705433019373768,0.0323056161261442,0
786.891666666667,1.125,0.696780295033083,0.0718826434978011,0.0324238827391638,0
786.894444444444,1.295,0.702435648282936,0.0730139531048674,0.0325376796565478,1
786.897222222222,1.38,0.683252524539761,0.0729948338398744,0.0326513540610926,0
786.9,1.33,0.640166433514217,0.0718289103078701,0.0327640888616225,0
786.902777777778,1.12,0.575331451309871,0.0704019435153923,0.0328719938602498,0
786.905555555556,0.8,0.491979074503758,0.068756355261458,0.0329712997527725,0
786.908333333333,0.51,0.394211492747472,0.0668559360233187,0.0330586088046213,0
786.911111111111,0.265,0.286744198881828,0.0646977021490482,0.0331316383551511,0
786.913888888889,0,0.174616143630911,0.0623144663335343,0.0331897830154013,0
786.916666666667,-0.175,0.062887550549057,0.0597742438744636,0.0332332483376306,0
786.919444444444,-0.26,-0.0436540805347982,0.0571765334514137,0.0332629700114119,0
786.922222222222,-0.215,-0.140760337043357,0.0546457686121013,0.0332804945525319,0
786.925,-0.145,-0.224943645843926,0.0523224668009207,0.0332878330114484,0
786.927777777778,-0.11,-0.293641068032912,0.0503527881596642,0.0332872985005937,0
786.930555555556,-0.13,-0.34531128832485,0.0488773419983504,0.0332813395161539,0
786.933333333333,-0.175,-0.379460956514114,0.0480201354198525,0.0332723806414475,0
786.936111111111,-0.205,-0.396601663711854,0.0478785425190132,0.0332626801701966,0
786.938888888889,-0.2,-0.39814369519875,0.0472419987677381,0.0332527563039038,0
786.941666666667,-0.185,-0.386236940467892,0.045805408306898,0.0332397681460424,0
786.944444444444,-0.205,-0.36357266317196,0.0435903335676027,0.0332264271216129,0
786.947222222222,-0.22,-0.333162022381587,0.0407706761775398,0.033213484787193,0
786.95,-0.225,-0.298108168638949,0.0375659314845736,0.0332010050215156,0
786.952777777778,-0.245,-0.261388390808003,0.0341629683388824,0.0331889809179466,0
786.955555555556,-0.25,-0.225661238408549,0.0307457847018858,0.0331773799663125,0
786.958333333333,-0.25,-0.193110954111928,0.0274848777232561,0.033166154188395,0
786.961111111111,-0.26,-0.165338160928697,0.0245281041173142,0.0331552333854348,0
786.963888888889,-0.28,-0.143301849095115,0.0219935474148497,0.0331445362844877,0
786.966666666667,-0.285,-0.127313617158346,0.0199647475646151,0.0331339837678686,0
786.969444444444,-0.29,-0.117081160433625,0.0184884694478768,0.0331235080225567,0
786.972222222222,-0.295,-0.111794464754567,0.0175750036505574,0.0331129360462147,0
786.975,-0.275,-0.110245305629055,0.0172008186422871,0.0331022771964853,0
786.977777777778,-0.27,-0.110968660585253,0.0173132305168008,0.0330915013999625,0
786.980555555556,-0.26,-0.112393628246433,0.0178366348070828,0.0330806172388067,0
786.983333333333,-0.265,-0.112991443011215,0.0178586065452399,0.0330696104561366,0
786.986111111111,-0.27,-0.111409130516925,0.0173591698438672,0.033058450141383,0
786.988888888889,-0.28,-0.106579144856658,0.0164463666638215,0.0330471033242961,0
786.991666666667,-0.265,-0.0977977822160608,0.0152411087253924,0.0330355912390294,0
786.994444444444,-0.24,-0.084768052438045,0.0140818522274092,0.0330239861070629,0
786.997222222222,-0.24,-0.0676057617364517,0.0130396343677865,0.0330123575423871,0
787,-0.255,-0.0468105652249113,0.0121590596826877,0.0330007627171054,0
787.002777777778,-0.26,-0.0232064530878227,0.011464281408415,0.032989240872242,0
787.005555555556,-0.27,0.00214166005594294,0.0109596467899918,0.0329778101606676,0
787.008333333333,-0.26,0.0280270168595182,0.0106318141036531,0.0329664668611062,0
787.011111111111,-0.225,0.0532067290291919,0.0104530583750591,0.0329551917759226,0
787.013888888889,-0.235,0.0765050319786189,0.0103854111321696,0.0329439983685957,0
787.016666666667,-0.235,0.0969056835372548,0.0103852397573908,0.0329329405666309,0
787.019444444444,-0.245,0.113626439442331,0.0103626140939846,0.0329220548644956,0
787.022222222222,-0.255,0.126170374579744,0.0103586356706083,0.0329113257068165,0
787.025,-0.245,0.134350987535868,0.01040789302808,0.0329009386892003,0
787.027777777778,-0.24,0.138290336104915,0.0104262791616452,0.0328910034364412,0
787.030555555556,-0.245,0.13839170963311,0.0103127368229709,0.0328815403047791,0
787.033333333333,-0.255,0.135290370243678,0.0100207761716811,0.0328725519162663,0
787.036111111111,-0.255,0.129787535773282,0.00962219463342241,0.0328639943905867,0
787.038888888889,-0.245,0.122773917344524,0.00915753049161862,0.0328558135074237,0
787.041666666667,-0.22,0.115149694115203,0.00865304588323749,0.0328480041546671,0
787.044444444444,-0.195,0.107747786215894,0.008139625534464,0.0328405547713616,0
787.047222222222,-0.22,0.101266702182948,0.00764974393684228,0.0328334473813921,0
787.05,-0.235,0.0962181615874541,0.00721446811075774,0.0328266598549766,0
787.052777777778,-0.255,0.0928932359521899,0.00686075263977948,0.0328202456315229,0
787.055555555556,-0.255,0.0913490466952633,0.00660924275155258,0.0328142941824914,0
787.058333333333,-0.245,0.0914162574126833,0.00647274451554513,0.0328088553841502,0
787.061111111111,-0.235,0.0927258507959509,0.00645545437368711,0.0328038625588036,0
787.063888888889,-0.225,0.0947521289274119,0.00655296942987266,0.0327992036134512,0
787.066666666667,-0.235,0.0968676392950927,0.00675303142784282,0.0327947642523464,0
787.069444444444,-0.25,0.0984048971338055,0.0070368968637313,0.0327904521744681,0
787.072222222222,-0.255,0.0987194008869972,0.00738117795849482,0.0327861930765953,0
787.075,-0.24,0.0972485357184829,0.00754608220037636,0.0327820120763661,0
787.077777777778,-0.215,0.0935615051291995,0.00755365716671162,0.0327779365491024,0
787.080555555556,-0.215,0.087396362260712,0.00744090005783393,0.0327739954341214,0
787.083333333333,-0.22,0.0786814402380545,0.00724905853456499,0.032770216487986,0
787.086111111111,-0.235,0.0675398934253188,0.00701972619909481,0.0327666241013504,0
787.088888888889,-0.23,0.0542775355781953,0.00680139922260117,0.0327632440855955,0
787.091666666667,-0.21,0.039355572066891,0.00664971558018535,0.0327601905419716,0
787.094444444444,-0.18,0.0233510558760442,0.00656256690355421,0.0327575251020274,0
787.097222222222,-0.175,0.00690885316162422,0.00653263053992222,0.0327552451995489,0
787.1,-0.18,-0.00931048862956885,0.00654384225912486,0.0327533399624604,0
787.102777777778,-0.2,-0.0246823603963637,0.00650098783615368,0.0327517911012713,0
787.105555555556,-0.2,-0.038664771293622,0.00643733312557015,0.0327505428462014,0
787.108333333333,-0.165,-0.0508362175034351,0.00637270893691247,0.032749519477858,0
787.111111111111,-0.14,-0.0609217427797718,0.00632084295871571,0.0327487138182244,0
787.113888888889,-0.13,-0.0688053051837682,0.0063270548872748,0.0327481134696657,0
787.116666666667,-0.14,-0.0745278136778868,0.00632299167924445,0.0327477001771043,0
787.119444444444,-0.12,-0.0782714759491919,0.00628247093207223,0.0327474241160415,0
787.122222222222,-0.125,-0.0803322950037138,0.00620443560159702,0.0327471747934715,0
787.125,-0.11,-0.0810835651743879,0.00609085565924036,0.0327469559817337,0
787.127777777778,-0.11,-0.0809339634597578,0.00594605674863031,0.0327467887985828,0
787.130555555556,-0.105,-0.0802842484943228,0.00577588125619296,0.0327466959136469,0
787.133333333333,-0.105,-0.0794866344813615,0.00558678922228651,0.0327467000749877,0
787.136111111111,-0.11,-0.0788105997697625,0.00538500709082563,0.0327468194801718,0
787.138888888889,-0.105,-0.078418249195466,0.00517582164825925,0.0327470646523695,0
787.141666666667,-0.09,-0.0783514340783628,0.00496309602592023,0.0327474389578241,0
787.144444444444,-0.07,-0.0785317256029015,0.00474905664700668,0.0327479405654653,0
787.147222222222,-0.055,-0.0787731344995096,0.00453436749109546,0.0327485303505823,0
787.15,-0.05,-0.0788062789705165,0.00431847441324378,0.0327491232048011,0
787.152777777778,-0.05,-0.0783116292891114,0.00410017093707951,0.0327496464066853,0
787.155555555556,-0.055,-0.076958597153477,0.00387831111414596,0.0327500899710435,0
787.158333333333,-0.04,-0.074446668232188,0.00370938916695834,0.0327504801911734,0
787.161111111111,-0.025,-0.0705445499474817,0.00367958001285879,0.0327508479537992,0
787.163888888889,-0.02,-0.0651234462531674,0.00376510494848545,0.0327512257427366,0
787.166666666667,-0.02,-0.0581810678481231,0.00393436944611616,0.0327516442490254,0
787.169444444444,-0.015,-0.0498537992816828,0.00414047002062503,0.0327521308369875,0
787.172222222222,-0.025,-0.0404155047536656,0.00432089638208975,0.0327526931985816,0
787.175,0.005,-0.0302626703751842,0.00446322668604315,0.0327533430807652,0
787.177777777778,0.02,-0.0198868454951893,0.00455417376705695,0.0327540956590477,0
787.180555555556,0.02,-0.00983654675182776,0.00458066052888695,0.0327549679339359,0
787.183333333333,0.015,-0.000671816973525969,0.00462569301649777,0.0327558791791947,0
787.186111111111,0,0.00708460840230707,0.00476050247649173,0.032756760609543,0
787.188888888889,0,0.0129951553544215,0.0049857856959102,0.0327576290095445,0
787.191666666667,-0.015,0.0167498798219943,0.00530221428236669,0.0327585034902942,0
787.194444444444,-0.025,0.0181995073609178,0.00567113145189312,0.0327594035834913,0
787.197222222222,-0.045,0.0173757353352402,0.00605750111897903,0.0327603481173237,0
787.2,-0.065,0.0144965385328219,0.00642547469058788,0.0327613543010511,0
787.202777777778,-0.085,0.00995549634512686,0.00673947346257477,0.0327624369649571,0
787.205555555556,-0.1,0.00429555574316226,0.00696754932279576,0.0327635007970794,0
787.208333333333,-0.09,-0.00183096263222497,0.00708443210139396,0.032764575079603,0
787.211111111111,-0.07,-0.00771304208013685,0.00707398260920353,0.0327656905284795,0
787.213888888889,-0.065,-0.0126382349077467,0.00693082083279046,0.0327667994520045,0
787.216666666667,-0.105,-0.0159517349687458,0.00666097063445231,0.0327678721654906,0
787.219444444444,-0.12,-0.0171122016361124,0.00632491758854915,0.0327689025322547,0
787.222222222222,-0.135,-0.0157394443782955,0.00609441576651272,0.0327699095369454,0
787.225,-0.115,-0.0116496785139317,0.00597432155601395,0.0327709345630813,0
787.227777777778,-0.105,-0.00487505625418787,0.00596278547395618,0.0327720370057507,0
787.230555555556,-0.1,0.00433451722405719,0.00605145471725178,0.0327732894699485,0
787.233333333333,-0.11,0.0155277648217287,0.00622616896652874,0.0327746765385775,0
787.236111111111,-0.135,0.0280855173028546,0.00646809506562367,0.0327761493976742,0
787.238888888889,-0.14,0.0412686798008003,0.00669839689138475,0.0327777017033198,0
787.241666666667,-0.145,0.0542767624731264,0.00680862476668655,0.0327793267673237,0
787.244444444444,-0.115,0.0663120661138494,0.00680272209798224,0.0327810176858816,0
787.247222222222,-0.125,0.0766440450982415,0.0066969703731657,0.0327827675520202,0
787.25,-0.135,0.0846682783911594,0.00651875444160978,0.0327845616014502,0
787.252777777778,-0.15,0.0899548814031974,0.00632758636179631,0.0327862982504896,0
787.255555555556,-0.155,0.0922820600298724,0.00619687563242854,0.0327878600380159,0
787.258333333333,-0.13,0.0916517734810692,0.00612813062452181,0.0327892316992596,0
787.261111111111,-0.11,0.0882860275767641,0.00611725224541706,0.0327904338173701,0
787.263888888889,-0.12,0.0826040299029266,0.00607929568371207,0.0327915951937561,0
787.266666666667,-0.13,0.0751821509067689,0.00600539493140352,0.0327928455550945,0
787.269444444444,-0.15,0.0667001958990821,0.00591093113300147,0.0327942215569447,0
787.272222222222,-0.155,0.0578787582024774,0.00581224040131767,0.0327957621016226,0
787.275,-0.14,0.0494132737898008,0.00572505312206,0.0327975064579026,0
787.277777777778,-0.13,0.041910748817052,0.00566304968419293,0.0327994921825736,0
787.280555555556,-0.125,0.0358349436308815,0.00563666163909639,0.0328017537513752,0
787.283333333333,-0.145,0.0314650788356113,0.00565222288987116,0.0328043206324008,0
787.286111111111,-0.165,0.0288719382533264,0.00571154166797778,0.0328071200339615,0
787.288888888889,-0.16,0.0279136818930611,0.00581192390869912,0.0328098936632338,0
787.291666666667,-0.14,0.0282518870263823,0.0059466359184346,0.0328123983768872,0
787.294444444444,-0.13,0.0293864687023271,0.00610575290985845,0.0328146510149305,0
787.297222222222,-0.125,0.0307063635340309,0.00627730391803938,0.0328166809514722,0
787.3,-0.155,0.0315513572073598,0.00640512813607669,0.0328185287481261,0
787.302777777778,-0.17,0.0312793402389876,0.00633199733143955,0.032820244811236,0
787.305555555556,-0.17,0.0293326961915717,0.00619542510295619,0.03282188767361,0
787.308333333333,-0.145,0.0252975240854876,0.00608839291706307,0.0328235220147064,0
787.311111111111,-0.125,0.0189499818260727,0.00601429127120404,0.0328252129228777,0
787.313888888889,-0.13,0.0102851653268735,0.00597243452505663,0.0328271054881352,0
787.316666666667,-0.14,-0.000474487456107324,0.00595814744055613,0.032829092038834,0
787.319444444444,-0.155,-0.0128923966462533,0.00596327411751094,0.0328310164572564,0
787.322222222222,-0.15,-0.0263517555910479,0.00597705938610439,0.0328328509451669,0
787.325,-0.145,-0.0401073037968627,0.00598731555584889,0.03283458470593,0
787.327777777778,-0.125,-0.0533503677621737,0.00598175853866697,0.0328362254957907,0
787.330555555556,-0.125,-0.0652812493374205,0.00594937961462416,0.0328377997968565,0
787.333333333333,-0.125,-0.0751822451007503,0.00601704492432813,0.0328393514468962,0
787.336111111111,-0.155,-0.0824844029646722,0.00612488068328471,0.0328409398214926,0
787.338888888889,-0.155,-0.0868215918365574,0.00627349531558225,0.0328425256787603,0
787.341666666667,-0.145,-0.0880665444063855,0.00645894315111127,0.0328440423773801,0
787.344444444444,-0.125,-0.0863451413585656,0.00665413848575452,0.0328454249750234,0
787.347222222222,-0.12,-0.0820271957533081,0.00675026080938555,0.0328467415229823,0
787.35,-0.13,-0.0756941884755333,0.00670392162602419,0.0328481712318395,0
787.352777777778,-0.135,-0.0680865964172034,0.00648669029215137,0.0328497047488162,0
787.355555555556,-0.13,-0.0600354374550415,0.00630043575758915,0.0328513588936411,0
787.358333333333,-0.125,-0.0523842388506033,0.0061598721668417,0.0328531857235391,0
787.361111111111,-0.09,-0.0459086608752226,0.00607677211780091,0.0328552708716056,0
787.363888888889,-0.075,-0.0412413671573619,0.00605882714285461,0.0328576791516389,0
787.366666666667,-0.11,-0.0388093800733527,0.00610888178801855,0.0328603633428958,0
787.369444444444,-0.13,-0.0387901125103288,0.00622462353986574,0.0328632784590265,0
787.372222222222,-0.145,-0.041090611625065,0.00639876727789496,0.0328663464168126,0
787.375,-0.14,-0.0453524303107507,0.00661972463864673,0.0328693219040692,0
787.377777777778,-0.13,-0.0509821494790833,0.00687270030673346,0.0328719956766644,0
787.380555555556,-0.125,-0.0572051303827535,0.00714111354745143,0.0328742669562473,0
787.383333333333,-0.12,-0.06313781205578,0.00740820867034376,0.0328760683786063,0
787.386111111111,-0.13,-0.0678720034884957,0.00753997873578347,0.0328773809778923,0
787.388888888889,-0.13,-0.0705633392771004,0.00746375287392808,0.0328782479130794,0
787.391666666667,-0.125,-0.0705155056999972,0.00727923970212378,0.0328787829241517,0
787.394444444444,-0.12,-0.0672520707031025,0.00713491605233299,0.032879287697698,0
787.397222222222,-0.115,-0.0605687620517976,0.00702864859747982,0.032880143512595,0
787.4,-0.135,-0.0505607542838347,0.00695329984365586,0.0328815589812908,0
787.402777777778,-0.15,-0.0376217996124826,0.00689753777715011,0.0328844357419924,0
787.405555555556,-0.155,-0.0224146666969136,0.00684711900302017,0.0328920197050019,0
787.408333333333,-0.135,-0.00581509192803405,0.00678652730196729,0.0329067860411641,0
787.411111111111,-0.13,0.01116595805006,0.00687091644108358,0.0329311392022399,0
787.413888888889,-0.12,0.0274747172751912,0.00699430208157804,0.0329672459626603,0
787.416666666667,-0.14,0.0421131695136283,0.0071638151879805,0.0330168656274635,0
787.419444444444,-0.17,0.0542343423663347,0.00738252462526813,0.0330811929973149,0
787.422222222222,-0.18,0.0632250535000402,0.00764731223721893,0.0331607250208258,0
787.425,-0.16,0.0687677884456116,0.00794869654356279,0.0332551620110545,0
787.427777777778,-0.15,0.0708751840570629,0.00827132480370628,0.0333632503239753,0
787.430555555556,-0.155,0.0698930587616127,0.00859511641730744,0.0334829282514185,0
787.433333333333,-0.16,0.0664708525472159,0.00889367495332248,0.0336104615767457,0
787.436111111111,-0.185,0.0615014497757959,0.00892455213739562,0.033741864034444,0
787.438888888889,-0.175,0.0560353650322524,0.00873703201774913,0.0338731545977863,0
787.441666666667,-0.165,0.0511768869855386,0.0086366057094218,0.0340074691822104,0
787.444444444444,-0.15,0.047971737717446,0.00863599663844216,0.0341489814317936,0
787.447222222222,-0.15,0.0472969099639704,0.00874033635463676,0.0343003237184932,0
787.45,-0.165,0.0497634625613668,0.00894618930379291,0.0344633480054829,0
787.452777777778,-0.175,0.0556421452504424,0.0092413857580023,0.0346390655080719,0
787.455555555556,-0.17,0.0648198440217994,0.00960573125238258,0.0348276560978554,0
787.458333333333,-0.165,0.0767921368714731,0.0100125781326444,0.0350286452356016,0
787.461111111111,-0.14,0.0906939585217167,0.0104311586874537,0.0352408891995713,0
787.463888888889,-0.15,0.105366785078715,0.0108294978579641,0.0354627987831432,0
787.466666666667,-0.165,0.119457196055592,0.0111776546806459,0.0356925387005679,0
787.469444444444,-0.18,0.13153848863863,0.0114509926415457,0.0359282370024877,0
787.472222222222,-0.18,0.14024451976017,0.0115654229478037,0.0361681896623768,0
787.475,-0.17,0.144403393095185,0.0114801458852451,0.03641103900324,0
787.477777777778,-0.155,0.143158167913629,0.0114853496291523,0.0366558328213087,0
787.480555555556,-0.16,0.136062523087158,0.0115621502123185,0.0368990585144097,0
787.483333333333,-0.165,0.123141231474216,0.0116800584939257,0.0371404042488939,0
787.486111111111,-0.185,0.104908246789004,0.0117991095134446,0.0373790083568513,0
787.488888888889,-0.175,0.0823389364945956,0.0118731514523802,0.0376135588489431,0
787.491666666667,-0.185,0.0567971893444292,0.0118922197946391,0.0378424423309157,0
787.494444444444,-0.175,0.0299224107822699,0.0120495775551615,0.0380639290217528,0
787.497222222222,-0.175,0.00348539901624002,0.0123823729713888,0.0382763774021891,0
787.5,-0.165,-0.0207746099259367,0.0129148257939598,0.0384784402716553,0
787.502777777778,-0.18,-0.0413171570044428,0.013654005312691,0.0386692538016413,0
787.505555555556,-0.18,-0.0569564398077875,0.0145867242486106,0.0388485925518179,0
787.508333333333,-0.175,-0.0669906362853313,0.0156779246106215,0.0390169762361395,0
787.511111111111,-0.15,-0.0712912404622653,0.0168708306723148,0.0391756066554796,0
787.513888888889,-0.15,-0.0703420690620697,0.0180890130808696,0.0393264184020905,0
787.516666666667,-0.16,-0.0652217577173396,0.0192403562681036,0.0394727863467553,0
787.519444444444,-0.175,-0.0575284560619759,0.0201368829243722,0.0396193723973086,0
787.522222222222,-0.165,-0.0492506378486533,0.0203560209451523,0.0397636902851026,0
787.525,-0.155,-0.0425930090145132,0.0200212288100928,0.0399018611750172,0
787.527777777778,-0.14,-0.0397709650319065,0.0201463169665531,0.0400300912795011,0
787.530555555556,-0.145,-0.0427904995548129,0.0207957013718633,0.0401449107125152,0
787.533333333333,-0.17,-0.0532325572990371,0.0220048168256918,0.0402442703078766,0
787.536111111111,-0.17,-0.0720613231409847,0.0237744683308888,0.0403276837949453,0
787.538888888889,-0.185,-0.0994747478452184,0.0260673002534045,0.0403955937310731,0
787.541666666667,-0.155,-0.134812775538668,0.0288068007705642,0.0404492103994712,0
787.544444444444,-0.13,-0.176534451237334,0.0318790881451885,0.0404899768991552,0
787.547222222222,-0.13,-0.222269672712526,0.0351375267292404,0.0405167617314894,0
787.55,-0.165,-0.26894524108467,0.038410008790851,0.0405315048732539,0
787.552777777778,-0.17,-0.3129785620543,0.0415085293510868,0.040536489457773,0
787.555555555556,-0.16,-0.350526387819102,0.0441750315193288,0.0405350969277897,0
787.558333333333,-0.155,-0.377770886032448,0.0460024407009681,0.040529049206655,0
787.561111111111,-0.135,-0.39122153346154,0.0469363389794542,0.0405211217259977,0
787.563888888889,-0.145,-0.388009213765322,0.0469812854943756,0.0405112641708791,0
787.566666666667,-0.155,-0.366148672542761,0.0473043343608398,0.0405034452386114,0
787.569444444444,-0.175,-0.324747214494358,0.0486062088413481,0.0404964168961395,0
787.572222222222,-0.15,-0.264141119183165,0.0506633306263664,0.0404880617710995,0
787.575,-0.09,-0.185946446970293,0.0530998620598995,0.0404759719787579,0
787.577777777778,-0.01,-0.0930173094513094,0.0557223522814375,0.0404575924997951,0
787.580555555556,0.05,0.010688214488501,0.0583411176447479,0.0404303877481804,0
787.583333333333,0.09,0.12032709543111,0.0607856054486753,0.0403920207666038,0
787.586111111111,0.175,0.23046109717196,0.0629178268686649,0.0403405330124902,0
787.588888888889,0.29,0.335397273436211,0.0646427352577328,0.0402745120350747,0
787.591666666667,0.455,0.429554973859984,0.065914689002882,0.0401932345722843,0
787.594444444444,0.655,0.507832708139198,0.066739475184396,0.0400967737306382,0
787.597222222222,0.86,0.565947885751468,0.0671717524806154,0.0399870800701739,0
787.6,1.04,0.600724237482927,0.0673081661854655,0.0398674422266041,0
787.602777777778,1.19,0.610305504628973,0.0672767608215913,0.0397414020901999,1
787.605555555556,1.275,0.594279458667371,0.0673298872101931,0.0396126221836012,0
787.608333333333,1.22,0.553703054750023,0.0672555059744261,0.0394846888654606,0
787.611111111111,1.04,0.491026988461587,0.066916441920005,0.0393550362034763,0
787.613888888889,0.75,0.409925519144904,0.0662016812139338,0.0392192681520061,0
787.616666666667,0.455,0.315044536878355,0.0650381601046606,0.0390741607516664,0
787.619444444444,0.155,0.211686916638117,0.0633991929301942,0.0389180498258237,0
787.622222222222,-0.105,0.105458742630775,0.0613087890837404,0.0387499464543624,0
787.625,-0.29,0.00190264575240974,0.0588414641745873,0.0385695137522808,0
787.627777777778,-0.34,-0.0938549190057503,0.0561175397082234,0.0383769955688179,0
787.630555555556,-0.335,-0.177417145987221,0.053294314522915,0.038173104416482,0
787.633333333333,-0.29,-0.245369266220758,0.0505538463794564,0.03795887981823,0
787.636111111111,-0.26,-0.295453133575922,0.0480883729655822,0.0377355301548041,0
787.638888888889,-0.215,-0.32665362922992,0.0460846032990723,0.0375042721959574,0
787.641666666667,-0.185,-0.33919352110666,0.0450626314289714,0.0372661824170073,0
787.644444444444,-0.16,-0.334440536140988,0.0450202571973587,0.0370220726584775,0
787.647222222222,-0.185,-0.314737050755672,0.0447964133943579,0.0367728122069312,0
787.65,-0.185,-0.283168450285481,0.0437001315959652,0.0365235740491281,0
787.652777777778,-0.215,-0.24329041545035,0.041758701294868,0.0362796333513215,0
787.655555555556,-0.245,-0.198837855406402,0.0390557641706174,0.0360422409742694,0
787.658333333333,-0.25,-0.153438765946945,0.0358422709775764,0.0358123565328902,0
787.661111111111,-0.245,-0.110354953554293,0.0324956091893896,0.0355910844157399,0
787.663888888889,-0.245,-0.0722684949771239,0.0291982193514838,0.0353795294597383,0
787.666666666667,-0.245,-0.041128302760828,0.0261144604952265,0.0351786422876722,0
787.669444444444,-0.26,-0.0180656568705189,0.023381999375609,0.0349890679258137,0
787.672222222222,-0.26,-0.0033815326070468,0.0211055230683105,0.034811011106542,0
787.675,-0.27,0.00339747266981493,0.0193530555612705,0.0346441303496555,0
787.677777777778,-0.265,0.00340332995329723,0.0181549595654225,0.034487470622669,0
787.680555555556,-0.26,-0.00173583754523627,0.0175055096626463,0.0343394412997539,0
787.683333333333,-0.26,-0.0100882519745135,0.0173667464924694,0.0341978939924527,0
787.686111111111,-0.27,-0.0196228276490928,0.0173463842295347,0.0340601168749235,0
787.688888888889,-0.28,-0.0284070594130529,0.0166767853210404,0.0339229386724024,0
787.691666666667,-0.265,-0.0347816469696691,0.0157408614776095,0.033788542277572,0
787.694444444444,-0.265,-0.0374979396830866,0.0146384713357735,0.0336605317815749,0
787.697222222222,-0.265,-0.0358082600147288,0.0134661594142147,0.0335424199866861,0
787.7,-0.29,-0.0295038316319072,0.0123108007134853,0.0334369470821122,0
787.702777777778,-0.31,-0.0188999629238339,0.0112446043036727,0.0333458738239332,0
787.705555555556,-0.315,-0.00477287287693052,0.0103217292607604,0.0332701227948063,0
787.708333333333,-0.3,0.0117433194123225,0.00957662324545084,0.0332097879615643,0
787.711111111111,-0.27,0.0292877334821356,0.00902405222799524,0.033164192495271,0
787.713888888889,-0.27,0.0464182960115124,0.00866066049178017,0.0331319884767275,0
787.716666666667,-0.285,0.0617573794870863,0.00846779261710588,0.033111289471823,0
787.719444444444,-0.305,0.0741238279605754,0.0085199504227769,0.0330998253980542,0
787.722222222222,-0.285,0.0826395879021848,0.00846972465210657,0.0330951082262587,0
787.725,-0.26,0.08680206724275,0.00835714624486173,0.0330945973132602,0
787.727777777778,-0.255,0.086516950203767,0.00822143603979593,0.0330958534779226,0
787.730555555556,-0.26,0.0820901411930729,0.0080970489251625,0.033096671959143,0
787.733333333333,-0.285,0.0741814204711863,0.00801094871366557,0.0330951863091982,0
787.736111111111,-0.295,0.0637259061524433,0.00798086715528753,0.0330936499021851,0
787.738888888889,-0.3,0.0518322190141391,0.00794712719451287,0.0330944381749955,0
787.741666666667,-0.31,0.039668102506053,0.00785137942735669,0.0330994099705666,0
787.744444444444,-0.295,0.0283450201733403,0.00770385264360596,0.0331096958830223,0
787.747222222222,-0.295,0.0188129024010214,0.00752128811206055,0.0331192330209693,0
787.75,-0.305,0.0117748160169248,0.00732457074258149,0.033128104956206,0
787.752777777778,-0.315,0.00762905210368956,0.00713615165079531,0.0331364242670951,0
787.755555555556,-0.305,0.00644321519238238,0.00697751826429476,0.0331443194582577,0
787.758333333333,-0.3,0.0079616488403244,0.00686694412293457,0.0331519223995941,0
787.761111111111,-0.265,0.0116442689894181,0.0068177077077614,0.0331593571526583,0
787.763888888889,-0.255,0.016731909608595,0.00683691304658593,0.0331667308664512,0
787.766666666667,-0.25,0.0223308893362661,0.00692498043523134,0.0331741274713122,0
787.769444444444,-0.25,0.0275078947758569,0.00705614638910044,0.0331815999517093,0
787.772222222222,-0.24,0.0313855761990621,0.00695259590799138,0.0331891085050392,0
787.775,-0.25,0.0332295037195165,0.00671624154275397,0.0331966571773838,0
787.777777777778,-0.24,0.032518282913624,0.00646442364116326,0.033204292530675,0
787.780555555556,-0.25,0.0289905397783315,0.00621730851094851,0.0332120141826794,0
787.783333333333,-0.27,0.0226649477990294,0.00599426831717678,0.033219759260948,0
787.786111111111,-0.27,0.0138322291669428,0.0058122261369157,0.0332274396808924,0
787.788888888889,-0.27,0.00302084059258255,0.00568430241910082,0.0332350256516667,0
787.791666666667,-0.25,-0.00905941981543119,0.00561886641054571,0.0332424747215744,0
787.794444444444,-0.225,-0.0215896141362921,0.00561905271135929,0.0332497514851616,0
787.797222222222,-0.23,-0.0337220475124206,0.00568275722019453,0.0332568339833128,0
787.8,-0.255,-0.0446606399458876,0.00569836311076183,0.0332637152731343,0
787.802777777778,-0.27,-0.0537333547134084,0.00561047229017781,0.0332704035604089,0
787.805555555556,-0.27,-0.0604497883246904,0.00545772236269993,0.0332769220226997,0
787.808333333333,-0.26,-0.0645387180258774,0.0052864511856073,0.0332833069588189,0
787.811111111111,-0.235,-0.0659625630844088,0.00514547660055938,0.0332896066134302,0
787.813888888889,-0.23,-0.0649081189544071,0.00508075384524878,0.0332958798882815,0
787.816666666667,-0.235,-0.0617553237817948,0.00513045282381188,0.0333021918657774,0
787.819444444444,-0.245,-0.057027975419718,0.00527189171970685,0.0333086494563467,0
787.822222222222,-0.225,-0.0513320245310123,0.005371715792828,0.0333153770307295,0
787.825,-0.225,-0.0452881654258708,0.00542732825695978,0.0333224820184062,0
787.827777777778,-0.2,-0.0394658354701834,0.00543959597251359,0.0333298921091212,0
787.830555555556,-0.2,-0.034325393334185,0.00541244609998989,0.0333375452678983,0
787.833333333333,-0.215,-0.0301742266973559,0.00535224553700222,0.0333453921283235,0
787.836111111111,-0.225,-0.0271409590298267,0.00526703645542378,0.0333533540626844,0
787.838888888889,-0.22,-0.0251699545554331,0.00516570742590162,0.0333613807286234,0
787.841666666667,-0.205,-0.0240361682032759,0.00505717798228567,0.033369457699119,0
787.844444444444,-0.175,-0.0233782754809575,0.00494966587834104,0.0333776148028572,0
787.847222222222,-0.19,-0.0227461598889726,0.00485009216078519,0.0333858852175581,0
787.85,-0.18,-0.0216574174157718,0.00476366137198338,0.0333943070927768,0
787.852777777778,-0.19,-0.0196566958965739,0.00473549179201404,0.0334029451862456,0
787.855555555556,-0.185,-0.0163714979977896,0.00478783139736446,0.0334117938353763,0
787.858333333333,-0.165,-0.0115585492109429,0.00482304091625835,0.033420845694531,0
787.861111111111,-0.14,-0.00513590795513707,0.00484323647213971,0.0334300661189709,0
787.863888888889,-0.13,0.00280244548398677,0.00485171113086873,0.0334394251887494,0
787.866666666667,-0.15,0.0119909278671337,0.00485249558058199,0.0334489240025099,0
787.869444444444,-0.175,0.0220149701383067,0.00484990571102502,0.0334585137956459,0
787.872222222222,-0.18,0.0323494142196781,0.00484811648141619,0.0334681739768723,0
787.875,-0.17,0.0424085451747641,0.00485079383067199,0.033477899445966,0
787.877777777778,-0.15,0.05160243669475,0.00486080688887623,0.0334876994716911,0
787.880555555556,-0.13,0.0593936752633544,0.00488003263637306,0.0334975979357459,0
787.883333333333,-0.135,0.0653485390164809,0.00490925557834069,0.0335076320088929,0
787.886111111111,-0.135,0.0691773348186433,0.0049481568957921,0.0335178494267077,0
787.888888888889,-0.125,0.0707597716445779,0.00499538153444557,0.033528234601644,0
787.891666666667,-0.13,0.0701528444051573,0.00504866809010145,0.0335387349468932,0
787.894444444444,-0.13,0.0675805517199936,0.00510502508701659,0.0335492903005249,0
787.897222222222,-0.14,0.0634066804994584,0.00516093796700928,0.0335598365292525,0
787.9,-0.16,0.0580936610168223,0.00521259323233089,0.0335703081711536,0
787.902777777778,-0.185,0.052151945024975,0.00525610901592137,0.0335806413779477,0
787.905555555556,-0.16,0.0460853368781489,0.0052877641822468,0.0335907775594791,0
787.908333333333,-0.155,0.0403381131396137,0.00530422028336408,0.0336006681968142,0
787.911111111111,-0.14,0.0352495586622714,0.00530273188790064,0.033610320538514,0
787.913888888889,-0.135,0.0310207488970239,0.00528134078976666,0.0336198268688664,0
787.916666666667,-0.155,0.0276971025415719,0.00523904847898437,0.0336293260275042,0
787.919444444444,-0.17,0.0251685513897701,0.00517595935729986,0.0336389376227955,0
787.922222222222,-0.165,0.0231872997205518,0.00509338503814584,0.033648745121152,0
787.925,-0.18,0.0214012687921425,0.00499389832623192,0.0336587785597795,0
787.927777777778,-0.165,0.019399638679207,0.00488132477754693,0.0336690465538835,0
787.930555555556,-0.175,0.0167655860919857,0.00489285533142544,0.033679480815776,0
787.933333333333,-0.195,0.0131305116622487,0.00501560705856063,0.033689999860783,0
787.936111111111,-0.21,0.00822384024367634,0.00513368598170589,0.0337005913955092,0
787.938888888889,-0.215,0.00191288876250289,0.00523990553025485,0.0337113288417217,0
787.941666666667,-0.22,-0.00577171021742669,0.00532705474307109,0.0337223337549595,0
787.944444444444,-0.21,-0.0146280634799881,0.00538835056147672,0.0337336609802514,0
787.947222222222,-0.205,-0.024293772795536,0.00541791254081753,0.0337453198956523,0
787.95,-0.205,-0.0342746515982694,0.00541122534052314,0.0337572850551422,0
787.952777777778,-0.21,-0.0439887538337554,0.00536555037502817,0.0337694994598031,0
787.955555555556,-0.22,-0.052821407776155,0.00528024742758332,0.0337818792540948,0
787.958333333333,-0.23,-0.06018571476729,0.00517430749283917,0.0337943204391001,0
787.961111111111,-0.225,-0.0655822980804281,0.00515718648326098,0.0338067091519072,0
787.963888888889,-0.225,-0.0686520471880507,0.00520560056732078,0.0338189322320514,0
787.966666666667,-0.2,-0.0692162100783483,0.0052871741390753,0.0338308870122006,0
787.969444444444,-0.22,-0.0672993871899368,0.00536404835939271,0.0338425614896585,0
787.972222222222,-0.215,-0.0631326598635957,0.00539711978223236,0.033854041424762,0
787.975,-0.215,-0.0571360784072195,0.00535047221576348,0.0338654765048518,0
787.977777777778,-0.21,-0.0498818402787644,0.0051955388662915,0.0338768943559546,0
787.980555555556,-0.215,-0.0420414936244574,0.00504128664699077,0.0338883140897183,0
787.983333333333,-0.21,-0.0343221988988467,0.00492295453872036,0.0338997471902977,0
787.986111111111,-0.205,-0.0273982933511372,0.00484489298186326,0.0339111979183754,0
787.988888888889,-0.205,-0.0218449984211393,0.00480882239382719,0.03392266428144,0
787.991666666667,-0.2,-0.018081017943151,0.0048137953321567,0.0339340987215335,0
787.994444444444,-0.19,-0.0163259936538043,0.00485639757937397,0.0339453899356421,0
787.997222222222,-0.19,-0.016577381901676,0.00493117599891174,0.0339564483231623,0
788,-0.21,-0.0186094237757102,0.00503125785452177,0.033967215419442,0
788.002777777778,-0.205,-0.0219946838826627,0.00514910533786166,0.0339776703009919,0
788.005555555556,-0.205,-0.0261463483919532,0.00527733261026691,0.0339878490139778,0
788.008333333333,-0.185,-0.0303773308940936,0.00540950271597218,0.0339978491439424,0
788.011111111111,-0.17,-0.0339704547436646,0.00540862501839931,0.0340078209516849,0
788.013888888889,-0.17,-0.0362527497458041,0.0052808068452728,0.0340177903609876,0
788.016666666667,-0.185,-0.0366663540296891,0.00515671946606318,0.0340277004627943,0
788.019444444444,-0.195,-0.0348287169082368,0.00503420395067741,0.0340375118589178,0
788.022222222222,-0.195,-0.0305757490681493,0.00490903176356822,0.0340472249808668,0
788.025,-0.215,-0.0239831809544437,0.00477550568879437,0.0340568727440743,0
788.027777777778,-0.19,-0.0153635186919417,0.0046272903120258,0.034066387893747,0
788.030555555556,-0.185,-0.00523842467765267,0.00445839406444688,0.0340756848493936,0
788.033333333333,-0.21,0.00571114272713412,0.00439300003724923,0.0340846637465346,0
788.036111111111,-0.235,0.016712370836129,0.0044937114058071,0.0340932170585755,0
788.038888888889,-0.23,0.026979051639955,0.00474212658525522,0.0341012373715372,0
788.041666666667,-0.215,0.0357932119699499,0.00501264781212868,0.034108626871593,0
788.044444444444,-0.18,0.0425815519773246,0.00529687991352149,0.0341153097728185,0
788.047222222222,-0.18,0.0469786479330751,0.00558284410602394,0.0341212471727544,0
788.05,-0.21,0.0488700175918735,0.00585565010647016,0.0341264489839848,0
788.052777777778,-0.215,0.0484100172862014,0.0060985581313471,0.0341309520552609,0
788.055555555556,-0.22,0.046011969826904,0.00629435507527348,0.0341348289189158,0
788.058333333333,-0.205,0.0423106816446362,0.00642693013752485,0.0341384585517443,0
788.061111111111,-0.185,0.0381003284164956,0.0063709554447242,0.0341421222802572,0
788.063888888889,-0.195,0.0342532898593267,0.0064007059331648,0.0341454884326302,0
788.066666666667,-0.2,0.0316276302379057,0.00651980592161452,0.0341481819700401,0
788.069444444444,-0.22,0.0309723264876964,0.00672555924495099,0.034149799711636,0
788.072222222222,-0.21,0.0328398801769528,0.0070086783746624,0.0341575415327469,0
788.075,-0.185,0.0375155341544777,0.00735364030058911,0.0341765014457695,0
788.077777777778,-0.165,0.0449709626063448,0.00773969083245069,0.0342086717546763,0
788.080555555556,-0.19,0.0548481200597095,0.00814245625011779,0.0342555174700745,0
788.083333333333,-0.205,0.0664761111070533,0.00853605735720021,0.0343178306331983,0
788.086111111111,-0.21,0.078920737198915,0.00889556207034031,0.0343957166136485,0
788.088888888889,-0.185,0.0910630937139959,0.00919956475907376,0.0344883810195998,0
788.091666666667,-0.16,0.101700550284998,0.0094326490696608,0.0345941481402562,0
788.094444444444,-0.15,0.109660956661002,0.00955575602011713,0.034709891315916,0
788.097222222222,-0.185,0.113919237750177,0.00947695125612847,0.034831840764145,0
788.1,-0.21,0.113704866719944,0.0094617213631265,0.0349559744350331,0
788.102777777778,-0.195,0.108589134715079,0.00948769083198581,0.0350813533786063,0
788.105555555556,-0.19,0.0985426669363317,0.00952389315330743,0.0352119424128596,0
788.108333333333,-0.185,0.083956158297072,0.00953311494087392,0.0353508418185475,0
788.111111111111,-0.19,0.065620609521152,0.00954590263766966,0.0355004980703753,0
788.113888888889,-0.19,0.0446671462644905,0.00971039649517786,0.0356625924151403,0
788.116666666667,-0.2,0.02247045273151,0.0100154885566675,0.035837990070801,0
788.119444444444,-0.21,0.000523574815338058,0.0104856915230816,0.0360267534761992,0
788.122222222222,-0.19,-0.0197050176200472,0.0111319522378002,0.0362282172775821,0
788.125,-0.155,-0.0369189943084849,0.0119484090099158,0.0364411178653929,0
788.127777777778,-0.145,-0.050132168237505,0.0129102651628947,0.0366637646661673,0
788.130555555556,-0.14,-0.0587829829033279,0.0139730807625525,0.0368942405034157,0
788.133333333333,-0.17,-0.0628130847722334,0.0150736897220865,0.0371306128946798,0
788.136111111111,-0.19,-0.0627003754686072,0.0161328297358241,0.037371136354965,0
788.138888888889,-0.215,-0.0594407541833966,0.0170594362323371,0.0376143407049577,0
788.141666666667,-0.205,-0.054477286358336,0.0177416249407745,0.0378577852141663,0
788.144444444444,-0.205,-0.04958038048284,0.0177599310263672,0.038099661288722,0
788.147222222222,-0.205,-0.0466872890219909,0.017802413840325,0.0383396705864999,0
788.15,-0.215,-0.0477134359792769,0.0183299864042491,0.03857695682385,0
788.152777777778,-0.225,-0.054351311536271,0.0193905649182837,0.0388102073058178,0
788.155555555556,-0.21,-0.0678746352969968,0.0210022054693467,0.0390378048052231,0
788.158333333333,-0.2,-0.0889659497748708,0.0231484298176026,0.0392580175903188,0
788.161111111111,-0.18,-0.117584667955076,0.0257756454089633,0.039469210264007,0
788.163888888889,-0.175,-0.152889905393771,0.0287930164443787,0.0396701825677204,0
788.166666666667,-0.195,-0.193228359922021,0.0320749805463262,0.0398601706487047,0
788.169444444444,-0.21,-0.236192368827179,0.0354664189717713,0.0400390894903631,0
788.172222222222,-0.22,-0.278747485224666,0.0387902908038797,0.0402076373980025,0
788.175,-0.19,-0.317422951999063,0.0418573479329191,0.040367336810465,0
788.177777777778,-0.175,-0.348552821487114,0.0444695999885136,0.0405209023663504,0
788.180555555556,-0.19,-0.36855066506203,0.0462386669917193,0.0406732484218825,0
788.183333333333,-0.18,-0.374197273549085,0.0471081296495162,0.040826042632707,0
788.186111111111,-0.185,-0.362918804165562,0.0470786113326143,0.0409753461718595,0
788.188888888889,-0.2,-0.333032691172504,0.0477513309725548,0.0411169275868391,0
788.191666666667,-0.195,-0.283940365489579,0.0493601262139908,0.0412467387644458,0
788.194444444444,-0.155,-0.216249326252091,0.0515589228855162,0.0413613625948698,0
788.197222222222,-0.085,-0.131812126619691,0.0541733514483955,0.0414591684785165,0
788.2,-0.04,-0.033675996554057,0.0570157468497082,0.0415402436383909,0
788.202777777778,0.005,0.0740563559083744,0.0599004176285682,0.0416055521301178,0
788.205555555556,0.07,0.186447291553288,0.0626583820544091,0.0416568083881867,0
788.208333333333,0.205,0.298012179820216,0.0651503416612749,0.0416963132424879,0
788.211111111111,0.395,0.403055277617185,0.0672768164587029,0.0417267659781547,0
788.213888888889,0.575,0.496030036228234,0.0689846117926271,0.0417510651148222,0
788.216666666667,0.765,0.571898055144098,0.0702691032314831,0.0417721133901464,0
788.219444444444,0.97,0.626460619522276,0.0711721857593662,0.0417926396782996,0
788.222222222222,1.135,0.656638504423447,0.0717761059940895,0.041815048884616,0
788.225,1.25,0.660679379108787,0.0721937490619092,0.041837328722989,1
788.227777777778,1.245,0.638277418089663,0.0718312433098197,0.0418557978794668,0
788.230555555556,1.145,0.590596209130733,0.0713884328510446,0.0418680696006319,0
788.233333333333,0.95,0.520193230099503,0.0707398609641982,0.0418737526627384,0
788.236111111111,0.7,0.430851478015277,0.0697834191633314,0.0418729341525797,0
788.238888888889,0.425,0.327330696899336,0.0684516087972635,0.0418661008866369,0
788.241666666667,0.15,0.21505652613219,0.066719707996711,0.0418588860837112,0
788.244444444444,-0.115,0.0997703203441076,0.0646101188414009,0.0418517936255985,0
788.247222222222,-0.335,-0.0128349627832487,0.0621924991718259,0.0418447508755657,0
788.25,-0.43,-0.11746674081382,0.0595796458628618,0.0418377160643507,0
788.252777777778,-0.405,-0.209547921895109,0.0569194604065178,0.0418306839064526,0
788.255555555556,-0.33,-0.285473640396328,0.0543836621524141,0.0418236844756289,0
788.258333333333,-0.255,-0.342792903192989,0.0521541910924664,0.0418168414252086,0
788.261111111111,-0.205,-0.380304433574882,0.0504084373858521,0.0418105425302038,0
788.263888888889,-0.21,-0.398062691028709,0.0494311085534024,0.0418049168757652,0
788.266666666667,-0.225,-0.397296888455782,0.0494890283073535,0.0417999901564655,0
788.269444444444,-0.27,-0.380252278767202,0.0489765586143434,0.04179567997187,0
788.272222222222,-0.265,-0.349968537802821,0.0475846301648058,0.0417877651406062,0
788.275,-0.245,-0.310014310790471,0.0453379679465737,0.0417788773753257,0
788.277777777778,-0.26,-0.26419961177404,0.0423158856809808,0.0417715047666639,0
788.280555555556,-0.255,-0.21628860492443,0.0388448572724994,0.0417636774612747,0
788.283333333333,-0.28,-0.16973433796599,0.0352459355022481,0.0417531245520815,0
788.286111111111,-0.295,-0.127454372738752,0.0317149844500805,0.0417373969858898,0
788.288888888889,-0.295,-0.0916622304317817,0.028428745792835,0.0417140170564002,0
788.291666666667,-0.27,-0.0637645108687888,0.0255354647980286,0.0416806469167677,0
788.294444444444,-0.265,-0.0443279016267488,0.0231479356111392,0.041635264848581,0
788.297222222222,-0.27,-0.0331145434493676,0.0213392971522558,0.0415763353609655,0
788.3,-0.295,-0.0291788365630044,0.0201417028960061,0.0415029605138275,0
788.302777777778,-0.305,-0.0310141853231346,0.0195477802424192,0.0414149999714133,0
788.305555555556,-0.315,-0.0367347328730558,0.019514603347098,0.0413131488919155,0
788.308333333333,-0.29,-0.0442750727948878,0.0199169267055958,0.0411992562020864,0
788.311111111111,-0.29,-0.0515903567172263,0.0195905116819906,0.0410770778643294,0
788.313888888889,-0.275,-0.0568401314197253,0.018637107985032,0.0409508439531509,0
788.316666666667,-0.29,-0.058541497801758,0.0173286590762853,0.0408245952751627,0
788.319444444444,-0.3,-0.0556805405317786,0.015956245796142,0.0406970970648409,0
788.322222222222,-0.305,-0.0477751011019185,0.0146185885001527,0.0405639800712071,0
788.325,-0.305,-0.0348864758266979,0.0133979572779088,0.0404218510759412,0
788.327777777778,-0.29,-0.0175821137594602,0.0123561076515935,0.0402689730942466,0
788.330555555556,-0.285,0.00314451542172359,0.0115321306726302,0.0401044592652031,0
788.333333333333,-0.27,0.025987350083222,0.0109422232503835,0.0399282616618354,0
788.336111111111,-0.285,0.0494625532768215,0.0105812370802556,0.0397410919634017,0
788.338888888889,-0.29,0.0720515826422414,0.0104257372182988,0.0395442813080637,0
788.341666666667,-0.305,0.0923393560701142,0.0104382030410109,0.0393395930884265,0
788.344444444444,-0.28,0.109135483559627,0.0104453653814378,0.039129136626819,0
788.347222222222,-0.255,0.121568663528987,0.0102551585350718,0.0389149570114438,0
788.35,-0.25,0.129147237533018,0.0100299859429365,0.0386987855871482,0
788.352777777778,-0.275,0.1317822712856,0.00982828828105256,0.0384819103319606,0
788.355555555556,-0.29,0.129773062626906,0.0096855128376587,0.0382649970058139,0
788.358333333333,-0.285,0.123758348734629,0.00962785397662301,0.0380476214700407,0
788.361111111111,-0.265,0.114639403468708,0.00959267991729749,0.0378303778489326,0
788.363888888889,-0.255,0.103483441955343,0.00946325041551147,0.0376144632492749,0
788.366666666667,-0.25,0.0914171158912486,0.0092513056635867,0.037401557173822,0
788.369444444444,-0.26,0.0795203059742121,0.00897759567648349,0.0371936521474649,0
788.372222222222,-0.28,0.0687299016563745,0.00866907328222643,0.0369928483023956,0
788.375,-0.265,0.0597618913480451,0.00835571598190523,0.0368011286409434,0
788.377777777778,-0.235,0.0530580291674087,0.00806728987005413,0.0366201364150828,0
788.380555555556,-0.245,0.0487608134223962,0.00783035344577883,0.0364509742158807,0
788.383333333333,-0.255,0.0467177567898857,0.0076657589789637,0.0362940430959945,0
788.386111111111,-0.27,0.0465132077845768,0.00758684894354718,0.0361489362659175,0
788.388888888889,-0.25,0.0475235425344834,0.00759847115944952,0.0360143971272944,0
788.391666666667,-0.235,0.048989594262188,0.00769685581153902,0.0358883465935071,0
788.394444444444,-0.215,0.0500988811062652,0.00787031775419861,0.0357664033325819,0
788.397222222222,-0.22,0.0500696216942677,0.00796210923262461,0.035644343486623,0
788.4,-0.23,0.0482287121447284,0.00781184441462698,0.0355230587476773,0
788.402777777778,-0.24,0.0440767282666626,0.00753804590075716,0.0354064094174964,0
788.405555555556,-0.245,0.0373345007972605,0.00727972038696807,0.0352981331140633,0
788.408333333333,-0.235,0.027967728356016,0.00705908851274623,0.0352015922559808,0
788.411111111111,-0.225,0.0161882486082869,0.00689387773079873,0.0351190329019022,0
788.413888888889,-0.215,0.00243277565610312,0.00679582549987818,0.0350510255050255,0
788.416666666667,-0.22,-0.0126780702938143,0.00676978692029966,0.0349973335764665,0
788.419444444444,-0.24,-0.0283959433552507,0.00681350315891585,0.0349569963346696,0
788.422222222222,-0.255,-0.0439104772454845,0.00691802516960174,0.0349284490296296,0
788.425,-0.225,-0.0584182137079184,0.00706872865785923,0.0349096704837069,0
788.427777777778,-0.195,-0.0711884379384463,0.00724680599388659,0.0348983455807238,0
788.430555555556,-0.195,-0.0816201668530729,0.00736140466301135,0.0348920541302288,0
788.433333333333,-0.2,-0.0892855969427828,0.00742919997149614,0.0348883693747431,0
788.436111111111,-0.2,-0.0939567584758306,0.00748618673262194,0.0348850397972936,0
788.438888888889,-0.205,-0.0956137926461762,0.00756749439657771,0.0348815650509849,0
788.441666666667,-0.175,-0.0944350042824794,0.00758450820736506,0.0348808518031761,0
788.444444444444,-0.17,-0.0907704826689982,0.00753070267499105,0.0348802369454253,0
788.447222222222,-0.165,-0.0851024809573371,0.00740554925759848,0.0348789940159148,0
788.45,-0.16,-0.0779967837167782,0.00721439147047005,0.0348770624340109,0
788.452777777778,-0.155,-0.0700498940956365,0.00696781797790006,0.0348744343670754,0
788.455555555556,-0.15,-0.0618370025950842,0.00668060992261539,0.0348711445771972,0
788.458333333333,-0.14,-0.0538653694945784,0.00637037331447934,0.03486725835122,0
788.461111111111,-0.135,-0.0465370154396749,0.00605599054655724,0.0348628588887512,0
788.463888888889,-0.15,-0.0401235576476974,0.0057560354160819,0.0348580351566847,0
788.466666666667,-0.15,-0.0347547658975949,0.00548729299789447,0.0348528712729125,0
788.469444444444,-0.145,-0.0304210697430702,0.00526351014884458,0.03484743822523,0
788.472222222222,-0.115,-0.0269889540693066,0.00509447620022248,0.0348418658980241,0
788.475,-0.095,-0.0242270511525814,0.00498549928718125,0.0348360333613332,0
788.477777777778,-0.08,-0.0218398694858665,0.00493730513614568,0.0348298583368689,0
788.480555555556,-0.08,-0.0195055594234939,0.00494634563092905,0.0348233949321441,0
788.483333333333,-0.09,-0.0169139359842745,0.00492417195070541,0.0348168090797586,0
788.486111111111,-0.12,-0.0138011576192571,0.0048247774169837,0.0348102639596009,0
788.488888888889,-0.105,-0.0099779610047369,0.0046964492182273,0.0348039037984928,0
788.491666666667,-0.095,-0.0053491125415374,0.00455086672698696,0.0347977950567842,0
788.494444444444,-0.09,7.73268073906906e-05,0.00439891372639239,0.0347919298517553,0
788.497222222222,-0.1,0.00619131112136268,0.00424970126297222,0.034786210816175,0
788.5,-0.1,0.0127920839130582,0.00410983640697062,0.0347805374003853,0
788.502777777778,-0.11,0.0196079190195072,0.00398299718849871,0.0347748111731272,0
788.505555555556,-0.115,0.0263221253545058,0.0038698425581086,0.0347689373531234,0
788.508333333333,-0.115,0.0326026469625866,0.00376825302513023,0.0347628252356139,0
788.511111111111,-0.1,0.0381323913671726,0.00367386575680069,0.0347563874427724,0
788.513888888889,-0.1,0.0426374909786867,0.00358084027778041,0.0347495385027629,0
788.516666666667,-0.12,0.0459110221317031,0.0034884345497709,0.0347421933569812,0
788.519444444444,-0.135,0.0478302306507663,0.00343292942205739,0.0347342664152158,0
788.522222222222,-0.145,0.0483659822879775,0.00339683954024868,0.0347256571019704,0
788.525,-0.14,0.0475839021524258,0.00336142011144629,0.0347214580660136,0
788.527777777778,-0.15,0.0456374182047005,0.00330852074304025,0.0347233686254332,0
788.530555555556,-0.155,0.0427536132101114,0.00322227523519588,0.0347318652440546,0
788.533333333333,-0.18,0.0392133606062123,0.00309049433527071,0.0347472441107607,0
788.536111111111,-0.18,0.0353276305448449,0.00290566287526435,0.0347695750567158,0
788.538888888889,-0.18,0.0314120782683852,0.00272418872802291,0.0347986594928345,0
788.541666666667,-0.17,0.0277620615491673,0.00256149928468654,0.0348339965176807,0
788.544444444444,-0.16,0.024630088038503,0.00242842586332163,0.034874760572997,0
788.547222222222,-0.16,0.0222073927447733,0.00233474668881978,0.0349197943205033,0
788.55,-0.17,0.0206109273718051,0.00228821067745083,0.0349676195766751,0
788.552777777778,-0.18,0.0198765505896296,0.00229371115443104,0.0350163909973567,0
788.555555555556,-0.19,0.0199586873940791,0.00235269166724568,0.0350639930764962,0
788.558333333333,-0.18,0.0207362203571023,0.00246284572060805,0.0351104616861115,0
788.561111111111,-0.165,0.022023923847022,0.00261814608246902,0.0351589251594538,0
788.563888888889,-0.165,0.0235883838509721,0.00280920962047953,0.0352124803659667,0
788.566666666667,-0.19,0.0251670805322144,0.00297003650375703,0.0352740290219627,0
788.569444444444,-0.21,0.026489157419248,0.0030604495471297,0.0353461261864283,0
788.572222222222,-0.215,0.0272963597846175,0.00308166620423875,0.0354308161944124,0
788.575,-0.205,0.0273626867933611,0.00303917833213689,0.03552946718679,0
788.577777777778,-0.17,0.0265114527493907,0.00294229623047009,0.0356423893388691,0
788.580555555556,-0.17,0.02462867381445,0.00281110510909139,0.0357692567906261,0
788.583333333333,-0.165,0.0216719679275835,0.00272553389989348,0.0359090963885761,0
788.586111111111,-0.175,0.0176744576531384,0.00268713306847809,0.0360602989238287,0
788.588888888889,-0.17,0.0127434803747572,0.00269311135924078,0.0362206657173316,0
788.591666666667,-0.16,0.00705422213774511,0.00273653152384102,0.0363874902755241,0
788.594444444444,-0.165,0.000838687654606388,0.0028068732285332,0.0365576717233474,0
788.597222222222,-0.175,-0.00562931104591876,0.00288525725832929,0.0367278548848022,0
788.6,-0.18,-0.0120522300589499,0.00291462515835229,0.0368945896380904,0
788.602777777778,-0.19,-0.018128824298466,0.00289274164962558,0.0370565251388017,0
788.605555555556,-0.18,-0.0235748840490653,0.00285578305878347,0.0372146255690999,0
788.608333333333,-0.17,-0.0281433462545978,0.00286028492715834,0.0373695480093328,0
788.611111111111,-0.16,-0.0316424343053493,0.00291422867540008,0.0375215696346891,0
788.613888888889,-0.165,-0.0339505386182946,0.00302124941326731,0.0376707146319675,0
788.616666666667,-0.165,-0.0350266877313246,0.00318016101162123,0.0378168384336061,0
788.619444444444,-0.165,-0.0349156779748471,0.00332618152542114,0.0379597334002686,0
788.622222222222,-0.17,-0.0337472263223685,0.00343626159152807,0.038099244501199,0
788.625,-0.15,-0.0317288769227506,0.00349307767862801,0.0382353839838909,0
788.627777777778,-0.125,-0.0291328111969029,0.00348182162222831,0.0383684332424598,0
788.630555555556,-0.13,-0.0262771610505276,0.00339146243957492,0.0384990211653227,0
788.633333333333,-0.125,-0.023502874832279,0.00321580325026101,0.0386281703931288,0
788.636111111111,-0.125,-0.0211476011637431,0.00304871289458463,0.0387573057374904,0
788.638888888889,-0.13,-0.0195183991000528,0.00294476854187337,0.0388859455549593,0
788.641666666667,-0.12,-0.0188653173632075,0.00291325600517931,0.0390107879783181,0
788.644444444444,-0.11,-0.0193579782327363,0.00295838090968448,0.0391295241987181,0
788.647222222222,-0.105,-0.0210672290968499,0.00307885215773636,0.0392398039473792,0
788.65,-0.12,-0.0239536746828939,0.0032679252829174,0.0393393582684856,0
788.652777777778,-0.125,-0.027864478446413,0.00351390986824805,0.0394262595717821,0
788.655555555556,-0.12,-0.0325392418074203,0.00380110480967257,0.0394998545585735,0
788.658333333333,-0.11,-0.0376250707515881,0.00411108706650634,0.0395601706449928,0
788.661111111111,-0.1,-0.0427001716036297,0.00441659119576806,0.0396078755735378,0
788.663888888889,-0.105,-0.0473045440163945,0.00463320113805546,0.039644202447465,0
788.666666666667,-0.115,-0.0509756286552482,0.00475817363809805,0.0396708465274602,0
788.669444444444,-0.13,-0.0532861896366814,0.0047967629363794,0.0396898406341937,0
788.672222222222,-0.135,-0.0538813313835899,0.00476207951565847,0.0397034180360318,0
788.675,-0.145,-0.0525114172150661,0.00467423029099849,0.0397138723942823,0
788.677777777778,-0.14,-0.0490578047431676,0.00462726000080026,0.0397234237641905,0
788.680555555556,-0.145,-0.0435487492942641,0.00462912669056613,0.0397340991127452,0
788.683333333333,-0.14,-0.0361635328240981,0.00466751822090718,0.0397457078513434,0
788.686111111111,-0.13,-0.0272238068799942,0.00469271771771379,0.0397556445917093,0
788.688888888889,-0.115,-0.0171722240442116,0.00463718090754133,0.0397615388912805,0
788.691666666667,-0.105,-0.00653958301887123,0.0045894136990258,0.0397616717790674,0
788.694444444444,-0.105,0.00409717459538506,0.00457228762729927,0.0397559023497252,0
788.697222222222,-0.125,0.0141628091565945,0.00459851452368392,0.0397478039501451,0
788.7,-0.13,0.0231334386616619,0.00467605720260315,0.0397406073022289,0
788.702777777778,-0.155,0.0305835786404753,0.0048071572914046,0.0397341567807526,0
788.705555555556,-0.17,0.036226130541328,0.00498789126042944,0.0397282690640217,0
788.708333333333,-0.16,0.039941285917335,0.00520831426872999,0.0397227488363434,0
788.711111111111,-0.135,0.0417911168628033,0.00545319848648104,0.039717416815599,0
788.713888888889,-0.13,0.0420177755659125,0.00570331686669479,0.039712188690369,0
788.716666666667,-0.125,0.0410246403131252,0.00584269304403479,0.039706986445216,0
788.719444444444,-0.13,0.0393413042462249,0.00580034950199019,0.0397017385088992,0
788.722222222222,-0.13,0.0375748681294889,0.00566239975577743,0.0396963804639388,0
788.725,-0.14,0.0363514218525687,0.00559828597603524,0.0396909702884423,0
788.727777777778,-0.145,0.0362527384834563,0.00561828935960368,0.039685492647809,0
788.730555555556,-0.155,0.0377539350225497,0.00572575652665116,0.0396798592123894,0
788.733333333333,-0.18,0.0411680827059995,0.00591646190170795,0.0396740339053757,0
788.736111111111,-0.18,0.0466034260621617,0.00617869646791284,0.039668119213224,0
788.738888888889,-0.16,0.0539379926949871,0.00649411625819647,0.0396622260229187,0
788.741666666667,-0.145,0.0628149961222709,0.00683931324271755,0.0396564637085258,0
788.744444444444,-0.135,0.0726606536367561,0.00718799988062845,0.0396509308354971,0
788.747222222222,-0.145,0.0827240055163257,0.00751363299387682,0.0396457075481047,0
788.75,-0.155,0.0921362088125394,0.00779224909543547,0.0396408509975363,0
788.752777777778,-0.165,0.0999847835856464,0.00800524743866231,0.0396363923755588,0
788.755555555556,-0.16,0.10539660689703,0.00814184316272399,0.0396323362993523,0
788.758333333333,-0.145,0.107622256649635,0.00813243151150683,0.0396286625334012,0
788.761111111111,-0.145,0.106113743840902,0.00814127846710292,0.0396253296709751,0
788.763888888889,-0.16,0.100587826983259,0.00819773559275209,0.0396221826672448,0
788.766666666667,-0.18,0.0910680029156708,0.00827181974215123,0.0396190614613093,0
788.769444444444,-0.195,0.0778998722355113,0.00832603672835476,0.0396158970370276,0
788.772222222222,-0.17,0.061736775333524,0.00833354634329263,0.0396126458311462,0
788.775,-0.155,0.0434952152993258,0.00844506945395741,0.039609369207526,0
788.777777777778,-0.13,0.0242824068198913,0.008698877538085,0.0396061177606577,0
788.780555555556,-0.135,0.00530106476371252,0.00912463504026557,0.0396029272083479,0
788.783333333333,-0.155,-0.0122609877145171,0.00973905891864405,0.0395998170441717,0
788.786111111111,-0.16,-0.0273468998995725,0.0105422415355586,0.0395968863579712,0
788.788888888889,-0.165,-0.0391419222207805,0.0115150269338269,0.0395942685390944,0
788.791666666667,-0.14,-0.0471687051198271,0.0126177735904298,0.0395920723761859,0
788.794444444444,-0.11,-0.051356639820725,0.013790747486482,0.039590304359191,0
788.797222222222,-0.12,-0.0520768371882148,0.0149562731341163,0.0395889576009399,0
788.8,-0.145,-0.050136939409028,0.0160226349686353,0.0395879660211005,0
788.802777777778,-0.16,-0.0467332466484663,0.0167855418240118,0.0395872394799256,0
788.805555555556,-0.17,-0.0433613600389707,0.0169699748980468,0.0395866899788914,0
788.808333333333,-0.155,-0.041690384069956,0.0168018971577308,0.0395862377085487,0
788.811111111111,-0.125,-0.0434093594422475,0.0171133211897497,0.0395858188358158,0
788.813888888889,-0.12,-0.0500576773349759,0.0179644975195571,0.0395853041102045,0
788.816666666667,-0.14,-0.0628534551308382,0.019386930254742,0.0395847855639144,0
788.819444444444,-0.155,-0.0825349893269001,0.0213778846285996,0.039584370951395,0
788.822222222222,-0.145,-0.10923028522716,0.0238968800381826,0.0395841104234101,0
788.825,-0.125,-0.142368238632168,0.0268645842291348,0.0395840252122958,0
788.827777777778,-0.105,-0.180642367061518,0.0301643715279263,0.0395841198928012,0
788.830555555556,-0.11,-0.222034223399215,0.0336466264128632,0.0395843785861853,0
788.833333333333,-0.115,-0.263899041157837,0.0371356757759337,0.0395847636125464,0
788.836111111111,-0.115,-0.303111108250615,0.040439033321314,0.0395852162437181,0
788.838888888889,-0.115,-0.33626125120427,0.0433584528152405,0.0395856603472903,0
788.841666666667,-0.105,-0.359894062818923,0.0455683420559054,0.0395860072897492,0
788.844444444444,-0.125,-0.370768538823581,0.0469287367399321,0.0395861629961603,0
788.847222222222,-0.115,-0.366122969225159,0.0474010784953833,0.0395860141451527,0
788.85,-0.11,-0.343923541616449,0.0476862896161016,0.0395853906058309,0
788.852777777778,-0.12,-0.303076331150047,0.0488924171362866,0.0395843385989669,0
788.855555555556,-0.095,-0.243584221795489,0.0507911310937547,0.039582964818285,0
788.858333333333,-0.045,-0.166633736474183,0.0532327182314366,0.0395813282401019,0
788.861111111111,0.025,-0.0746015275400967,0.0560429262715973,0.0395794246751932,0
788.863888888889,0.095,0.0290239464757468,0.059036811471363,0.0395772304588401,0
788.866666666667,0.16,0.139803690325756,0.0620332267580705,0.0395748291030854,0
788.869444444444,0.265,0.252584104310132,0.0648687657835674,0.0395722963358053,0
788.872222222222,0.43,0.361793318738224,0.0674100152744754,0.039569729286299,0
788.875,0.605,0.461778622255151,0.0695631020208542,0.0395671998163108,0
788.877777777778,0.805,0.547161984946508,0.0712797416248314,0.0395647628777009,0
788.880555555556,0.99,0.613188670704977,0.072559286036784,0.0395625043901689,0
788.883333333333,1.175,0.656043809302314,0.0734466020983445,0.0395604985880415,0
788.886111111111,1.335,0.673113606819894,0.0740259657666981,0.0395587740454619,1
788.888888888889,1.425,0.663171508350049,0.0740911124632987,0.0395573008236974,0
788.891666666667,1.395,0.626474834892391,0.0737676539678782,0.0395559801501597,0
788.894444444444,1.225,0.564763812233089,0.0733706523735135,0.0395545264961607,0
788.897222222222,0.935,0.481162007444451,0.0727748109609101,0.0395526554703669,0
788.9,0.59,0.379984440083729,0.0718784745088411,0.0395502784673601,0
788.902777777778,0.28,0.266466473390263,0.0706149266313178,0.039546571524283,0
788.905555555556,-0.02,0.14643247667074,0.0689606511511283,0.0395384006563195,0
788.908333333333,-0.225,0.0259277165019796,0.0669397988611519,0.0395233968959172,0
788.911111111111,-0.31,-0.0891603750720511,0.0646244196571587,0.039499188592465,0
788.913888888889,-0.31,-0.193464708475657,0.0621303787334171,0.0394636398528083,0
788.916666666667,-0.24,-0.282459324083775,0.0596092439770664,0.039415015080801,0
788.919444444444,-0.195,-0.352716254984055,0.0572367785035641,0.039352133933894,0
788.922222222222,-0.16,-0.402081232383961,0.0551989677281811,0.0392745030770107,0
788.925,-0.145,-0.429757254770874,0.0537656796750417,0.0391824142845343,0
788.927777777778,-0.16,-0.436292078570713,0.0534346068304042,0.0390769995680038,0
788.930555555556,-0.16,-0.423472947329197,0.0534786673964003,0.0389602710093769,0
788.933333333333,-0.205,-0.394138783099371,0.0526407896471221,0.0388359679161451,0
788.936111111111,-0.225,-0.35192607471031,0.050895523949307,0.0387080823188572,0
788.938888888889,-0.215,-0.300969346499007,0.0482758893119126,0.0385806061545104,0
788.941666666667,-0.19,-0.245580026013095,0.0448729115721264,0.0384504269364427,0
788.944444444444,-0.19,-0.189928540922748,0.0410863791484806,0.0383134123225187,0
788.947222222222,-0.195,-0.137753513482054,0.0373019301813044,0.038166947406534,0
788.95,-0.21,-0.0921190964134799,0.0337174497514531,0.03800916966994,0
788.952777777778,-0.225,-0.0552370687738942,0.0305038666200086,0.03783902852117,0
788.955555555556,-0.21,-0.0283646731911386,0.0277965278170992,0.0376563182686132,0
788.958333333333,-0.205,-0.0117828092313487,0.025689416998766,0.0374615895709614,0
788.961111111111,-0.195,-0.00485263595898636,0.0242324547987187,0.0372560083708191,0
788.963888888889,-0.205,-0.00614242101528145,0.0234318911572789,0.0370411794172193,0
788.966666666667,-0.225,-0.0136111060383731,0.0232535802264352,0.0368189415612569,0
788.969444444444,-0.245,-0.024830960922105,0.0236287339159533,0.0365911533308531,0
788.972222222222,-0.235,-0.0372291796506964,0.0235775160194421,0.0363594879253269,0
788.975,-0.235,-0.0483274970733593,0.0227312316625462,0.036125255761515,0
788.977777777778,-0.23,-0.0559598973775595,0.0213329669994432,0.0358892704665623,0
788.980555555556,-0.215,-0.0584511102844828,0.0198349224725497,0.035654993096856,0
788.983333333333,-0.205,-0.0547425838767464,0.0183497245606155,0.0354227761315214,0
788.986111111111,-0.225,-0.0444576072053322,0.0169738821064628,0.0351935287174349,0
788.988888888889,-0.25,-0.0279027795022605,0.0157825819002206,0.0349686278221107,0
788.991666666667,-0.24,-0.00600859874011879,0.0148265510495269,0.0347498229595674,0
788.994444444444,-0.245,0.0197829093791142,0.0141310619964373,0.0345389113900663,0
788.997222222222,-0.235,0.04767131125557,0.0136969856570625,0.0343375405213293,0
789,-0.235,0.0756763383544776,0.0135036451954659,0.0341470464814262,0
789.002777777778,-0.235,0.10182497015263,0.013513098639821,0.0339682644043841,0
789.005555555556,-0.22,0.124329975545077,0.0135864406386219,0.0338013743927669,0
789.008333333333,-0.215,0.14174425634094,0.0133302416927819,0.0336457974564368,0
789.011111111111,-0.195,0.153078068583631,0.0130316342563886,0.0335001515529289,0
789.013888888889,-0.21,0.157869986463476,0.0127456115930611,0.0333622728261042,0
789.016666666667,-0.215,0.156206953304403,0.0125156514077838,0.0332287391276805,0
789.019444444444,-0.235,0.148693516373012,0.0123733081437943,0.0330949494220071,0
789.022222222222,-0.225,0.136374935333191,0.0123364728738926,0.0329634452048171,0
789.025,-0.22,0.120622881413272,0.0122639206724275,0.0328381279093054,0
789.027777777778,-0.19,0.102995559953601,0.0120911511492267,0.0327227644433651,0
789.030555555556,-0.18,0.0850860375551465,0.011838301021372,0.0326207904935294,0
789.033333333333,-0.195,0.0683731924551571,0.0115335428771071,0.0325342107856914,0
789.036111111111,-0.195,0.0540890107142719,0.0112096356481922,0.0324636229805581,0
789.038888888889,-0.195,0.0431140201407839,0.0109003082630671,0.0324087519399292,0
789.041666666667,-0.18,0.0359096969821218,0.0106368193472764,0.0323684901554821,0
789.044444444444,-0.17,0.0324929939606025,0.0104449969539109,0.0323410628979699,0
789.047222222222,-0.18,0.0324540783668708,0.0103429987659722,0.0323241866214998,0
789.05,-0.21,0.0350143175951988,0.0103399520055463,0.0323152467536574,0
789.052777777778,-0.215,0.0391178790872903,0.0104355416119263,0.0323114820302137,0
789.055555555556,-0.185,0.0435473511369139,0.0106205237437276,0.032309314775151,0
789.058333333333,-0.17,0.047051796785417,0.010763365654278,0.0323071824640872,0
789.061111111111,-0.145,0.0484747868651907,0.0105528191015603,0.032303704437293,0
789.063888888889,-0.14,0.0468702742999409,0.0102208073221373,0.0323013661565767,0
789.066666666667,-0.15,0.0415956138013504,0.0098907811385286,0.0322986721107827,0
789.069444444444,-0.17,0.0323734398060657,0.00958732728045586,0.0322950230575598,0
789.072222222222,-0.15,0.019317245227605,0.00933109249761369,0.032290378743173,0
789.075,-0.155,0.00291904674690533,0.00913713605389631,0.032284840346493,0
789.077777777778,-0.13,-0.0159988609609244,0.00901391395021778,0.0322786186706026,0
789.080555555556,-0.135,-0.0363627095018995,0.00896295599639854,0.0322719166791211,0
789.083333333333,-0.145,-0.0569484918924541,0.00897922725316837,0.032264875085879,0
789.086111111111,-0.155,-0.0764955498346784,0.00905210009410231,0.0322576430750585,0
789.088888888889,-0.13,-0.093821474578192,0.00916680815459036,0.0322503647003505,0
789.091666666667,-0.1,-0.107927385405901,0.00912964525280692,0.0322431678158018,0
789.094444444444,-0.08,-0.118083785107983,0.0089931238652892,0.032236156163913,0
789.097222222222,-0.085,-0.123889233673019,0.00885584539103211,0.0322293128548101,0
789.1,-0.095,-0.125296820575598,0.00874114259371952,0.0322224877068177,0
789.102777777778,-0.12,-0.122606581139044,0.00872585402230828,0.0322156600640512,0
789.105555555556,-0.125,-0.116425286543778,0.00877235622050283,0.0322088778649955,0
789.108333333333,-0.11,-0.107598126968216,0.00878296443452477,0.0322022494762183,0
789.111111111111,-0.09,-0.0971194132721848,0.0087627099833745,0.0321958779197712,0
789.113888888889,-0.08,-0.0860313050399995,0.00872037382324173,0.0321897430539834,0
789.116666666667,-0.065,-0.0753205643057917,0.00866729954503321,0.0321837337910435,0
789.119444444444,-0.07,-0.0658233543930617,0.00861598550302862,0.0321777656349203,0
789.122222222222,-0.06,-0.0581471647880745,0.0085786098267126,0.0321718303189078,0
789.125,-0.055,-0.0526171493794708,0.00856564297776633,0.0321659586802012,0
789.127777777778,-0.045,-0.0492517000315858,0.00858468800141425,0.0321602175821335,0
789.130555555556,-0.055,-0.0477691849549776,0.00863966064914619,0.0321546624768943,0
789.133333333333,-0.075,-0.0476247437008997,0.00873038333252816,0.0321493163972475,0
789.136111111111,-0.075,-0.0480731399970676,0.00885262251901422,0.0321442058653006,0
789.138888888889,-0.06,-0.0482512045235056,0.00899855328517979,0.0321393569830211,0
789.141666666667,-0.02,-0.0472715830146582,0.00915759189507871,0.0321347913788069,0
789.144444444444,-0.005,-0.0443185067017662,0.00913196787204766,0.0321305229252514,0
789.147222222222,-0.015,-0.0387362079965397,0.00898381755345349,0.0321265575084566,0
789.15,-0.03,-0.0301014130846126,0.00885917077966616,0.0321227906083399,0
789.152777777778,-0.055,-0.0182729671500025,0.0087677151747505,0.0321190015646494,0
789.155555555556,-0.05,-0.00341392273734973,0.00871613875692445,0.032115058321897,0
789.158333333333,-0.05,0.0140158777523468,0.00870750520904869,0.0321109347752302,0
789.161111111111,-0.025,0.0332958316801574,0.00874100488501511,0.0321066708047358,0
789.163888888889,-0.03,0.05350557545127,0.00881210008653696,0.0321024002671245,0
789.166666666667,-0.025,0.0736049390792839,0.0089130434603783,0.0320982541549838,0
789.169444444444,-0.04,0.092525070607024,0.00903371179578226,0.0320943268536586,0
789.172222222222,-0.025,0.109261939252811,0.00916266759280823,0.0320906392997788,0
789.175,-0.015,0.122963275362988,0.00928834031024151,0.0320872007614315,0
789.177777777778,-0.005,0.133000716146825,0.00936928606988375,0.0320840073833763,0
789.180555555556,0.005,0.139020422736473,0.00944667401748046,0.0320810418366416,0
789.183333333333,-0.005,0.140967565505126,0.0095087219531621,0.0320782227779512,0
789.186111111111,-0.02,0.139082630149091,0.00954127642275429,0.0320754861431111,0
789.188888888889,-0.03,0.133870227013362,0.00954623761154767,0.0320728010811503,0
789.191666666667,-0.035,0.126043725859884,0.00952915372557932,0.0320701798731319,0
789.194444444444,-0.025,0.116451333744655,0.00949876277483737,0.0320676167042882,0
789.197222222222,-0.055,0.105990965898844,0.00946625192044579,0.0320650582828988,0
789.2,-0.055,0.095522265383088,0.00944430913990563,0.0320624450309645,0
789.202777777778,-0.08,0.085784314933967,0.00944605774757649,0.0320597165350804,0
789.205555555556,-0.065,0.0773269416839644,0.00948397032598508,0.0320568167678804,0
789.208333333333,-0.06,0.0704621106093646,0.00956885467905425,0.0320536986192129,0
789.211111111111,-0.07,0.0652398774190033,0.0097089913799974,0.0320503418569638,0
789.213888888889,-0.075,0.0614509273593602,0.00990948217551413,0.0320467522544668,0
789.216666666667,-0.1,0.0586551040335673,0.0101718434822738,0.032042948434682,0
789.219444444444,-0.12,0.0562327890268246,0.0104938524753121,0.0320389598983307,0
789.222222222222,-0.12,0.0534537773832097,0.0108696279331917,0.0320348244636862,0
789.225,-0.105,0.0495566214521443,0.011289906945318,0.0320305857665969,0
789.227777777778,-0.095,0.0438304482719097,0.0116124685758616,0.0320262885651666,0
789.230555555556,-0.095,0.0356910860530647,0.0117231419111937,0.0320219760554369,0
789.233333333333,-0.11,0.024743977689971,0.0116545056024826,0.0320176888039058,0
789.236111111111,-0.115,0.0108277480546742,0.01144700921971,0.0320134037913668,0
789.238888888889,-0.105,-0.00596571179935774,0.0111435548982299,0.0320090660941001,0
789.241666666667,-0.1,-0.0252963753496232,0.0107838202773629,0.0320046586088613,0
789.244444444444,-0.07,-0.046605583894585,0.0104971332605394,0.0320001738569497,0
789.247222222222,-0.085,-0.0691665937616047,0.0103057757566471,0.0319955101642625,0
789.25,-0.11,-0.0921506896166963,0.0102290840419192,0.0319906031698985,0
789.252777777778,-0.125,-0.114701791332468,0.0102855173605483,0.0319854585788539,0
789.255555555556,-0.115,-0.136011605338674,0.0104920768672436,0.0319800869082233,0
789.258333333333,-0.105,-0.155387306920625,0.010863543749932,0.0319745023837955,0
789.261111111111,-0.1,-0.172304501788781,0.0114115169233002,0.0319687218609032,0
789.263888888889,-0.09,-0.186439735909095,0.0121432602523113,0.0319627638355421,0
789.266666666667,-0.09,-0.197678958550896,0.0130604039397908,0.031956647587451,0
789.269444444444,-0.07,-0.206100888411255,0.01415758082301,0.031950396668781,0
789.272222222222,-0.05,-0.21193693661211,0.0154211116758272,0.0319440220055643,0
789.275,-0.01,-0.215511933626934,0.016827879901225,0.0319374529356775,0
789.277777777778,0.03,-0.217172126149823,0.0183445512612023,0.0319306359911241,0
789.280555555556,0.05,-0.217208522660435,0.0199272953474461,0.031923502451772,0
789.283333333333,0.07,-0.215784495699195,0.0215221503396838,0.0319159735770423,0
789.286111111111,0.06,-0.212876490062067,0.0230661406884784,0.031907966532265,0
789.288888888889,0.095,-0.208235718714577,0.0244892097885641,0.031899400949468,0
789.291666666667,0.135,-0.201376919283974,0.0257169692211924,0.0318902750407058,0
789.294444444444,0.215,-0.191597743530165,0.026674196991266,0.0318806514790452,0
789.297222222222,0.28,-0.17802938060641,0.0272889448321937,0.0318706214456115,0
789.3,0.33,-0.159715843571988,0.0274970453486448,0.0318602969178794,0
789.302777777778,0.38,-0.135716275387052,0.027246750023988,0.0318498010661556,0
789.305555555556,0.44,-0.105221952519082,0.0270154711924597,0.0318392533515138,0
789.308333333333,0.53,-0.0676776497254895,0.0274912479573203,0.0318286486856612,0
789.311111111111,0.63,-0.0228958927749473,0.0286588140908181,0.0318179762653625,0
789.313888888889,0.72,0.0288474941246833,0.0304665459419282,0.0318072137390231,0
789.316666666667,0.775,0.0867471931993217,0.0328300289314554,0.0317963282911451,0
789.319444444444,0.825,0.149440231554424,0.0356380793384805,0.0317852389212722,0
789.322222222222,0.9,0.215021689879582,0.0387607351914101,0.0317738391951663,0
789.325,0.99,0.281106618539588,0.0419603518817745,0.0317620310227544,0
789.327777777778,1.075,0.344936632309094,0.0450937340866696,0.0317498315720438,0
789.330555555556,1.17,0.403525751710406,0.0480146166079315,0.0317372659998347,0
789.333333333333,1.23,0.453836458758312,0.0505788947735126,0.0317243209256465,0
789.336111111111,1.265,0.492973960151422,0.0526527173200485,0.0317109785504176,0
789.338888888889,1.285,0.518384576710453,0.054120429323653,0.0316972187549524,0
789.341666666667,1.28,0.528043207163562,0.0548918459605837,0.0316830203469088,0
789.344444444444,1.255,0.520615059157566,0.0549083575838847,0.0316683625821577,0
789.347222222222,1.225,0.49557831033481,0.0541474229881365,0.0316532268747197,0
789.35,1.205,0.453296962603012,0.0530804856621741,0.0316375943925423,0
789.352777777778,1.17,0.395036690719965,0.0522208209392492,0.0316214641478913,0
789.355555555556,1.13,0.322920687008852,0.0514955043232023,0.0316049293711899,0
789.358333333333,1.055,0.239827032682237,0.0508353647030892,0.0315879788189384,0
789.361111111111,0.965,0.149233616436665,0.050183157530142,0.0315706302196419,0
789.363888888889,0.855,0.0550207054548564,0.0495003960875352,0.0315528954637269,0
789.366666666667,0.725,-0.038755384124229,0.0487722137323964,0.0315347797636773,0
789.369444444444,0.59,-0.128101748588313,0.0480098077131483,0.03151628105538,0
789.372222222222,0.445,-0.209324614820769,0.04725023256375,0.031497346201821,0
789.375,0.36,-0.279244644424118,0.0465535489288892,0.0314779054669745,0
789.377777777778,0.275,-0.335376655452405,0.045997570989058,0.0314578799473493,0
789.380555555556,0.195,-0.376061274957815,0.0456706715297104,0.0314371861556597,0
789.383333333333,0.155,-0.400539680218483,0.0456632791681369,0.0314157408785113,0
789.386111111111,0.14,-0.408966899809754,0.0455465358835467,0.0313934698029861,0
789.388888888889,0.125,-0.402363779469071,0.0446859666654696,0.0313704921083774,0
789.391666666667,0.115,-0.382512299483353,0.0433052386040257,0.0313469629710275,0
789.394444444444,0.1,-0.351803094449081,0.0413953905048652,0.0313230375193346,0
789.397222222222,0.105,-0.313047444357724,0.0389752006320115,0.0312988581103204,0
789.4,0.145,-0.269268414018089,0.0361220453801237,0.0312745455217383,0
789.402777777778,0.21,-0.223487037528527,0.0331232750096508,0.0312501835030585,0
789.405555555556,0.31,-0.178519397167547,0.0301327531242187,0.031225786897494,0
789.408333333333,0.395,-0.136799157956238,0.0272951960535752,0.031201358283226,0
789.411111111111,0.455,-0.100237717887475,0.0247382917702415,0.0311768871993381,0
789.413888888889,0.44,-0.070130836250534,0.022566211122566,0.0311523908380822,0
789.416666666667,0.33,-0.0471166951125285,0.0208548777201892,0.0311278749708153,0
789.419444444444,0.15,-0.0311861628745768,0.0196492315097495,0.0311033284521977,0
789.422222222222,-0.03,-0.0217419109070991,0.0189625772489039,0.0310787206397213,0
789.425,-0.16,-0.0176993181542214,0.0187779634984421,0.0310540008974669,0
789.427777777778,-0.26,-0.0176190766556988,0.0190514010417493,0.0310291003131198,0
789.430555555556,-0.32,-0.0198593106056212,0.0192612238870899,0.031003986247284,0
789.433333333333,-0.375,-0.0227339876130133,0.0188664501346629,0.030978601681067,0
789.436111111111,-0.405,-0.0246644850113709,0.0179393978873168,0.0309528620751512,0
789.438888888889,-0.41,-0.0243123329895017,0.0166277275340083,0.030926777140985,0
789.441666666667,-0.435,-0.0206832574876451,0.0152875773975325,0.0309003182298311,0
789.444444444444,-0.44,-0.0131954811833663,0.0140022605641613,0.0308735318923513,0
789.447222222222,-0.47,-0.0017085466529424,0.0128413625626178,0.0308464872450877,0
789.45,-0.48,0.0134875935944641,0.0118573844414212,0.0308192669647489,0
789.452777777778,-0.495,0.031720121044331,0.0110838476807462,0.0307919622703138,0
789.455555555556,-0.5,0.0520114819787538,0.010534890898357,0.0307646669425815,0
789.458333333333,-0.475,0.0731797529042864,0.0102062777306356,0.0307374710817128,0
789.461111111111,-0.49,0.0939513988451758,0.0100776370642437,0.0307104548656652,0
789.463888888889,-0.525,0.11307600534245,0.0101156778126627,0.0306836828246484,0
789.466666666667,-0.565,0.129432913689632,0.0102780657011357,0.0306571993998756,0
789.469444444444,-0.595,0.142120896545193,0.0105176219245408,0.0306309551247406,0
789.472222222222,-0.615,0.150523937710526,0.0106320047842028,0.0306048068004581,0
789.475,-0.595,0.154348627571763,0.0106873003216671,0.0305785551256246,0
789.477777777778,-0.6,0.153631417726354,0.0107541573184805,0.0305521489435831,0
789.480555555556,-0.615,0.148716741344517,0.010871268275029,0.0305255750498313,0
789.483333333333,-0.615,0.140209553022719,0.0108865965071723,0.0304988663143685,0
789.486111111111,-0.63,0.128907954706499,0.0107922532106344,0.0304721259032997,0
789.488888888889,-0.605,0.115723081009894,0.0105910186663671,0.0304454622511187,0
789.491666666667,-0.585,0.101594207000706,0.0102951881028311,0.0304189816244603,0
789.494444444444,-0.57,0.0874070720530523,0.00992476796977651,0.0303927401135677,0
789.497222222222,-0.615,0.0739227127789648,0.00950522456400754,0.0303666665145446,0
789.5,-0.665,0.0617227598663786,0.00906500595844665,0.0303406778715946,0
789.502777777778,-0.695,0.0511753261947507,0.008633057572182,0.0303146930165459,0
789.505555555556,-0.69,0.0424234846761558,0.00823653294062133,0.0302886465132994,0
789.508333333333,-0.675,0.0353961126988859,0.00789886720082068,0.0302625016616613,0
789.511111111111,-0.645,0.0298387758187662,0.00763833550400231,0.0302362105198231,0
789.513888888889,-0.675,0.0253605282249093,0.00746716670808388,0.0302098865803532,0
789.516666666667,-0.69,0.0214911779189631,0.0073912292378294,0.0301836993018521,0
789.519444444444,-0.69,0.0177428081571878,0.00737220279555557,0.030157820645084,0
789.522222222222,-0.69,0.0136692139231755,0.00726392882124107,0.0301322852500688,0
789.525,-0.65,0.00891739321849322,0.00707653249542607,0.0301069784141567,0
789.527777777778,-0.65,0.00326626047182143,0.00682328326728864,0.0300818851434907,0
789.530555555556,-0.66,-0.00335079343303894,0.00651924149600096,0.0300570177351295,0
789.533333333333,-0.665,-0.0108411370243241,0.00617994553252131,0.0300324161169952,0
789.536111111111,-0.67,-0.0189657391914466,0.00582025098184656,0.0300081446365542,0
789.538888888889,-0.66,-0.0273676705557134,0.00545340763377115,0.0299842858224089,0
789.541666666667,-0.635,-0.0356128132949282,0.00509042773552743,0.0299609304337575,0
789.544444444444,-0.625,-0.0432382054769426,0.00473976535859013,0.0299381642861798,0
789.547222222222,-0.635,-0.0498028073699064,0.00446866144633639,0.0299160526380961,0
789.55,-0.64,-0.0549353710177342,0.00429476785986802,0.029894624405958,0
789.552777777778,-0.655,-0.0583745171014328,0.00419892656646974,0.0298738874642199,0
789.555555555556,-0.64,-0.0599970203252897,0.00415393396353595,0.029853815245364,0
789.558333333333,-0.635,-0.0598315773058214,0.00412790377297598,0.0298341438715814,0
789.561111111111,-0.615,-0.0580568461791049,0.00408796017503862,0.0298146959725525,0
789.563888888889,-0.59,-0.0549841513059419,0.00400388702620494,0.0297958072647886,0
789.566666666667,-0.59,-0.0510267806057077,0.00385137418386115,0.0297778719927899,0
789.569444444444,-0.585,-0.0466591182764458,0.00369846374716703,0.0297612911091211,0
789.572222222222,-0.56,-0.0423698272081672,0.00356908884902848,0.0297387206091997,0
789.575,-0.535,-0.0386138342300813,0.00346493656506188,0.0297049081482805,0
789.577777777778,-0.515,-0.0357679320501808,0.00338783706899415,0.0296577766558767,0
789.580555555556,-0.505,-0.0340943961866625,0.00333940292377559,0.029595752022159,0
789.583333333333,-0.505,-0.0337161714462163,0.00332065944344149,0.0295213289187539,0
789.586111111111,-0.51,-0.0346059995094529,0.00333171997419242,0.0294351629941411,0
789.588888888889,-0.51,-0.0365904574791401,0.00337155269686303,0.0293386320185484,0
789.591666666667,-0.48,-0.0393683968507097,0.00343787312353716,0.0292338009752269,0
789.594444444444,-0.45,-0.0425418589594865,0.00352718042546747,0.0291239061440094,0
789.597222222222,-0.44,-0.0456563337391938,0.00363493799304904,0.0290124592868778,0
789.6,-0.44,-0.0482463391607855,0.00374447135087003,0.0289027448733083,0
789.602777777778,-0.425,-0.049881812078621,0.00375061517690625,0.0287937712225108,0
789.605555555556,-0.395,-0.0502107603553336,0.0036693795089129,0.028678428424093,0
789.608333333333,-0.38,-0.0489940302727913,0.00354144514369331,0.0285545949024633,0
789.611111111111,-0.355,-0.046128848413949,0.00342013283459647,0.0284220687631595,0
789.613888888889,-0.355,-0.0416589210576951,0.003308017712459,0.0282816321112628,0
789.616666666667,-0.35,-0.0357702042765367,0.00320618326107165,0.028134966601821,0
789.619444444444,-0.34,-0.0287728631236083,0.0031141873027735,0.027984482543741,0
789.622222222222,-0.315,-0.0210712813140825,0.00308277436863843,0.027833075022557,0
789.625,-0.285,-0.0131251337402909,0.00313568360276711,0.027683824474035,0
789.627777777778,-0.255,-0.00540538288987961,0.00321340349620824,0.0275396662099025,0
789.630555555556,-0.245,0.00165047313149801,0.0032938756789238,0.0274030555035253,0
789.633333333333,-0.245,0.00767953097117568,0.00338092349273553,0.0272756564699131,0
789.636111111111,-0.245,0.0124270036548979,0.00347769518766355,0.0271580837404667,0
789.638888888889,-0.25,0.0157689140511749,0.00358626131391639,0.0270497213878068,0
789.641666666667,-0.245,0.017721816132942,0.00370732366597732,0.0269498878971645,0
789.644444444444,-0.24,0.0184386766342977,0.00384006601018178,0.0268564068914815,0
789.647222222222,-0.255,0.0181914025254316,0.00398216210846399,0.026765668416023,0
789.65,-0.27,0.0173417971599781,0.0040460278346436,0.0266797298871792,0
789.652777777778,-0.285,0.0163038446336859,0.00399717619740496,0.0266032442736833,0
789.655555555556,-0.28,0.0155010507458333,0.00385280223835103,0.0265405715179234,0
789.658333333333,-0.235,0.0153230313565791,0.00371829438761339,0.0264954636674147,0
789.661111111111,-0.215,0.0160855921301801,0.00359880139324599,0.026470790081311,0
789.663888888889,-0.205,0.0179981846603581,0.00349866645864963,0.0264683248570147,0
789.666666666667,-0.215,0.0211418896333874,0.00342104645870489,0.0264886110767333,0
789.669444444444,-0.215,0.0254600409018258,0.00336765000703739,0.0265309174287289,0
789.672222222222,-0.215,0.0307623668739355,0.00333862018677013,0.0265932892180628,0
789.675,-0.195,0.036742208135625,0.00333257263908703,0.0266726899337872,0
789.677777777778,-0.195,0.0430051005766646,0.00334678352834065,0.0267648268650982,0
789.680555555556,-0.2,0.0491059142080233,0.00337750635014687,0.0268633305969776,0
789.683333333333,-0.205,0.0545909151077883,0.00342038323372861,0.0269653670904056,0
789.686111111111,-0.205,0.0590406502346848,0.00347090669259567,0.027074124477061,0
789.688888888889,-0.195,0.0621094863764359,0.00350782931786302,0.0271890769800329,0
789.691666666667,-0.19,0.0635579707553577,0.00350319922215352,0.0273119528903651,0
789.694444444444,-0.19,0.0632748882116679,0.00348315452770659,0.0274454084374622,0
789.697222222222,-0.19,0.061286899101901,0.00347574106030375,0.0275899118351608,0
789.7,-0.2,0.0577548547856271,0.00350797075812294,0.0277439436701081,0
789.702777777778,-0.21,0.0529571860793959,0.00355037952813232,0.0279050049983394,0
789.705555555556,-0.225,0.0472620185040018,0.0035930032507909,0.0280699303137576,0
789.708333333333,-0.21,0.0410907647519479,0.00363877002357136,0.0282352405669389,0
789.711111111111,-0.18,0.0348767735183209,0.0036907971157177,0.0283975067256627,0
789.713888888889,-0.18,0.0290230945614531,0.00375193793666596,0.0285536936982493,0
789.716666666667,-0.17,0.0238635060893758,0.00382435247143902,0.0287014569201413,0
789.719444444444,-0.165,0.0196306338607185,0.00390914994185517,0.028839368713346,0
789.722222222222,-0.14,0.0164343021550809,0.00400614535215904,0.0289670579419197,0
789.725,-0.115,0.0142522613465805,0.00411375994715569,0.0290891838778457,0
789.727777777778,-0.11,0.0129342311049613,0.00422908060143174,0.0292137991627568,0
789.730555555556,-0.14,0.0122188985150832,0.0043480762837418,0.0293426992366212,0
789.733333333333,-0.17,0.0117622421277521,0.00446595272754599,0.0294725124617313,0
789.736111111111,-0.2,0.0111744387945818,0.00455808811875683,0.0295994495278309,0
789.738888888889,-0.195,0.0100617581685709,0.00452153832052036,0.0297196065339496,0
789.741666666667,-0.17,0.00806934306469779,0.00443624677933498,0.029824427451369,0
789.744444444444,-0.155,0.00492066257742102,0.00436917378456752,0.0299124941244906,0
789.747222222222,-0.165,0.000449721193758538,0.00432171523065087,0.0299840005271016,0
789.75,-0.165,-0.00537721574692385,0.00429349114227327,0.0300399521760485,0
789.752777777778,-0.16,-0.0124526255265331,0.00428230828659449,0.0300820380679057,0
789.755555555556,-0.17,-0.0205324882966412,0.00428431181255009,0.0301124727499665,0
789.758333333333,-0.15,-0.0292545073797491,0.00429431863671919,0.030133754761011,0
789.761111111111,-0.13,-0.03816818790992,0.00430630631711887,0.0301483018270325,0
789.763888888889,-0.14,-0.0467740120645881,0.00431401423567973,0.0301587812085874,0
789.766666666667,-0.155,-0.05456804616549,0.00431160080014545,0.0301677774983244,0
789.769444444444,-0.17,-0.0610877570942327,0.00429429249052863,0.0301776473373489,0
789.772222222222,-0.16,-0.065954658343476,0.00428029285643589,0.0301871199039566,0
789.775,-0.15,-0.0689096672322802,0.00430320593173819,0.0301934963174632,0
789.777777777778,-0.145,-0.0698377121931895,0.00433485777036509,0.030194664651157,0
789.780555555556,-0.145,-0.0687791225712918,0.00434443263283074,0.0301924086998999,0
789.783333333333,-0.155,-0.0659265707133169,0.00430162130191214,0.030191170441995,0
789.786111111111,-0.17,-0.0616077012015055,0.00420632761274323,0.0301908436460392,0
789.788888888889,-0.165,-0.0562549460124023,0.00411905980045601,0.0301912944395926,0
789.791666666667,-0.155,-0.0503652575934599,0.00404891488581741,0.0301923783998105,0
789.794444444444,-0.135,-0.0444534763838797,0.00400452511863231,0.0301939551734108,0
789.797222222222,-0.15,-0.0390036900108983,0.00399321697627121,0.0301959007344764,0
789.8,-0.15,-0.0344231750506504,0.00402024682547982,0.0301981161659794,0
789.802777777778,-0.15,-0.0310033137067478,0.00408818772737439,0.0302005327049375,0
789.805555555556,-0.145,-0.0288912625287415,0.004196530388749,0.0302031130677342,0
789.808333333333,-0.125,-0.0280751732660101,0.00434154356225541,0.0302060122972593,0
789.811111111111,-0.105,-0.0283845164671989,0.00451641677961097,0.0302092329960256,0
789.813888888889,-0.105,-0.0295056520382965,0.00471168314504725,0.0302125156723917,0
789.816666666667,-0.135,-0.0310113586916472,0.00491589429528701,0.0302157403075532,0
789.819444444444,-0.15,-0.0324017103291618,0.00511649590879055,0.0302188534103293,0
789.822222222222,-0.15,-0.0331525968363954,0.00522782636872349,0.0302218043258349,0
789.825,-0.14,-0.0327674333350169,0.00518746315019088,0.0302247330925158,0
789.827777777778,-0.125,-0.0308272585076839,0.00506882680518703,0.0302277445170421,0
789.830555555556,-0.12,-0.0270345240915209,0.00499485616356375,0.0302309395938201,0
789.833333333333,-0.135,-0.0212464175602796,0.00496901786731787,0.0302344047655986,0
789.836111111111,-0.145,-0.0134944909186432,0.00499093201783073,0.0302382031855239,0
789.838888888889,-0.145,-0.00398860620848582,0.00505631230445562,0.0302423689140912,0
789.841666666667,-0.125,0.00689536047662767,0.00515723390077235,0.0302469042288712,0
789.844444444444,-0.11,0.0186431218111595,0.00528271272770935,0.0302516493173741,0
789.847222222222,-0.105,0.0306425379437473,0.00541955231575341,0.0302564684532161,0
789.85,-0.105,0.0422335721758011,0.00555339063636178,0.0302612884506237,0
789.852777777778,-0.105,0.0527631980226967,0.00564852706969237,0.030266047799781,0
789.855555555556,-0.095,0.0616403302684539,0.00565711723630615,0.0302707430322339,0
789.858333333333,-0.075,0.0683858220209659,0.00561268995233637,0.0302753766258558,0
789.861111111111,-0.055,0.0726729949809189,0.00561747428392692,0.0302800420100038,0
789.863888888889,-0.075,0.0743550135014481,0.00567533730912245,0.0302848135450213,0
789.866666666667,-0.09,0.0734765979947484,0.00575936274557171,0.0302897433054943,0
789.869444444444,-0.115,0.0702689914127204,0.00578428107962596,0.0302948604528683,0
789.872222222222,-0.11,0.0651286135849084,0.00572107133210327,0.0303001732682687,0
789.875,-0.11,0.0585813220104552,0.00554811745137274,0.0303056737480952,0
789.877777777778,-0.1,0.0512355073253521,0.00530815116775874,0.030311343143699,0
789.880555555556,-0.11,0.0437282660719189,0.00506983969616382,0.0303171582735259,0
789.883333333333,-0.12,0.0366695187468433,0.00484865857290062,0.03032309736699,0
789.886111111111,-0.115,0.0305891195155594,0.00465897985163748,0.0303291444340118,0
789.888888888889,-0.125,0.0258917189551854,0.00451298956547807,0.0303353323426764,0
789.891666666667,-0.125,0.0228234191874094,0.00441979424441104,0.0303417104061142,0
789.894444444444,-0.145,0.021453168784512,0.00438478705023857,0.0303482765321783,0
789.897222222222,-0.14,0.0216704842027388,0.00440932095370557,0.0303548587499526,0
789.9,-0.14,0.0231995814563796,0.00449070945069451,0.0303613097641945,0
789.902777777778,-0.145,0.0256284956942835,0.0046225470364104,0.0303675728600304,0
789.905555555556,-0.125,0.0284503968526906,0.00479531456475505,0.0303736238416758,0
789.908333333333,-0.12,0.0311132033675966,0.00493663073415374,0.0303794983703341,0
789.911111111111,-0.115,0.0330728551056017,0.0049333414755719,0.0303852434193585,0
789.913888888889,-0.1,0.0338452990956576,0.00479943121300763,0.0303909127743758,0
789.916666666667,-0.11,0.0330523946788273,0.00458874942443208,0.0303965625766334,0
789.919444444444,-0.13,0.0304575426449224,0.00439890237892644,0.0304022470350417,0
789.922222222222,-0.13,0.0259878285344417,0.00423841075988906,0.0304080151966477,0
789.925,-0.125,0.019740750116541,0.00411290894540401,0.0304139080578415,0
789.927777777778,-0.125,0.0119750522825761,0.00402492203427358,0.0304199571008666,0
789.930555555556,-0.135,0.00308668236146609,0.00397391404495595,0.0304261610163007,0
789.933333333333,-0.15,-0.00642773485442796,0.00395658783010456,0.0304325459592527,0
789.936111111111,-0.15,-0.0160163503007279,0.0039673953129899,0.0304391252419228,0
789.938888888889,-0.15,-0.0251221084659191,0.00398421209387055,0.0304458971700716,0
789.941666666667,-0.13,-0.0332325714116329,0.00393939395064106,0.0304527967599244,0
789.944444444444,-0.145,-0.0399248482541571,0.00388963788916213,0.0304597432550155,0
789.947222222222,-0.13,-0.0449014326734187,0.00384242490236127,0.0304666778984852,0
789.95,-0.135,-0.0480136507565736,0.00380407548644761,0.030473567111728,0
789.952777777778,-0.145,-0.0492706309700218,0.00377935316772415,0.0304804036288418,0
789.955555555556,-0.13,-0.0488331112642597,0.00377126272236065,0.0304872046316542,0
789.958333333333,-0.125,-0.04699286089882,0.00376147781685454,0.0304940074974924,0
789.961111111111,-0.11,-0.044139876597471,0.00373415516767661,0.0305008636846478,0
789.963888888889,-0.125,-0.0407206818924617,0.00369088554195682,0.0305078316355004,0
789.966666666667,-0.145,-0.0371919030839604,0.00363408659123477,0.0305149692517458,0
789.969444444444,-0.16,-0.0339737342137976,0.00356653622565364,0.0305223265870726,0
789.972222222222,-0.175,-0.0314078946767118,0.00349092580672362,0.0305299543543272,0
789.975,-0.165,-0.0297242272701396,0.00340948888681561,0.0305379141798491,0
789.977777777778,-0.14,-0.0290192252063741,0.00332375071427195,0.0305462756551617,0
789.980555555556,-0.125,-0.0292485963063599,0.00323442830676742,0.0305550117158419,0
789.983333333333,-0.125,-0.0302345847613749,0.00314149223692988,0.0305639928115561,0
789.986111111111,-0.135,-0.031687309302557,0.00304438137265632,0.030573109012621,0
789.988888888889,-0.12,-0.0332379827559667,0.00294234280245397,0.0305822744294485,0
789.991666666667,-0.12,-0.0344806872509914,0.00283519677179095,0.0305914280736611,0
789.994444444444,-0.095,-0.035018508325506,0.0028612958512934,0.0306005312657529,0
789.997222222222,-0.095,-0.0345093661683531,0.00297813764211216,0.0306096339879903,0
790,-0.09,-0.0327068709606081,0.00309638171231528,0.0306187945450844,0
790.002777777778,-0.09,-0.0294919759960012,0.00321179312655947,0.0306280777503288,0
790.005555555556,-0.08,-0.0248920671490402,0.0033185629101489,0.0306375556512508,0
790.008333333333,-0.1,-0.0190853299169279,0.00340951833602137,0.0306473080805223,0
790.011111111111,-0.12,-0.0123896621447885,0.00347653219179991,0.0306574228186335,0
790.013888888889,-0.14,-0.00523691560622678,0.00351110635674597,0.0306679948252417,0
790.016666666667,-0.15,0.00186529283630704,0.0035050844793132,0.0306791246300417,0
790.019444444444,-0.145,0.00838070118386696,0.00351011637730858,0.0306909156852629,0
790.022222222222,-0.13,0.0137960181042921,0.00361653958144746,0.030703530558928,0
790.025,-0.11,0.0176720798828831,0.00377828769249331,0.0307117516591285,0
790.027777777778,-0.11,0.0196895457662766,0.00399479783848488,0.0307138137942129,0
790.030555555556,-0.12,0.0196845625723495,0.00426207903641249,0.0307092436540086,0
790.033333333333,-0.13,0.0176707090533301,0.00457266858009032,0.0306977451825196,0
790.036111111111,-0.11,0.0138447774138242,0.00491587871904463,0.0306792470084129,0
790.038888888889,-0.09,0.00857544901249381,0.00524321746743309,0.0306539463826194,0
790.041666666667,-0.08,0.00237553369806349,0.00548532330441999,0.0306223455777615,0
790.044444444444,-0.1,-0.00413998473103938,0.0056178033205925,0.0305852763135873,0
790.047222222222,-0.15,-0.0103064708898421,0.00562658008946421,0.030543908811538,0
790.05,-0.19,-0.0154680415775828,0.00550935073568436,0.0304997420346016,0
790.052777777778,-0.21,-0.0190365318981043,0.00528101211355209,0.0304545794535109,0
790.055555555556,-0.21,-0.0205455648591261,0.00511627862464697,0.0304104748222503,0
790.058333333333,-0.18,-0.0196946377534946,0.00501974887210827,0.0303673601266068,0
790.061111111111,-0.15,-0.0163789937334811,0.00499152193676424,0.0303221131924026,0
790.063888888889,-0.155,-0.0107023100581366,0.00502715806804972,0.0302717061335448,0
790.066666666667,-0.165,-0.00297079128319902,0.00511800213945995,0.0302132819356872,0
790.069444444444,-0.15,0.00633103691011148,0.00525185119827895,0.0301443583954906,0
790.072222222222,-0.135,0.0165808381717934,0.0054135736851292,0.0300629496017549,0
790.075,-0.12,0.0270717532759831,0.00544878077861692,0.0299676496831402,0
790.077777777778,-0.11,0.037073719136401,0.0053547608846964,0.0298581114030205,0
790.080555555556,-0.135,0.0458972836167664,0.0052042311719921,0.029734626301138,0
790.083333333333,-0.145,0.0529540990503761,0.00508559631038969,0.0295981381831552,0
790.086111111111,-0.16,0.0578085341946165,0.00500794250754506,0.0294502332750495,0
790.088888888889,-0.14,0.0602156201671132,0.00497610299013949,0.0292930940391241,0
790.091666666667,-0.115,0.0601417724368096,0.00499025445512291,0.0291294183964652,0
790.094444444444,-0.105,0.0577662970764963,0.00504589710817799,0.0289623063523537,0
790.097222222222,-0.1,0.053463451457585,0.00513422097101437,0.0287951194784618,0
790.1,-0.11,0.0477666242350017,0.00518414387056292,0.0286313204089772,0
790.102777777778,-0.12,0.0413178595072978,0.00507021884635845,0.0284722771552454,0
790.105555555556,-0.125,0.0348073196578101,0.0049672805857375,0.0283170769595152,0
790.108333333333,-0.12,0.0289082310686656,0.0048916313825875,0.0281651112307214,0
790.111111111111,-0.12,0.0242132957560812,0.00485823242604451,0.0280160838290012,0
790.113888888889,-0.115,0.021178436525918,0.00487947481434986,0.0278699659000903,0
790.116666666667,-0.115,0.0200790818101072,0.0049641593287251,0.0277269106974873,0
790.119444444444,-0.115,0.0209830485430128,0.00511676459264817,0.0275871454984505,0
790.122222222222,-0.11,0.0237425528709733,0.00533705770058009,0.0274508234477116,0
790.125,-0.09,0.0280061110175818,0.00562007167664018,0.0273179303091193,0
790.127777777778,-0.085,0.0332492511716231,0.00595644294628738,0.0271881817669153,0
790.130555555556,-0.075,0.0388212143438829,0.00633307219484776,0.0270609440936103,0
790.133333333333,-0.09,0.0440033416030018,0.00672895324950762,0.0269351868830433,0
790.136111111111,-0.095,0.0480737665862786,0.00697281982357027,0.0268094735940354,0
790.138888888889,-0.09,0.0503724577788181,0.0070723296307758,0.0266842686523708,0
790.141666666667,-0.075,0.0503606394607343,0.00704676309229492,0.0265628511500373,0
790.144444444444,-0.065,0.0476691653433974,0.0069246150867101,0.0264475020297252,0
790.147222222222,-0.08,0.0421314734598099,0.00674031337251402,0.0263406055858182,0
790.15,-0.1,0.0337982150062462,0.00654340439416665,0.0262444644928926,0
790.152777777778,-0.095,0.0229323844837091,0.00642052875688683,0.0261610336304064,0
790.155555555556,-0.055,0.00998561846263737,0.00637416140261459,0.0260909836914708,0
790.158333333333,-0.03,-0.00444190005154976,0.00640316200370031,0.0260342922724023,0
790.161111111111,-0.02,-0.0196539646619407,0.00644080427258379,0.025990283639945,0
790.163888888889,-0.085,-0.034918185401293,0.0064143724363203,0.025957704978428,0
790.166666666667,-0.135,-0.0495273873653023,0.00633894694837025,0.0259348329460923,0
790.169444444444,-0.145,-0.06285672154605,0.00624013799360887,0.025919602562341,0
790.172222222222,-0.11,-0.0744111198614896,0.00615150369108364,0.0259097486055883,0
790.175,-0.065,-0.0838587258696196,0.00611108116868779,0.0259029512153923,0
790.177777777778,-0.065,-0.0910473558974912,0.0061573670001097,0.0258969746486683,0
790.180555555556,-0.105,-0.0960027535041291,0.00632514229454139,0.0258897909569799,0
790.183333333333,-0.165,-0.0989092260698731,0.00664074341312721,0.0258816981892588,0
790.186111111111,-0.205,-0.100075016207675,0.00693644596105997,0.0258753065204276,0
790.188888888889,-0.205,-0.099886287990604,0.00720387710351213,0.0258729225845519,0
790.191666666667,-0.175,-0.0987547461591344,0.00743546936001614,0.0258761941994745,0
790.194444444444,-0.15,-0.0970645402028662,0.00762446474608296,0.0258851807657317,0
790.197222222222,-0.17,-0.0951241680555696,0.00776497861223867,0.0258962230678597,0
790.2,-0.195,-0.0931285755250429,0.00785215115391454,0.0259060073836639,0
790.202777777778,-0.19,-0.0911355944487238,0.00788239781179414,0.0259146451555255,0
790.205555555556,-0.19,-0.0890593754526665,0.0078537500732163,0.0259222956640061,0
790.208333333333,-0.155,-0.0866816949867055,0.00776625794479914,0.0259291523056428,0
790.211111111111,-0.12,-0.0836801265876772,0.00762240718902317,0.0259354278316912,0
790.213888888889,-0.105,-0.0796702524780379,0.00742749078307771,0.0259413393722226,0
790.216666666667,-0.1,-0.0742575383835259,0.00718986704945723,0.0259470940232041,0
790.219444444444,-0.105,-0.0670933636524672,0.00696292855187258,0.0259528756984824,0
790.222222222222,-0.1,-0.0579291128953945,0.00690672413979067,0.0259588333985171,0
790.225,-0.09,-0.0466622648880077,0.00699150405831264,0.025964937446195,0
790.227777777778,-0.095,-0.0333690698733076,0.00717714263794139,0.0259710771628718,0
790.230555555556,-0.095,-0.0183196359811277,0.00740429210879512,0.0259772185662788,0
790.233333333333,-0.115,-0.00197293926265255,0.0075732424524515,0.0259833896377011,0
790.236111111111,-0.12,0.0150487288769348,0.00766644179034746,0.0259895452986413,0
790.238888888889,-0.105,0.032004251099722,0.00766951089983922,0.0259956770372802,0
790.241666666667,-0.09,0.0480934687886215,0.00762881416570453,0.026001662880158,0
790.244444444444,-0.075,0.0625269051092163,0.00769252310397102,0.0260073062269627,0
790.247222222222,-0.08,0.0745988353491279,0.00785249380352533,0.0260124026386312,0
790.25,-0.09,0.0837564976123725,0.00808462876924459,0.0260167529510107,0
790.252777777778,-0.105,0.0896583201553937,0.00835095080667115,0.0260201784252151,0
790.255555555556,-0.1,0.0922148378885298,0.0086031858672706,0.026022536129719,0
790.258333333333,-0.095,0.091607424290613,0.00878754087648282,0.0260237333907745,0
790.261111111111,-0.085,0.0882819546343504,0.00885023498716816,0.0260237404944306,0
790.263888888889,-0.085,0.0829168644314694,0.00874325451409357,0.0260226071091836,0
790.266666666667,-0.1,0.0763675554844341,0.00842976263183736,0.0260205699489405,0
790.269444444444,-0.115,0.0695914926126051,0.00805414325685293,0.026017963429752,0
790.272222222222,-0.105,0.0635603908151005,0.00778739988474413,0.0260151806726114,0
790.275,-0.1,0.0591674040598495,0.00764332962670611,0.0260125540666443,0
790.277777777778,-0.095,0.0571380277372918,0.00762738155673217,0.0260096787638867,0
790.280555555556,-0.095,0.0579534149779122,0.00773615091470146,0.0260061105084453,0
790.283333333333,-0.115,0.0617939552639597,0.00795763284806645,0.0260061049288353,0
790.286111111111,-0.115,0.068509324547092,0.00827225454194583,0.0260139731713418,0
790.288888888889,-0.11,0.0776189190189115,0.00865463381868882,0.0260321334004892,0
790.291666666667,-0.095,0.0883438265033101,0.00907594151986476,0.0260627020038049,0
790.294444444444,-0.08,0.0996685173703335,0.00950668078258634,0.0261073265205118,0
790.297222222222,-0.09,0.110427526732,0.00991964506310436,0.0261670347533546,0
790.3,-0.1,0.119409830672933,0.0102508934346787,0.0262421571148561,0
790.302777777778,-0.115,0.125471647710843,0.010340463129047,0.026332206702921,0
790.305555555556,-0.12,0.1276472311328,0.0102302449654807,0.026435700776526,0
790.308333333333,-0.095,0.125246997992648,0.0100239850967455,0.0265496175046499,0
790.311111111111,-0.09,0.117933121891624,0.00985519710407731,0.0266704226683217,0
790.313888888889,-0.09,0.105764462656251,0.00969850057817754,0.0267942815265209,0
790.316666666667,-0.105,0.0892052885459079,0.00957262599296368,0.0269178404763352,0
790.319444444444,-0.1,0.0690954549420114,0.00966655901713005,0.0270455423244274,0
790.322222222222,-0.07,0.046583261185527,0.00999364855207181,0.0271809880401537,0
790.325,-0.045,0.0230257957424303,0.0104459595889369,0.0273268835804215,0
790.327777777778,-0.015,-0.000135133523028023,0.0110466920365458,0.0274852097717027,0
790.330555555556,-0.04,-0.0215107191203749,0.0118061102845051,0.027657142348809,0
790.333333333333,-0.085,-0.0399039802823219,0.0127181698850883,0.0278430346027931,0
790.336111111111,-0.1,-0.0544364621504808,0.0137582621791503,0.0280424651093903,0
790.338888888889,-0.115,-0.0646500785240522,0.0148823885613815,0.02825434448254,0
790.341666666667,-0.11,-0.0705730693169963,0.0160279785316032,0.0284770720578027,0
790.344444444444,-0.085,-0.0727418327764543,0.0171164430076475,0.028708728705277,0
790.347222222222,-0.075,-0.0721740600227387,0.0180574153663856,0.0289472882091804,0
790.35,-0.07,-0.0702928489382879,0.0185889546523474,0.0291908300301307,0
790.352777777778,-0.04,-0.0688059463918763,0.0184421746684107,0.0294377257859459,0
790.355555555556,-0.025,-0.0695485701759254,0.0185110705738778,0.0296865909065429,0
790.358333333333,-0.03,-0.0743020041993079,0.0190773053951599,0.0299342735497883,0
790.361111111111,-0.075,-0.0846029879532393,0.0201880881946292,0.0301807065851962,0
790.363888888889,-0.115,-0.101560548308375,0.0218607046916938,0.0304252537351362,0
790.366666666667,-0.135,-0.125697158572164,0.0240778110587387,0.0306667511968451,0
790.369444444444,-0.12,-0.156829882234803,0.0267848218607557,0.0309036432292672,0
790.372222222222,-0.09,-0.194004518136115,0.029889750171953,0.0311341634590556,0
790.375,-0.055,-0.235491885530936,0.0332656953168349,0.0313565850181001,0
790.377777777778,-0.045,-0.278850559977307,0.0367559871814251,0.0315694237022428,0
790.380555555556,-0.05,-0.32105497305467,0.0401817989871539,0.0317715902826004,0
790.383333333333,-0.06,-0.358682259897866,0.0433518475490153,0.0319626033687268,0
790.386111111111,-0.055,-0.388146041723226,0.0460736263308797,0.0321427473319257,0
790.388888888889,-0.055,-0.405960914156271,0.0481263193724148,0.0323131503863625,0
790.391666666667,-0.045,-0.40901817072313,0.0492998073559686,0.0324770397428886,0
790.394444444444,-0.055,-0.394851530229213,0.0495874701771834,0.0326392135310829,0
790.397222222222,-0.05,-0.361871546301688,0.0501394281977907,0.0328037972338574,0
790.4,-0.04,-0.309549011513182,0.0514370881841616,0.0329669151830056,0
790.402777777778,-0.015,-0.238530939341824,0.0533474976689486,0.0331243994390147,0
790.405555555556,0.035,-0.150677389254423,0.0557101948815007,0.0332720945572303,0
790.408333333333,0.125,-0.0490131467304726,0.0583506147326406,0.0334061681963481,0
790.411111111111,0.225,0.0624053598915952,0.0610942611515744,0.0335238697781552,0
790.413888888889,0.325,0.178701030255118,0.0637804702051087,0.0336250450716799,0
790.416666666667,0.445,0.294451976196393,0.06627462711547,0.0337104232417433,0
790.419444444444,0.585,0.404014134936098,0.0684778348682552,0.0337815064882964,0
790.422222222222,0.73,0.501868534023024,0.0703332513281151,0.0338404200571083,0
790.425,0.91,0.582968882156548,0.0718285971409401,0.0338897344582599,0
790.427777777778,1.095,0.643064753114782,0.0729946639772758,0.0339322734473115,0
790.430555555556,1.275,0.678977115722294,0.0738999940098891,0.0339709219736793,0
790.433333333333,1.41,0.688806240083933,0.0746422278261465,0.0340084478599725,1
790.436111111111,1.455,0.672056833702271,0.0743598917353035,0.0340473416255878,0
790.438888888889,1.4,0.629671260074132,0.073592103792052,0.0340872799933856,0
790.441666666667,1.21,0.563968401261379,0.0726385710188529,0.0341245696444932,0
790.444444444444,0.92,0.478492621742231,0.07140715295842,0.0341561788548562,0
790.447222222222,0.615,0.377783835795387,0.0698368108617734,0.0341815403048897,0
790.45,0.35,0.267085365983667,0.0679054460715305,0.0342006010199762,0
790.452777777778,0.095,0.152010667529861,0.0656342645575124,0.0342137561935686,0
790.455555555556,-0.085,0.0381927497345612,0.0630882649302457,0.0342217175573595,0
790.458333333333,-0.16,-0.0690589495425798,0.0603727789766303,0.0342254231803116,0
790.461111111111,-0.135,-0.165070439955879,0.0576263309528255,0.0342259369921418,0
790.463888888889,-0.08,-0.246062755371,0.0550103957978951,0.0342243426405889,0
790.466666666667,-0.035,-0.309342475450098,0.0526969004723856,0.034221648835854,0
790.469444444444,-0.045,-0.353411918828929,0.0508545045411893,0.034218712658516,0
790.472222222222,-0.065,-0.377993956067251,0.0496347999486067,0.0342156453603552,0
790.475,-0.095,-0.383972849926722,0.0494321519257661,0.0342120524813952,0
790.477777777778,-0.105,-0.373258716353492,0.0490815121940298,0.0342077779258473,0
790.480555555556,-0.12,-0.348588631987757,0.0478716433770493,0.0342028814683478,0
790.483333333333,-0.115,-0.313281683568956,0.0458211596964513,0.0341976009772499,0
790.486111111111,-0.12,-0.270968054284305,0.0430006581514221,0.0341923024679069,0
790.488888888889,-0.125,-0.2253133906774,0.0395287519299058,0.0341874069928151,0
790.491666666667,-0.125,-0.179759147961855,0.0358586702634235,0.0341828371311508,0
790.494444444444,-0.13,-0.137297466789068,0.0321903979429758,0.0341770840283968,0
790.497222222222,-0.135,-0.100295613502638,0.0287067149545175,0.0341698274660824,0
790.5,-0.125,-0.0703804474532733,0.0255651326934414,0.0341608714555071,0
790.502777777778,-0.115,-0.0483881678593291,0.0228904181603505,0.0341501605538668,0
790.505555555556,-0.135,-0.0343791841655795,0.0207696894594978,0.0341377804700921,0
790.508333333333,-0.17,-0.0277127952120389,0.0192502503268601,0.0341244414558968,0
790.511111111111,-0.165,-0.0271718657894234,0.0183401344473078,0.0341112081015128,0
790.513888888889,-0.16,-0.0311241974886859,0.018011145268606,0.0340980331106194,0
790.516666666667,-0.155,-0.0377050516499953,0.0182040167720906,0.0340848535031306,0
790.519444444444,-0.165,-0.0450044295857002,0.0180962899498711,0.0340715979797813,0
790.522222222222,-0.165,-0.0512432616611109,0.0173643727162352,0.0340581944085989,0
790.525,-0.17,-0.054924496374411,0.0161648552435356,0.0340446210148786,0
790.527777777778,-0.17,-0.054948001897282,0.0148436880014956,0.0340311408628166,0
790.530555555556,-0.205,-0.0506819004135485,0.0135021063322375,0.0340177874288165,0
790.533333333333,-0.25,-0.0419870992527259,0.0122280518589603,0.0340045545481313,0
790.536111111111,-0.255,-0.0291959881227155,0.0110915793026207,0.0339913992318054,0
790.538888888889,-0.23,-0.0130501744167804,0.0101420026539817,0.0339782673878591,0
790.541666666667,-0.195,0.00539459453688181,0.00940684074497335,0.0339651427696491,0
790.544444444444,-0.175,0.0248857776272747,0.00889248413713486,0.0339520135307248,0
790.547222222222,-0.17,0.0441017628598796,0.008586382436711,0.0339388765320899,0
790.55,-0.175,0.0617778457316938,0.00846045209409948,0.0339257404973344,0
790.552777777778,-0.21,0.0768191967876626,0.0084753355548898,0.033912637407494,0
790.555555555556,-0.22,0.0883913642481866,0.00836556439271099,0.0338995949734241,0
790.558333333333,-0.22,0.0959814199770527,0.00820865549065142,0.0338866269781441,0
790.561111111111,-0.195,0.0994259045673468,0.00804977607016171,0.0338737352055613,0
790.563888888889,-0.2,0.0989049628568341,0.00792776235818645,0.0338609087938096,0
790.566666666667,-0.205,0.0949051835913431,0.0078722719281768,0.0338481243719073,0
790.569444444444,-0.21,0.0881563883929219,0.0079019875647029,0.0338353499460546,0
790.572222222222,-0.195,0.0795497254024163,0.00778004798756622,0.0338225490822643,0
790.575,-0.18,0.0700457483634783,0.0075701546027031,0.0338096897661742,0
790.577777777778,-0.175,0.060581617887579,0.00728654382840411,0.0337968997593209,0
790.580555555556,-0.195,0.0519861471994568,0.00695134101419897,0.0337842619215381,0
790.583333333333,-0.22,0.0449102092328288,0.00659196312497773,0.0337717902331873,0
790.586111111111,-0.235,0.0397781748513713,0.00623826084105296,0.0337594872698734,0
790.588888888889,-0.215,0.0367637658335646,0.00591966012158957,0.0337473436191807,0
790.591666666667,-0.2,0.0357912160480301,0.00566254256949636,0.0337353385208936,0
790.594444444444,-0.195,0.0365601840441073,0.0054880651561518,0.0337234416529044,0
790.597222222222,-0.185,0.0385906800456891,0.00541056758640923,0.0337116150257968,0
790.6,-0.195,0.0412825547871923,0.00543665517440638,0.0336998167382776,0
790.602777777778,-0.195,0.0439829892153204,0.00556498221250493,0.0336880052822062,0
790.605555555556,-0.18,0.0460550014583407,0.00575077387788112,0.0336761276349231,0
790.608333333333,-0.17,0.0469402604404685,0.00577471480407504,0.0336641602662992,0
790.611111111111,-0.155,0.0462104066936987,0.00566681825364992,0.0336522927448947,0
790.613888888889,-0.165,0.0436025136939066,0.00546500102897022,0.0336406152780511,0
790.616666666667,-0.175,0.0390361150185667,0.00521064871935108,0.0336291219025197,0
790.619444444444,-0.175,0.0326111829245809,0.00494408815527132,0.0336177740487898,0
790.622222222222,-0.155,0.0245883727583345,0.00470042267822791,0.0336064636454971,0
790.625,-0.145,0.0153545559017601,0.00450613012555083,0.0335950603489993,0
790.627777777778,-0.125,0.00537799153359346,0.00437673095143047,0.0335834226832499,0
790.630555555556,-0.14,-0.00484168232751783,0.00431571497172684,0.0335714510635682,0
790.633333333333,-0.125,-0.0148231883964943,0.00431478234868479,0.033559219435938,0
790.636111111111,-0.145,-0.0241479263344837,0.00430228879784144,0.0335469361528061,0
790.638888888889,-0.11,-0.0324945221152671,0.00424668745342236,0.0335348173759703,0
790.641666666667,-0.105,-0.0396604908104192,0.0042069708423762,0.0335228805315276,0
790.644444444444,-0.085,-0.0455693908168415,0.00421498362850515,0.0335111234922351,0
790.647222222222,-0.08,-0.0502634569419561,0.00429982882184352,0.0334995322518957,0
790.65,-0.09,-0.0538832521780488,0.00448460356576534,0.0334880812000031,0
790.652777777778,-0.095,-0.0566372156528432,0.00473349739354399,0.0334767355624432,0
790.655555555556,-0.055,-0.0587649757128259,0.0049716485385838,0.0334654549527519,0
790.658333333333,-0.025,-0.0604988498304122,0.00518708071871759,0.0334541971862904,0
790.661111111111,0.005,-0.0620280216842757,0.00537006654487519,0.0334429845820222,0
790.663888888889,0.005,-0.0634694756232684,0.00551333845024949,0.0334319156986914,0
790.666666666667,-0.03,-0.0648489339552353,0.00561211621415494,0.0334210950703621,0
790.669444444444,-0.035,-0.0660938795616368,0.00566398512980168,0.0334105460994451,0
790.672222222222,-0.055,-0.067039383278952,0.00566866623023121,0.0334002725383403,0
790.675,-0.045,-0.0674460383005719,0.0056277219802728,0.0333902685513975,0
790.677777777778,-0.055,-0.0670279812871434,0.00554423792269134,0.0333805198703517,0
790.680555555556,-0.045,-0.0654878882659786,0.00542251385916118,0.0333710057710922,0
790.683333333333,-0.04,-0.0625550830401109,0.00526778850839903,0.0333617015168017,0
790.686111111111,-0.025,-0.0580225601902781,0.00508601064412973,0.0333525815369282,0
790.688888888889,0,-0.0517788336344175,0.00496463367891191,0.0333436223880191,0
790.691666666667,0.015,-0.0438310588820667,0.00493104840179709,0.0333347943307645,0
790.694444444444,0.04,-0.03431678267612,0.00496373000091299,0.0333261788466393,0
790.697222222222,0.04,-0.0235028507769003,0.00503882471943234,0.0333178646410184,0
790.7,0.03,-0.0117713297243441,0.00513291602497791,0.0333098786920436,0
790.702777777778,0.035,0.0004063656977569,0.00522563107438963,0.0333022327062982,0
790.705555555556,0.065,0.0125047377075895,0.00530181665090276,0.0332949235028833,0
790.708333333333,0.095,0.0239855006295114,0.00535306423418738,0.0332879347392396,0
790.711111111111,0.105,0.0343409264030791,0.00537843615883992,0.033281225371364,0
790.713888888889,0.09,0.0431350492232619,0.00538433114150615,0.0332747448220223,0
790.716666666667,0.07,0.0500387494913889,0.00538351872778351,0.0332684485057086,0
790.719444444444,0.06,0.0548553474297978,0.00537357847185334,0.0332623014907038,0
790.722222222222,0.055,0.0575342809528475,0.00533294026424993,0.0332564672736685,0
790.725,0.075,0.0581716228954601,0.00524166140405239,0.0332509981976211,0
790.727777777778,0.055,0.0569974887616624,0.00508843238420735,0.0332459091809186,0
790.730555555556,0.015,0.0543516665618994,0.00489795915500819,0.0332412038152989,0
790.733333333333,0.005,0.050649936712744,0.00467692393849277,0.0332368735452339,0
790.736111111111,0,0.0463444298157001,0.00443342776589241,0.0332328978571193,0
790.738888888889,0.04,0.0418819078372923,0.00417663524459528,0.033229246483169,0
790.741666666667,0.055,0.0376639995504888,0.00391634624404093,0.0332258825852129,0
790.744444444444,0.065,0.0340131638926154,0.00366252096780832,0.0332227668879525,0
790.747222222222,0.04,0.0311475256453946,0.00342478912046649,0.0332199640239928,0
790.75,-0.01,0.0291667942240695,0.0032119754928794,0.0332176102094993,0
790.752777777778,-0.035,0.0280503360094336,0.00303167316326303,0.0332158355919145,0
790.755555555556,-0.025,0.0276672409857702,0.0028898917953665,0.0332147020382439,0
790.758333333333,-0.005,0.0277970305772237,0.0027908026036775,0.0332142065383617,0
790.761111111111,0.015,0.0281586155778894,0.00273659403581485,0.0332143301381386,0
790.763888888889,0.01,0.0284443338580286,0.00272744380890097,0.0332150380655456,0
790.766666666667,-0.005,0.0283554525837021,0.00276160439616198,0.0332162810875306,0
790.769444444444,-0.025,0.0276354496746172,0.00275461636586823,0.0332179980011032,0
790.772222222222,-0.045,0.0260976962012132,0.00268101018731336,0.033220136515122,0
790.775,-0.05,0.0236448090006773,0.00256338384467424,0.0332226378535464,0
790.777777777778,-0.04,0.0202778602190743,0.00242608768096011,0.0332255114614406,0
790.780555555556,-0.055,0.0160947201825941,0.00229273214871266,0.0332288154478993,0
790.783333333333,-0.07,0.0112779577712388,0.00218381724257065,0.0332326045827272,0
790.786111111111,-0.09,0.00607380933431941,0.0021147223939591,0.033236927486865,0
790.788888888889,-0.09,0.000764641612422912,0.00209425669114276,0.0332418243614519,0
790.791666666667,-0.085,-0.00436201660227002,0.00212391023011668,0.0332472991830851,0
790.794444444444,-0.065,-0.0090444797534534,0.00219787440489588,0.0332532961605487,0
790.797222222222,-0.07,-0.0130745934625995,0.00230381960023353,0.0332597341141441,0
790.8,-0.08,-0.0163191429329913,0.00241539024208856,0.0332665154641905,0
790.802777777778,-0.105,-0.0187327198755385,0.00250502960211762,0.033273518157702,0
790.805555555556,-0.11,-0.0203607188487204,0.0025725781686842,0.0332806132316337,0
790.808333333333,-0.095,-0.0213322001039993,0.00261260355425121,0.0332878248744955,0
790.811111111111,-0.08,-0.0218434431256711,0.00258912265726354,0.0332951802924939,0
790.813888888889,-0.1,-0.022134009038292,0.00258095154659827,0.0333027109706915,0
790.816666666667,-0.1,-0.0224579271876263,0.00258839202960904,0.033310450975901,0
790.819444444444,-0.105,-0.023053138730858,0.00260877865147846,0.0333184342439906,0
790.822222222222,-0.1,-0.0241125147395433,0.00263929794097948,0.0333266928323238,0
790.825,-0.07,-0.0257595997876817,0.00267709545735238,0.0333352552583718,0
790.827777777778,-0.07,-0.0280317326532285,0.00271936301371227,0.0333440433635645,0
790.830555555556,-0.085,-0.0308724167047973,0.0027634068563355,0.033352983668804,0
790.833333333333,-0.11,-0.03413383598803,0.00280669917314479,0.0333620621515679,0
790.836111111111,-0.125,-0.0375893416764852,0.00284691646824618,0.033371341087011,0
790.838888888889,-0.12,-0.0409546798817347,0.00288196906794623,0.0333808425492622,0
790.841666666667,-0.115,-0.043915806323243,0.00291002633456413,0.0333905870236759,0
790.844444444444,-0.095,-0.0461604330338131,0.00292954208198178,0.0334005925184585,0
790.847222222222,-0.105,-0.0474100504895829,0.00293928423175966,0.0334108730916032,0
790.85,-0.105,-0.0474491073860256,0.00293837193216776,0.0334214374178573,0
790.852777777778,-0.11,-0.0461483161219146,0.00292632218872696,0.0334322702902671,0
790.855555555556,-0.105,-0.0434796549140664,0.00292949881961507,0.0334433433808698,0
790.858333333333,-0.095,-0.0395214940982503,0.00294104979485745,0.033454677217247,0
790.861111111111,-0.09,-0.0344532946662403,0.00294348346985664,0.0334662700531515,0
790.863888888889,-0.1,-0.028540404280071,0.00292175592347456,0.0334781258182928,0
790.866666666667,-0.13,-0.0221104967087147,0.00286503739694191,0.0334902532951315,0
790.869444444444,-0.125,-0.0155240575507446,0.00280616227636641,0.0335026650599721,0
790.872222222222,-0.1,-0.00914192214858247,0.00274913619403165,0.0335153762861652,0
790.875,-0.08,-0.00329315743945877,0.00269871005749528,0.0335284031364415,0
790.877777777778,-0.07,0.00175348166098885,0.00266029320379449,0.0335417615291503,0
790.880555555556,-0.095,0.0058116918632998,0.00263980043247516,0.0335554660603443,0
790.883333333333,-0.08,0.00879122548095899,0.00264342567281385,0.0335695473604351,0
790.886111111111,-0.1,0.0107017467976995,0.00267734001733402,0.0335841576028579,0
790.888888888889,-0.07,0.0116467713648131,0.00274731836608566,0.0335993224966265,0
790.891666666667,-0.05,0.0118085718267018,0.00285830665425192,0.0336149492117432,0
790.894444444444,-0.04,0.0114258836183257,0.00292424030753498,0.0336309199879481,0
790.897222222222,-0.05,0.0107669871869626,0.00294235554336535,0.0336471290180171,0
790.9,-0.065,0.0101011990687543,0.00291768061041662,0.0336634897551164,0
790.902777777778,-0.055,0.00967192190514941,0.00285958829393875,0.0336799486375455,0
790.905555555556,-0.06,0.00967416968384111,0.00278047149874679,0.0336965153611904,0
790.908333333333,-0.13,0.0102389240526982,0.00269399872297932,0.0337132041395587,0
790.911111111111,-0.19,0.0114258517165591,0.00261315380395385,0.0337300336018029,0
790.913888888889,-0.215,0.0132249130402372,0.00254829625730793,0.0337469802050119,0
