time_s,raw_ecg,filtered_ecg,diff_envelope,threshold,is_r_peak
1398.725,-0.22,0.0648526020439968,0.00672091392200137,0.0367589597071876,0
1398.72777777778,-0.235,0.067905017880297,0.00646934147375904,0.036627256282446,0
1398.73055555556,-0.25,0.0708907333975983,0.00628335292533946,0.0364947572847952,0
1398.73333333333,-0.24,0.0729764446104105,0.00616565313850689,0.0363626842159939,0
1398.73611111111,-0.22,0.0734050075693919,0.00611442769529932,0.0362355493463235,0
1398.73888888889,-0.205,0.0715794190281977,0.00610465708786105,0.0361178366226527,0
1398.74166666667,-0.205,0.067128308447091,0.006041935888044,0.0360136986239654,0
1398.74444444444,-0.185,0.059946677657382,0.00593568459374062,0.0359257505726238,0
1398.74722222222,-0.19,0.0502082322312934,0.00579555300325899,0.0358544480600241,0
1398.75,-0.19,0.0383485621056165,0.00563044398520038,0.0357993325099818,0
1398.75277777778,-0.185,0.0250213580524165,0.00544779953464113,0.0357591313947811,0
1398.75555555556,-0.19,0.0110325090608553,0.0052685012190247,0.0357319525317399,0
1398.75833333333,-0.19,-0.00274094101282631,0.00524407661207265,0.0357155222348786,0
1398.76111111111,-0.18,-0.0154385902545245,0.00537725645993322,0.035707275820781,0
1398.76388888889,-0.205,-0.0263022827543148,0.00559201606689661,0.035704538438253,0
1398.76666666667,-0.185,-0.0347509059188758,0.0058121343405553,0.0357026526390374,0
1398.76944444444,-0.185,-0.0404369444793911,0.00603729501637742,0.0357013774679916,0
1398.77222222222,-0.185,-0.0432792501585386,0.00626641506729586,0.0357008251113355,0
1398.775,-0.19,-0.0434689045660082,0.00649713886988815,0.0357005412010951,0
1398.77777777778,-0.175,-0.0414477515586123,0.00672554403725516,0.035699886959609,0
1398.78055555556,-0.17,-0.037861887052977,0.00682020036895607,0.0356986517848051,0
1398.78333333333,-0.155,-0.0334948542530657,0.00671903634932209,0.0356967009950975,0
1398.78611111111,-0.15,-0.0291872632160441,0.00653578202485331,0.0356939776924945,0
1398.78888888889,-0.135,-0.025750848559677,0.00638311951370188,0.035690499490442,0
1398.79166666667,-0.135,-0.023885478458204,0.00626852993947606,0.0356863456921189,0
1398.79444444444,-0.14,-0.02410729079149,0.00619812226685572,0.0356816789381348,0
1398.79722222222,-0.15,-0.0266949987824276,0.00617588399539457,0.0356768627137357,0
1398.8,-0.16,-0.0316595957742211,0.00620308815528607,0.0356722423876592,0
1398.80277777778,-0.165,-0.0387403787044779,0.00627793011574999,0.0356680762581442,0
1398.80555555556,-0.18,-0.0474276305657084,0.00639544378826608,0.0356644934908973,0
1398.80833333333,-0.175,-0.0570097060008499,0.00654771742080794,0.0356613782200989,0
1398.81111111111,-0.165,-0.066639902994786,0.00672439752060735,0.0356586416143278,0
1398.81388888889,-0.17,-0.0754166044827745,0.00691343889887797,0.0356562249999985,0
1398.81666666667,-0.14,-0.0824689172953995,0.00710203263414358,0.0356540998032417,0
1398.81944444444,-0.16,-0.0870395394559198,0.00713823478256975,0.0356522659403614,0
1398.82222222222,-0.16,-0.0885568934676412,0.00704223666221241,0.0356507480411213,0
1398.825,-0.15,-0.0866896380875268,0.00692433585979087,0.0356496236236865,0
1398.82777777778,-0.15,-0.0813784054848295,0.0068460591285677,0.0356488113898898,0
1398.83055555556,-0.14,-0.0728418330117015,0.00681028054990367,0.0356482471935036,0
1398.83333333333,-0.13,-0.0615564514644914,0.0068163711830147,0.0356478678601082,0
1398.83611111111,-0.12,-0.0482125123453036,0.00684506058572666,0.0356476171487845,0
1398.83888888889,-0.1,-0.0336501416347685,0.00677004081133984,0.0356474504994995,0
1398.84166666667,-0.08,-0.0187820755396166,0.00667304055260784,0.0356473384391416,0
1398.84444444444,-0.065,-0.00451048653685952,0.00656442573944047,0.0356472693738966,0
1398.84722222222,-0.045,0.00835407197141535,0.0064549132899269,0.0356472487694469,0
1398.85,-0.045,0.0191638334261135,0.00635461752915066,0.0356473418327187,0
1398.85277777778,-0.035,0.0274883390751091,0.00627219826832214,0.0356477704392768,0
1398.85555555556,-0.04,0.0331472118052812,0.00621419111063389,0.0356487540616868,0
1398.85833333333,-0.035,0.0362182271170361,0.00618458016572538,0.0356503627405068,0
1398.86111111111,-0.035,0.0370201461323085,0.00618464698896597,0.0356523335787969,0
1398.86388888889,-0.025,0.0360722366026219,0.00621310001312251,0.0356544817636415,0
1398.86666666667,-0.025,0.0340346707710722,0.0061597408983192,0.0356567671634266,0
1398.86944444444,-0.015,0.0316358348959619,0.00608655652232239,0.035659157088749,0
1398.87222222222,0.02,0.0295938364342691,0.00599950998636483,0.0356616285051098,0
1398.875,0.02,0.0285400314223362,0.00590468291682681,0.0356641677638082,0
1398.87777777778,0.03,0.0289521659560561,0.00580755510665234,0.0356667709391001,0
1398.88055555556,0.015,0.0311037554446215,0.00571240991171927,0.0356694420265742,0
1398.88333333333,0,0.0350347087930247,0.00562193244579567,0.0356722314892351,0
1398.88611111111,-0.02,0.0405460996183615,0.00553704492803369,0.0356751752333086,0
1398.88888888889,-0.035,0.0472195979909919,0.00545699590714183,0.0356783098605444,0
1398.89166666667,-0.025,0.0544596364209011,0.00537969048346037,0.0356816058353964,0
1398.89444444444,-0.03,0.0615541303359303,0.00530222027510153,0.0356850454632525,0
1398.89722222222,-0.015,0.0677477257462085,0.00522152782846457,0.0356886256698387,0
1398.9,-0.005,0.072320285780706,0.00513512313220819,0.0356923279195095,0
1398.90277777778,0.005,0.0746627774929671,0.00517317968378024,0.0356960450461393,0
1398.90555555556,-0.005,0.0743429364421488,0.00527294491720561,0.0356997414504908,0
1398.90833333333,-0.005,0.071154050743359,0.00537641625691815,0.0357033873786808,0
1398.91111111111,-0.01,0.0651418278130002,0.00547866176071819,0.0357069224937046,0
1398.91388888889,-0.015,0.0566064312823928,0.00557271342282675,0.0357102846285258,0
1398.91666666667,-0.035,0.0460791986582644,0.005650048549955,0.0357134149577213,0
1398.91944444444,-0.055,0.0342760386007885,0.00567289514038497,0.0357162631475015,0
1398.92222222222,-0.06,0.022031819017421,0.00565695656448613,0.0357187920828427,0
1398.925,-0.055,0.0102219680297613,0.00568453042943889,0.0357209820713924,0
1398.92777777778,-0.035,-0.000321168872649622,0.00576172609706753,0.0357228334216004,0
1398.93055555556,-0.015,-0.00888907304058528,0.00589171535868439,0.0357243655735758,0
1398.93333333333,-0.005,-0.0149669426471746,0.00607409072004396,0.0357256174755802,0
1398.93611111111,-0.005,-0.0182857344248749,0.00630453088513279,0.0357266508409477,0
1398.93888888889,-0.02,-0.0188510135451947,0.00657482874177363,0.0357276169233347,0
1398.94166666667,-0.03,-0.0169454545343329,0.00687330201597172,0.0357286795488476,0
1398.94444444444,-0.03,-0.0131043532353105,0.00718556789960964,0.0357298734489039,0
1398.94722222222,-0.04,-0.00806611855209705,0.00747356624113185,0.0357310964119829,0
1398.95,-0.035,-0.00270216306678571,0.00754516420074124,0.0357322499179907,0
1398.95277777778,-0.025,0.00206733359605533,0.00738825650542023,0.0357332447698218,0
1398.95555555556,-0.01,0.00536385729470756,0.00717715694652537,0.0357340076041085,0
1398.95833333333,-0.01,0.00643854295089664,0.00702192323974158,0.0357344836284894,0
1398.96111111111,-0.02,0.00474917216339768,0.00692731763057639,0.0357346369134141,0
1398.96388888889,-0.02,1.8576731364394e-05,0.00689315541442473,0.0357344498022489,0
1398.96666666667,-0.025,-0.00773148845520282,0.00691430246195445,0.0357338651563357,0
1398.96944444444,-0.025,-0.0181746754147223,0.00698116443128769,0.0357329887769118,0
1398.97222222222,-0.03,-0.030703599324059,0.00708064135832433,0.0357320163263254,0
1398.975,-0.03,-0.0444808580266643,0.00719747336515575,0.0357311154647254,0
1398.97777777778,-0.03,-0.0585130912795268,0.00731586041712185,0.0357304137654734,0
1398.98055555556,-0.035,-0.0717413762657688,0.00742120585275082,0.0357300149167967,0
1398.98333333333,-0.03,-0.0831395786035299,0.00737039564183788,0.035730061990421,0
1398.98611111111,-0.035,-0.0918113715584923,0.00732184497892436,0.0357305724478739,0
1398.98888888889,-0.035,-0.0970765980859543,0.00730719909345104,0.0357314499361294,0
1398.99166666667,-0.04,-0.0985384978520039,0.00732225395020115,0.0357325450621547,0
1398.99444444444,-0.04,-0.0961249885293475,0.00735677571483815,0.0357336698588266,0
1398.99722222222,-0.05,-0.0900995334019491,0.00739515920628592,0.0357347241617818,0
1399,-0.055,-0.0810399360102638,0.00741769642087891,0.035735692139705,0
1399.00277777778,-0.05,-0.0697864206952944,0.00743302484753791,0.035736559467052,0
1399.00555555556,-0.045,-0.0573633053292726,0.00750837776959461,0.0357373219309253,0
1399.00833333333,-0.02,-0.0448811713161979,0.00766368825558983,0.0357379945680103,0
1399.01111111111,-0.005,-0.0334284362641997,0.00791432074662395,0.035738620196455,0
1399.01388888889,-0.025,-0.0239624384594992,0.00826897623969887,0.0357392760206541,0
1399.01666666667,-0.015,-0.0172104221747819,0.00872805998779667,0.0357400788319114,0
1399.01944444444,-0.01,-0.0135901254212221,0.00928269437182342,0.0357411885749913,0
1399.02222222222,-0.015,-0.0131580625268355,0.0099145090972474,0.0357426877288477,0
1399.025,-0.025,-0.0155911946013659,0.0105962756037905,0.0357441862892164,0
1399.02777777778,-0.035,-0.0202046986058528,0.0112933779919029,0.0357452723736133,0
1399.03055555556,-0.045,-0.0260052449369174,0.0119660353968459,0.035746902662245,0
1399.03333333333,-0.045,-0.0317758727742316,0.0125721176364092,0.0357544447569658,0
1399.03611111111,-0.035,-0.0361855177248691,0.0129038851498312,0.0357697196355378,0
1399.03888888889,-0.02,-0.0379137826042548,0.0128415335648199,0.0357943765020722,0
1399.04166666667,-0.005,-0.0357798874436449,0.0126632530275414,0.035829814741732,0
1399.04444444444,0.01,-0.0288640572719673,0.0126798721719646,0.0358770254387684,0
1399.04722222222,0.025,-0.0166099879915386,0.0128995194384581,0.0359364464579643,0
1399.05,0.035,0.00110154120797034,0.0133174457372046,0.0360076818265866,0
1399.05277777778,0.055,0.0239154744164797,0.0139160468503872,0.0360895966117225,0
1399.05555555556,0.04,0.0510061618139212,0.0146659694161542,0.0361803352213388,0
1399.05833333333,0.065,0.0811227922035594,0.0155282427875518,0.0362773680491417,0
1399.06111111111,0.075,0.112673704227097,0.0164572841173438,0.0363775782138099,0
1399.06388888889,0.075,0.143843135254608,0.0174045388759967,0.0364773929309521,0
1399.06666666667,0.09,0.172730897464829,0.0181546495663147,0.0365790444171751,0
1399.06944444444,0.115,0.19750318873564,0.0186824456989812,0.0366857296967646,0
1399.07222222222,0.15,0.216541473449024,0.0190223599156302,0.0368001071377918,0
1399.075,0.18,0.228576240660918,0.0192356346518324,0.036924184157866,0
1399.07777777778,0.19,0.23279349982299,0.0194046169656876,0.037059335681218,0
1399.08055555556,0.195,0.22890403801238,0.0196247819780122,0.0372061779868645,0
1399.08333333333,0.19,0.217168567509139,0.019847973760252,0.0373646611409545,0
1399.08611111111,0.185,0.198375681414805,0.0199837182748098,0.0375341646705621,0
1399.08888888889,0.17,0.173773684738082,0.0200686575866123,0.0377136312455593,0
1399.09166666667,0.16,0.14496151740379,0.0201431960649261,0.0379017260663833,0
1399.09444444444,0.14,0.113747765191846,0.0202467332698308,0.0380970078259239,0
1399.09722222222,0.12,0.0819898211365977,0.0204127106215097,0.0382980995123682,0
1399.1,0.11,0.0514273258190683,0.0206639299816521,0.038503839742497,0
1399.10277777778,0.11,0.0235248749237488,0.0210086041691739,0.0387121456690175,0
1399.10555555556,0.095,-0.000661467170003405,0.0214375609064049,0.0389178584431055,0
1399.10833333333,0.09,-0.0205810590218199,0.0219229441871649,0.0391201789789803,0
1399.11111111111,0.075,-0.0362391176357042,0.02241864542125,0.0393186392620666,0
1399.11388888889,0.05,-0.0481947128228829,0.0228625589064808,0.0395123687245168,0
1399.11666666667,0.035,-0.0575048448753195,0.0231806027324722,0.0397002782685885,0
1399.11944444444,0.01,-0.0656178951121196,0.0232922894123859,0.0398812074832044,0
1399.12222222222,-0.015,-0.0742243519576836,0.023467095383834,0.0400540095765748,0
1399.125,-0.02,-0.0850767730515365,0.024000720446107,0.0402177237992659,0
1399.12777777778,-0.025,-0.0997940823742392,0.024950103431214,0.0403717381989891,0
1399.13055555556,-0.035,-0.119667227444848,0.0263497213025805,0.0405159176364217,0
1399.13333333333,-0.045,-0.145483739595595,0.0282056437028781,0.0406506934184646,0
1399.13611111111,-0.07,-0.177387770191724,0.0304912886582613,0.0407771102368487,0
1399.13888888889,-0.09,-0.214789762025492,0.0331453506237975,0.0408968243379432,0
1399.14166666667,-0.09,-0.256336225487161,0.036072227954021,0.0410129658760417,0
1399.14444444444,-0.075,-0.299945401894371,0.0391450995776789,0.0411301826748504,0
1399.14722222222,-0.07,-0.342909279246632,0.0422116028976154,0.0412467647187441,0
1399.15,-0.05,-0.38205690630591,0.0451018615550312,0.0413594555990592,0
1399.15277777778,-0.04,-0.413968682090988,0.0476384184703038,0.041464982973877,0
1399.15555555556,-0.05,-0.435226720256632,0.0496474619916025,0.0415602502088195,0
1399.15833333333,-0.055,-0.4426828931362,0.0509706050101443,0.0416425479336639,0
1399.16111111111,-0.07,-0.433724058153595,0.0514763998220735,0.0417099122744464,0
1399.16388888889,-0.1,-0.406513460844437,0.0512884979174784,0.0417610467144707,0
1399.16666666667,-0.115,-0.360188468182,0.0519053603748973,0.0417969565915903,0
1399.16944444444,-0.13,-0.294997553235648,0.0532117360818906,0.0418196252501903,0
1399.17222222222,-0.115,-0.212363636292726,0.0550603451786776,0.0418315895172562,0
1399.175,-0.08,-0.11486618037467,0.0572845881145735,0.0418357542007876,0
1399.17777777778,-0.015,-0.00614043931886989,0.0597123434601848,0.0418379974723028,0
1399.18055555556,0.08,0.10930149857514,0.0621797278806077,0.0418407553122641,0
1399.18333333333,0.22,0.226317226556538,0.0645437046667559,0.0418434684546451,0
1399.18611111111,0.375,0.33943216492845,0.0666925313293431,0.0418461307067187,0
1399.18888888889,0.57,0.443169257845325,0.0685532231686072,0.041850251353046,0
1399.19166666667,0.81,0.532387467002115,0.0700954628414616,0.0418521053459292,0
1399.19444444444,1.04,0.602605324306956,0.0713316846761239,0.0418527699818756,0
1399.19722222222,1.25,0.650286603897104,0.0723133820343373,0.0418544280756526,0
1399.2,1.39,0.67306770367985,0.0731239999437801,0.041857020111066,0
1399.20277777778,1.415,0.669910402067542,0.0732512069276294,0.0418601202149069,0
1399.20555555556,1.31,0.641168969708542,0.0724558914232717,0.0418634776513511,0
1399.20833333333,1.105,0.588566764883033,0.0714968477447376,0.0418668287636155,0
1399.21111111111,0.84,0.515083956005602,0.0702753760221706,0.0418699719373176,0
1399.21388888889,0.53,0.424764398713874,0.0687186732826848,0.0418727371827176,0
1399.21666666667,0.265,0.322455463095018,0.0667887025865138,0.0418749989387383,0
1399.21944444444,0.05,0.213499323068986,0.0644880347468434,0.0418766823748796,0
1399.22222222222,-0.08,0.103397532809017,0.0618621465920053,0.0418779151840935,0
1399.225,-0.145,-0.0025276168132222,0.0589979558301051,0.0418790442250319,0
1399.22777777778,-0.14,-0.0994515575041416,0.056018686093368,0.0418803485034768,0
1399.23055555556,-0.1,-0.183324135076197,0.0530754607572002,0.0418809062810245,0
1399.23333333333,-0.065,-0.25108634406648,0.050336295564915,0.0418779700979144,0
1399.23611111111,-0.055,-0.300813605620313,0.0479733757614449,0.0418718434479678,0
1399.23888888889,-0.055,-0.331777697873723,0.0465087415320945,0.0418644949610478,0
1399.24166666667,-0.085,-0.344425535387956,0.0460814788776408,0.0418586156468531,0
1399.24444444444,-0.095,-0.34027908770517,0.0464385621918521,0.0418523759319001,0
1399.24722222222,-0.12,-0.321766361720222,0.0459449752123735,0.0418438415254894,0
1399.25,-0.13,-0.291998126728313,0.0445858171747821,0.04183087511824,0
1399.25277777778,-0.14,-0.25450858923048,0.0423975912615492,0.0418112265289524,0
1399.25555555556,-0.145,-0.212980283501382,0.0394667712512014,0.0417826910810269,0
1399.25833333333,-0.145,-0.170973909796022,0.0359531140032544,0.0417432817766975,0
1399.26111111111,-0.15,-0.131682728392317,0.0324247393769094,0.041691403071796,0
1399.26388888889,-0.15,-0.0977285325060255,0.0290683049169744,0.0416260132297832,0
1399.26666666667,-0.13,-0.07101241649949,0.026045906715418,0.0415467603066928,0
1399.26944444444,-0.125,-0.0526288583314826,0.0234868769841512,0.0414540806838936,0
1399.27222222222,-0.13,-0.0428464397509638,0.0214822064798821,0.041349250260834,0
1399.275,-0.15,-0.0411532567467535,0.0200818223255566,0.041234381305119,0
1399.27777777778,-0.16,-0.0463601436857397,0.0192947412450679,0.0411123619886717,0
1399.28055555556,-0.215,-0.0567506264893267,0.0190919155555313,0.0409873137195113,0
1399.28333333333,-0.22,-0.0702633442137639,0.0194114090636884,0.0408615890198106,0
1399.28611111111,-0.22,-0.084690754167884,0.019879432785245,0.0407307924956093,0
1399.28888888889,-0.21,-0.0978773759032416,0.0196856629177937,0.040591570708148,0
1399.29166666667,-0.21,-0.107901633296918,0.0189302084076144,0.0404416256677897,0
1399.29444444444,-0.215,-0.113227410288562,0.0177421148554729,0.0402795585169263,0
1399.29722222222,-0.22,-0.112814534860169,0.0163518844646673,0.0401048734118384,0
1399.3,-0.23,-0.106181258998142,0.0150614818931947,0.0399179078120623,0
1399.30277777778,-0.225,-0.0934160680762878,0.0139441549937762,0.0397196970937451,0
1399.30555555556,-0.22,-0.0751404662991841,0.0130505533769053,0.0395117868746759,0
1399.30833333333,-0.22,-0.0524283878150042,0.0124075154441857,0.0392960107336846,0
1399.31111111111,-0.225,-0.026691254866751,0.0120187542010303,0.0390742537605856,0
1399.31388888889,-0.22,0.00045981364809292,0.0118672334042981,0.0388482233531724,0
1399.31666666667,-0.195,0.027361723867753,0.0119189101008872,0.0386192453099521,0
1399.31944444444,-0.185,0.0524438711246001,0.0117683412025494,0.0383879346297164,0
1399.32222222222,-0.175,0.074357020375391,0.0114564063969442,0.0381554783458158,0
1399.325,-0.185,0.0920761559833195,0.0110963408312009,0.0379256309049725,0
1399.32777777778,-0.18,0.104969555812177,0.0107403759224746,0.0376995264198978,0
1399.33055555556,-0.185,0.112829610008889,0.0104335582311682,0.0374788144505872,0
1399.33333333333,-0.19,0.115864434494618,0.010210627916522,0.0372654907303999,0
1399.33611111111,-0.17,0.114652810098882,0.0100940844553658,0.0370616863433039,0
1399.33888888889,-0.165,0.110068110966229,0.0100946717550055,0.0368694343553994,0
1399.34166666667,-0.165,0.103179409645662,0.00998216028507526,0.0366904345903264,0
1399.34444444444,-0.16,0.0951396606486235,0.00977028697500375,0.0365258373157858,0
1399.34722222222,-0.15,0.0870716446909587,0.00948130463577852,0.0363760676412249,0
1399.35,-0.13,0.079962162574457,0.00914308199350602,0.036240704825906,0
1399.35277777778,-0.12,0.0745738470991722,0.00878597258051571,0.036118427481721,0
1399.35555555556,-0.095,0.0713820398938779,0.0084397541760316,0.0360070309236688,0
1399.35833333333,-0.08,0.0705416510066873,0.00813091058450965,0.0359025422971621,0
1399.36111111111,-0.07,0.0718860244477218,0.0078804754447827,0.0358005374742434,0
1399.36388888889,-0.08,0.0749568407656046,0.00770258944483473,0.0356984934206835,0
1399.36666666667,-0.115,0.0790612683666635,0.00760384486928739,0.0356006808961898,0
1399.36944444444,-0.155,0.083350177054134,0.00758341237082578,0.0355113044873865,0
1399.37222222222,-0.16,0.0869094553230713,0.00763387153030449,0.0354332109779515,0
1399.375,-0.155,0.0888554719411836,0.00774260556462863,0.0353681971222449,0
1399.37777777778,-0.145,0.0884255648232388,0.00781001614077782,0.0353172514957551,0
1399.38055555556,-0.12,0.0850551215891885,0.00766952641280703,0.0352805666861645,0
1399.38333333333,-0.08,0.0784342566594078,0.00748617815255921,0.0352575976162956,0
1399.38611111111,-0.045,0.0685391427198356,0.00731013215734505,0.0352471589967667,0
1399.38888888889,-0.045,0.0556355208615584,0.00715292577530416,0.0352420892572881,0
1399.39166666667,-0.085,0.0402545608900241,0.00702187388406549,0.0352358487107323,0
1399.39444444444,-0.135,0.0231438261052193,0.0069198039832417,0.0352287020033433,0
1399.39722222222,-0.175,0.00519838003969591,0.00684532213755022,0.0352208768381395,0
1399.4,-0.19,-0.0126211481650697,0.00683914201123241,0.0352127612746707,0
1399.40277777778,-0.17,-0.0293756034173694,0.00687550417739826,0.0352047352466707,0
1399.40555555556,-0.13,-0.0442311463344252,0.00690484886206686,0.0351969013838883,0
1399.40833333333,-0.095,-0.0565320037078962,0.00693533953659885,0.0351889347880993,0
1399.41111111111,-0.065,-0.0658553735294907,0.006973671605377,0.0351807566504748,0
1399.41388888889,-0.065,-0.0720434850106196,0.00702409161540151,0.0351724588513029,0
1399.41666666667,-0.06,-0.075210016114682,0.0070877788949808,0.0351641990811593,0
1399.41944444444,-0.1,-0.0757205131361825,0.00713300751227927,0.035156176859296,0
1399.42222222222,-0.11,-0.0741489113628021,0.00705201655698375,0.0351483871511463,0
1399.425,-0.105,-0.0712144962269746,0.00697231751579681,0.0351408128062068,0
1399.42777777778,-0.105,-0.0677054653484957,0.00690264054805457,0.0351334320180832,0
1399.43055555556,-0.105,-0.0643964880779151,0.00685181929475492,0.0351262142112032,0
1399.43333333333,-0.12,-0.0619681997265203,0.00682749467430682,0.0351191200912998,0
1399.43611111111,-0.125,-0.060936366046279,0.00683489548024991,0.0351121475935555,0
1399.43888888889,-0.115,-0.061597531270253,0.00687584149925087,0.0351051608457477,0
1399.44166666667,-0.115,-0.0639964075300972,0.00694809339344173,0.0350981619063871,0
1399.44444444444,-0.125,-0.0679182197033694,0.00704513888698392,0.0350913590354491,0
1399.44722222222,-0.115,-0.072906876865856,0.0071564603142531,0.0350849908223213,0
1399.45,-0.11,-0.0783074155478927,0.00726827874108214,0.0350793045257432,0
1399.45277777778,-0.09,-0.0833288741075408,0.00736471960983711,0.0350742832311066,0
1399.45555555556,-0.065,-0.0871218218334527,0.00742929918854923,0.0350697676299203,0
1399.45833333333,-0.055,-0.0888633588530529,0.00744659460345517,0.0350655785402856,0
1399.46111111111,-0.06,-0.0878416533225726,0.00745404589790493,0.0350615338320943,0
1399.46388888889,-0.06,-0.0835320605872132,0.007565026434346,0.0350574649137165,0
1399.46666666667,-0.06,-0.075657578712166,0.00774715937283339,0.0350532310487337,0
1399.46944444444,-0.05,-0.0642277731995786,0.00799694015379402,0.035048730227858,0
1399.47222222222,-0.03,-0.0495522272210391,0.00830427780319036,0.0350439079210168,0
1399.475,0,-0.0322268690638846,0.00865283675988674,0.0350389516907002,0
1399.47777777778,0.02,-0.0130939884473333,0.00902096896105771,0.0350341142664444,0
1399.48055555556,0.015,0.00682084468896722,0.00933757972787187,0.0350295218387174,0
1399.48333333333,0.015,0.0263896192539904,0.00950096336527931,0.0350251218908775,0
1399.48611111111,0.015,0.0444734835618523,0.00949866106814895,0.0350208387353107,0
1399.48888888889,0.01,0.0600170753133656,0.00933728950875527,0.0350165770974161,0
1399.49166666667,0.015,0.0721372303288541,0.00926037733294468,0.0350122159772303,0
1399.49444444444,0.035,0.0801981495926344,0.00930308299187116,0.0350075689864353,0
1399.49722222222,0.055,0.0838662477289691,0.00947147323304223,0.0350024714744841,0
1399.5,0.07,0.0831396631684253,0.00976304214063977,0.0349967925179116,0
1399.50277777778,0.08,0.0783496258382539,0.0100961419284445,0.0349906632022282,0
1399.50555555556,0.105,0.0701333554862923,0.0102952132853967,0.0349842633081863,0
1399.50833333333,0.115,0.059380681959955,0.0103150543148317,0.0349778040841346,0
1399.51111111111,0.1,0.0471589128568806,0.0101252273026286,0.0349716093796557,0
1399.51388888889,0.055,0.0346224147612908,0.00971324015408475,0.0349659888650878,0
1399.51666666667,0.01,0.0229147472470913,0.00914552794905253,0.0349609767364201,0
1399.51944444444,-0.03,0.0130718697855066,0.0086420287901836,0.0349564127141754,0
1399.52222222222,-0.06,0.00593486804084679,0.00822990117209003,0.0349521285476716,0
1399.525,-0.06,0.00207982248435481,0.00792966328854683,0.0349479558844901,0
1399.52777777778,-0.015,0.00177094054428501,0.00775373438206818,0.0349437309451643,0
1399.53055555556,0.02,0.00494102612781473,0.00770563081545471,0.0349393046302632,0
1399.53333333333,0.065,0.0112009487963306,0.00777988142133333,0.0349346300184924,0
1399.53611111111,0.08,0.0198772135162036,0.00796266524742255,0.0349297161304444,0
1399.53888888889,0.06,0.0300742488561323,0.00823311315845046,0.0349246598548832,0
1399.54166666667,0.03,0.0407558482329493,0.00851504904078447,0.0349196280488636,0
1399.54444444444,0.005,0.0508385103199223,0.00854931767503159,0.034914763483271,0
1399.54722222222,-0.01,0.0592883820485864,0.00835031195823568,0.0349101706595331,0
1399.55,0.005,0.0652132042072813,0.00800732200357015,0.0349059065697903,0
1399.55277777778,0.04,0.0679411228780504,0.00771254440266798,0.0349019731364207,0
1399.55555555556,0.06,0.0670794186668302,0.00748365677377169,0.0348983140115287,0
1399.55833333333,0.085,0.0625480136574781,0.00733119547799378,0.0348948161015821,0
1399.56111111111,0.08,0.054584881445891,0.00725795040565493,0.0348914510338968,0
1399.56388888889,0.07,0.0437230055036207,0.00725904365333918,0.0348883231820398,0
1399.56666666667,0.045,0.0307410794836394,0.00732267049482849,0.0348855076461458,0
1399.56944444444,0.035,0.0165924911639169,0.00743142317090861,0.0348830482121746,0
1399.57222222222,0.045,0.0023190685779484,0.00734544136037244,0.0348808551511182,0
1399.575,0.035,-0.0110425816424194,0.00721190121212094,0.0348788357003627,0
1399.57777777778,0.015,-0.0225536691985633,0.00710006625300822,0.0348769667505851,0
1399.58055555556,0.01,-0.0314563943467933,0.00703007998769347,0.0348752625688424,0
1399.58333333333,0.025,-0.0372402220701313,0.00701784809452455,0.0348737372071282,0
1399.58611111111,0.045,-0.0396853266350116,0.00707369040827957,0.0348724076855729,0
1399.58888888889,0.045,-0.0388793617939746,0.00720153573069931,0.034871285140906,0
1399.59166666667,0.055,-0.0352061431170632,0.00739871751417871,0.0348702991042814,0
1399.59444444444,0.07,-0.0293073862594661,0.00765637190929001,0.0348694533562501,0
1399.59722222222,0.045,-0.0220210963228258,0.00790095599497692,0.034868734196259,0
1399.6,0.05,-0.0143023259590677,0.00792083860847596,0.0348681041384911,0
1399.60277777778,0.04,-0.00713362003156473,0.00771228478708906,0.0348675185968894,0
1399.60555555556,0.055,-0.00143339607188283,0.00738391798065127,0.034866932804277,0
1399.60833333333,0.055,0.00202931347451066,0.00708687891999595,0.0348663141457266,0
1399.61111111111,0.07,0.00270592655249135,0.00683724362945956,0.0348656446958729,0
1399.61388888889,0.08,0.000318668183268972,0.00664689395638456,0.0348649216340857,0
1399.61666666667,0.085,-0.0051143827223351,0.0065227794596299,0.0348641598112206,0
1399.61944444444,0.07,-0.0132818163681362,0.00646670260907076,0.0348633142329439,0
1399.62222222222,0.085,-0.0236086908430544,0.00647563190760677,0.0348624077352052,0
1399.625,0.095,-0.0353107800289229,0.00654249405499303,0.0348614872828425,0
1399.62777777778,0.09,-0.0474681661077596,0.0066573479684337,0.0348606195747446,0
1399.63055555556,0.1,-0.0591112599873571,0.00675322132152424,0.0348598841319848,0
1399.63333333333,0.095,-0.0693111561163539,0.00667662668071305,0.0348593644876936,0
1399.63611111111,0.095,-0.0772657988124946,0.00648446887998029,0.0348591388713009,0
1399.63888888889,0.085,-0.0823737996133188,0.00628406606431094,0.0348592709177202,0
1399.64166666667,0.075,-0.0842888710046859,0.00607913074027792,0.0348598005722094,0
1399.64444444444,0.07,-0.0829496324491117,0.00586957311913846,0.0348607330616474,0
1399.64722222222,0.04,-0.0785818391881346,0.00569434145761993,0.0348620325148156,0
1399.65,0.035,-0.0716726742939674,0.00568838299448571,0.0348636264141088,0
1399.65277777778,0.05,-0.062919392227174,0.00589795287747142,0.0348654085546153,0
1399.65555555556,0.08,-0.0531570624126915,0.00618631816742787,0.0348673427943666,0
1399.65833333333,0.11,-0.0432722035227626,0.00651425535014631,0.0348693307172718,0
1399.66111111111,0.1,-0.0341105287169882,0.00688626473033439,0.0348712292208236,0
1399.66388888889,0.085,-0.0263876987194485,0.00730246980220373,0.0348729052388845,0
1399.66666666667,0.04,-0.0206118306647888,0.00775754633989271,0.0348742504316496,0
1399.66944444444,0.025,-0.0170255385841263,0.00824016273870615,0.0348751956976543,0
1399.67222222222,0.02,-0.0155735644907393,0.00873303029285013,0.0348757031618347,0
1399.675,0.05,-0.0158997451270865,0.00921360441474256,0.0348758160058921,0
1399.67777777778,0.085,-0.0173743534093155,0.00965541350453636,0.0348759399736355,0
1399.68055555556,0.14,-0.0191499993761161,0.0100299273182107,0.0348764820483791,0
1399.68333333333,0.16,-0.0202415342905748,0.0103088175627887,0.0348771733544042,0
1399.68611111111,0.17,-0.0196230285149304,0.0103740547558403,0.034877698035595,0
1399.68888888889,0.145,-0.0163331143994293,0.0103583258134446,0.03488324487201,0
1399.69166666667,0.125,-0.00957897471486304,0.0104977867133715,0.0348962372910397,0
1399.69444444444,0.12,0.00117087706309658,0.0107968202235404,0.0349189420985915,0
1399.69722222222,0.11,0.0161141062675352,0.0112498678559693,0.034953336871077,0
1399.7,0.12,0.0350698119387908,0.0118412381647073,0.035000923828726,0
1399.70277777778,0.12,0.0574666334979198,0.0125457932547017,0.0350624637524118,0
1399.70555555556,0.14,0.0823659422767686,0.013330500552028,0.0351379854299629,0
1399.70833333333,0.18,0.108519203921195,0.0141567549849375,0.0352268388626584,0
1399.71111111111,0.23,0.134455456870968,0.0149832995896596,0.0353276105815093,0
1399.71388888889,0.23,0.158592002534845,0.0157695075696598,0.0354380621533791,0
1399.71666666667,0.235,0.179359108835006,0.0164562473606421,0.0355551988564541,0
1399.71944444444,0.24,0.195328010232385,0.0169572992463959,0.0356753921991732,0
1399.72222222222,0.26,0.205330898716516,0.0173113186882648,0.0357960650924295,0
1399.725,0.265,0.208562015870587,0.0175779971903849,0.0359208225251892,0
1399.72777777778,0.255,0.204650361939088,0.0177895197674621,0.036052682182479,0
1399.73055555556,0.245,0.193696830947041,0.0178866976720953,0.0361939309455007,0
1399.73333333333,0.25,0.176271577085347,0.0178961225807713,0.0363460384659648,0
1399.73611111111,0.235,0.153370865930427,0.0178522946109451,0.0365095406381965,0
1399.73888888889,0.225,0.126336268087096,0.0177941130748797,0.0366843086773681,0
1399.74166666667,0.23,0.096742495671485,0.0177607232282924,0.0368695626440567,0
1399.74444444444,0.245,0.066263154051482,0.0177870653860734,0.0370640035832925,0
1399.74722222222,0.245,0.0365259074424467,0.0178995210283779,0.0372660039847892,0
1399.75,0.22,0.00896982182484452,0.0181120666233569,0.0374738180317232,0
1399.75277777778,0.18,-0.0152821836885478,0.0184233268338176,0.0376857920053897,0
1399.75555555556,0.13,-0.0355238182633824,0.0188148644397342,0.0379005783262998,0
1399.75833333333,0.1,-0.0515289312324721,0.0192509576039452,0.0381173361172,0
1399.76111111111,0.1,-0.0635711410134713,0.0196800018320177,0.0383345039854885,0
1399.76388888889,0.1,-0.0723963524894114,0.0200375424354271,0.0385499568456155,0
1399.76666666667,0.105,-0.0791490130002944,0.0202508037087807,0.038762887709705,0
1399.76944444444,0.09,-0.0852570863501585,0.0202571627158573,0.0389719773545939,0
1399.77222222222,0.075,-0.0922845483863285,0.0205544574781763,0.0391755233617693,0
1399.775,0.05,-0.101763389039328,0.021203039901964,0.0393716124749119,0
1399.77777777778,0.03,-0.115019353697872,0.0222455616393586,0.0395583222830934,0
1399.78055555556,0.01,-0.133006753818096,0.0237010074130354,0.0397339347558897,0
1399.78333333333,0.03,-0.156167497952873,0.0255600418478122,0.0398971423219447,0
1399.78611111111,0.04,-0.184328020358553,0.0277821432292128,0.0400472284495667,0
1399.78888888889,0.055,-0.21664510425737,0.0302948861444216,0.0401840823396711,0
1399.79166666667,0.05,-0.251607903310505,0.0329955891486844,0.0403083439179967,0
1399.79444444444,0.025,-0.287099039545963,0.0357553734814875,0.0404218427352467,0
1399.79722222222,0.015,-0.320512847608243,0.0384254967654231,0.0405291703788602,0
1399.8,0.02,-0.348924031619723,0.0408456452697958,0.0406349857258308,0
1399.80277777778,0.05,-0.369295597602728,0.0428537037570389,0.0407422410380906,0
1399.80555555556,0.055,-0.378711291684054,0.0442963864331535,0.0408470264705653,0
1399.80833333333,0.06,-0.374615226547334,0.0450400175430644,0.0409453802542819,0
1399.81111111111,0.075,-0.355040147448036,0.044980704362133,0.0410335395654035,0
1399.81388888889,0.08,-0.318806003296498,0.0454236022818531,0.0411083166979344,0
1399.81666666667,0.085,-0.265672161757136,0.0465855944430505,0.0411689063908678,0
1399.81944444444,0.085,-0.19642963647718,0.0483456256053756,0.0412151969136161,0
1399.82222222222,0.09,-0.112923865453041,0.0505575634657956,0.0412478374358435,0
1399.825,0.13,-0.0180035837724188,0.0530619948668979,0.0412681656217304,0
1399.82777777778,0.185,0.0846032073776702,0.0556986259675329,0.0412780783199589,0
1399.83055555556,0.255,0.190479680118896,0.058318296868808,0.0412833000399033,0
1399.83333333333,0.37,0.294765431283576,0.0607936629940378,0.0412887738069097,0
1399.83611111111,0.56,0.392440641092545,0.0630277138805159,0.0412937970617186,0
1399.83888888889,0.795,0.478630060688443,0.0649594849166621,0.0412983692556061,0
1399.84166666667,1.055,0.548905966599491,0.0665665534831507,0.0413023759607085,0
1399.84444444444,1.31,0.599568975682755,0.0678641783346796,0.0413061166322187,0
1399.84722222222,1.495,0.627886938381052,0.0689012178032533,0.0413099659379474,0
1399.85,1.57,0.632274929483905,0.0694707385242878,0.0413138632880592,0
1399.85277777778,1.5,0.61240342777585,0.0688808601775876,0.0413174740337954,0
1399.85555555556,1.27,0.569226814448128,0.0681123575981948,0.041320357413036,0
1399.85833333333,0.995,0.504929946082155,0.0672390905302261,0.0413220553325778,0
1399.86111111111,0.685,0.42279634800975,0.0661790500087473,0.0413221908580062,0
1399.86388888889,0.405,0.327007093243008,0.0648737631334445,0.0413205669203672,0
1399.86666666667,0.185,0.222384268918911,0.0632953151734881,0.0413172545731239,0
1399.86944444444,0.035,0.114096728883118,0.0614506429296997,0.0413126616477911,0
1399.87222222222,-0.02,0.00734831219831766,0.059382734492813,0.0413075742096953,0
1399.875,-0.005,-0.0929302997450041,0.0571686288910637,0.0413016329462568,0
1399.87777777778,0.045,-0.182365467855526,0.0549143744434106,0.0412934674951627,0
1399.88055555556,0.085,-0.257381640295175,0.0527473551350705,0.0412812525704184,0
1399.88333333333,0.1,-0.315384326972517,0.0508066096373597,0.0412629718920794,0
1399.88611111111,0.105,-0.35487416564248,0.0492319304139417,0.0412365492591313,0
1399.88888888889,0.08,-0.375486331689201,0.0483582700098133,0.0412000011949554,0
1399.89166666667,0.04,-0.377954938734194,0.0485314084022278,0.0411516006560455,0
1399.89444444444,0,-0.364007369385048,0.0483258237539068,0.0410900620953406,0
1399.89722222222,-0.04,-0.336198272816777,0.0473985125198156,0.0410149552301119,0
1399.9,-0.055,-0.297696922659707,0.0457508106720381,0.0409265050147614,0
1399.90277777778,-0.045,-0.25204447101935,0.0434269899078901,0.0408255469773437,0
1399.90555555556,-0.01,-0.202899180177462,0.0405122886713375,0.0407136794731572,0
1399.90833333333,0.035,-0.153787884097236,0.0371279120172022,0.0405932449384348,0
1399.91111111111,0.065,-0.107880756025725,0.0334233910928827,0.040467261237405,0
1399.91388888889,0.05,-0.0678040673117759,0.0299179266987651,0.0403393028731032,0
1399.91666666667,0.04,-0.0355022364847455,0.0268348096179697,0.0402123710495997,0
1399.91944444444,0.035,-0.0121563768307098,0.0243036491684486,0.0400827897424223,0
1399.92222222222,0.04,0.00183790964672462,0.0224138645273802,0.0399473860906524,0
1399.925,0.03,0.00683522125086535,0.0212118993261596,0.0398036409656251,0
1399.92777777778,0.005,0.00385341027229138,0.0207012617521821,0.0396497826998127,0
1399.93055555556,0.045,-0.00555559421058288,0.0208452388350865,0.0394850094560112,0
1399.93333333333,0.11,-0.0194651411173298,0.0215719631307745,0.0393093242762287,0
1399.93611111111,0.16,-0.0357497286564058,0.021819468138817,0.0391233323237481,0
1399.93888888889,0.1,-0.052263243436831,0.0214737073679003,0.038928091881657,0
1399.94166666667,0.01,-0.0670060393489446,0.0206223414477875,0.0387249138860233,0
1399.94444444444,-0.055,-0.0782689582556601,0.0193768027817062,0.0385151796568215,0
1399.94722222222,-0.085,-0.0847448596098337,0.0178632466932434,0.0383001945699111,0
1399.95,-0.09,-0.0856012928403634,0.0162128697647031,0.0380810194508808,0
1399.95277777778,-0.12,-0.0805113435849751,0.0147073815600168,0.037858333464007,0
1399.95555555556,-0.14,-0.0696431269847185,0.0135007006234369,0.037635087768299,0
1399.95833333333,-0.155,-0.0536116119103092,0.012633987835089,0.0374153197820174,0
1399.96111111111,-0.12,-0.033399194061645,0.0121215660795275,0.0371998380553345,0
1399.96388888889,-0.105,-0.0102534982197007,0.011952426319621,0.0369898592939762,0
1399.96666666667,-0.065,0.0144278508049173,0.0120933091923246,0.0367868857505011,0
1399.96944444444,-0.04,0.0392153522558653,0.0122873850168028,0.03659254753143,0
1399.97222222222,-0.015,0.0627589638758094,0.0122330915915471,0.0364084235367107,0
1399.975,0.005,0.0838841784581867,0.0119921745289582,0.0362358565759854,0
1399.97777777778,0.01,0.101666212669873,0.011638498348678,0.0360757787461332,0
1399.98055555556,0.015,0.115477951143674,0.0112509470867546,0.0359285964288987,0
1399.98333333333,0.035,0.125009781467674,0.0109063780675346,0.0357941800914952,0
1399.98611111111,0.045,0.13026194574414,0.0106732010827751,0.0356716639215925,0
1399.98888888889,0.03,0.131512310896696,0.0106060757581021,0.0355594255022656,0
1399.99166666667,0.005,0.129264340761087,0.0107421028597929,0.0354535303846695,0
1399.99444444444,0.015,0.124181399207955,0.0107477109117911,0.0353494325098962,0
1399.99722222222,0.025,0.117014239243015,0.010572967456039,0.03524370965067,0
1400,0.005,0.108528610500263,0.0102393408132494,0.0351402028175319,0
1400.00277777778,-0.03,0.0994393770601167,0.00977809635682031,0.0350428123576433,0
1400.00555555556,-0.03,0.0903564621475714,0.00922734344911438,0.0349552670050656,0
1400.00833333333,0.025,0.0817464522591294,0.00862891625305042,0.034880856380773,0
1400.01111111111,0.095,0.0739119571086709,0.00802532042021163,0.0348220065177623,0
1400.01388888889,0.095,0.0669890050170024,0.00745694601259563,0.0347786294382603,0
1400.01666666667,0.08,0.0609610267060516,0.00695970355888918,0.0347498307938872,0
1400.01944444444,0.07,0.0556864985214042,0.00656318974203388,0.0347340287217829,0
1400.02222222222,0.05,0.0509362041666704,0.00628943685771982,0.0347291283278481,0
1400.025,-0.02,0.0464354178179806,0.00615225054483586,0.0347326860374677,0
1400.02777777778,-0.09,0.0419061508793229,0.00615709732293399,0.0347352190335979,0
1400.03055555556,-0.115,0.0371049316997606,0.00630147011303488,0.0347372317931662,0
1400.03333333333,-0.065,0.0318523489364246,0.00642060547095943,0.0347392268543865,0
1400.03611111111,-0.04,0.0260516925529811,0.00645809530012599,0.0347416620960132,0
1400.03888888889,-0.025,0.0196953501194698,0.00644480269763937,0.0347446180582941,0
1400.04166666667,-0.02,0.0128590215072481,0.00640892740008273,0.034747541368162,0
1400.04444444444,0,0.0056851599887758,0.00637275951327222,0.0347499827127749,0
1400.04722222222,0.04,-0.0016418003499875,0.00635020024166541,0.0347516244789004,0
1400.05,0.075,-0.00892502264861042,0.00634527924264189,0.0347523584205201,0
1400.05277777778,0.125,-0.0159857764476907,0.00635179749085773,0.0347523370806478,0
1400.05555555556,0.14,-0.0226909598725808,0.00635411377647965,0.0347517988980377,0
1400.05833333333,0.115,-0.0289740933954639,0.00632898244324695,0.0347510428219768,0
1400.06111111111,0.06,-0.0348469982241566,0.00624824976192129,0.0347503997611019,0
1400.06388888889,0.01,-0.0404004254745215,0.00608675760576549,0.0347500591040642,0
1400.06666666667,0.005,-0.0457931463158338,0.00605572294055652,0.0347501537042739,0
1400.06944444444,0.01,-0.0512303223813155,0.00615848645892537,0.0347507819246994,0
1400.07222222222,0.015,-0.0569332178967367,0.00639240568079872,0.0347517348631747,0
1400.075,0,-0.0631033644956991,0.00674862222173112,0.0347528303395415,0
1400.07777777778,0.025,-0.0698850389885267,0.00721204650889353,0.0347539677332575,0
1400.08055555556,0.05,-0.0773302841021361,0.00776160900925457,0.034755090189339,0
1400.08333333333,0.065,-0.0853706488247778,0.00837082058806362,0.0347561828119354,0
1400.08611111111,0.045,-0.0937993448607255,0.0090086703231384,0.0347572671103667,0
1400.08888888889,0.01,-0.102266645777485,0.00964086750359997,0.0347584365474305,0
1400.09166666667,0.035,-0.110290170126203,0.0102314071264899,0.034759945265895,0
1400.09444444444,0.065,-0.117280294500907,0.0107444072884117,0.0347617616547546,0
1400.09722222222,0.055,-0.12257946414811,0.0111461353957939,0.0347637728962425,0
1400.1,-0.015,-0.125512744574313,0.0114071113785091,0.0347658768791577,0
1400.10277777778,-0.06,-0.125445722748097,0.0115041534013122,0.0347679912950563,0
1400.10555555556,-0.06,-0.121844941690468,0.011422217919084,0.0347700605820888,0
1400.10833333333,-0.025,-0.114335532719114,0.011316640394223,0.0347720594726111,0
1400.11111111111,0.045,-0.102750656105224,0.0113872067095884,0.0347739955925934,0
1400.11388888889,0.085,-0.0871677936548485,0.0116024819567934,0.0347759065633306,0
1400.11666666667,0.135,-0.067927832943695,0.0119217223950424,0.0347778520399629,0
1400.11944444444,0.17,-0.0456341779997135,0.0122985066281851,0.034779869309837,0
1400.12222222222,0.19,-0.0211307136020293,0.012684899933138,0.034781972517199,0
1400.125,0.165,0.0045407902336116,0.0130357897546733,0.0347841589750302,0
1400.12777777778,0.125,0.0302014688057603,0.0133130096807922,0.0347864102333003,0
1400.13055555556,0.14,0.0546103401681903,0.0134888818666085,0.0347886328919697,0
1400.13333333333,0.145,0.0765480986630028,0.0135488531704728,0.0347906144155065,0
1400.13611111111,0.16,0.0949033972019781,0.0134929746642556,0.0347922739281712,0
1400.13888888889,0.175,0.108754834223601,0.0133360715943809,0.0347935812399752,0
1400.14166666667,0.2,0.117441957713584,0.0133632848188738,0.0347945308863657,0
1400.14444444444,0.255,0.12061925597933,0.0136258387713254,0.034795284185728,0
1400.14722222222,0.31,0.118288283358985,0.0138742742323746,0.0347960501680053,0
1400.15,0.305,0.110804684147907,0.0140581540327186,0.0347970342782662,0
1400.15277777778,0.245,0.0988588064635417,0.0141285297079948,0.0347982381005846,0
1400.15555555556,0.175,0.0834306871553584,0.0140427251350021,0.0347996281781224,0
1400.15833333333,0.135,0.065722269901392,0.0137687220222988,0.0348011280251098,0
1400.16111111111,0.125,0.0470716189441497,0.0132887523253558,0.0348026621281625,0
1400.16388888889,0.1,0.028855449396983,0.0126017620042445,0.0348041604158224,0
1400.16666666667,0.065,0.0123873755035883,0.0117244997791486,0.034805561917199,0
1400.16944444444,0.075,-0.00118021880184513,0.0109882009850085,0.034806816646289,0
1400.17222222222,0.095,-0.010942910962627,0.0104447997941867,0.0348078642904379,0
1400.175,0.105,-0.0163125586570331,0.0101167029250905,0.0348086783791538,0
1400.17777777778,0.095,-0.01706153927787,0.0100112537253066,0.0348094026574494,0
1400.18055555556,0.075,-0.0133390753413734,0.0101203776428965,0.0348101649249422,0
1400.18333333333,0.055,-0.00565798889406077,0.0104213720286935,0.034811062297002,0
1400.18611111111,0.055,0.00514742053399466,0.0108787911572276,0.0348121491303437,0
1400.18888888889,0.06,0.0179893437153242,0.0112865348913866,0.0348134291612239,0
1400.19166666667,0.12,0.0316151149122262,0.0113983596781017,0.034814851355633,0
1400.19444444444,0.175,0.0447096447458122,0.0112079964800294,0.0348163135791957,0
1400.19722222222,0.235,0.0560035151885702,0.0107311565465293,0.0348176721564463,0
1400.2,0.225,0.0643780489212052,0.0102361175292929,0.0348188955929928,0
1400.20277777778,0.185,0.0689587940066602,0.00986936101911307,0.0348200073500818,0
1400.20555555556,0.135,0.0691896933145211,0.00965457194651833,0.0348210208621205,0
1400.20833333333,0.12,0.0648816797724362,0.00960114741994523,0.0348219391757151,0
1400.21111111111,0.135,0.0562314429438378,0.00970352074457516,0.0348227575931082,0
1400.21388888889,0.14,0.043808493652815,0.00994168792438124,0.0348235049261765,0
1400.21666666667,0.13,0.0285112219075721,0.0102829002675341,0.0348243017185289,0
1400.21944444444,0.115,0.0114951912758442,0.0106843934496434,0.0348252537666065,0
1400.22222222222,0.085,-0.00592076940225364,0.010840218098926,0.0348264741634645,0
1400.225,0.07,-0.0223632223954869,0.0106824912803701,0.0348280779887429,0
1400.22777777778,0.055,-0.0365187633064438,0.0104006833227513,0.0348301784791777,0
1400.23055555556,0.055,-0.0472452813322606,0.0102525942377138,0.0348325689472746,0
1400.23333333333,0.05,-0.0536706262725282,0.010271897228721,0.0348351378042576,0
1400.23611111111,0.065,-0.055270387509209,0.010479457135173,0.0348377030301009,0
1400.23888888889,0.085,-0.0519181017550991,0.0108813759907809,0.0348400751821637,0
1400.24166666667,0.115,-0.0439033895930708,0.0114682022455377,0.0348420757198832,0
1400.24444444444,0.145,-0.0319161031511517,0.0122153705533272,0.0348437245757624,0
1400.24722222222,0.155,-0.0169973405283769,0.0130848401367596,0.0348450890018365,0
1400.25,0.145,-0.000460919808675617,0.0137306988391437,0.0348462635075449,0
1400.25277777778,0.145,0.0162086205664828,0.0140945763697526,0.0348473632282789,0
1400.25555555556,0.13,0.031473426212323,0.0141566706885622,0.0348484659719788,0
1400.25833333333,0.13,0.0438657091143292,0.0139211715665591,0.0348495386430172,0
1400.26111111111,0.155,0.0521070878800216,0.0134155880709179,0.0348505278554912,0
1400.26388888889,0.22,0.0552140965892129,0.0129419742783027,0.034851364159958,0
1400.26666666667,0.275,0.0525811179321026,0.0126929586779185,0.0348519671578916,0
1400.26944444444,0.295,0.0440337782168603,0.012684219528771,0.0348522929806164,0
1400.27222222222,0.25,0.0298482202807515,0.0129158765392945,0.0348524390523919,0
1400.275,0.2,0.0107344531600573,0.0133727338439093,0.0348524961664488,0
1400.27777777778,0.14,-0.01221506409533,0.0140256909271528,0.0348525410062833,0
1400.28055555556,0.055,-0.0376075592159135,0.0146029983814175,0.0348526280099929,0
1400.28333333333,0,-0.0638561852272618,0.0149655577519387,0.0348527829359364,0
1400.28611111111,-0.03,-0.0893017024546627,0.01510782705251,0.0348530085915667,0
1400.28888888889,-0.005,-0.112339618365887,0.0150481482346675,0.0348532896895989,0
1400.29166666667,0.06,-0.131542303582145,0.014827252849893,0.0348535993351106,0
1400.29444444444,0.125,-0.145765988118646,0.0145047163691881,0.0348538711877027,0
1400.29722222222,0.14,-0.154233785325798,0.0141536400668481,0.0348538769552482,0
1400.3,0.105,-0.156587894583932,0.0138539984129631,0.0348563816394579,0
1400.30277777778,0.06,-0.152906733891675,0.0136852138183361,0.0348610071718171,0
1400.30555555556,0.055,-0.143685733309583,0.0137185979973751,0.0348670793063488,0
1400.30833333333,0.05,-0.129783627723906,0.0138287378722376,0.0348735563171628,0
1400.31111111111,0.035,-0.112339056392905,0.013824491707163,0.0348803400521179,0
1400.31388888889,-0.015,-0.0926648496188085,0.0137348804056572,0.034889296631309,0
1400.31666666667,-0.03,-0.0721293329680678,0.0135915908668065,0.0349025306643542,0
1400.31944444444,-0.01,-0.0520351310402805,0.0134256864650763,0.0349222701168205,0
1400.32222222222,0.045,-0.0335061971331373,0.0132645562743318,0.034950726441641,0
1400.325,0.115,-0.0173931009746505,0.0131293838681465,0.0349897861086388,0
1400.32777777778,0.115,-0.00420502406931025,0.013033363651008,0.0350411392406774,0
1400.33055555556,0.125,0.00592543049193271,0.0129808189611215,0.0351060670328409,0
1400.33333333333,0.125,0.013241412926649,0.0129672883361543,0.0351852655645374,0
1400.33611111111,0.135,0.018325005804629,0.0129805523796727,0.0352787289673988,0
1400.33888888889,0.145,0.0220276807439701,0.0130024822630008,0.0353856681614004,0
1400.34166666667,0.135,0.0253743062654801,0.0130115105517894,0.035504475635932,0
1400.34444444444,0.14,0.0294494561668013,0.0130375577545167,0.0356327409400451,0
1400.34722222222,0.145,0.0352764911949226,0.0131185654314522,0.0357673210611178,0
1400.35,0.2,0.0437006921230025,0.013269477778895,0.0359044192575534,0
1400.35277777778,0.25,0.0552875223154422,0.0134981755799293,0.0360407632586838,0
1400.35555555556,0.24,0.0702458928094681,0.0138041193909956,0.0361801843050783,0
1400.35833333333,0.17,0.0883841824146781,0.0141779218755538,0.0363260189136629,0
1400.36111111111,0.11,0.109103902003672,0.0146019217451898,0.0364809750465568,0
1400.36388888889,0.105,0.131432528235647,0.0150517314552615,0.0366469323269809,0
1400.36666666667,0.14,0.15409345916603,0.0154986303186818,0.0368249150465922,0
1400.36944444444,0.155,0.175607579070546,0.0159125835711762,0.0370151329370927,0
1400.37222222222,0.155,0.194417876162754,0.0162655950632755,0.0372170856513457,0
1400.375,0.195,0.209026217961289,0.0165350541582077,0.0374297213818412,0
1400.37777777778,0.265,0.218129981784957,0.0167067214240077,0.0376516357071117,0
1400.38055555556,0.325,0.22074591141796,0.016777015475234,0.037881290599449,0
1400.38333333333,0.33,0.216309381846612,0.0167543144881587,0.0381171920001935,0
1400.38611111111,0.27,0.204739158633389,0.0166590670578643,0.0383580239859765,0
1400.38888888889,0.215,0.186460594971872,0.0165226119035313,0.0386029631519827,0
1400.39166666667,0.175,0.162383787410876,0.0163847257894589,0.0388486471172272,0
1400.39444444444,0.17,0.133837210115855,0.0162900435521598,0.039089658147223,0
1400.39722222222,0.13,0.102461421412929,0.0162836121193022,0.0393250118379656,0
1400.4,0.1,0.0700712232656963,0.0164059408220267,0.0395532748233053,0
1400.40277777778,0.105,0.0384978077664748,0.0166879832038252,0.0397727853180543,0
1400.40555555556,0.165,0.00942464456880012,0.0171465230141312,0.0399817794741478,0
1400.40833333333,0.21,-0.0157680766588803,0.0177804340379348,0.0401784746650401,0
1400.41111111111,0.18,-0.0361358644910009,0.0185682380934076,0.0403613659719372,0
1400.41388888889,0.12,-0.0512661606787519,0.0194672997865162,0.0405294686906492,0
1400.41666666667,0.08,-0.0613281042649329,0.020414875895057,0.0406824922658085,0
1400.41944444444,0.065,-0.0670693066898354,0.0213310902685364,0.0408209629989054,0
1400.42222222222,0.035,-0.069757603586163,0.0221237432063778,0.0409462831864129,0
1400.425,0,-0.0710705780089451,0.0223887329471147,0.0410607201192521,0
1400.42777777778,-0.025,-0.0729404135614097,0.0221359779199005,0.0411679691533153,0
1400.43055555556,-0.01,-0.0773659171813899,0.0222881022428007,0.0412725314662029,0
1400.43333333333,0.01,-0.0862069624921566,0.0229137340980399,0.0413776502150191,0
1400.43611111111,0.035,-0.10097882143331,0.0240558816438509,0.0414788702154881,0
1400.43888888889,0.05,-0.122664643417531,0.0257256667434199,0.0415716971206062,0
1400.44166666667,0.085,-0.151563592078681,0.0278979575219785,0.041652789886061,0
1400.44444444444,0.11,-0.187189872809531,0.0305093800333429,0.0417202755474456,0
1400.44722222222,0.085,-0.228234223430219,0.0334590315187624,0.0417731300950794,0
1400.45,0.055,-0.272594660943446,0.0366120265870948,0.0418111635901742,0
1400.45277777778,0.035,-0.317477747135804,0.0398057969602379,0.0418349559099393,0
1400.45555555556,0.035,-0.359565796082023,0.0428588510827027,0.0418457513114835,0
1400.45833333333,0.005,-0.395239776736593,0.0455814985888262,0.0418473652507317,0
1400.46111111111,-0.075,-0.420842641566996,0.0477878725666105,0.0418508648972582,0
1400.46388888889,-0.155,-0.432963873619713,0.0493084541671572,0.0418558322332343,0
1400.46666666667,-0.215,-0.428723546195699,0.0500022308039725,0.0418618122329358,0
1400.46944444444,-0.215,-0.406033377170078,0.0501078990186877,0.0418683257087141,0
1400.47222222222,-0.175,-0.363813245807144,0.0510190474948142,0.0418748719839316,0
1400.475,-0.09,-0.302144389683606,0.0526064203377947,0.0418810453713527,0
1400.47777777778,0.015,-0.222344833093179,0.0547074531533512,0.0418872383578245,0
1400.48055555556,0.12,-0.126958202367746,0.057140081863229,0.0418937637920645,0
1400.48333333333,0.225,-0.0196535340389569,0.0597177883116348,0.0419006562926669,0
1400.48611111111,0.35,0.0949595222358824,0.0622646419387955,0.0419078692875603,0
1400.48888888889,0.46,0.211589100445204,0.064629098323907,0.041915323163367,0
1400.49166666667,0.525,0.324576229098475,0.0666954204277818,0.0419229220372417,0
1400.49444444444,0.585,0.428245094837703,0.0683917885842837,0.0419305682945905,0
1400.49722222222,0.7,0.517263816101468,0.0696944442877319,0.0419381737543465,0
1400.5,0.895,0.586989863882114,0.0706275474313103,0.0419456396987505,0
1400.50277777778,1.135,0.633775027194295,0.071258788870184,0.0419528016493068,0
1400.50555555556,1.305,0.655207524084721,0.0716911595385277,0.0419595284983606,0
1400.50833333333,1.38,0.650273310305514,0.0717591670992576,0.0419658379281948,0
1400.51111111111,1.33,0.619424500877865,0.0713332232603038,0.0419718183869691,0
1400.51388888889,1.155,0.564549643120664,0.0707082900506497,0.0419775002834716,0
1400.51666666667,0.915,0.488847832528372,0.0697689274048911,0.0419828494173216,0
1400.51944444444,0.625,0.396615777957697,0.0684303163550566,0.0419877615220839,0
1400.52222222222,0.36,0.292963342292778,0.0666481856268103,0.0419920838341206,0
1400.525,0.16,0.183478306374267,0.0644252109420901,0.0419960744967329,0
1400.52777777778,-0.03,0.0738647205853471,0.0618133024935689,0.042000044173655,0
1400.53055555556,-0.19,-0.030419057940251,0.0589115439094881,0.0420029745708271,0
1400.53333333333,-0.275,-0.124496820671165,0.0558599146812917,0.0419995248380713,0
1400.53611111111,-0.28,-0.204361885017379,0.0528292862868643,0.0419879136664403,0
1400.53888888889,-0.225,-0.267095856835725,0.0500084997739008,0.0419665311448237,0
1400.54166666667,-0.155,-0.311004723393463,0.0476187241132102,0.0419340817031111,0
1400.54444444444,-0.07,-0.335664704828149,0.0462294208528952,0.0418897204058331,0
1400.54722222222,-0.01,-0.341877251513331,0.0458541601198311,0.0418331700887169,0
1400.55,0.015,-0.331539453817372,0.0461097792629115,0.0417648106169086,0
1400.55277777778,-0.005,-0.307442385534405,0.0454553047574987,0.0416857327904233,0
1400.55555555556,-0.09,-0.273015046137867,0.0438840057428034,0.0415977485875111,0
1400.55833333333,-0.17,-0.232035209992642,0.0414471905427287,0.0415033536350533,0
1400.56111111111,-0.22,-0.18833037038635,0.038281918089635,0.0414056274178918,0
1400.56388888889,-0.235,-0.145491967914447,0.0349323935975774,0.0413081075218086,0
1400.56666666667,-0.225,-0.106624256646724,0.031590573136651,0.0412085602132429,0
1400.56944444444,-0.185,-0.0741456773757456,0.0284318764685533,0.0411037859139786,0
1400.57222222222,-0.15,-0.0496557963401687,0.0256054995788936,0.0409911240840373,0
1400.575,-0.135,-0.0338751540393358,0.0232270740622742,0.0408685668444065,0
1400.57777777778,-0.13,-0.0266592416515112,0.0213740439982737,0.0407348197294246,0
1400.58055555556,-0.13,-0.0270817952721295,0.0200839199117784,0.0405893066138361,0
1400.58333333333,-0.14,-0.0335771640351764,0.019355356123448,0.0404320878992221,0
1400.58611111111,-0.16,-0.0441270996667413,0.0191517982666423,0.0402637824729945,0
1400.58888888889,-0.18,-0.0564742685952807,0.0194072763462458,0.040085433786858,0
1400.59166666667,-0.19,-0.0683433173659569,0.0193208355565515,0.0398983517100714,0
1400.59444444444,-0.19,-0.0776505036969934,0.0185548076412696,0.0397039444696368,0
1400.59722222222,-0.19,-0.0826846734871207,0.0174964366057515,0.0395035545778768,0
1400.6,-0.2,-0.0822455200561631,0.0163791830685351,0.0392983124248802,0
1400.60277777778,-0.195,-0.0757292946609149,0.0152962674921906,0.0390903913395386,0
1400.60555555556,-0.205,-0.0631570521092697,0.0143246258191223,0.0388851257646969,0
1400.60833333333,-0.19,-0.0451456696951816,0.0135208159409464,0.0386834355529985,0
1400.61111111111,-0.195,-0.0228268209697167,0.0129188635144748,0.0384857713549753,0
1400.61388888889,-0.195,0.0022766017792348,0.0125300636262539,0.0382929362835057,0
1400.61666666667,-0.19,0.0284037942694355,0.0123446020933171,0.0381059821752975,0
1400.61944444444,-0.175,0.0537241675794164,0.0123347273830125,0.0379260759090282,0
1400.62222222222,-0.155,0.0765046842755755,0.0124299590095037,0.0377543482624372,0
1400.625,-0.15,0.0952614878628946,0.0122211759608679,0.0375917381364915,0
1400.62777777778,-0.15,0.108882898856578,0.0119809631056201,0.0374388453183937,0
1400.63055555556,-0.165,0.116713913651402,0.0117602728461404,0.0372958042129922,0
1400.63333333333,-0.185,0.118596172391194,0.0116034593210371,0.0371621921766888,0
1400.63611111111,-0.19,0.11486159302468,0.011544639914392,0.037036980076268,0
1400.63888888889,-0.175,0.106282109458731,0.0116052231892404,0.036918530270049,0
1400.64166666667,-0.17,0.0939818215664293,0.0117624391433008,0.0368037428883566,0
1400.64444444444,-0.155,0.0793210276135074,0.0116212033252945,0.0366881166060543,0
1400.64722222222,-0.16,0.063763802812884,0.0112111193561418,0.0365733458024831,0
1400.65,-0.18,0.0487418439095835,0.0107279975445133,0.03646257763046,0
1400.65277777778,-0.185,0.0355271596324128,0.0102078250701623,0.0363589500793432,0
1400.65555555556,-0.21,0.0251249017867457,0.0096901989681696,0.0362654066610048,0
1400.65833333333,-0.205,0.0181953559977543,0.0092147228339474,0.0361845198314664,0
1400.66111111111,-0.19,0.0150110852088914,0.00881759983124461,0.0361183623599878,0
1400.66388888889,-0.195,0.015451745561499,0.00852869385241278,0.0360684754389273,0
1400.66666666667,-0.19,0.0190355083908773,0.00836927300465714,0.036034107150934,0
1400.66944444444,-0.18,0.0249826597945052,0.00835057800586392,0.0360133903262772,0
1400.67222222222,-0.175,0.0323041163371867,0.00847327960225977,0.036003840235608,0
1400.675,-0.185,0.0399055398755161,0.00872781092846832,0.0360025564367987,0
1400.67777777778,-0.19,0.0466966246362471,0.00883793227592896,0.0360036160139954,0
1400.68055555556,-0.19,0.0516950407349555,0.00870103887283132,0.0360044930507419,0
1400.68333333333,-0.17,0.0541154274080201,0.0083635029836198,0.0360056186892526,0
1400.68611111111,-0.155,0.0534356199618036,0.00788534230384433,0.036006842519318,0
1400.68888888889,-0.15,0.0494347700849404,0.00736417057360164,0.0360065559288933,0
1400.69166666667,-0.15,0.0422009231156562,0.0068864569024296,0.0360075605997347,0
1400.69444444444,-0.165,0.0321086573244921,0.00647965276191651,0.0360095835779374,0
1400.69722222222,-0.185,0.0197702727267352,0.00616538905273568,0.0360112929391967,0
1400.7,-0.185,0.00596646649513503,0.00595843751300144,0.0360124916867228,0
1400.70277777778,-0.185,-0.00843577681490112,0.00586623150406032,0.0360130604846906,0
1400.70555555556,-0.17,-0.0225693758173064,0.00585853531157476,0.0360130712287649,0
1400.70833333333,-0.165,-0.0356486318459863,0.00574238680000167,0.0360126921528941,0
1400.71111111111,-0.14,-0.0470379929362898,0.00555915356935106,0.0360121082964753,0
1400.71388888889,-0.135,-0.05630166013613,0.00536001977770585,0.0360115115114033,0
1400.71666666667,-0.115,-0.0632297585790027,0.00520015715229149,0.0360110853439674,0
1400.71944444444,-0.105,-0.0678393334551202,0.00513258024797036,0.0360109919960554,0
1400.72222222222,-0.1,-0.0703510805602875,0.00520231121248283,0.036011209732077,0
1400.725,-0.135,-0.0711452147997207,0.00544143793550402,0.0360115021564412,0
1400.72777777778,-0.19,-0.0707019701761354,0.00581866805773062,0.0360117931535835,0
1400.73055555556,-0.23,-0.0695337077368239,0.00614909904270421,0.0360120998860986,0
1400.73333333333,-0.255,-0.0681163435345329,0.00641775844188702,0.0360124643096154,0
1400.73611111111,-0.24,-0.06682773325511,0.00661304223307337,0.0360129479863732,0
1400.73888888889,-0.21,-0.0658997821184114,0.00672690237530557,0.0360136246523745,0
1400.74166666667,-0.18,-0.065389485588841,0.00675489705986267,0.0360145730507545,0
1400.74444444444,-0.15,-0.0651720148183146,0.00669614008929784,0.0360158725294593,0
1400.74722222222,-0.14,-0.0649565588245557,0.0065531797666481,0.0360173384895804,0
1400.75,-0.135,-0.0643231711097955,0.00633182751704172,0.0360188639354199,0
1400.75277777778,-0.12,-0.0627765945248252,0.00604094430191503,0.0360203736190639,0
1400.75555555556,-0.115,-0.059811187123512,0.00575083401984486,0.0360218070307976,0
1400.75833333333,-0.09,-0.0549798325880941,0.00566555582517868,0.0360231214843045,0
1400.76111111111,-0.06,-0.047959218518524,0.00576773881143904,0.0360242922268892,0
1400.76388888889,-0.055,-0.0386041568778449,0.00602438785757775,0.0360253136962773,0
1400.76666666667,-0.025,-0.0269846758870569,0.00639053211483112,0.0360262023276875,0
1400.76944444444,-0.005,-0.0134013274459596,0.00678347838799954,0.0360269948880018,0
1400.77222222222,-0.005,0.00162364209962618,0.00713001845622959,0.0360277455385492,0
1400.775,0,0.0173791378351944,0.00741317097062058,0.0360283934275334,0
1400.77777777778,-0.015,0.0330194665576851,0.00761833673555858,0.0360289808862575,0
1400.78055555556,-0.01,0.0476351186414411,0.00773419148108114,0.0360296301190618,0
1400.78333333333,-0.01,0.0603334098050971,0.00775347929521343,0.0360304697157905,0
1400.78611111111,0.02,0.07032115945066,0.00781832620842253,0.0360315137877579,0
1400.78888888889,0.03,0.0769812002407548,0.00797993849158541,0.0360327409763156,0
1400.79166666667,0.015,0.0799349480923843,0.00820169002807513,0.0360341543463383,0
1400.79444444444,-0.015,0.0790844790725791,0.00843684982779921,0.0360357743893187,0
1400.79722222222,-0.04,0.0746294482750256,0.00863365118276389,0.0360376346439457,0
1400.8,-0.02,0.0670565667973576,0.00874096286739772,0.03603977541357,0
1400.80277777778,-0.01,0.0571019973541676,0.00871398978868907,0.036042237652895,0
1400.80555555556,0.005,0.0456896796543868,0.00851942250838759,0.0360450062835872,0
1400.80833333333,-0.01,0.0338509931089175,0.00813950468895726,0.0360479394297988,0
1400.81111111111,-0.02,0.0226330686909343,0.0077676365236322,0.0360508981084754,0
1400.81388888889,-0.05,0.0130042815713047,0.0074621143098551,0.0360537564267904,0
1400.81666666667,-0.07,0.00576586410867975,0.00723501103667098,0.0360564130802392,0
1400.81944444444,-0.06,0.00147812535182695,0.00709289747765298,0.0360589721709286,0
1400.82222222222,-0.06,0.000408482212420106,0.00703647301666917,0.0360615906024776,0
1400.825,-0.06,0.0025065134660103,0.00706065509343502,0.0360644683017555,0
1400.82777777778,-0.05,0.00740872567149267,0.00715512977168158,0.0360677062391764,0
1400.83055555556,-0.045,0.014472907944455,0.00730532572608056,0.036071276745102,0
1400.83333333333,-0.045,0.0228391187214233,0.00749373575466169,0.0360751274489398,0
1400.83611111111,-0.04,0.0315117654167125,0.00764282436872656,0.036079183418963,0
1400.83888888889,-0.035,0.0394551588065113,0.00754406414062259,0.0360833508033569,0
1400.84166666667,-0.03,0.0456935535935305,0.00735150626380963,0.0360875223544932,0
1400.84444444444,-0.025,0.0494061641054669,0.00718816818889673,0.0360915829531223,0
1400.84722222222,-0.02,0.0500080283327751,0.00706283287705852,0.0360954159137487,0
1400.85,-0.03,0.0472088566861044,0.00697904792770101,0.0360989124626639,0
1400.85277777778,-0.04,0.0410440313400545,0.00693488473584299,0.0361019794247038,0
1400.85555555556,-0.06,0.0318745305268257,0.00692320610930745,0.0361046749326395,0
1400.85833333333,-0.065,0.0203554950158571,0.00693242190633189,0.0361070984709085,0
1400.86111111111,-0.055,0.00737615230063168,0.00694766762007793,0.036109491451027,0
1400.86388888889,-0.07,-0.00602341908923404,0.00695230157682158,0.0361122514870084,0
1400.86666666667,-0.08,-0.0187509344039473,0.00697501687385072,0.0361154793736103,0
1400.86944444444,-0.095,-0.0297666578716124,0.00704020178540416,0.0361190866110439,0
1400.87222222222,-0.1,-0.0381842965520948,0.00715977163377287,0.0361229494894107,0
1400.875,-0.08,-0.0433583353797811,0.00734112019460063,0.0361269176356897,0
1400.87777777778,-0.045,-0.0449493195623196,0.00758619692290369,0.0361308253034021,0
1400.88055555556,-0.04,-0.0429606165122274,0.00789106471319062,0.0361345044235111,0
1400.88333333333,-0.025,-0.0377428512415115,0.00824598115573948,0.0361377968172595,0
1400.88611111111,-0.025,-0.0299652575850391,0.00863599818675939,0.0361406158214519,0
1400.88888888889,-0.035,-0.0205563345709373,0.00904202725620247,0.0361430257627961,0
1400.89166666667,-0.035,-0.0106191427168368,0.0092492278657309,0.0361451155802242,0
1400.89444444444,-0.05,-0.00132903576673787,0.00919570718781575,0.0361471770310017,0
1400.89722222222,-0.05,0.00617663980959601,0.00888426716859182,0.0361495112428965,0
1400.9,-0.03,0.0109065042650839,0.0086336972145039,0.0361521876605362,0
1400.90277777778,-0.03,0.0121105321500567,0.00846927182244642,0.0361551770113397,0
1400.90555555556,-0.03,0.00935375728262165,0.00840175393855479,0.0361583412088664,0
1400.90833333333,-0.03,0.00256118264208936,0.00843622222235861,0.0361615658976541,0
1400.91111111111,-0.02,-0.00797052523356534,0.00857189659157201,0.0361647878651125,0
1400.91388888889,-0.005,-0.0215958442745388,0.00880246445969809,0.0361678961328697,0
1400.91666666667,-0.015,-0.0373757160906168,0.00911686245128651,0.0361707420214902,0
1400.91944444444,-0.03,-0.0541602753987363,0.00950042479715841,0.0361731541720644,0
1400.92222222222,-0.065,-0.0706912470196726,0.00979912315298644,0.036175177514639,0
1400.925,-0.085,-0.0857143514311863,0.00990981825642136,0.0361768760886177,0
1400.92777777778,-0.11,-0.098091058672344,0.00986178141358637,0.0361783214310766,0
1400.93055555556,-0.13,-0.106899047995339,0.00970411555440873,0.0361795987796274,0
1400.93333333333,-0.13,-0.11151177368185,0.00950083089558171,0.036181028789478,0
1400.93611111111,-0.11,-0.111649513937585,0.00932430465934382,0.0361850893490358,0
1400.93888888889,-0.08,-0.107397007095166,0.00924774186547912,0.0361916832430433,0
1400.94166666667,-0.035,-0.0991860007496071,0.00933736138282139,0.0362002008522671,0
1400.94444444444,-0.03,-0.0877444479925986,0.00964507013007169,0.0362094594572158,0
1400.94722222222,-0.04,-0.0740173524475745,0.0100122314548751,0.0362187425906104,0
1400.95,-0.06,-0.0590670722727208,0.0103574317678547,0.0362295789842959,0
1400.95277777778,-0.085,-0.0439629654165821,0.0106812611070753,0.0362439785538125,0
1400.95555555556,-0.07,-0.0296713848328318,0.0109822672868821,0.0362642351324789,0
1400.95833333333,-0.06,-0.0169570926200081,0.011256243083936,0.036292700252566,0
1400.96111111111,-0.055,-0.00630613725090303,0.0114959181247396,0.0363316162179584,0
1400.96388888889,-0.05,0.00212178601942569,0.0116911199963078,0.0363829390966516,0
1400.96666666667,-0.055,0.00850631123368329,0.0118294167066938,0.0364481649883321,0
1400.96944444444,-0.06,0.0133429243316335,0.0118971966487602,0.0365281782108946,0
1400.97222222222,-0.05,0.0173848610797505,0.0118810884992312,0.0366231229749934,0
1400.975,-0.04,0.0215557071789507,0.0117695778362792,0.0367321212737892,0
1400.97777777778,0,0.0268410617332081,0.0119750114411674,0.0368534067638219,0
1400.98055555556,0.04,0.034169892191622,0.0122964233892786,0.0369845245318657,0
1400.98333333333,0.075,0.0442974737468533,0.0127212948886785,0.0371224464565679,0
1400.98611111111,0.095,0.057701927033587,0.013239932741009,0.0372635237594953,0
1400.98888888889,0.09,0.0745053107505285,0.0138360046252959,0.0374036453461671,0
1400.99166666667,0.07,0.0944280694635793,0.0144872628996217,0.037545994493824,0
1400.99444444444,0.05,0.11678256771895,0.0151669451262181,0.0376939415745477,0
1400.99722222222,0.06,0.140507737649591,0.0158457657603112,0.0378502230230106,0
1401,0.08,0.164242873141017,0.0164943440191092,0.03801683819874,0
1401.00277777778,0.115,0.18643469903743,0.0170858544652965,0.0381947865018505,0
1401.00555555556,0.14,0.205468408050137,0.0175986458909005,0.0383843043904657,0
1401.00833333333,0.16,0.219810733611222,0.0180185559069739,0.0385849722111023,0
1401.01111111111,0.14,0.228151586597875,0.0183406565342725,0.0387958599611676,0
1401.01388888889,0.115,0.229530503058777,0.0185702010032583,0.0390157025830342,0
1401.01666666667,0.095,0.223435188261285,0.0187226023012964,0.0392432791520246,0
1401.01944444444,0.08,0.20986173492364,0.0188223556049379,0.0394775108628231,0
1401.02222222222,0.065,0.189329455095485,0.0189009131826709,0.0397174973518261,0
1401.025,0.075,0.162847404620893,0.0189936234356131,0.0399626458714911,0
1401.02777777778,0.065,0.131834224431549,0.019135946134196,0.040210326164457,0
1401.03055555556,0.085,0.0979974543012455,0.0193592439795223,0.0404549839222076,0
1401.03333333333,0.065,0.0631825628738125,0.0196865173139403,0.0406947638006102,0
1401.03611111111,0.055,0.0292051839013622,0.0201284865083823,0.040928547105919,0
1401.03888888889,0.045,-0.00231787781660342,0.0206804298537855,0.0411549051317441,0
1401.04166666667,0.025,-0.0301226361251424,0.0213201510828363,0.0413722573978877,0
1401.04444444444,0.005,-0.0534215107379858,0.022007380539226,0.0415790555308606,0
1401.04722222222,-0.01,-0.0719834264183711,0.0226848113854506,0.0417739754189947,0
1401.05,-0.04,-0.086160957707981,0.023280844102909,0.0419561009098299,0
1401.05277777778,-0.045,-0.0968596840566858,0.023713968542645,0.0421250846316363,0
1401.05555555556,-0.04,-0.105450167798992,0.0238985645090437,0.0422812702210426,0
1401.05833333333,-0.05,-0.113628368158853,0.0240453671364025,0.0424257652069267,0
1401.06111111111,-0.055,-0.123235368371524,0.0245962468827049,0.0425603204375926,0
1401.06388888889,-0.095,-0.136051547262079,0.0256062328135847,0.04268724803554,0
1401.06666666667,-0.1,-0.153583358807718,0.0271058408299443,0.0428098055193888,0
1401.06944444444,-0.115,-0.176862380039121,0.029095412429119,0.042932707557729,0
1401.07222222222,-0.115,-0.206276065450293,0.0315412119258877,0.0430528301268212,0
1401.075,-0.125,-0.241447670344481,0.0343737372986578,0.0431663224168202,0
1401.07777777778,-0.15,-0.281179197291816,0.0374885561932603,0.0432694881566683,0
1401.08055555556,-0.15,-0.323466248425715,0.0407498016812451,0.0433590001209982,0
1401.08333333333,-0.14,-0.36558772855743,0.0439962647810548,0.043432529358441,0
1401.08611111111,-0.14,-0.404266932110649,0.0470498173761779,0.0434895271012896,0
1401.08888888889,-0.165,-0.435894206478029,0.0497257059440746,0.0435303109976207,0
1401.09166666667,-0.165,-0.456795668217024,0.0518440891859293,0.0435559719068885,0
1401.09444444444,-0.17,-0.46352786770349,0.0532420654746064,0.0435682423859535,0
1401.09722222222,-0.175,-0.453175276712594,0.053785360577784,0.0435693771310672,0
1401.1,-0.165,-0.423626310732177,0.0536278771214217,0.0435714033736219,0
1401.10277777778,-0.155,-0.37380443890851,0.0543691765139966,0.0435740830368348,0
1401.10555555556,-0.135,-0.30383375595949,0.0558804746397308,0.0435770279891263,0
1401.10833333333,-0.11,-0.215122999394079,0.0579957376720982,0.0435798702936877,0
1401.11111111111,-0.065,-0.110358043857484,0.0605264114459629,0.0435822788710278,0
1401.11388888889,-0.005,0.00660008338028373,0.0632775606962564,0.043584593579095,0
1401.11666666667,0.09,0.130907210296205,0.066064042367166,0.043587273289589,0
1401.11944444444,0.21,0.257006391165731,0.0687253407623532,0.0435906561955598,0
1401.12222222222,0.38,0.378958579368752,0.0711378140596532,0.0435947519579015,0
1401.125,0.58,0.490810479240165,0.0732233312204837,0.0435994799433109,0
1401.12777777778,0.79,0.586973163389555,0.0749535957343418,0.0436046859602113,0
1401.13055555556,1.02,0.662583808692949,0.0763498304076184,0.043610163546968,0
1401.13333333333,1.23,0.713823847413291,0.0774779026992694,0.043615677899531,0
1401.13611111111,1.37,0.738169889147747,0.078439367673434,0.0436209901568996,0
1401.13888888889,1.405,0.734558709022394,0.0786452891109409,0.043625880130749,0
1401.14166666667,1.315,0.70345402642505,0.0776327942658608,0.0436301663529341,0
1401.14444444444,1.135,0.646810201888204,0.0763995661456442,0.043633727550953,0
1401.14722222222,0.885,0.567935762403911,0.0748381612900146,0.043636560575683,0
1401.15,0.605,0.471267201730429,0.0728746168740645,0.0436387969159067,0
1401.15277777778,0.315,0.362070188060747,0.0704782317566868,0.0436405690053059,0
1401.15555555556,0.065,0.246090614710182,0.067667443179444,0.043642007865659,0
1401.15833333333,-0.07,0.129181434302418,0.0645112478839766,0.0436432387499019,0
1401.16111111111,-0.16,0.0169326575468184,0.061126005600977,0.0436443741580588,0
1401.16388888889,-0.185,-0.085668820248981,0.0576678655407633,0.0436455693631768,0
1401.16666666667,-0.175,-0.174525694704086,0.054321437662094,0.0436469944042301,0
1401.16944444444,-0.145,-0.246643774596487,0.051285657097738,0.0436487678898225,0
1401.17222222222,-0.11,-0.300259332793362,0.0487580340458025,0.0436509371449836,0
1401.175,-0.085,-0.334874016530601,0.0470636504246742,0.0436534635005628,0
1401.17777777778,-0.065,-0.351198329209197,0.0463881733309763,0.0436559875802862,0
1401.18055555556,-0.075,-0.351011713736103,0.0464532658704668,0.0436581329570781,0
1401.18333333333,-0.095,-0.336953457398717,0.0455315030584008,0.0436601822210167,0
1401.18611111111,-0.12,-0.312263515262955,0.0436337421622251,0.0436624501690594,0
1401.18888888889,-0.16,-0.280495546760099,0.0409973741060893,0.0436597418506144,0
1401.19166666667,-0.21,-0.245225759627454,0.0379133823992635,0.0436496247093669,0
1401.19444444444,-0.24,-0.209780501129728,0.0345720860882481,0.0436298206190697,0
1401.19722222222,-0.25,-0.177003037782361,0.0311621193400534,0.0435983380973617,0
1401.2,-0.25,-0.149075883119825,0.0278593666294288,0.043553648570829,0
1401.20277777778,-0.24,-0.127409756663001,0.0248174855177369,0.0434950181072147,0
1401.20555555556,-0.245,-0.112604265272998,0.0221605516138998,0.0434222708949858,0
1401.20833333333,-0.25,-0.104479217489932,0.0199781803852851,0.0433360269283447,0
1401.21111111111,-0.255,-0.102169640692667,0.0183232840734384,0.0432377404291259,0
1401.21388888889,-0.245,-0.104272554400289,0.0172124246310207,0.0431296856105858,0
1401.21666666667,-0.225,-0.109029760417507,0.0166285403103599,0.0430148871863309,0
1401.21944444444,-0.195,-0.114528624188083,0.016525667529564,0.0428969965773454,0
1401.22222222222,-0.185,-0.118902185235512,0.0168222913843434,0.042778607345915,0
1401.225,-0.19,-0.120510943783264,0.0164904400770491,0.042656124943691,0
1401.22777777778,-0.185,-0.118091177926909,0.0156613322375754,0.0425265212854639,0
1401.23055555556,-0.195,-0.110858376751376,0.0146447563616213,0.0423875092784009,0
1401.23333333333,-0.225,-0.0985589561011402,0.0135726006133029,0.0422376044985214,0
1401.23611111111,-0.245,-0.0814684184482236,0.0125211963599834,0.0420761465542586,0
1401.23888888889,-0.25,-0.0603390666485711,0.0115519691909602,0.0419032538460978,0
1401.24166666667,-0.24,-0.0363048421320359,0.0107091440561653,0.0417197173625763,0
1401.24444444444,-0.21,-0.0107544475475126,0.010019052693874,0.0415268526244289,0
1401.24722222222,-0.2,0.014813661277767,0.00952611313827809,0.041326429091837,0
1401.25,-0.185,0.0389397481266139,0.00933776053165735,0.0411202459397018,0
1401.25277777778,-0.19,0.0603403824933744,0.00941223831649193,0.0409099457946327,0
1401.25555555556,-0.195,0.0780224209314489,0.00953414632968149,0.0406968638971277,0
1401.25833333333,-0.21,0.0913634229669656,0.0095752831309823,0.0404818718770068,0
1401.26111111111,-0.21,0.100152130228662,0.0095677642959132,0.0402665724980242,0
1401.26388888889,-0.21,0.104586698654512,0.00954152473755671,0.0400531422262483,0
1401.26666666667,-0.205,0.105232513445536,0.0095217784712693,0.0398424468926424,0
1401.26944444444,-0.195,0.102945245345349,0.00951625293400734,0.0396358683664441,0
1401.27222222222,-0.185,0.0987679749139365,0.00947394349635814,0.0394351709145293,0
1401.275,-0.185,0.0938134397624774,0.00939058223710466,0.0392423228611106,0
1401.27777777778,-0.185,0.0891435643167831,0.00926837860287542,0.0390592863515271,0
1401.28055555556,-0.185,0.0856583385632977,0.00911467762697342,0.0388877981333771,0
1401.28333333333,-0.175,0.0840048616129217,0.00894025229120217,0.0387290671041415,0
1401.28611111111,-0.155,0.0845151058906431,0.00875745497936322,0.0385837328653863,0
1401.28888888889,-0.135,0.0871779280817078,0.00857844527755197,0.0384516720709662,0
1401.29166666667,-0.13,0.0916473606391752,0.00841368253917231,0.038331921937518,0
1401.29444444444,-0.15,0.0972856067292949,0.00827082591486009,0.0382225403617973,0
1401.29722222222,-0.175,0.103235779984236,0.00815412759507425,0.038119062038332,0
1401.3,-0.165,0.108516597537808,0.00806434324866923,0.0380169726062828,0
1401.30277777778,-0.145,0.112129211392899,0.00799912361099865,0.0379134744576628,0
1401.30555555556,-0.1,0.113165328218316,0.00795379891364937,0.0378126340226075,0
1401.30833333333,-0.08,0.110905802942559,0.00794063056295295,0.0377185857031525,0
1401.31111111111,-0.115,0.104899975458851,0.00796409576087391,0.0376351367811447,0
1401.31388888889,-0.175,0.0950180313269671,0.00798469181517055,0.0375654546902527,0
1401.31666666667,-0.23,0.0814713990666984,0.00800550984627777,0.0375102881943985,0
1401.31944444444,-0.26,0.0647993755682039,0.00802706766826816,0.0374695317405013,0
1401.32222222222,-0.26,0.045823485789035,0.00804706332763375,0.0374423033004197,0
1401.325,-0.25,0.0255742132478413,0.00806054030163937,0.0374270667505044,0
1401.32777777778,-0.22,0.0051973857750878,0.00806063569098343,0.0374217863863362,0
1401.33055555556,-0.19,-0.014150581660749,0.00808257033245991,0.0374207764273822,0
1401.33333333333,-0.17,-0.031408373922455,0.00813471775398987,0.0374188748282858,0
1401.33611111111,-0.18,-0.0457061610867401,0.00822435909849874,0.0374166944452134,0
1401.33888888889,-0.195,-0.0564434170765113,0.0083565335391322,0.0374148256622101,0
1401.34166666667,-0.2,-0.0633407548457613,0.00853307613088763,0.0374136475214212,0
1401.34444444444,-0.165,-0.0664609070484818,0.00875196215700428,0.0374128299086105,0
1401.34722222222,-0.15,-0.0661969744276535,0.00900704515246287,0.0374117807065782,0
1401.35,-0.125,-0.063229215587758,0.00913240505260059,0.0374101891600538,0
1401.35277777778,-0.105,-0.0584546595817434,0.00901208663579834,0.0374079197983163,0
1401.35555555556,-0.085,-0.0528964015281749,0.00872126269357686,0.0374049158627744,0
1401.35833333333,-0.09,-0.0476013492447593,0.00845024470996202,0.0374011906371789,0
1401.36111111111,-0.135,-0.0435362493696717,0.0082153145252672,0.0373968206650058,0
1401.36388888889,-0.205,-0.0414919401731329,0.00803076566706921,0.037392035232266,0
1401.36666666667,-0.275,-0.042004950741832,0.00790750623128765,0.0373871750991239,0
1401.36944444444,-0.285,-0.0453038775357146,0.00785192472527217,0.0373825648147398,0
1401.37222222222,-0.25,-0.051285585317551,0.00786513914234002,0.0373784817597153,0
1401.375,-0.195,-0.059523430398428,0.00794271428867939,0.0373749516875544,0
1401.37777777778,-0.12,-0.0693066624317392,0.00807488828075843,0.0373716743987605,0
1401.38055555556,-0.085,-0.0797072151462194,0.00824730046058441,0.0373685458653053,0
1401.38333333333,-0.075,-0.0896675237586928,0.00844216447057059,0.0373655009902555,0
1401.38611111111,-0.08,-0.0981010474524092,0.00863978660728992,0.0373625154224478,0
1401.38888888889,-0.105,-0.103996009832161,0.0088020928293834,0.0373596038712827,0
1401.39166666667,-0.135,-0.106512603228603,0.00874254851689378,0.0373570102475064,0
1401.39444444444,-0.14,-0.105064553421141,0.00864778538399141,0.037354862571964,0
1401.39722222222,-0.13,-0.0993774426857033,0.00861368365374826,0.0373529370226674,0
1401.4,-0.09,-0.0895183945433585,0.00864483723135291,0.0373510131827595,0
1401.40277777778,-0.055,-0.0758944216519312,0.00873962155306408,0.0373489977691227,0
1401.40555555556,-0.05,-0.0592196727484027,0.00889022540463648,0.0373468105842343,0
1401.40833333333,-0.05,-0.0404547089500982,0.00904785436183449,0.0373443925397723,0
1401.41111111111,-0.03,-0.0207235234192938,0.00903782703839134,0.0373417114942654,0
1401.41388888889,-0.05,-0.00121605191374589,0.00884631234759809,0.0373387658284734,0
1401.41666666667,-0.06,0.0169147810208312,0.008643939846569,0.0373355863893513,0
1401.41944444444,-0.065,0.0326519902255558,0.00848171261372641,0.0373322357847521,0
1401.42222222222,-0.05,0.0452003842844051,0.00837858914920424,0.0373289513227132,0
1401.425,-0.05,0.0540515784519863,0.00834932305883801,0.037326018557703,0
1401.42777777778,-0.05,0.0590223915135254,0.00840314955336688,0.0373235027850062,0
1401.43055555556,-0.06,0.0602633652912218,0.00854293403977138,0.0373212567155623,0
1401.43333333333,-0.06,0.0582369401393758,0.00876485443698629,0.0373190538503175,0
1401.43611111111,-0.04,0.0536676322628587,0.00895877586075905,0.0373167029745575,0
1401.43888888889,0.015,0.0474691262289082,0.00891627121009556,0.0373140626528814,0
1401.44166666667,0.065,0.0406552810241966,0.00862158675549546,0.0373110692547584,0
1401.44444444444,0.115,0.0342434601320585,0.00822403294101524,0.037307733404645,0
1401.44722222222,0.095,0.0291592098046171,0.00783846594857669,0.0373040987303968,0
1401.45,0.05,0.0261510753905858,0.00748837504079229,0.0373002369342399,0
1401.45277777778,-0.015,0.0257232936417537,0.00719469067818178,0.0372962408003648,0
1401.45555555556,-0.055,0.0280923361927872,0.006974269941671,0.0372923184538273,0
1401.45833333333,-0.055,0.0331709784736634,0.00683874375531601,0.0372885046050755,0
1401.46111111111,-0.06,0.0405809507170006,0.00679381008341833,0.037284691884297,0
1401.46388888889,-0.065,0.0496925427088534,0.0068390159062754,0.0372808098558886,0
1401.46666666667,-0.065,0.059687034743907,0.00696802690310332,0.0372768374547322,0
1401.46944444444,-0.035,0.0696357472293892,0.00716934151796861,0.0372728102286795,0
1401.47222222222,-0.02,0.0785880321450635,0.00742736932647768,0.0372688216020947,0
1401.475,0,0.0856598032419348,0.00758401214724035,0.0372649241160023,0
1401.47777777778,0.01,0.0901142791081319,0.0075840189260964,0.0372611774497406,0
1401.48055555556,0.03,0.0914274780670737,0.00747094770129016,0.0372576032337265,0
1401.48333333333,0.045,0.089332565795573,0.00729679014030175,0.0372540778311731,0
1401.48611111111,0.035,0.0838392596727624,0.00711642682047993,0.0372504655787473,0
1401.48888888889,0.035,0.0752269322002056,0.00698187503062378,0.0372466296982055,0
1401.49166666667,0.04,0.0640125931851059,0.00693689220844397,0.0372424436825105,0
1401.49444444444,0.045,0.0508973230383705,0.00701246087304178,0.0372378022565049,0
1401.49722222222,0.035,0.0366967495080881,0.00706021094262629,0.0372326310258008,0
1401.5,0.015,0.0222626167883962,0.00705413017912507,0.0372268923266575,0
1401.50277777778,0,0.00840325386669182,0.00700045301148435,0.037220591336959,0
1401.50555555556,-0.025,-0.0041892592088988,0.00690739056890993,0.0372138335304805,0
1401.50833333333,-0.04,-0.0149981961015314,0.00678434738263178,0.0372070079405878,0
1401.51111111111,-0.035,-0.023721976325991,0.00664120385301566,0.0372002977096588,0
1401.51388888889,-0.025,-0.0302910432799543,0.00648772845487931,0.0371936573683571,0
1401.51666666667,0.005,-0.0348605477432969,0.00633315989497316,0.0371870116419522,0
1401.51944444444,-0.01,-0.0377799882578664,0.00618597219300935,0.0371802598834597,0
1401.52222222222,-0.02,-0.0395432641939139,0.00622757069653936,0.037173261544953,0
1401.525,-0.055,-0.0407245488112194,0.00633783580173988,0.0371658555869561,0
1401.52777777778,-0.075,-0.0419067972328325,0.0064199586362351,0.0371598714440545,0
1401.53055555556,-0.065,-0.0436104298036494,0.0064681853218465,0.0371593542151155,0
1401.53333333333,-0.065,-0.0462297028258177,0.0064771705891537,0.0371641743989869,0
1401.53611111111,-0.07,-0.049983497394802,0.00644201566921927,0.0371735524944491,0
1401.53888888889,-0.05,-0.0548857975341428,0.00635846432863102,0.0371857804677712,0
1401.54166666667,-0.04,-0.0607391319158992,0.00622327116832523,0.0371992874975217,0
1401.54444444444,-0.025,-0.0671519130730939,0.00603472713975679,0.0372127582331324,0
1401.54722222222,-0.04,-0.0735781527060811,0.00579329753253016,0.0372252836809694,0
1401.55,-0.04,-0.0793757028326958,0.00550230111145809,0.0372375017057743,0
1401.55277777778,-0.03,-0.0838772012024158,0.00523442310380524,0.0372503256970846,0
1401.55555555556,-0.015,-0.0864664840620091,0.00514715084093061,0.037263033260594,0
1401.55833333333,-0.005,-0.0866525165712554,0.00521483956235035,0.0372740457921758,0
1401.56111111111,0.01,-0.0841329610099431,0.00539437283296312,0.0372823150295312,0
1401.56388888889,0.01,-0.0788403606876274,0.00562912478715364,0.0372879611643597,0
1401.56666666667,0.005,-0.0709654923644552,0.00585432907953078,0.0372914568654228,0
1401.56944444444,-0.005,-0.0609545910091678,0.0060033688210214,0.037293546428871,0
1401.57222222222,0.005,-0.0494796792421593,0.00601440616274986,0.0372951673303528,0
1401.575,0,-0.0373839017735225,0.00601144481395409,0.0372973469439968,0
1401.57777777778,0.005,-0.0256063171202992,0.00615309035955292,0.0373010834340297,0
1401.58055555556,0.015,-0.0150927860494753,0.00645190571935509,0.0373072206701251,0
1401.58333333333,0.035,-0.00670119995625567,0.00691223813937047,0.037316328079203,0
1401.58611111111,0.045,-0.00111014549023738,0.0075289129586326,0.0373285965311597,0
1401.58888888889,0.05,0.00125989519130529,0.00828652060552938,0.0373437171645821,0
1401.59166666667,0.025,0.000304577188778452,0.00915941868765157,0.0373585995782434,0
1401.59444444444,-0.005,-0.00373359414182052,0.0101125184230572,0.0373719394627989,0
1401.59722222222,-0.04,-0.0102660715263358,0.0111028613583787,0.0373854641098936,0
1401.6,-0.07,-0.0183919768886755,0.0120819235218712,0.037401269809546,0
1401.60277777778,-0.075,-0.0269630594962479,0.012824753447936,0.0374216940736428,0
1401.60555555556,-0.065,-0.0346752685924907,0.0132633193870693,0.0374491552336696,0
1401.60833333333,-0.04,-0.0401796695173317,0.0133643351791692,0.0374859699545217,0
1401.61111111111,-0.005,-0.0422033849982739,0.0131195982065918,0.037534161548939,0
1401.61388888889,0.025,-0.0396699910911828,0.01290090813829,0.0375952741760136,0
1401.61666666667,0.05,-0.0318084756998326,0.0129249787153978,0.0376702069916106,0
1401.61944444444,0.055,-0.0182405301262286,0.0131933834914215,0.0377591144931914,0
1401.62222222222,0.05,0.000962444435973766,0.013693075286804,0.0378613144832509,0
1401.625,0.08,0.0252587953517701,0.0143970884361034,0.0379752436717001,0
1401.62777777778,0.105,0.0536556567447639,0.0152663472020398,0.0380984786045124,0
1401.63055555556,0.095,0.0847672512529222,0.0162524756107844,0.0382267892127523,0
1401.63333333333,0.055,0.116908641949406,0.0172355290717198,0.0383556141933111,0
1401.63611111111,0.035,0.148217869933323,0.0180131830940096,0.0384866267471277,0
1401.63888888889,0.065,0.176796705183852,0.0185732382191573,0.0386243882978524,0
1401.64166666667,0.09,0.200858328601043,0.0189320242931959,0.0387724010798331,0
1401.64444444444,0.125,0.218869341158225,0.0191335674908336,0.0389323843614887,0
1401.64722222222,0.155,0.229673667452293,0.0192460508812946,0.0391050547445636,0
1401.65,0.185,0.232587196602837,0.0193557929320733,0.0392902163138517,0
1401.65277777778,0.2,0.227454296816582,0.0195591972032899,0.0394871102775527,0
1401.65555555556,0.22,0.214660472611821,0.0197786044783094,0.0396943750092733,0
1401.65833333333,0.24,0.195099149453908,0.0199089658736865,0.0399102566123518,0
1401.66111111111,0.22,0.170094556316991,0.0199927738645987,0.0401328493648938,0
1401.66388888889,0.2,0.141286588894089,0.0200758378081371,0.0403603371916347,0
1401.66666666667,0.17,0.110487030215916,0.020202065430122,0.040591214578721,0
1401.66944444444,0.17,0.0795192656807812,0.0204081291119508,0.0408244674178331,0
1401.67222222222,0.17,0.0500553973111272,0.0207184972338235,0.0410596979839205,0
1401.675,0.135,0.0234652593341228,0.0211413062531719,0.0412938016291909,0
1401.67777777778,0.105,0.000691183320325902,0.021665503700456,0.0415250273539462,0
1401.68055555556,0.075,-0.0178395181891328,0.0222596077370872,0.041751745447179,0
1401.68333333333,0.065,-0.0322553535282013,0.0228723105813286,0.0419719207241649,0
1401.68611111111,0.065,-0.0432295809478125,0.0234350092600095,0.0421833200966021,0
1401.68888888889,0.04,-0.0519165013452358,0.0238661885579181,0.0423837486873394,0
1401.69166666667,0,-0.0598389406914596,0.024077420161564,0.0425712923898662,0
1401.69444444444,-0.02,-0.0687351455741152,0.0241742483350273,0.0427445444248725,0
1401.69722222222,-0.04,-0.0803771414314026,0.0246589849603753,0.0429027961848073,0
1401.7,-0.035,-0.0963755187414604,0.0255951538689317,0.0430460356322029,0
1401.70277777778,-0.035,-0.117987347666275,0.0270224291278088,0.0431750966507999,0
1401.70555555556,-0.025,-0.145944299619635,0.028950294732026,0.0432917420130878,0
1401.70833333333,-0.03,-0.180317007785663,0.0313534824862538,0.0433994092526271,0
1401.71111111111,-0.02,-0.22042927782813,0.0341696773754736,0.0435026410302388,0
1401.71388888889,-0.04,-0.264832130085716,0.0372998318297451,0.0436059405812037,0
1401.71666666667,-0.06,-0.311343084040871,0.0406112486028512,0.043707660604438,0
1401.71944444444,-0.08,-0.357150936353706,0.0439433893503749,0.0438033798089372,0
1401.72222222222,-0.105,-0.398980942253898,0.0471161573405961,0.0438888663885306,0
1401.725,-0.115,-0.433310216492827,0.0499402039606028,0.0439610789038876,0
1401.72777777778,-0.11,-0.456618742426243,0.0522286354321152,0.0440185370267663,0
1401.73055555556,-0.12,-0.465657988082518,0.0538093625765745,0.0440609429967427,0
1401.73333333333,-0.095,-0.457717071265826,0.0545372540791101,0.0440886835957091,0
1401.73611111111,-0.06,-0.430865884925972,0.0543052304068779,0.0441028796589168,0
1401.73888888889,-0.03,-0.384155663419924,0.0547540896002323,0.0441052583541574,0
1401.74166666667,-0.03,-0.31776008777557,0.0559281882054685,0.0441065420302794,0
1401.74444444444,-0.01,-0.233044017830369,0.0576894752593151,0.0441091692991401,0
1401.74722222222,0.005,-0.132552014279592,0.0598789282061043,0.0441127342409253,0
1401.75,0.04,-0.0199145979570827,0.0623296673350544,0.0441168141017314,0
1401.75277777778,0.1,0.100323749586445,0.0648801722774158,0.0441209946969977,0
1401.75555555556,0.215,0.222944973983528,0.0673865428309811,0.0441248915888735,0
1401.75833333333,0.375,0.342351131675512,0.0697328345412729,0.0441288100158518,0
1401.76111111111,0.56,0.452892104901383,0.0718386656338425,0.0441330720730978,0
1401.76388888889,0.765,0.549205292220646,0.0736635223164234,0.0441378066772875,0
1401.76666666667,0.995,0.626544032314118,0.0752074652019929,0.0441429565249365,0
1401.76944444444,1.24,0.68107203990086,0.0765082380436016,0.0441484161606152,0
1401.77222222222,1.45,0.710103332820616,0.0776350767230783,0.0441540524714124,0
1401.775,1.565,0.712270851208538,0.0781321378681359,0.0441597244676934,0
1401.77777777778,1.545,0.687611938743973,0.0773464295349626,0.0441653012691978,0
1401.78055555556,1.365,0.637564701882066,0.0761555721234124,0.0441706817544184,0
1401.78333333333,1.105,0.5648755483957,0.0747485391305526,0.0441758112214931,0
1401.78611111111,0.795,0.473424460985452,0.0730566284045594,0.0441806030574161,0
1401.78888888889,0.445,0.367980318079873,0.0710426194572495,0.0441850871571549,0
1401.79166666667,0.145,0.253903404708925,0.0687067886267926,0.044189405595209,0
1401.79444444444,-0.07,0.136815806397944,0.0660896362519658,0.0441936534046767,0
1401.79722222222,-0.195,0.0222623928443277,0.0632710634453413,0.0441978683826764,0
1401.8,-0.225,-0.0846145611530264,0.0603660300224594,0.0441990837745505,0
1401.80277777778,-0.195,-0.179365410848066,0.0575170163280121,0.044197527142738,0
1401.80555555556,-0.125,-0.258469028768508,0.0548838763628935,0.0441939812678828,0
1401.80833333333,-0.04,-0.319499967108578,0.0526318862623239,0.0441897580338792,0
1401.81111111111,0.015,-0.361217534469676,0.0509189432936286,0.0441851377689962,0
1401.81388888889,0.04,-0.383573224493038,0.0499527844387069,0.0441783616497905,0
1401.81666666667,0.01,-0.387638869170866,0.0500558841096959,0.0441674048184975,0
1401.81944444444,0.01,-0.37546351259977,0.0494593046652053,0.0441500825396881,0
1401.82222222222,-0.035,-0.349871893748352,0.0479949546720289,0.044124183970249,0
1401.825,-0.065,-0.314221234856956,0.0456943671557551,0.0440876256428207,0
1401.82777777778,-0.075,-0.272135490778164,0.0426385386042233,0.0440386145340645,0
1401.83055555556,-0.085,-0.227237168538904,0.0390514639668075,0.0439758090360429,0
1401.83333333333,-0.105,-0.182896239865354,0.0353345186978565,0.0438984654318247,0
1401.83611111111,-0.14,-0.142013626860382,0.0316847542532802,0.0438065576942404,0
1401.83888888889,-0.145,-0.106853438431972,0.0282792127276078,0.0437008596073022,0
1401.84166666667,-0.14,-0.0789338623450743,0.0252658934601782,0.043582980304946,0
1401.84444444444,-0.115,-0.0589817340142519,0.0227571688808784,0.0434554295387173,0
1401.84722222222,-0.095,-0.0469507068372952,0.020825939035996,0.043321536630482,0
1401.85,-0.075,-0.0420980453427196,0.0195046092288106,0.0431851960160614,0
1401.85277777778,-0.06,-0.043110731469746,0.0187867740579069,0.0430495815294149,0
1401.85555555556,-0.075,-0.0482681403163503,0.0186313084473638,0.0429107205800215,0
1401.85833333333,-0.08,-0.0556262488906879,0.0189684146940033,0.0427651788473869,0
1401.86111111111,-0.095,-0.0632073359504798,0.0188673841468175,0.0426102323109125,0
1401.86388888889,-0.115,-0.0691794514649064,0.0181385878186841,0.0424439763263227,0
1401.86666666667,-0.125,-0.072011510880731,0.016913679602413,0.042265437790644,0
1401.86944444444,-0.11,-0.0705925324602093,0.0156055461503892,0.0420745234000213,0
1401.87222222222,-0.09,-0.0643070318888392,0.0143096727608612,0.0418718428533339,0
1401.875,-0.08,-0.0530626024705713,0.0131060390569426,0.0416585408315859,0
1401.87777777778,-0.07,-0.0372698931614544,0.0120553617490541,0.0414360941194676,0
1401.88055555556,-0.065,-0.0177791979195593,0.0111971601238066,0.0412060895733641,0
1401.88333333333,-0.065,0.00421863897578478,0.0105496242493887,0.0409699971215084,0
1401.88611111111,-0.06,0.027316591394637,0.0101111284348774,0.0407289208763459,0
1401.88888888889,-0.055,0.0500289653263324,0.00986311683051986,0.0404834925618698,0
1401.89166666667,-0.06,0.0709293127312227,0.00977400210842036,0.0402370539671426,0
1401.89444444444,-0.085,0.0887765000488354,0.00974433721138696,0.0399950650283199,0
1401.89722222222,-0.145,0.102618225879207,0.00963986008490889,0.0397585502973271,0
1401.9,-0.2,0.111863696581913,0.00950393349290049,0.0395290068207356,0
1401.90277777778,-0.21,0.116320221917464,0.00937543627429707,0.0393082528929026,0
1401.90555555556,-0.185,0.116191901297928,0.00928573172461437,0.0390982343483396,0
1401.90833333333,-0.14,0.112042027327829,0.00925666063349414,0.0389008050271782,0
1401.91111111111,-0.08,0.104724033384881,0.0092136885064244,0.0387175019371257,0
1401.91388888889,-0.03,0.0952884821249685,0.00909753256542743,0.0385493355817351,0
1401.91666666667,0,0.0848755110487624,0.00891620897541752,0.0383966147736245,0
1401.91944444444,-0.01,0.0746031697525316,0.0086850220435723,0.0382588224218045,0
1401.92222222222,-0.025,0.0654621340237521,0.00842418544584725,0.0381345545217438,0
1401.925,-0.045,0.0582263843137588,0.00815620526278561,0.0380215292554918,0
1401.92777777778,-0.035,0.0533876936631698,0.0079032962074993,0.0379160218744144,0
1401.93055555556,-0.03,0.0511193591094797,0.00768507709833113,0.037813487250265,0
1401.93333333333,-0.045,0.0512717632225376,0.00751674540613989,0.037710624037046,0
1401.93611111111,-0.08,0.053399335401278,0.0074078691218154,0.0376118118209449,0
1401.93888888889,-0.11,0.0568155728073719,0.00736186387140728,0.0375213850003165,0
1401.94166666667,-0.125,0.0606702405276646,0.00737615122851352,0.0374426249568186,0
1401.94444444444,-0.115,0.0640409241012927,0.00744292739247483,0.0373775203901665,0
1401.94722222222,-0.09,0.0660299218746309,0.0075415661381255,0.0373272129532332,0
1401.95,-0.055,0.0658571351391317,0.00740754413163916,0.0372920028992543,0
1401.95277777778,-0.02,0.0629401568566738,0.00726186798653959,0.0372714040461444,0
1401.95555555556,-0.01,0.0569541115486935,0.00711847339226966,0.0372642356041825,0
1401.95833333333,-0.03,0.0478658232630879,0.0069889350305173,0.0372667082806767,0
1401.96111111111,-0.055,0.0359393893552191,0.00688141256896631,0.0372677464449362,0
1401.96388888889,-0.075,0.0217129777686625,0.00680004996504994,0.0372677318480515,0
1401.96666666667,-0.08,0.00594938795311346,0.00674486520673048,0.0372671099144091,0
1401.96944444444,-0.07,-0.010434631812705,0.00671211346041998,0.037266316376,0
1401.97222222222,-0.045,-0.0264533601440494,0.00669505672674601,0.0372657533252969,0
1401.975,-0.035,-0.0411431352162521,0.00670508103005986,0.0372657616436347,0
1401.97777777778,-0.035,-0.0536507087847878,0.00671742781745792,0.0372659238796897,0
1401.98055555556,-0.01,-0.0633105128435752,0.00674089596360336,0.0372659192182725,0
1401.98333333333,0,-0.0697035469340037,0.00678260748622879,0.0372656517149108,0
1401.98611111111,0.005,-0.0726923911774092,0.00684713881864203,0.0372651143240849,0
1401.98888888889,0.02,-0.0724291553954138,0.00693599670846093,0.0372643463364199,0
1401.99166666667,-0.01,-0.0693357696603535,0.00703557376213306,0.0372634202094803,0
1401.99444444444,-0.035,-0.0640586616342693,0.0069639161676545,0.0372624276123213,0
1401.99722222222,-0.065,-0.0574023030488814,0.00682328826006993,0.0372614661203307,0
1402,-0.065,-0.0502481131376294,0.0066798255713178,0.0372606552290819,0
1402.00277777778,-0.055,-0.0434665929224247,0.00654209824438274,0.0372601839220627,0
1402.00555555556,-0.02,-0.0378312012036956,0.00641784458121856,0.0372602022642057,0
1402.00833333333,0.02,-0.0339423111961111,0.00631294584506478,0.0372606961047537,0
1402.01111111111,0.07,-0.0321686219189663,0.0062306226531993,0.0372615554157068,0
1402.01388888889,0.125,-0.0326117308281259,0.00617095345227085,0.0372626949451754,0
1402.01666666667,0.12,-0.0350973598414098,0.00613078030648933,0.0372640546523836,0
1402.01944444444,0.115,-0.0391941734857217,0.0061040245002629,0.0372656004889124,0
1402.02222222222,0.075,-0.0442584753621519,0.00608238871409918,0.0372673136317775,0
1402.025,0.04,-0.0495005675757638,0.00605637855521041,0.0372691477375254,0
1402.02777777778,0,-0.0540664441538502,0.00601653863882027,0.0372710635382215,0
1402.03055555556,-0.03,-0.0571269654458412,0.00607830604611728,0.0372730334801811,0
1402.03333333333,-0.02,-0.0579658734884207,0.00616748560684117,0.0372750446386508,0
1402.03611111111,0.015,-0.0560580375003928,0.00628590125334563,0.0372771039297027,0
1402.03888888889,0.085,-0.0511301671885989,0.00643100437234682,0.0372792356332167,0
1402.04166666667,0.14,-0.0431978257618469,0.00659559563573116,0.0372814724508572,0
1402.04444444444,0.18,-0.0325747704070514,0.0067680369559011,0.0372838090027731,0
1402.04722222222,0.235,-0.0198532439399621,0.00693296161157535,0.037286226499198,0
1402.05,0.26,-0.00585659673824249,0.00707243975932411,0.0372887237045172,0
1402.05277777778,0.27,0.00843172476617671,0.00716750834805537,0.0372913167185689,0
1402.05555555556,0.23,0.0219564786107152,0.00716937451551364,0.0372940362101437,0
1402.05833333333,0.17,0.0336881337986846,0.00721526183143652,0.0372969185970964,0
1402.06111111111,0.12,0.0427205000587241,0.0073508354033623,0.037300017450997,0
1402.06388888889,0.125,0.0483592395413784,0.00758171596736904,0.0373032987881717,0
1402.06666666667,0.15,0.0501927262094698,0.00790674278155878,0.0373066875865249,0
1402.06944444444,0.15,0.0481382356158611,0.00831749147559043,0.0373101067401228,0
1402.07222222222,0.12,0.042458642619808,0.00879840978008865,0.0373134844516307,0
1402.075,0.08,0.0337474808450945,0.00932758724816148,0.037316759295127,0
1402.07777777778,0.055,0.0228831318086721,0.00974654181349138,0.0373198847177273,0
1402.08055555556,0.06,0.0109557952592741,0.00994852113692807,0.0373228327756245,0
1402.08333333333,0.08,-0.00082652324085864,0.00990360937149917,0.0373256298571241,0
1402.08611111111,0.115,-0.0112447299741413,0.00960388144226627,0.0373283385689048,0
1402.08888888889,0.135,-0.0191784862664397,0.00926604492046215,0.0373310555154602,0
1402.09166666667,0.14,-0.0237091646167912,0.00904324086271531,0.0373339056327356,0
1402.09444444444,0.12,-0.0242063923822406,0.00894794875786815,0.0373370315675855,0
1402.09722222222,0.11,-0.0203900312071932,0.0089840828366802,0.03734057818901,0
1402.1,0.095,-0.0123615839770339,0.00914660599970647,0.0373445400006349,0
1402.10277777778,0.1,-0.000601745744408153,0.00942187427608132,0.0373487331744987,0
1402.10555555556,0.125,0.0140661240807063,0.00978869172801176,0.0373528844293944,0
1402.10833333333,0.135,0.0305437127857105,0.0102199922689166,0.0373567782482582,0
1402.11111111111,0.135,0.04755086490815,0.0105433191747725,0.0373603468784448,0
1402.11388888889,0.16,0.0637359195248413,0.0106183554380122,0.0373635454470029,0
1402.11666666667,0.16,0.0777934379074364,0.010455363403498,0.0373663550774944,0
1402.11944444444,0.155,0.0885787085988942,0.0100880037399646,0.0373687834541365,0
1402.12222222222,0.155,0.0952086088282082,0.00978305267957929,0.037370861799802,0
1402.125,0.145,0.0971395542352495,0.00956874924686247,0.037372682371563,0
1402.12777777778,0.145,0.0942152869004795,0.00945050078184517,0.0373743602933621,0
1402.13055555556,0.12,0.0866799573734183,0.00942526734119074,0.0373759905965975,0
1402.13333333333,0.12,0.0751551069095668,0.00948214173930014,0.0373776378860761,0
1402.13611111111,0.12,0.0605824647794788,0.009603611624933,0.0373793276795833,0
1402.13888888889,0.13,0.0441376378637475,0.00950418435983944,0.0373810414844008,0
1402.14166666667,0.135,0.0271224915888374,0.00932298300437838,0.0373827033705117,0
1402.14444444444,0.15,0.0108460460002003,0.00914940408129295,0.0373841713081285,0
1402.14722222222,0.16,-0.00349515635413128,0.00900634169703943,0.0373854362406845,0
1402.15,0.17,-0.0149261272175612,0.00891244821441433,0.0373865509598382,0
1402.15277777778,0.18,-0.0227817718475662,0.00888050667295701,0.0373875666100092,0
1402.15555555556,0.165,-0.0267661646213666,0.00891640570698681,0.0373885317540632,0
1402.15833333333,0.14,-0.0269770834153206,0.00901880652600244,0.0373894911776179,0
1402.16111111111,0.115,-0.023893327617096,0.00917952442997833,0.0373904592826526,0
1402.16388888889,0.115,-0.0183258086657513,0.00938457789808214,0.0373913305146025,0
1402.16666666667,0.125,-0.0113368074179702,0.00961579316340088,0.0373920016553254,0
1402.16944444444,0.15,-0.0041348209046504,0.00965112407298037,0.0373925106433097,0
1402.17222222222,0.14,0.00204521499087404,0.00942872435833392,0.0373929488247407,0
1402.175,0.13,0.00606506943967621,0.00923920767629412,0.0373934384519705,0
1402.17777777778,0.14,0.00699803992701033,0.00909685938314724,0.0373940477238021,0
1402.18055555556,0.135,0.00422443200522173,0.00901055037390483,0.0373947250429248,0
1402.18333333333,0.135,-0.00250161745792664,0.00898292113113132,0.0373954597025303,0
1402.18611111111,0.13,-0.013020678139689,0.00901026099380949,0.0373962351436779,0
1402.18888888889,0.115,-0.0267753558485654,0.00908310168326382,0.0373969555020309,0
1402.19166666667,0.11,-0.0428562032687425,0.00918747039845532,0.0373973783079208,0
1402.19444444444,0.1,-0.0600823298722979,0.00930667809486221,0.0373972663169767,0
1402.19722222222,0.1,-0.0771094720063464,0.00942345985726878,0.0373965196391978,0
1402.2,0.12,-0.0925555619131049,0.00952224262253167,0.0373951522704716,0
1402.20277777778,0.15,-0.10513201271743,0.00945318979910156,0.0373932242969314,0
1402.20555555556,0.165,-0.113768200818714,0.00941996365229295,0.0373908375758748,0
1402.20833333333,0.175,-0.117717064531289,0.009421804989214,0.0373881293806584,0
1402.21111111111,0.165,-0.116631326728975,0.00945060867073266,0.0373852597456155,0
1402.21388888889,0.155,-0.110602460044278,0.00949125769240132,0.0373823980905899,0
1402.21666666667,0.14,-0.100157918415449,0.00952279295993706,0.0373797101576434,0
1402.21944444444,0.135,-0.0862160527677479,0.00952034517508381,0.0373773453125556,0
1402.22222222222,0.14,-0.0700021545332695,0.00958301649343584,0.037375425327212,0
1402.225,0.145,-0.0529328529269653,0.00973060136873122,0.0373740356728983,0
1402.22777777778,0.14,-0.0364792705784584,0.00998321011962411,0.0373731154524141,0
1402.23055555556,0.135,-0.0220216069744749,0.0103535373544191,0.0373725327260422,0
1402.23333333333,0.14,-0.0107089391486702,0.0108445177666835,0.037372154290986,0
1402.23611111111,0.17,-0.00333787526507906,0.0114477409664407,0.037371856857281,0
1402.23888888889,0.18,-0.000262256278501526,0.0121428340241369,0.0373715417849577,0
1402.24166666667,0.17,-0.00134348019725308,0.0128979390564914,0.0373711433553415,0
1402.24444444444,0.155,-0.00594744089114814,0.0136713157936883,0.0373706351483819,0
1402.24722222222,0.155,-0.0129898409096396,0.0144139941411725,0.037370034205215,0
1402.25,0.175,-0.0210271341870007,0.0150732988155064,0.0373692817582968,0
1402.25277777778,0.195,-0.0283859917109161,0.0155220984272676,0.0373684902629977,0
1402.25555555556,0.195,-0.0333203689182548,0.0154469262055761,0.0373692575463971,0
1402.25833333333,0.21,-0.0341823536448447,0.0153277357888927,0.0373702042202483,0
1402.26111111111,0.215,-0.0295912774908472,0.015455475147042,0.0373710558947122,0
1402.26388888889,0.21,-0.0185852666441328,0.0158399204623836,0.0373733919900203,0
1402.26666666667,0.215,-0.000740552186476497,0.0164734094891996,0.0373790629770741,0
1402.26944444444,0.22,0.0237536153314531,0.017330528325061,0.0373900910148402,0
1402.27222222222,0.225,0.0540728947072985,0.0183692893271439,0.0374085426467752,0
1402.275,0.25,0.0887924941038131,0.0195337696150338,0.0374365155749797,0
1402.27777777778,0.275,0.125977334911052,0.0207580477617005,0.0374757659083563,0
1402.28055555556,0.295,0.16332147075609,0.0219711531545206,0.037527570694947,0
1402.28333333333,0.34,0.198325846939126,0.0230280723401759,0.0375926523963421,0
1402.28611111111,0.38,0.228499707117451,0.0236962394531923,0.0376710583832491,0
1402.28888888889,0.39,0.25156840638571,0.0239979113010048,0.0377620755024519,0
1402.29166666667,0.385,0.2656693329291,0.0239963641474794,0.0378641891969034,0
1402.29444444444,0.36,0.269518205184743,0.0237902853314712,0.0379750923714565,0
1402.29722222222,0.365,0.262530185639733,0.0237356132797499,0.0380917473923353,0
1402.3,0.375,0.244883878605703,0.023901966311602,0.0382105013031638,0
1402.30277777778,0.375,0.217521066226318,0.0239278238202111,0.0383275604442089,0
1402.30555555556,0.375,0.182080582842349,0.0236271477999136,0.0384473527421488,0
1402.30833333333,0.36,0.140770554253862,0.0231231826313712,0.0385739400859433,0
1402.31111111111,0.33,0.0961888215894745,0.0226474137259916,0.0387106764542062,0
1402.31388888889,0.275,0.0511062254148629,0.0222700767978689,0.0388600468432685,0
1402.31666666667,0.255,0.00823109527793529,0.0220507254360838,0.0390235798242164,0
1402.31944444444,0.24,-0.0300245801004248,0.0220317277911523,0.0392018401472873,0
1402.32222222222,0.22,-0.0617564604031803,0.0222329812807251,0.0393944929681636,0
1402.325,0.195,-0.0857372673745509,0.0226483749085589,0.0396004364928094,0
1402.32777777778,0.175,-0.101528150979604,0.0232444042514803,0.0398181229718504,0
1402.33055555556,0.145,-0.109520576804729,0.0239611798881888,0.0400458033004782,0
1402.33333333333,0.135,-0.110903148664406,0.0247158783490435,0.0402816534258331,0
1402.33611111111,0.11,-0.107554260956984,0.0254084806056388,0.040523997293043,0
1402.33888888889,0.12,-0.101868038306684,0.0254475108944958,0.0407715026933164,0
1402.34166666667,0.135,-0.0965270944030228,0.0252081852918207,0.0410202223188048,0
1402.34444444444,0.14,-0.0942406881449349,0.0253511550053574,0.0412661236198869,0
1402.34722222222,0.135,-0.0974704127148601,0.0259579912607603,0.0415089639775767,0
1402.35,0.135,-0.108167281976782,0.0270822783889141,0.0417478671476592,0
1402.35277777778,0.145,-0.12754379043707,0.0287423341887636,0.041981425092971,0
1402.35555555556,0.145,-0.155902200341816,0.0309162293077693,0.0422077305797366,0
1402.35833333333,0.13,-0.19253610944604,0.0335396328161053,0.0424246996011834,0
1402.36111111111,0.105,-0.23571659648869,0.0365068117687538,0.0426303278517466,0
1402.36388888889,0.065,-0.282767387878907,0.0396748798136934,0.0428229435709532,0
1402.36666666667,0.05,-0.330226099001951,0.0428711412940333,0.0430017064996504,0
1402.36944444444,0.055,-0.374081291734759,0.0459031319991928,0.0431666710571377,0
1402.37222222222,0.09,-0.410068473642934,0.0485707351404198,0.0433187486861419,0
1402.375,0.145,-0.43400281133984,0.0506795693057926,0.0434597511196789,0
1402.37777777778,0.19,-0.442122709261704,0.0518237615457982,0.0435935433193636,0
1402.38055555556,0.15,-0.431416844705254,0.0519307111699901,0.0437251517135978,0
1402.38333333333,0.085,-0.399907910633305,0.052405998181261,0.0438591232795238,0
1402.38611111111,0.01,-0.34686917584265,0.0539010328990825,0.0439911127412589,0
1402.38888888889,-0.02,-0.272954820537704,0.0561797146190612,0.0441164875898981,0
1402.39166666667,-0.005,-0.180231469677682,0.0588757380822504,0.0442307535824655,0
1402.39444444444,0.07,-0.0721059150519051,0.0617727160859072,0.0443300453927545,0
1402.39722222222,0.18,0.0468479168267687,0.0646643241069183,0.0444130665079271,0
1402.4,0.33,0.171151781831935,0.0673707389831969,0.0444795047330736,0
1402.40277777778,0.505,0.294757635437939,0.0697523329451368,0.0445299836962622,0
1402.40555555556,0.72,0.411430025339165,0.0717195119873223,0.0445659624631719,0
1402.40833333333,0.94,0.515148639393844,0.0732379246678089,0.0445894569311399,0
1402.41111111111,1.165,0.600501556314554,0.0743286679623552,0.0446028428376471,0
1402.41388888889,1.36,0.663040318970041,0.0750635463260963,0.0446087762421481,0
1402.41666666667,1.52,0.699570781637624,0.0755558618423759,0.0446100082385643,0
1402.41944444444,1.625,0.708358543389491,0.0759475913362287,0.0446092093480999,0
1402.42222222222,1.605,0.689234276158973,0.075655773120532,0.0446088143783931,0
1402.425,1.485,0.643591863084063,0.0750020705524822,0.044609360029307,0
1402.42777777778,1.25,0.574280368634756,0.074007787094935,0.0446073301053166,0
1402.43055555556,0.96,0.485398818940346,0.0725728041942033,0.0446056325343386,0
1402.43333333333,0.625,0.38200994837401,0.0706415616634221,0.0446044181159238,0
1402.43611111111,0.35,0.269794905859942,0.0682103666417945,0.0446013725852371,0
1402.43888888889,0.16,0.154674965343639,0.065330097806445,0.0445966678752605,0
1402.44166666667,0.055,0.0424282534047327,0.0621040699911831,0.0445907874149516,0
1402.44444444444,0.045,-0.0616707302088639,0.0586812388687508,0.044584573294727,0
1402.44722222222,0.065,-0.153163409066019,0.0552453213280185,0.0445783811785382,0
1402.45,0.105,-0.228650157340669,0.0520007510531974,0.0445703327973488,0
1402.45277777778,0.155,-0.285948811797337,0.0491566518114088,0.0445582807121078,0
1402.45555555556,0.165,-0.324160299466349,0.0470901139865373,0.0445399264892029,0
1402.45833333333,0.175,-0.343640352709945,0.0460503774974291,0.0445130095423143,0
1402.46111111111,0.145,-0.345883489011194,0.0460295433899126,0.0444754605595178,0
1402.46388888889,0.115,-0.333331929412689,0.0456452541892842,0.0444254519830995,0
1402.46666666667,0.095,-0.309127414890903,0.0442753194770496,0.0443615653301081,0
1402.46944444444,0.07,-0.276827563707176,0.0419645986728223,0.0442829475755409,0
1402.47222222222,0.06,-0.240110246239808,0.0389831792413631,0.0441894435860472,0
1402.475,0.06,-0.202489347241233,0.0356845512081148,0.0440817237934116,0
1402.47777777778,0.065,-0.167063311587696,0.0322660084301445,0.0439616118418829,0
1402.48055555556,0.06,-0.136314253225123,0.0289151103532547,0.0438315518857544,0
1402.48333333333,0.05,-0.111970502169657,0.0257989067430817,0.0436947262570538,0
1402.48611111111,0.05,-0.0949397209496677,0.0230552354391154,0.0435549393653402,0
1402.48888888889,0.06,-0.0853136448647992,0.0207865617567179,0.0434164467281762,0
1402.49166666667,0.085,-0.0824396059559591,0.0190566226949156,0.0432761867331941,0
1402.49444444444,0.1,-0.0850487716901732,0.0178899245220127,0.0431308799816214,0
1402.49722222222,0.08,-0.0914268761736164,0.0172739350296617,0.0429778452223556,0
1402.5,0.05,-0.0996104488075055,0.0171636269618622,0.0428150989702633,0
1402.50277777778,0,-0.107590329219799,0.0174878796714645,0.0426413974620905,0
1402.50555555556,-0.035,-0.113504635639907,0.0172915167022348,0.0424562197882944,0
1402.50833333333,-0.045,-0.115805226766621,0.0165367997660008,0.0422596957881749,0
1402.51111111111,-0.025,-0.113384840584526,0.0154785845455515,0.0420526667370879,0
1402.51388888889,-0.01,-0.105656182982392,0.0143727106931243,0.0418364479548515,0
1402.51666666667,0.01,-0.0925788810294634,0.0133031151549354,0.041612323621104,0
1402.51944444444,0.03,-0.0746349847429628,0.0123368158210916,0.0413815303015622,0
1402.52222222222,0.035,-0.0527581774990745,0.0115208491906809,0.04114511993793,0
1402.525,0.045,-0.0282256617004997,0.010881091133777,0.0409038234745987,0
1402.52777777778,0.04,-0.00252451963287345,0.0104228934151266,0.040660389062978,0
1402.53055555556,0.045,0.0227939958495115,0.0101333303887244,0.0404204632360908,0
1402.53333333333,0.075,0.046258403291995,0.0100837139313452,0.0401857926731169,0
1402.53611111111,0.075,0.066606195682829,0.0101293100668251,0.0399572884961876,0
1402.53888888889,0.075,0.0828873149602394,0.010115308292771,0.0397363180959484,0
1402.54166666667,0.05,0.0945337798399545,0.0100856471676251,0.0395243365578911,0
1402.54444444444,0.03,0.101390813330796,0.010080327453017,0.0393227842849667,0
1402.54722222222,0.01,0.103708536701797,0.0101316944486855,0.0391329086227075,0
1402.55,0.015,0.1020969269111,0.0102617415967725,0.0389555904303821,0
1402.55277777778,0.035,0.0974499511641201,0.0103136693706476,0.0387911909762751,0
1402.55555555556,0.07,0.0908473227730238,0.0100862740955591,0.0386394330108514,0
1402.55833333333,0.09,0.0834439678009576,0.009707225221011,0.0384992637942956,0
1402.56111111111,0.075,0.0763579417202943,0.00927748902181697,0.0383690070353721,0
1402.56388888889,0.05,0.0705671743150417,0.00882657471451354,0.038246289181406,0
1402.56666666667,0.03,0.0668241269359141,0.00838761472343319,0.0381278066650416,0
1402.56944444444,0.02,0.065595378616708,0.00799404545379298,0.0380088146789941,0
1402.57222222222,0.035,0.0670305402615505,0.00767641505996182,0.037892422130033,0
1402.575,0.06,0.0709619939246804,0.00745959506365366,0.0377824771931401,0
1402.57777777778,0.075,0.0769340469605556,0.00736062140639391,0.0376826820926718,0
1402.58055555556,0.075,0.0842574469652144,0.0073873229141704,0.0375963756897698,0
1402.58333333333,0.07,0.0920830556538718,0.00753781789777928,0.0375259006809715,0
1402.58611111111,0.07,0.0994870049483673,0.00780087984308269,0.0374718179693375,0
1402.58888888889,0.085,0.105558963369605,0.00815709781093208,0.0374338171502803,0
1402.59166666667,0.12,0.109485254994077,0.00846954695055869,0.0374108071852949,0
1402.59444444444,0.15,0.110619449618645,0.00861017281072644,0.0374009319366415,0
1402.59722222222,0.185,0.108534565027612,0.00862202123868738,0.0374018916221415,0
1402.6,0.2,0.103053018517738,0.00855432520164241,0.0374016722655087,0
1402.60277777778,0.165,0.0942527261856492,0.00845713026009797,0.0374005408883221,0
1402.60555555556,0.14,0.0824500501284043,0.00837614192081319,0.0373989260320867,0
1402.60833333333,0.1,0.0681624168803443,0.00834827500886244,0.0373972364837632,0
1402.61111111111,0.085,0.0520551828190629,0.00839829596005076,0.0373958419301668,0
1402.61388888889,0.075,0.034878555269516,0.0084378501650614,0.0373944364985763,0
1402.61666666667,0.085,0.017400998939215,0.00838972641826495,0.037392588112884,0
1402.61944444444,0.105,0.00034553593628637,0.00826763040286711,0.0373899838636827,0
1402.62222222222,0.12,-0.0156652834680864,0.00808995210629756,0.0373867419254362,0
1402.625,0.13,-0.0301511133727262,0.00787798422178271,0.0373828331784609,0
1402.62777777778,0.115,-0.0427991578113598,0.00765401706537477,0.0373782733688375,0
1402.63055555556,0.11,-0.0534717926512288,0.00744980066788081,0.0373731183551277,0
1402.63333333333,0.11,-0.062196918343073,0.00736523214837747,0.0373674526651404,0
1402.63611111111,0.095,-0.0691431511450366,0.00742985325944833,0.0373613783116119,0
1402.63888888889,0.1,-0.0745833210427988,0.00751906486074056,0.0373550675016615,0
1402.64166666667,0.105,-0.0788506938186733,0.00754961098723788,0.0373488095224086,0
1402.64444444444,0.12,-0.0822927993846672,0.00752165069470288,0.0373428963202393,0
1402.64722222222,0.14,-0.0852277063172231,0.00744006391786719,0.0373375538844454,0
1402.65,0.155,-0.0879070622208904,0.00731360536730113,0.0373328092696876,0
1402.65277777778,0.15,-0.0904892958110413,0.0071537852811279,0.0373285969290637,0
1402.65555555556,0.13,-0.0930251608170742,0.00697359427570041,0.0373248622223459,0
1402.65833333333,0.115,-0.0954564294064122,0.00678619644592471,0.0373215590062439,0
1402.66111111111,0.105,-0.097627158810554,0.00660371056384497,0.0373186472631285,0
1402.66388888889,0.095,-0.0993056988482808,0.00643618466815702,0.0373160272480822,0
1402.66666666667,0.12,-0.100214600606946,0.00629084631021302,0.037313556473027,0
1402.66944444444,0.15,-0.100064917713033,0.00617168163872345,0.0373111052753795,0
1402.67222222222,0.175,-0.098591113154158,0.00607936417448511,0.0373085672491532,0
1402.675,0.21,-0.0955829063085356,0.00601152149232877,0.0373059813196157,0
1402.67777777778,0.24,-0.0909108852800279,0.00596329791458067,0.0373035366155845,0
1402.68055555556,0.25,-0.084543501101732,0.00592814620230457,0.0373013321781602,0
1402.68333333333,0.235,-0.076554057253158,0.0058987630412303,0.0372993896383332,0
1402.68611111111,0.23,-0.0671173977241483,0.0058680731188215,0.0372977336132725,0
1402.68888888889,0.21,-0.0564970624425041,0.00583016529340352,0.0372963825087352,0
1402.69166666667,0.21,-0.0450246108802463,0.0057810915318079,0.0372953478066912,0
1402.69444444444,0.23,-0.0330735224880965,0.00571945401078002,0.0372946346835092,0
1402.69722222222,0.265,-0.0210305032212907,0.0056467265268613,0.0372942431778116,0
1402.7,0.295,-0.00926713079867467,0.00556728119263676,0.0372941626060003,0
1402.70277777778,0.325,0.00188543763074754,0.005496738799264,0.0372940736706474,0
1402.70555555556,0.335,0.0121564551550113,0.00545077349869684,0.0372939520094459,0
1402.70833333333,0.325,0.0213487241204476,0.00543811888120323,0.037293779826431,0
1402.71111111111,0.315,0.0293441524974045,0.00545758915348182,0.0372935415807851,0
1402.71388888889,0.32,0.0361018404067149,0.00543632621656663,0.037293224709119,0
1402.71666666667,0.315,0.0416495894539836,0.00536576457739397,0.0372928198462552,0
1402.71944444444,0.305,0.0460703596957389,0.00523984724398849,0.0372923218312596,0
1402.72222222222,0.315,0.0494856208004596,0.00505574974797015,0.0372917301894754,0
1402.725,0.305,0.0520377186165982,0.0048143647052171,0.0372910496443896,0
1402.72777777778,0.29,0.0538732986120329,0.00452050139025107,0.0372903053718584,0
1402.73055555556,0.295,0.0551295154294273,0.00418277756862711,0.0372896061275426,0
1402.73333333333,0.29,0.0559242609097695,0.00381320538727161,0.0372891764902593,0
1402.73611111111,0.27,0.0563510288821595,0.0034264975643842,0.0372890057851787,0
1402.73888888889,0.27,0.0564783827789857,0.00303914258236313,0.0372890746986017,0
1402.74166666667,0.27,0.0563533827826539,0.00266831637082656,0.0372893591527584,0
1402.74444444444,0.265,0.0560078364613748,0.00233071165852279,0.0372898223502013,0
1402.74722222222,0.275,0.055465918610024,0.00204137373922842,0.037290293663853,0
1402.75,0.295,0.0547515978200321,0.0018126322524633,0.0372906823732533,0
1402.75277777778,0.3,0.0538944184316974,0.00165321262577685,0.0372909537806186,0
1402.75555555556,0.29,0.052932499122082,0.00156759845343689,0.037291088967844,0
1402.75833333333,0.285,0.0519120807623332,0.00155569815279715,0.0372910848546836,0
1402.76111111111,0.28,0.0508835239685691,0.0016128470076557,0.0372910404535014,0
1402.76388888889,0.28,0.0498942463598336,0.00173015076364899,0.0372911224754634,0
1402.76666666667,0.285,0.0489796229648388,0.0018951510870317,0.0372914626266518,0
1402.76944444444,0.295,0.0481532785102893,0.00209276833277741,0.0372920712869164,0
1402.77222222222,0.275,0.047398420207341,0.00230645505273162,0.0372929508470129,0
1402.775,0.245,0.0466618586789262,0.0025194762043548,0.0372941019617132,0
1402.77777777778,0.22,0.0458521338907316,0.0027162204992768,0.0372954299724167,0
1402.78055555556,0.195,0.044842721602676,0.00288344276342657,0.0372967518967632,0
1402.78333333333,0.21,0.0434806898300629,0.00300271939932553,0.0372980513627248,0
1402.78611111111,0.24,0.0416004719653361,0.00306192345494927,0.0372993127955915,0
1402.78888888889,0.255,0.0390417061160882,0.00306195040588991,0.0373005173376551,0
1402.79166666667,0.265,0.0356694469130385,0.0030660587613229,0.0373016440239336,0
1402.79444444444,0.26,0.0313945700015869,0.00310291098446356,0.037302670834564,0
1402.79722222222,0.24,0.0261919296728706,0.00315973771087634,0.0373035765875473,0
1402.8,0.265,0.0201138426402174,0.00322073927655988,0.0373043437560289,0
1402.80277777778,0.275,0.0132967726116912,0.00326833100712703,0.0373049620046447,0
1402.80555555556,0.305,0.00595966541745412,0.00328456970545491,0.0373054317405433,0
1402.80833333333,0.3,-0.00160681470460635,0.00325340730977587,0.0373057446606176,0
1402.81111111111,0.29,-0.00905994640067262,0.00329068518443575,0.0373060220764577,0
1402.81388888889,0.245,-0.0160323052780872,0.00340553738695531,0.0373064453337735,0
1402.81666666667,0.215,-0.0221646578032151,0.00359964066945105,0.0373073032210239,0
1402.81944444444,0.21,-0.0271414573603849,0.00386639506810561,0.0373085362605525,0
1402.82222222222,0.205,-0.0307254797977864,0.00419086876087422,0.0373100666144135,0
1402.825,0.23,-0.032787943732154,0.00455056449654218,0.0373118011651717,0
1402.82777777778,0.25,-0.0333306431607835,0.00491698186187894,0.037313635993705,0
1402.83055555556,0.255,-0.0324971800632348,0.00525786490995197,0.0373153664126549,0
1402.83333333333,0.25,-0.0305712862038212,0.00553994715352022,0.0373167407241784,0
1402.83611111111,0.255,-0.027961391828235,0.00573194417971176,0.0373175237595569,0
1402.83888888889,0.25,-0.0251719280636635,0.00580750541049545,0.0373175170293241,0
1402.84166666667,0.26,-0.0227632110834523,0.00574782594790142,0.0373167258942064,0
1402.84444444444,0.26,-0.0213030112232082,0.00554363940017878,0.0373153099702724,0
1402.84722222222,0.275,-0.0213139251435109,0.00538490901470384,0.0373169401337373,0
1402.85,0.29,-0.0232213279631968,0.00534120789188024,0.0373210085654268,0
1402.85277777778,0.31,-0.0273069001392125,0.00541402120931943,0.0373267057010661,0
1402.85555555556,0.325,-0.0336724568600037,0.00559855957269914,0.037333596771822,0
1402.85833333333,0.345,-0.0422180592091805,0.00588428070735199,0.0373411191161174,0
1402.86111111111,0.34,-0.0526372085875259,0.00625584431845339,0.0373486360700444,0
1402.86388888889,0.315,-0.0644304166945098,0.00669441782842302,0.0373555547409657,0
1402.86666666667,0.265,-0.0769367381540026,0.00717921971211416,0.037361389429055,0
1402.86944444444,0.22,-0.0893811123973683,0.00768916554027236,0.0373658948258906,0
1402.87222222222,0.18,-0.100933756663897,0.00814699157344348,0.0373690780143544,0
1402.875,0.17,-0.110776547334903,0.00851777469775812,0.0373713387319147,0
1402.87777777778,0.185,-0.118170463356347,0.008816447764146,0.0373732399556366,0
1402.88055555556,0.205,-0.122517845973773,0.00906909092914565,0.037375418197971,0
1402.88333333333,0.22,-0.123413506118343,0.00931039081352273,0.0373784900008339,0
1402.88611111111,0.24,-0.120679580102879,0.00958003563071196,0.0373829517294203,0
1402.88888888889,0.245,-0.114380432542703,0.00991760574880859,0.0373890816682157,0
1402.89166666667,0.22,-0.1048157146409,0.0102293333338407,0.037396658867426,0
1402.89444444444,0.215,-0.092491743225474,0.0105234042010935,0.0374052140362284,0
1402.89722222222,0.235,-0.0780734777954134,0.0108077260276478,0.0374130908556361,0
1402.9,0.26,-0.0623213335163032,0.0110884241837859,0.0374213161349577,0
1402.90277777778,0.305,-0.0460186792897825,0.0113685229727893,0.0374314970098826,0
1402.90555555556,0.325,-0.0298969607283718,0.0116469601513952,0.0374455334367621,0
1402.90833333333,0.315,-0.0145658322831544,0.0119180543606652,0.0374655069522676,0
1402.91111111111,0.315,-0.00045541422364328,0.012171504054067,0.037493543097545,0
1402.91388888889,0.3,0.012223190240895,0.0123929460479675,0.037531658135905,0
1402.91666666667,0.295,0.0234946035417295,0.0125650463593884,0.0375815881442293,0
1402.91944444444,0.295,0.0336107190912911,0.0126690406291545,0.037644621393361,0
1402.92222222222,0.31,0.0430171327184375,0.0126865914752661,0.0377212963507104,0
1402.925,0.325,0.0522970322771693,0.0127096226436,0.0378113967813181,0
1402.92777777778,0.345,0.0620974796222742,0.0129083041674957,0.0379141277210582,0
1402.93055555556,0.36,0.0730449824078925,0.0132263216552179,0.0380278733177187,0
1402.93333333333,0.38,0.0856586097342391,0.0136618086315535,0.0381502092282388,0
1402.93611111111,0.375,0.100269499425105,0.0142049341065614,0.0382779709263135,0
1402.93888888889,0.395,0.116955348302286,0.0148379743797893,0.0384073770984261,0
1402.94166666667,0.425,0.13549736256173,0.0155361456933099,0.0385377103489436,0
1402.94444444444,0.43,0.155365248848285,0.0162691725795092,0.0386730917578878,0
1402.94722222222,0.455,0.175733302376608,0.0170034932269321,0.0388170030857262,0
1402.95,0.45,0.195527717728626,0.017704934416492,0.0389721338584272,0
1402.95277777778,0.435,0.213502179818269,0.0183416313441706,0.0391402978353688,0
1402.95555555556,0.435,0.228335879520482,0.0188869280401792,0.0393223182963996,0
1402.95833333333,0.445,0.238745629365142,0.019321976927194,0.0395183385937007,0
1402.96111111111,0.435,0.243601986519805,0.0196377643427834,0.0397277829713425,0
1402.96388888889,0.43,0.242038422493553,0.0198363234233983,0.0399495141566266,0
1402.96666666667,0.425,0.233542732285114,0.0199309550827445,0.0401820261600967,0
1402.96944444444,0.415,0.218021077580995,0.0199453580323878,0.0404236546814117,0
1402.97222222222,0.405,0.195827237365459,0.0199116638691152,0.0406727863798585,0
1402.975,0.415,0.167752627174803,0.0198674754661074,0.0409281415427366,0
1402.97777777778,0.415,0.134976193821135,0.0198521074212773,0.0411888681984519,0
1402.98055555556,0.415,0.0989770814499271,0.0199023169289022,0.041449533195054,0
1402.98333333333,0.395,0.0614166475236266,0.0200478833691358,0.0417054236712927,0
1402.98611111111,0.37,0.0239996301869504,0.0203074376039183,0.0419559372857238,0
1402.98888888889,0.335,-0.0116732927555043,0.0206849518431818,0.0422000108920609,0
1402.99166666667,0.31,-0.0442479217176928,0.0211672749828926,0.0424362467835328,0
1402.99444444444,0.275,-0.0727401303664828,0.0217230364649653,0.0426630803179656,0
1402.99722222222,0.25,-0.0966279613907464,0.0223031470475791,0.0428789739456591,0
1403,0.215,-0.115901911992401,0.0228430035103255,0.0430826203539661,0
1403.00277777778,0.2,-0.131066538957378,0.0232663650172422,0.0432731369424847,0
1403.00555555556,0.185,-0.143090756637148,0.0233828904256722,0.0434501773555077,0
1403.00833333333,0.19,-0.153308889521911,0.0234397725523949,0.0436139156718686,0
1403.01111111111,0.21,-0.163279261572622,0.0238525858856994,0.0437656993677669,0
1403.01388888889,0.225,-0.174611425211743,0.0246810205358366,0.0439079103801051,0
1403.01666666667,0.23,-0.188776641602537,0.0259627172405904,0.0440436917885102,0
1403.01944444444,0.2,-0.206918566200839,0.0277072391883546,0.0441777842323383,0
1403.02222222222,0.17,-0.229682007227057,0.0298916361162065,0.0443115969420903,0
1403.025,0.135,-0.257076966322305,0.0324580875712432,0.0444410181920871,0
1403.02777777778,0.135,-0.28839293278927,0.0353139820222938,0.0445599589978756,0
1403.03055555556,0.145,-0.322174719192901,0.0383346219781198,0.0446603828143179,0
1403.03333333333,0.16,-0.356266264262651,0.0413685538676165,0.044740121539382,0
1403.03611111111,0.18,-0.387923170860665,0.0442453191678288,0.0447988217338614,0
1403.03888888889,0.175,-0.413988758124971,0.0467852256285367,0.0448380902930491,0
1403.04166666667,0.175,-0.431122598980218,0.04881056024033,0.0448602914317243,0
1403.04444444444,0.17,-0.43606539985094,0.0501575236624302,0.0448682468810509,0
1403.04722222222,0.165,-0.425920127967542,0.0506880718046171,0.0448649256098111,0
1403.05,0.145,-0.398426886597593,0.0503706312993,0.0448535417566683,0
1403.05277777778,0.12,-0.352208441528079,0.0510436941158957,0.044842671409458,0
1403.05555555556,0.105,-0.28696462689956,0.0525994630200614,0.0448324845610181,0
1403.05833333333,0.105,-0.203597057060731,0.0548837480199261,0.044823998374176,0
1403.06111111111,0.155,-0.104250433781819,0.0577089847191685,0.0448177257794328,0
1403.06388888889,0.235,0.00773709234054593,0.0608696551999876,0.0448133706472726,0
1403.06666666667,0.355,0.127975048757689,0.0641588321046607,0.0448110361284084,0
1403.06944444444,0.5,0.251246530419098,0.0673844667496624,0.0448104695372258,0
1403.07222222222,0.695,0.371805184176692,0.0703840594527752,0.0448108818714517,0
1403.075,0.92,0.483723586531638,0.0730364844168439,0.0448113107118558,0
1403.07777777778,1.17,0.58126870491643,0.0752699819484711,0.0448107580368219,0
1403.08055555556,1.41,0.659277359260091,0.0770656575890384,0.0448083257290083,0
1403.08333333333,1.61,0.713503925465973,0.0784562132841799,0.044803348392912,0
1403.08611111111,1.725,0.740914039269164,0.0795200470434744,0.0447955111004919,0
1403.08888888889,1.725,0.739901681038597,0.079671585234594,0.0447849414990255,0
1403.09166666667,1.595,0.710412487306609,0.0788963843584356,0.0447744077604956,0
1403.09444444444,1.38,0.653963025446684,0.078053288582089,0.0447650329809513,0
1403.09722222222,1.115,0.573553544059814,0.0770069761433127,0.0447550339115358,0
1403.1,0.82,0.473479755183482,0.0756458356429283,0.044742346561023,0
1403.10277777778,0.545,0.35905687021351,0.0738949778627363,0.0447246772739899,0
1403.10555555556,0.33,0.23627578088274,0.0717259517203167,0.0446996208044902,0
1403.10833333333,0.2,0.111416409710727,0.0691622646604335,0.044664846448264,0
1403.11111111111,0.125,-0.00935356508317547,0.0662801693839776,0.0446182947930022,0
1403.11388888889,0.115,-0.120365434110916,0.0632045889526874,0.0445585680148695,0
1403.11666666667,0.145,-0.216793769126119,0.0601004755588468,0.0444849402327466,0
1403.11944444444,0.18,-0.294933949966878,0.0571602979238827,0.0443973420215952,0
1403.12222222222,0.17,-0.352393905981228,0.0545886936361406,0.0442965427921184,0
1403.125,0.15,-0.38818788587149,0.0528520480996413,0.0441841797101341,0
1403.12777777778,0.12,-0.402727765297358,0.0522181435774561,0.0440627301402606,0
1403.13055555556,0.085,-0.397715349336002,0.0525871363010159,0.0439364519366532,0
1403.13333333333,0.065,-0.375946681780541,0.0519782636104343,0.0438099047609855,0
1403.13611111111,0.085,-0.341045927876534,0.0503606559701859,0.043681384732596,0
1403.13888888889,0.085,-0.297151432548851,0.0477675249924446,0.0435462822378022,0
1403.14166666667,0.09,-0.24857968489551,0.044337750858502,0.0434010334280814,0
1403.14444444444,0.105,-0.199493916903312,0.0406423039848353,0.0432437050498208,0
1403.14722222222,0.1,-0.153602885222781,0.0368916733522664,0.0430733342152819,0
1403.15,0.095,-0.113912166578595,0.0332823936536735,0.0428898879247967,0
1403.15277777778,0.08,-0.0825453453284145,0.0299860210073097,0.0426943844942136,0
1403.15555555556,0.06,-0.0606462313948465,0.0271404391590409,0.0424884419486974,0
1403.15833333333,0.045,-0.0483662644240144,0.0248439627875667,0.0422739386647077,0
1403.16111111111,0.04,-0.0449341344248728,0.0231524824761208,0.042052862311391,0
1403.16388888889,0.04,-0.0487979800722729,0.0220796652606877,0.041827094211878,0
1403.16666666667,0.055,-0.0578248627320942,0.0216000031755027,0.0415981871905516,0
1403.16944444444,0.08,-0.0695380099458947,0.0216543063673762,0.0413671848536879,0
1403.17222222222,0.095,-0.0813698956510167,0.0218113972038934,0.0411344980742473,0
1403.175,0.1,-0.0909087359437378,0.0211581550167395,0.040903131278093,0
1403.17777777778,0.105,-0.0961174189761094,0.0200766484591509,0.0406745615515399,0
1403.18055555556,0.085,-0.0955070799841117,0.0188732063891919,0.0404502976401215,0
1403.18333333333,0.07,-0.0882521543504744,0.0176510353229853,0.0402323042025539,0
1403.18611111111,0.075,-0.0742393533642031,0.0164983826666811,0.0400227849351494,0
1403.18888888889,0.075,-0.0540490934513831,0.0154836892701795,0.0398239537305305,0
1403.19166666667,0.065,-0.0288739254020312,0.0146527636690475,0.0396377946596394,0
1403.19444444444,0.06,-0.000383929974087177,0.0140280320388486,0.0394658319626745,0
1403.19722222222,0.065,0.029446590268366,0.0136097487689925,0.039308970684717,0
1403.2,0.06,0.058533842077192,0.0133789030034618,0.0391673667871213,0
1403.20277777778,0.055,0.084882098843983,0.0133014376533492,0.039040166410397,0
1403.20555555556,0.08,0.10676587826388,0.0132695579370616,0.0389255768704262,0
1403.20833333333,0.09,0.12288055025408,0.0131769300257581,0.0388201196712197,0
1403.21111111111,0.1,0.132448600474434,0.0130714396789186,0.0387191993849474,0
1403.21388888889,0.115,0.135273244602432,0.0129955775913589,0.0386182482306591,0
1403.21666666667,0.11,0.131736180868496,0.0129827058013103,0.0385188374483832,0
1403.21944444444,0.105,0.122741505569625,0.0130545276126242,0.0384253021297611,0
1403.22222222222,0.1,0.109612718836275,0.0131777984122602,0.0383417809330189,0
1403.225,0.09,0.0939538778768977,0.0129324946186037,0.0382712190718905,0
1403.22777777778,0.075,0.0774889546949139,0.0126030116666834,0.0382150002936061,0
1403.23055555556,0.07,0.061895078483556,0.0122233030527904,0.0381736434468971,0
1403.23333333333,0.085,0.048645474509143,0.0118235153288457,0.0381468474659365,0
1403.23611111111,0.085,0.0388765754014006,0.0114362787625353,0.0381335831118602,0
1403.23888888889,0.095,0.0332911356309594,0.0110932446351092,0.0381323151408837,0
1403.24166666667,0.095,0.0321055007850824,0.0108219302159714,0.0381323664037844,0
1403.24444444444,0.11,0.0350448346601405,0.0106431508352432,0.0381312992313039,0
1403.24722222222,0.11,0.0413855078921597,0.0105692462859337,0.0381294968907099,0
1403.25,0.115,0.0500394350476166,0.0106032217202957,0.0381273382245804,0
1403.25277777778,0.115,0.0596713202135072,0.0107388300365959,0.0381251761964497,0
1403.25555555556,0.105,0.0688368785948185,0.0109615323908333,0.0381233212287323,0
1403.25833333333,0.1,0.0761283941552913,0.0110062587048959,0.0381214912126667,0
1403.26111111111,0.105,0.0803135863367358,0.0107150541256205,0.0381193842103735,0
1403.26388888889,0.105,0.0804547019543331,0.0103728366642934,0.0381168824384021,0
1403.26666666667,0.115,0.0759969065737498,0.0100441823388908,0.0381139570112295,0
1403.26944444444,0.105,0.0668181964638267,0.0097527266407241,0.0381106066934682,0
1403.27222222222,0.105,0.0532368724088719,0.00951716849980679,0.0381068702462267,0
1403.275,0.11,0.0359767374039299,0.00934994297097927,0.0381028150425922,0
1403.27777777778,0.115,0.0160942068568336,0.00925656839229179,0.0380985253517401,0
1403.28055555556,0.12,-0.00512492679699589,0.00923568955483961,0.0380941527113108,0
1403.28333333333,0.11,-0.0262885815226711,0.00927976902811013,0.0380899534182891,0
1403.28611111111,0.12,-0.0460291290125905,0.0091832204394069,0.038086232868734,0
1403.28888888889,0.1,-0.0631290885992879,0.00905003045836368,0.0380830781967272,0
1403.29166666667,0.105,-0.0766297799923502,0.00889755511532088,0.0380804492814359,0
1403.29444444444,0.11,-0.085912792393232,0.00874286676827922,0.0380783246907252,0
1403.29722222222,0.105,-0.0907469192349835,0.00860112491084007,0.0380766994783401,0
1403.3,0.11,-0.0912966617348663,0.00848428542695896,0.0380755812728973,0
1403.30277777778,0.115,-0.0880921813800022,0.00840026048653061,0.0380749859802845,0
1403.30555555556,0.12,-0.0819643158572992,0.00843820067442908,0.0380748086516553,0
1403.30833333333,0.105,-0.0739516079221492,0.00845017477744006,0.038074794195256,0
1403.31111111111,0.105,-0.0651889177973934,0.00843065699233584,0.0380747836625624,0
1403.31388888889,0.11,-0.0567888541589782,0.00838640564778638,0.0380746989578029,0
1403.31666666667,0.135,-0.0497278178331729,0.0083255070388244,0.0380744923055571,0
1403.31944444444,0.145,-0.0447478643488449,0.00825608156102643,0.0380741506462779,0
1403.32222222222,0.155,-0.0422839247781229,0.00818507675154586,0.0380737592202691,0
1403.325,0.14,-0.0424233495807874,0.00811728933983648,0.0380733847292484,0
1403.32777777778,0.135,-0.0449015133625533,0.00805472877377499,0.0380731038778798,0
1403.33055555556,0.135,-0.049133655569769,0.00799639344255204,0.0380729991991213,0
1403.33333333333,0.145,-0.0542795786714514,0.0079384825080952,0.0380731543284939,0
1403.33611111111,0.17,-0.0593346231870275,0.0078750160746525,0.0380736484128463,0
1403.33888888889,0.2,-0.0632377937149479,0.00779878968099511,0.0380745534239574,0
1403.34166666667,0.23,-0.0649862626239702,0.00785711540600789,0.0380759243273474,0
1403.34444444444,0.24,-0.0637448815573171,0.00797940812919313,0.0380775866591781,0
1403.34722222222,0.245,-0.0589398371894153,0.00813139078235858,0.0380793582295691,0
1403.35,0.25,-0.0503271428475147,0.00831331233789125,0.0380811108619918,0
1403.35277777778,0.26,-0.0380291077844943,0.00852138741589104,0.0380827543997393,0
1403.35555555556,0.265,-0.0225350324394495,0.0087475745579638,0.038084239285808,0
1403.35833333333,0.265,-0.00466584074849438,0.00897982614247067,0.0380855553761723,0
1403.36111111111,0.27,0.0144941534303986,0.0092028068185285,0.0380867273026771,0
1403.36388888889,0.285,0.0336919732165017,0.00939902757236657,0.0380878064192713,0
1403.36666666667,0.275,0.0516182642906381,0.00954068197845899,0.0380888019710378,0
1403.36944444444,0.295,0.0670264992718698,0.00945883614372024,0.0380897848045966,0
1403.37222222222,0.29,0.0788477735656837,0.0094466417695989,0.038090845336597,0
1403.375,0.29,0.0862902593967272,0.00952184995655927,0.0380920249379307,0
1403.37777777778,0.29,0.0889138208224143,0.00968963379939192,0.0380932602776747,0
1403.38055555556,0.285,0.0866726322971609,0.00994898800980264,0.0380944999460882,0
1403.38333333333,0.285,0.0799216629699247,0.0102924249425092,0.0380957131904825,0
1403.38611111111,0.285,0.0693863005054239,0.0106206153939724,0.0380969431531869,0
1403.38888888889,0.28,0.0560978674598264,0.0107542589415742,0.0380982574654083,0
1403.39166666667,0.275,0.0413010000730766,0.0106532516526,0.0380996371491486,0
1403.39444444444,0.24,0.0263415093145514,0.0103002912031945,0.0381010103558568,0
1403.39722222222,0.195,0.0125451770380467,0.00982918925923437,0.0381023150476489,0
1403.4,0.18,0.00109878394804193,0.00940701997383414,0.0381035019382124,0
1403.40277777778,0.175,-0.0070555574839841,0.00905533364403558,0.0381046105248637,0
1403.40555555556,0.195,-0.011302960063329,0.00879077814652043,0.0381057216496382,0
1403.40833333333,0.225,-0.011407594637671,0.00862391841793029,0.0381068921280765,0
1403.41111111111,0.245,-0.00752908927997387,0.00855857761120862,0.0381081353054941,0
1403.41388888889,0.25,-0.000202128756440863,0.00859175571482759,0.0381094426310129,0
1403.41666666667,0.225,0.00971864720128219,0.0087141277179909,0.0381107521533818,0
1403.41944444444,0.215,0.0211430898311134,0.00891106955306404,0.0381119635602097,0
1403.42222222222,0.2,0.0328512297886273,0.00900954650202711,0.0381129525385831,0
1403.425,0.19,0.0436101339477117,0.00883252865504689,0.0381137086987929,0
1403.42777777778,0.205,0.0522908411960657,0.00852925550661291,0.038114219605524,0
1403.43055555556,0.21,0.0579743241577152,0.0082305253481399,0.0381144737382006,0
1403.43333333333,0.22,0.0600365061879762,0.00795243063907069,0.0381144615072964,0
1403.43611111111,0.225,0.0582043872177757,0.0077066817878734,0.0381141774036435,0
1403.43888888889,0.22,0.0525781048034273,0.00749985508539789,0.0381136238407705,0
1403.44166666667,0.22,0.0436170141886925,0.00733317351903087,0.0381128151714226,0
1403.44444444444,0.205,0.0320913038305287,0.00720282812604336,0.0381117813780693,0
1403.44722222222,0.205,0.0190039448855065,0.00710079454657394,0.0381105709378451,0
1403.45,0.205,0.00549059329920337,0.0071783215984013,0.0381092524176659,0
1403.45277777778,0.2,-0.00729284599956071,0.00725830498685667,0.0381079144187232,0
1403.45555555556,0.2,-0.0182841199223403,0.00734596738065544,0.0381067296533994,0
1403.45833333333,0.205,-0.0266189945651487,0.0074521090144701,0.0381057044957628,0
1403.46111111111,0.2,-0.0317160146103311,0.00758455729923457,0.0381047447689598,0
1403.46388888889,0.19,-0.033333466375141,0.00774718092254979,0.0381037596936308,0
1403.46666666667,0.215,-0.0315930252152258,0.00793935082811442,0.0381026151158725,0
1403.46944444444,0.215,-0.0269677667653454,0.00815589974274922,0.0381011870355283,0
1403.47222222222,0.23,-0.0202356459416028,0.00838757985677692,0.0380993684297045,0
1403.475,0.255,-0.0124028718677989,0.00862196629847061,0.0380970752028214,0
1403.47777777778,0.26,-0.00460451396308416,0.00871835442555573,0.03809425071715,0
1403.48055555556,0.255,0.00200811370227697,0.00852661427644641,0.038090868564911,0
1403.48333333333,0.225,0.0063824387376652,0.00837056286029346,0.0380869342523051,0
1403.48611111111,0.195,0.00767086751239692,0.00826604994299104,0.0380824849134676,0
1403.48888888889,0.165,0.00531794843506143,0.00822078898198393,0.0380775823792341,0
1403.49166666667,0.15,-0.00088007518784143,0.00823814386841485,0.0380723169023911,0
1403.49444444444,0.17,-0.0107492451315388,0.00831685074388252,0.0380667719050656,0
1403.49722222222,0.19,-0.0237481284698869,0.00845124880441951,0.0380610448722025,0
1403.5,0.2,-0.0390135713578879,0.00863200001116186,0.0380552249893756,0
1403.50277777778,0.22,-0.055437796391543,0.00884722392195924,0.0380493901553756,0
1403.50555555556,0.215,-0.0717696278120018,0.0090839268603336,0.0380436022828418,0
1403.50833333333,0.21,-0.086730253584765,0.00920953895210898,0.038037904039987,0
1403.51111111111,0.22,-0.0991324598532176,0.00913458261228436,0.0380323185148912,0
1403.51388888889,0.22,-0.107991848692596,0.0089054548807899,0.0380268531258349,0
1403.51666666667,0.205,-0.112619223348265,0.00868218236758501,0.0380215060903876,0
1403.51944444444,0.205,-0.112685041438443,0.00846912311526594,0.0380162741204786,0
1403.52222222222,0.195,-0.108249441892144,0.00826005438969512,0.0380111608226928,0
1403.525,0.18,-0.09975460613575,0.00817350697731012,0.0380061874152368,0
1403.52777777778,0.18,-0.0879798150599341,0.00831845637443871,0.0380019269970793,0
1403.53055555556,0.17,-0.0739631717671342,0.00858441591739667,0.0379980307118024,0
1403.53333333333,0.17,-0.0588972330798078,0.0088948917644537,0.0379939217843912,0
1403.53611111111,0.165,-0.0440084154014556,0.00925908499629069,0.0379904647764485,0
1403.53888888889,0.175,-0.0304317557631189,0.00968113109117851,0.0379901474255606,0
1403.54166666667,0.165,-0.0190932423048123,0.0101585599087119,0.0379946519601007,0
1403.54444444444,0.185,-0.0106114053271463,0.0106813127755311,0.0380058204189141,0
1403.54722222222,0.19,-0.00522821350574489,0.0112314655166529,0.0380255127454713,0
1403.55,0.19,-0.00277668891077852,0.0117837440108043,0.0380554417682374,0
1403.55277777778,0.19,-0.00268927230037514,0.0123068445840048,0.0380970275879436,0
1403.55555555556,0.22,-0.00404714349123705,0.0127654920418594,0.0381512556482676,0
1403.55833333333,0.24,-0.00566678307869876,0.0131230909160604,0.0382185488067378,0
1403.56111111111,0.255,-0.00621641770250619,0.0133447581965342,0.0382986648008488,0
1403.56388888889,0.27,-0.004351967626283,0.0132890409575054,0.0383907247151064,0
1403.56666666667,0.265,0.00113999366517773,0.0134214460770075,0.038493106221552,0
1403.56944444444,0.25,0.0112057394882942,0.0137537800642395,0.0386034576837636,0
1403.57222222222,0.225,0.026407562675851,0.0142856908802138,0.0387187616178735,0
1403.575,0.23,0.0468383363428211,0.0150038142749701,0.0388354470449768,0
1403.57777777778,0.255,0.072076556432916,0.015881995563456,0.0389513413801899,0
1403.58055555556,0.275,0.101187435029385,0.0168826305835572,0.0390704675639829,0
1403.58333333333,0.305,0.132771493200797,0.017959068001105,0.0391963115717895,0
1403.58611111111,0.335,0.165057754113789,0.0190589136463108,0.0393316397224484,0
1403.58888888889,0.36,0.196034456216941,0.0201279856327676,0.0394783771472063,0
1403.59166666667,0.365,0.223606579108208,0.0211145956055566,0.039637559554235,0
1403.59444444444,0.385,0.245766744225372,0.0219737842588979,0.0398093596855314,0
1403.59722222222,0.38,0.260764486232867,0.0225774775699339,0.0399931829908544,0
1403.6,0.375,0.267258655456787,0.0229803742745086,0.040187961817744,0
1403.60277777778,0.36,0.264438855842324,0.023268846165515,0.0403922571997544,0
1403.60555555556,0.36,0.252104271620367,0.0234174942374563,0.0406044257768378,0
1403.60833333333,0.35,0.230691794914824,0.0234139464698371,0.0408228388160119,0
1403.61111111111,0.335,0.201249737958768,0.0232964115042227,0.0410460874862984,0
1403.61388888889,0.335,0.16535822082351,0.0231120918901557,0.0412731552201652,0
1403.61666666667,0.315,0.125002145779068,0.0229124614220702,0.0415005982736921,0
1403.61944444444,0.295,0.0824070705577966,0.0227478790731303,0.0417253543179941,0
1403.62222222222,0.275,0.0398518719906032,0.0226619994358799,0.0419467958060038,0
1403.625,0.24,-0.000525488698030897,0.0226864845959621,0.0421637054978816,0
1403.62777777778,0.22,-0.0369117681266812,0.0228365250996707,0.0423744363989567,0
1403.63055555556,0.195,-0.0679749819325285,0.0231076358429855,0.0425771260147163,0
1403.63333333333,0.175,-0.0929788694898298,0.0234741077995255,0.0427699155173437,0
1403.63611111111,0.155,-0.111843846700734,0.0238893737996448,0.0429511789553089,0
1403.63888888889,0.13,-0.125147490720864,0.0242883948346421,0.0431197443632056,0
1403.64166666667,0.125,-0.134062810183856,0.0245920042089599,0.0432750844780341,0
1403.64444444444,0.12,-0.140238054346377,0.0245185049517649,0.0434173628550051,0
1403.64722222222,0.11,-0.14562713037688,0.0246680737473837,0.0435475973596571,0
1403.65,0.085,-0.152284362197179,0.0251685711944629,0.0436676793523489,0
1403.65277777778,0.06,-0.162140916576794,0.0260845461672841,0.043781165795171,0
1403.65555555556,0.05,-0.176782406669284,0.0274569081654793,0.0438925984466016,0
1403.65833333333,0.045,-0.197247738640122,0.0292963502902568,0.044004564433613,0
1403.66111111111,0.045,-0.22386810775633,0.0315786219579896,0.0441128626506738,0
1403.66388888889,0.065,-0.256162235570123,0.0342421683223739,0.0442132650969588,0
1403.66666666667,0.08,-0.292799671090665,0.0371884944774515,0.0443017829118999,0
1403.66944444444,0.075,-0.331638584749947,0.040285417295083,0.0443763364991109,0
1403.67222222222,0.07,-0.369838394380873,0.0433731503960221,0.0444358791007959,0
1403.675,0.075,-0.404041273501499,0.0462729447121522,0.0444802022183201,0
1403.67777777778,0.075,-0.430610625523915,0.0487977958143902,0.0445099523285043,0
1403.68055555556,0.085,-0.445909466603051,0.0507645467195636,0.044526583243599,0
1403.68333333333,0.085,-0.446597787758858,0.0520065765502768,0.0445320482826565,0
1403.68611111111,0.075,-0.429925708463958,0.0523861834719017,0.0445319893628329,0
1403.68888888889,0.06,-0.393998805793116,0.0525949535748273,0.044533035644084,0
1403.69166666667,0.045,-0.337993474625246,0.0537247341492441,0.0445348351434249,0
1403.69444444444,0.055,-0.262303459542328,0.0556353105444727,0.0445370382113054,0
1403.69722222222,0.085,-0.168603562879337,0.0581519372866942,0.0445393042359485,0
1403.7,0.14,-0.0598226092938147,0.0610800355219039,0.0445416935342035,0
1403.70277777778,0.215,0.0599754338405223,0.0642209341169479,0.0445446699102015,0
1403.70555555556,0.325,0.185796253026408,0.067387365155787,0.0445483486823167,0
1403.70833333333,0.465,0.31199329416637,0.070417457430475,0.0445527129137161,0
1403.71111111111,0.655,0.432600767899452,0.0731861080146383,0.0445576644066613,0
1403.71388888889,0.88,0.541698690624527,0.0756128403968885,0.0445630424953973,0
1403.71666666667,1.115,0.633784349800331,0.0776655585793579,0.0445686456329801,0
1403.71944444444,1.375,0.70412377007049,0.079359954655657,0.0445742552373674,0
1403.72222222222,1.565,0.749057954624165,0.080754693466821,0.0445796586358788,0
1403.725,1.655,0.766241799513808,0.0819428513981791,0.0445846692031898,1
1403.72777777778,1.64,0.754798390498461,0.0818905992366787,0.0445891425609024,0
1403.73055555556,1.525,0.715377522020073,0.0807582458454879,0.0445929580267136,0
1403.73333333333,1.325,0.650114252178829,0.0794703990100174,0.0445960910559295,0
1403.73611111111,1.075,0.562490586561917,0.0779247794957512,0.044598669350581,0
1403.73888888889,0.81,0.457110405769997,0.0760494902388315,0.0446008074031781,0
1403.74166666667,0.54,0.339403977397514,0.0738122457331553,0.0446025998653038,0
1403.74444444444,0.315,0.215283349457385,0.0712260464571781,0.0446041149506363,0
1403.74722222222,0.165,0.0907732379708919,0.0683507916515999,0.0446053880463592,0
1403.75,0.075,-0.0283565426291251,0.0652906677071951,0.0446065915049619,0
1403.75277777778,0.06,-0.136931591345306,0.0621875057214095,0.0446076312639313,0
1403.75555555556,0.055,-0.230663297757545,0.0592106406934232,0.0446069247493034,0
1403.75833333333,0.075,-0.306370135992635,0.0565440982396642,0.0446058601484069,0
1403.76111111111,0.08,-0.362116402595526,0.0543721584791459,0.0446047128877393,0
1403.76388888889,0.085,-0.397261303760719,0.0528644826658366,0.0446018936852163,0
1403.76666666667,0.07,-0.412418070372108,0.0523818471157729,0.0445955295666551,0
1403.76944444444,0.065,-0.409329416045799,0.0521789806002188,0.0445835642937037,0
1403.77222222222,0.055,-0.390671643106573,0.0510207329240193,0.0445638870726902,0
1403.775,0.035,-0.359804593937374,0.0489125878261511,0.0445344819929059,0
1403.77777777778,-0.005,-0.320488085725053,0.0459169009211065,0.044493588415496,0
1403.78055555556,-0.03,-0.276587222804143,0.0424162566735398,0.0444398609182593,0
1403.78333333333,-0.045,-0.231788958673142,0.0386736142220275,0.0443725162503972,0
1403.78611111111,-0.045,-0.189350528849024,0.0348971412084078,0.0442916747911295,0
1403.78888888889,-0.05,-0.151897082096803,0.0312796075021218,0.0441981504625882,0
1403.79166666667,-0.06,-0.121281305951503,0.0279879016784707,0.0440934405670937,0
1403.79444444444,-0.065,-0.0985124690380326,0.0251549125309563,0.0439798196961834,0
1403.79722222222,-0.08,-0.0837565410212382,0.0228741847467737,0.0438602790142565,0
1403.8,-0.09,-0.0764033738061095,0.0211975415409611,0.0437384139627208,0
1403.80277777778,-0.1,-0.0751917878384045,0.0201356467882228,0.043617952854839,0
1403.80555555556,-0.1,-0.0783792017762016,0.0196612715726211,0.0434944490118601,0
1403.80833333333,-0.095,-0.0839394818404792,0.0197148500742433,0.0433639365352964,0
1403.81111111111,-0.09,-0.0897711677090799,0.0199987589767634,0.043223169751629,0
1403.81388888889,-0.08,-0.0938982297121465,0.0195509946782364,0.0430698403712684,0
1403.81666666667,-0.08,-0.0946469750827649,0.0184940996392248,0.0429024759801236,0
1403.81944444444,-0.07,-0.0907854774702797,0.0172978902281267,0.0427205130116072,0
1403.82222222222,-0.075,-0.0816156801916522,0.0160776162052631,0.0425242305393919,0
1403.825,-0.065,-0.0670127696464954,0.0149190117496112,0.0423146198164915,0
1403.82777777778,-0.065,-0.0474111356422967,0.0138887171106718,0.0420931774058549,0
1403.83055555556,-0.065,-0.0237408239281618,0.0130316533853394,0.0418616835841561,0
1403.83333333333,-0.07,0.00267753951010349,0.012370358376668,0.0416221106141328,0
1403.83611111111,-0.08,0.0302681401810471,0.0119061634638406,0.0413762858254453,0
1403.83888888889,-0.09,0.0573523254475717,0.0116219549345356,0.0411256857629318,0
1403.84166666667,-0.095,0.0823036442210509,0.0114861561862008,0.0408743859727308,0
1403.84444444444,-0.09,0.103691664133795,0.0114574965287505,0.0406265247772741,0
1403.84722222222,-0.07,0.120402207292226,0.0114248914204967,0.0403824198928984,0
1403.85,-0.06,0.131724219791619,0.0113765428959446,0.040142983821868,0
1403.85277777778,-0.05,0.137396828073562,0.0113532056085363,0.0399096185692227,0
1403.85555555556,-0.035,0.137613921111425,0.0113873283745157,0.0396840529596085,0
1403.85833333333,-0.045,0.132987485820948,0.0115006213409597,0.0394681370704087,0
1403.86111111111,-0.055,0.124474569563082,0.0114365382329432,0.0392636124650887,0
1403.86388888889,-0.065,0.113275834645986,0.0111475380229156,0.0390718792052276,0
1403.86666666667,-0.07,0.100715949351111,0.0107847042879901,0.0388936357629557,0
1403.86944444444,-0.075,0.0881173506335286,0.0103696797293445,0.0387288962430817,0
1403.87222222222,-0.07,0.0766791297397011,0.00993006897712313,0.0385769223353156,0
1403.875,-0.075,0.0673719452982247,0.00949633595018047,0.0384360686741055,0
1403.87777777778,-0.06,0.0608580646312759,0.00909865456322431,0.0383026213413553,0
1403.88055555556,-0.075,0.0574430611178566,0.00876400944525958,0.0381716824176426,0
1403.88333333333,-0.06,0.0570626052162108,0.00851379961401548,0.0380388066754423,0
1403.88611111111,-0.055,0.0593044710146472,0.00836213418450197,0.0379083621743241,0
1403.88888888889,-0.055,0.0634626438669163,0.00831493209676381,0.0377848575461638,0
1403.89166666667,-0.06,0.0686175484006742,0.00836985527608358,0.0376726534791339,0
1403.89444444444,-0.065,0.0737341706171454,0.00851702443227391,0.0375754016180795,0
1403.89722222222,-0.065,0.0777684120146395,0.00874039609440288,0.0374942303778342,0
1403.9,-0.07,0.0797714994946448,0.00870055995400963,0.0374293306922348,0
1403.90277777778,-0.065,0.078982708306818,0.00842603427370471,0.0373800211299432,0
1403.90555555556,-0.035,0.0749019760745008,0.00810261535221119,0.0373448620501911,0
1403.90833333333,-0.05,0.0673360542710228,0.00778881321091856,0.0373218328284702,0
1403.91111111111,-0.04,0.0564144543713079,0.00750139525877117,0.0373085746202556,0
1403.91388888889,-0.03,0.0425743487143797,0.0072522632662262,0.0373025111881354,0
1403.91666666667,-0.04,0.0265165082651649,0.0070478617638209,0.0373010243183827,0
1403.91944444444,-0.03,0.00913703141961745,0.00688918581803591,0.037301595113394,0
1403.92222222222,-0.035,-0.00855820224778267,0.00677234868709363,0.0373018304556047,0
1403.925,-0.035,-0.0255479247046347,0.00682884344777909,0.0373012441178447,0
1403.92777777778,-0.035,-0.0408896073186601,0.00688769164880398,0.0373034031947329,0
1403.93055555556,-0.04,-0.0538043920183258,0.0069338279410381,0.0373054365734481,0
1403.93333333333,-0.055,-0.0637449058297885,0.00697785438180597,0.0373069861087102,0
1403.93611111111,-0.035,-0.070439777069391,0.00702844718307891,0.0373079842174418,0
1403.93888888889,-0.035,-0.0739109642884632,0.00709131118764451,0.0373084275998328,0
1403.94166666667,-0.025,-0.0744626358174864,0.00716854534235202,0.0373083650528277,0
1403.94444444444,-0.01,-0.0726430496237025,0.00720407441818275,0.0373078823209837,0
1403.94722222222,-0.005,-0.0691834264263132,0.00710660191535018,0.0373072310849068,0
1403.95,0.005,-0.0649199483210054,0.00700948685330452,0.0373066382686172,0
1403.95277777778,0.015,-0.0607065552109821,0.00692232589897145,0.0373062458186863,0
1403.95555555556,0.01,-0.0573270143392594,0.00685514577221675,0.0373061656349903,0
1403.95833333333,0.015,-0.0554147361000753,0.00681707264515556,0.0373064267494242,0
1403.96111111111,0.01,-0.0553880093839821,0.00681508464087963,0.0373069792001061,0
1403.96388888889,0.005,-0.0574068133455064,0.0068529855527784,0.0373078104789888,0
1403.96666666667,0.005,-0.0613552769736644,0.00693071347058821,0.0373089423989712,0
1403.96944444444,-0.01,-0.0668514023007229,0.00704406226036085,0.0373103153291685,0
1403.97222222222,-0.01,-0.0732830736167491,0.00718485055819171,0.0373118360881072,0
1403.975,0.015,-0.0798668870701355,0.00734152653606018,0.0373134904110444,0
1403.97777777778,0.05,-0.085724184600032,0.00750015185126544,0.0373149970247452,0
1403.98055555556,0.07,-0.0899670625665551,0.00764566934300137,0.0373162830297965,0
1403.98333333333,0.09,-0.0917861969534732,0.0077633299811542,0.0373173008993719,0
1403.98611111111,0.11,-0.0905321673033004,0.00771464937814933,0.0373180292006963,0
1403.98888888889,0.125,-0.0857825822991466,0.00768861607501858,0.0373184760057666,0
1403.99166666667,0.15,-0.0773886500750909,0.00771914308230855,0.0373186804569464,0
1403.99444444444,0.145,-0.0654967680940488,0.00780717954951029,0.0373187082311604,0
1403.99722222222,0.155,-0.0505430483296088,0.00794857420875201,0.0373186458842131,0
1404,0.145,-0.0332212236080633,0.00813427679882305,0.0373186119509268,0
1404.00277777778,0.135,-0.0144268634955988,0.0083509901898441,0.0373186755063128,0
1404.00555555556,0.12,0.00481696857773771,0.00844298751505409,0.0373188909936685,0
1404.00833333333,0.125,0.0234457660951697,0.00839805853301161,0.0373193068816834,0
1404.01111111111,0.145,0.0404434114319305,0.00822384821608278,0.0373197784679742,0
1404.01388888889,0.15,0.0549275286015787,0.00805904941288426,0.0373200487678437,0
1404.01666666667,0.16,0.0662225339821336,0.00794911313793551,0.0373200789024563,0
1404.01944444444,0.19,0.0739137284615478,0.00790499695759332,0.0373198852452459,0
1404.02222222222,0.205,0.0778775584970032,0.00793291933146196,0.0373195080851649,0
1404.025,0.22,0.0782854072036457,0.00803390877696628,0.0373190067947279,0
1404.02777777778,0.215,0.0755807497970482,0.00811731960295124,0.037318453158854,0
1404.03055555556,0.195,0.0704319884803312,0.00801965689419654,0.0373178835261396,0
1404.03333333333,0.175,0.0636655378214575,0.00774257931483508,0.0373173263463693,0
1404.03611111111,0.155,0.056185551831725,0.00743390122556733,0.0373168138379399,0
1404.03888888889,0.135,0.0488878984804807,0.0071106315626828,0.0373162392861862,0
1404.04166666667,0.145,0.0425764834247771,0.0067898005465134,0.0373155872881156,0
1404.04444444444,0.15,0.037889757032163,0.00648711918001953,0.0373148707085226,0
1404.04722222222,0.15,0.0352442338832369,0.00621582561324027,0.0373141312186543,0
1404.05,0.125,0.0348002077471143,0.0059858190378576,0.0373133202876334,0
1404.05277777778,0.125,0.0364527137703835,0.00580315115755816,0.0373123952120382,0
1404.05555555556,0.11,0.039848375250256,0.00566990843450747,0.0373113099198224,0
1404.05833333333,0.12,0.0444263035502291,0.00558447896683298,0.0373100790800851,0
1404.06111111111,0.13,0.0494789303589425,0.00554215993844531,0.0373086071827603,0
1404.06388888889,0.12,0.0542267586654862,0.00553602884773785,0.0373068021043511,0
1404.06666666667,0.11,0.0578997022692226,0.00555797735810485,0.0373045930543336,0
1404.06944444444,0.095,0.0598170687194902,0.0055161617702304,0.0373019380398986,0
1404.07222222222,0.09,0.059458386296917,0.00546178293239282,0.0372988291422857,0
1404.075,0.08,0.0565181689046396,0.00540039820604215,0.0372952959172206,0
1404.07777777778,0.09,0.0509392693638508,0.00533524118957398,0.0372914044903394,0
1404.08055555556,0.095,0.0429215441112179,0.00526696075386923,0.0372872541604735,0
1404.08333333333,0.095,0.0329049436270757,0.00519369736361369,0.0372831524510766,0
1404.08611111111,0.095,0.0215286249903376,0.00511148096618681,0.0372792961613153,0
1404.08888888889,0.105,0.00957001815900306,0.00502561196395321,0.0372755551897589,0
1404.09166666667,0.115,-0.00213025864907375,0.00511192674028014,0.0372717896810633,0
1404.09444444444,0.11,-0.0127503368502519,0.0052548397600786,0.0372679726544816,0
1404.09722222222,0.09,-0.0215678876682468,0.0054280396471823,0.0372640344008381,0
1404.1,0.065,-0.0280318303244185,0.0056337183947462,0.0372598971429293,0
1404.10277777778,0.045,-0.0318178587293575,0.00587135662729641,0.0372555068056371,0
1404.10555555556,0.025,-0.0328622142366431,0.00613742020420522,0.037250833904316,0
1404.10833333333,0.03,-0.0313702088784047,0.00642538458531608,0.0372458796351468,0
1404.11111111111,0.055,-0.0277984338589774,0.00672609020134608,0.0372407613845609,0
1404.11388888889,0.065,-0.0228121402642733,0.00700365905852566,0.0372356667589571,0
1404.11666666667,0.07,-0.0172217077521176,0.00709255315450554,0.0372307492848889,0
1404.11944444444,0.075,-0.0119041870363111,0.00697652149130593,0.0372260963043529,0
1404.12222222222,0.08,-0.00771741029801796,0.00674207602442157,0.037221605641509,0
1404.125,0.095,-0.00541495943078361,0.00655127793314016,0.0372173146471813,0
1404.12777777778,0.08,-0.0055702815149353,0.00641076551213573,0.0372131901772407,0
1404.13055555556,0.05,-0.00851743616453877,0.00632394072428224,0.0372093414612814,0
1404.13333333333,0.045,-0.0143144197619634,0.00629080505985371,0.0372058685601488,0
1404.13611111111,0.04,-0.0227328779678431,0.00630815611981035,0.0372028365974851,0
1404.13888888889,0.045,-0.0332754899471693,0.00637012859398676,0.0372002105871312,0
1404.14166666667,0.06,-0.0452196254998389,0.00646902464731304,0.0371978300317932,0
1404.14444444444,0.08,-0.0576832975367382,0.00659634493784921,0.0371967225705727,0
1404.14722222222,0.08,-0.0697072081926894,0.0067439063136205,0.0371970482527614,0
1404.15,0.085,-0.080345037507827,0.00680202169702414,0.0371989767338883,0
1404.15277777778,0.075,-0.088753216788608,0.00672566657139931,0.0372026301094576,0
1404.15555555556,0.06,-0.0942713629643021,0.00655915764274934,0.0372078987261408,0
1404.15833333333,0.04,-0.096485344272302,0.00637276655150621,0.0372143747581856,0
1404.16111111111,0.01,-0.0952665375593156,0.00620608340688011,0.0372213061883422,0
1404.16388888889,-0.005,-0.0907830817223341,0.00613808963967649,0.0372275780329006,0
1404.16666666667,-0.005,-0.0834816232947246,0.00622925504154545,0.0372354737282062,0
1404.16944444444,0,-0.0740409353111412,0.00651707797594101,0.0372469169243516,0
1404.17222222222,0.01,-0.0633015927714917,0.00685013875720164,0.0372640284085201,0
1404.175,0.025,-0.0521783338315709,0.00723303433280431,0.0372888898664627,0
1404.17777777778,0.035,-0.0415635812624602,0.00766624584624726,0.037323397809984,0
1404.18055555556,0.035,-0.0322316530598265,0.00814509382657069,0.037369346510189,0
1404.18333333333,0.035,-0.0247533362293386,0.00865913031359588,0.0374282500837646,0
1404.18611111111,0.035,-0.0194297008246855,0.00919207076855939,0.0375011034121735,0
1404.18888888889,0.04,-0.0162523493477414,0.0097223198347609,0.037588252893617,0
1404.19166666667,0.045,-0.0148948729714342,0.0102240879223831,0.0376892917078497,0
1404.19444444444,0.03,-0.0147373383075791,0.0106690355276212,0.0378029955004498,0
1404.19722222222,0.02,-0.0149224291736841,0.0110283250318414,0.0379273078232881,0
1404.2,0.015,-0.0144387196520347,0.0112749113192953,0.0380593792195986,0
1404.20277777778,0.01,-0.0122237621626463,0.0113018125317306,0.0381957824854298,0
1404.20555555556,0.02,-0.00727751464121221,0.0113431495690964,0.0383324199162017,0
1404.20833333333,0.05,0.00122467254041078,0.0115454385934097,0.0384707686064068,0
1404.21111111111,0.075,0.0138305898465724,0.0119081741258456,0.0386145698608958,0
1404.21388888889,0.085,0.0307315451364745,0.0124212604872417,0.0387668747815922,0
1404.21666666667,0.105,0.0517131372321998,0.0130653968538403,0.0389299040962206,0
1404.21944444444,0.115,0.0761423406409054,0.0138132814975899,0.0391049794692075,0
1404.22222222222,0.115,0.102993534317305,0.0146315643829216,0.0392925304450784,0
1404.225,0.115,0.130912479548147,0.0154834014826897,0.0394921738770433,0
1404.22777777778,0.115,0.158313613123942,0.0163313983310191,0.0397028575584505,0
1404.23055555556,0.13,0.183502716980123,0.0171406813049871,0.0399229639012212,0
1404.23333333333,0.145,0.204814376812808,0.0178818085167859,0.0401505254399566,0
1404.23611111111,0.16,0.220751918610889,0.0185332317538632,0.0403838063801917,0
1404.23888888889,0.175,0.230116902255052,0.0190702832046214,0.0406212949156456,0
1404.24166666667,0.195,0.232115844128662,0.0195170686730488,0.0408618859894133,0
1404.24444444444,0.205,0.226433614208072,0.0198696630599425,0.0411050183263576,0
1404.24722222222,0.205,0.213265774075377,0.0201458686587681,0.0413462538372171,0
1404.25,0.2,0.193305755651152,0.0203701286393639,0.0415842949951723,0
1404.25277777778,0.185,0.167686908631016,0.0205703536774576,0.0418179585364036,0
1404.25555555556,0.155,0.137883695059737,0.0207741589195376,0.0420455978527765,0
1404.25833333333,0.145,0.105580287821887,0.021004848089763,0.0422652764446013,0
1404.26111111111,0.115,0.0725181559446333,0.0212775295881902,0.0424748912387174,0
1404.26388888889,0.105,0.0403365632208711,0.0215957648231761,0.0426724347800041,0
1404.26666666667,0.09,0.0104210192146639,0.0219491284497854,0.0428563229800268,0
1404.26944444444,0.065,-0.0162255385073522,0.0223120034035982,0.0430256835589359,0
1404.27222222222,0.045,-0.039075704025823,0.0226438436132107,0.0431804035059464,0
1404.275,0.005,-0.0581245125649189,0.0228910201515469,0.04332122727415,0
1404.27777777778,-0.015,-0.073884095503014,0.0229902311739796,0.0434498879810317,0
1404.28055555556,-0.025,-0.0873245836090574,0.0228733131858572,0.0435690680740876,0
1404.28333333333,-0.035,-0.0997647783183619,0.0231356152274958,0.0436833452130078,0
1404.28611111111,-0.045,-0.11272098820574,0.0238784889827104,0.0437974562035377,0
1404.28888888889,-0.045,-0.127726714824641,0.025009150339396,0.0439099506297526,0
1404.29166666667,-0.065,-0.146139158235519,0.0265519236612238,0.0440165078073483,0
1404.29444444444,-0.085,-0.16895046554574,0.0285050144839386,0.0441129537457179,0
1404.29722222222,-0.105,-0.196622043578003,0.0308366634816744,0.0441961216487673,0
1404.3,-0.12,-0.228959010441099,0.0334832783895083,0.0442645109714117,0
1404.30277777778,-0.115,-0.265039025932088,0.0363498700917975,0.0443175087686914,0
1404.30555555556,-0.11,-0.3032055163346,0.0393129561456694,0.0443553444117996,0
1404.30833333333,-0.095,-0.341130023570965,0.0422259093105712,0.0443789960322562,0
1404.31111111111,-0.085,-0.375942493505908,0.0449265342182614,0.0443900583467743,0
1404.31388888889,-0.085,-0.404422272950344,0.0472464674618083,0.0443905839315748,0
1404.31666666667,-0.09,-0.423236934398974,0.0490218305050297,0.0443903570073163,0
1404.31944444444,-0.1,-0.429211296387587,0.0501044351292243,0.0443907752813609,0
1404.32222222222,-0.095,-0.419605595306458,0.0503727594691112,0.0443915450721848,0
1404.325,-0.105,-0.392380026484646,0.0501456870304279,0.0443924120660118,0
1404.32777777778,-0.12,-0.346423007008067,0.0508224029976421,0.0443931732324824,0
1404.33055555556,-0.13,-0.281722562250837,0.0522869449383168,0.044394389279757,0
1404.33333333333,-0.115,-0.199464081371971,0.0543824907097698,0.0443966107197411,0
1404.33611111111,-0.095,-0.102043046866353,0.0569250816654341,0.0443999992032985,0
1404.33888888889,-0.025,0.00701219269867903,0.0597191999575435,0.0444045978237343,0
1404.34166666667,0.08,0.12320548394232,0.0625738834632034,0.0444103401520103,0
1404.34444444444,0.225,0.241316572228367,0.0653180177427702,0.0444170651981489,0
1404.34722222222,0.39,0.355707758016725,0.0678135170093758,0.0444210731571496,0
1404.35,0.595,0.460672438061758,0.0699652896398494,0.0444229259545533,0
1404.35277777778,0.815,0.55080066764309,0.0717271628805323,0.0444233790098902,0
1404.35555555556,1.035,0.621335004435607,0.0731032922757367,0.0444228115756851,0
1404.35833333333,1.21,0.668490121475346,0.0741449737806633,0.0444217347263373,0
1404.36111111111,1.31,0.689712015438108,0.0749431765661553,0.0444206710187477,0
1404.36388888889,1.335,0.683856921450619,0.0749550252884901,0.0444201366497378,0
1404.36666666667,1.245,0.651275948514029,0.0742700417069616,0.0444204458728736,0
1404.36944444444,1.08,0.59379850561556,0.0734398365331683,0.0444216548313762,0
1404.37222222222,0.83,0.514615234832547,0.0723448743487678,0.0444235722969608,0
1404.375,0.54,0.418068789808059,0.0708942835461187,0.0444257972043722,0
1404.37777777778,0.265,0.309367781304624,0.0690369240174547,0.0444278812419132,0
1404.38055555556,0.08,0.194244992777391,0.0667688609616981,0.044429475916811,0
1404.38333333333,-0.065,0.0785850831789655,0.0641365462726915,0.0444300845848311,0
1404.38611111111,-0.125,-0.031950885955108,0.061235383108071,0.04442930911428,0
1404.38888888889,-0.15,-0.132276799475209,0.0582037523041244,0.0444269381495285,0
1404.39166666667,-0.14,-0.218183593389955,0.0552129762345047,0.0444230271340759,0
1404.39444444444,-0.105,-0.286571125295319,0.052454051974808,0.0444179614842943,0
1404.39722222222,-0.09,-0.33559455038682,0.0501222702513456,0.0444133601987513,0
1404.4,-0.105,-0.364716793154702,0.0485914385563375,0.0444081616253221,0
1404.40277777778,-0.115,-0.374666107183539,0.0480826913257003,0.0444007279932632,0
1404.40555555556,-0.13,-0.367305062226053,0.0481564604908817,0.0443891336040761,0
1404.40833333333,-0.175,-0.345423992789479,0.0472863727667597,0.0443712767152779,0
1404.41111111111,-0.195,-0.312477451379864,0.0454681097206564,0.0443450200085105,0
1404.41388888889,-0.195,-0.272286103777823,0.0427578658130629,0.0443083550812386,0
1404.41666666667,-0.21,-0.228728495603461,0.0395877483074822,0.0442598044437603,0
1404.41944444444,-0.205,-0.185447084655371,0.0361929685716941,0.0441982996857445,0
1404.42222222222,-0.195,-0.145590919392921,0.0327652801168028,0.0441232544647303,0
1404.425,-0.2,-0.111613562880869,0.0294820653516257,0.0440346718008762,0
1404.42777777778,-0.2,-0.0851396704069618,0.0264966535682777,0.0439333354958101,0
1404.43055555556,-0.21,-0.0669074963808996,0.023930857804633,0.0438208516312519,0
1404.43333333333,-0.225,-0.0567880703307728,0.0218701053863893,0.0436996365183917,0
1404.43611111111,-0.24,-0.0538754035186654,0.0203613325870034,0.0435728493819721,0
1404.43888888889,-0.25,-0.0566364014031701,0.0194136067020128,0.0434442692388462,0
1404.44166666667,-0.235,-0.0631046256774539,0.0190012446908012,0.0433146839520716,0
1404.44444444444,-0.22,-0.0710990254552023,0.0190690305594378,0.0431801131013748,0
1404.44722222222,-0.215,-0.0784474543922554,0.0190313470617188,0.0430371719525571,0
1404.45,-0.205,-0.0831952689537281,0.0183015242691842,0.0428831528097249,0
1404.45277777778,-0.22,-0.0837814664165308,0.0173129208106706,0.0427161972342529,0
1404.45555555556,-0.215,-0.0791684290538834,0.0162139052669149,0.042535317863753,0
1404.45833333333,-0.22,-0.0689160328883053,0.0150956321644827,0.042340352033094,0
1404.46111111111,-0.22,-0.053196209552919,0.0140357908168627,0.0421318598449886,0
1404.46388888889,-0.22,-0.0327495281446293,0.0130945721243611,0.041911069421333,0
1404.46666666667,-0.23,-0.00879050072764877,0.0123124138353614,0.0416795416417383,0
1404.46944444444,-0.23,0.0171273356467586,0.0117095385820098,0.0414389715361954,0
1404.47222222222,-0.23,0.043272309432436,0.0112871555971767,0.041190973164061,0
1404.475,-0.21,0.0679054301556094,0.0110300737853111,0.0409368871303558,0
1404.47777777778,-0.195,0.0894448045823831,0.0109488944046562,0.0406776273167025,0
1404.48055555556,-0.19,0.106608549025127,0.0109675001276661,0.0404186894196916,0
1404.48333333333,-0.21,0.118523653244425,0.010925133621491,0.0401648463444286,0
1404.48611111111,-0.215,0.124791876768061,0.0108613398104819,0.0399167556101173,0
1404.48888888889,-0.225,0.125508085221132,0.0108112466353484,0.0396755270254131,0
1404.49166666667,-0.235,0.12123104410841,0.0108025484511294,0.0394425914808553,0
1404.49444444444,-0.225,0.112911147275284,0.0108535095283242,0.0392195284254833,0
1404.49722222222,-0.215,0.101783459071458,0.0107349452347084,0.0390078674790927,0
1404.5,-0.19,0.0892374472043462,0.0105509566663347,0.0388088819554938,0
1404.50277777778,-0.2,0.076676624024445,0.010312674799348,0.0386234563507517,0
1404.50555555556,-0.185,0.0653818578933831,0.0100382311664327,0.0384517774707599,0
1404.50833333333,-0.195,0.0563913477666735,0.00975027441508294,0.0382932610209799,0
1404.51111111111,-0.205,0.0504082803007705,0.00947323310476174,0.0381465005851816,0
1404.51388888889,-0.2,0.0477442267947455,0.00923060528160694,0.0380092687982587,0
1404.51666666667,-0.195,0.0483026915678597,0.00904253203393026,0.0378785841734197,0
1404.51944444444,-0.205,0.0516032554196519,0.00892386698214044,0.0377498652384919,0
1404.52222222222,-0.195,0.0568428510148575,0.0088828920079353,0.0376218495354646,0
1404.525,-0.195,0.0629872302733443,0.0089207581602573,0.0374987734735611,0
1404.52777777778,-0.21,0.0688829571315238,0.00903165676674142,0.0373848634832275,0
1404.53055555556,-0.21,0.0733785243506471,0.0092036563212085,0.0372841444530324,0
1404.53333333333,-0.21,0.0754425930520991,0.0091251135328118,0.0371989085468983,0
1404.53611111111,-0.215,0.0742679202043092,0.0088839250489611,0.0371301680431904,0
1404.53888888889,-0.2,0.0693511925215703,0.0086386851669,0.0370780022816562,0
1404.54166666667,-0.18,0.0605415433287988,0.00840922615265757,0.037041630886642,0
1404.54444444444,-0.155,0.0480537272750517,0.0082127678412,0.0370196122478858,0
1404.54722222222,-0.14,0.0324454456472141,0.00806253091268958,0.0370099657990805,0
1404.55,-0.15,0.0145618072721216,0.00796680540907393,0.0370089034681177,0
1404.55277777778,-0.175,-0.00454695964206661,0.00792853241920929,0.0370069761844877,0
1404.55555555556,-0.195,-0.0237259561826161,0.0079454036656103,0.0370047479343522,0
1404.55833333333,-0.22,-0.0418240441074852,0.00797191868244635,0.0370027102898142,0
1404.56111111111,-0.2,-0.0577995142982798,0.00786943695781472,0.037001248624614,0
1404.56388888889,-0.185,-0.0708127369349157,0.00774270957043848,0.0370005157492943,0
1404.56666666667,-0.17,-0.0802970200465917,0.00760609226851073,0.0369999414388363,0
1404.56944444444,-0.165,-0.0860012155792076,0.00747375104259629,0.0369990371140059,0
1404.57222222222,-0.135,-0.0880005158284246,0.00735846154879428,0.0369976562505705,0
1404.575,-0.12,-0.0866750850269687,0.00730392183517027,0.0369957349900732,0
1404.57777777778,-0.1,-0.082659353402914,0.00735681414570768,0.0369932733131182,0
1404.58055555556,-0.085,-0.0767676529488331,0.00737063382812568,0.0369903240707441,0
1404.58333333333,-0.09,-0.0699041208012014,0.0073444563330721,0.0369869795077698,0
1404.58611111111,-0.1,-0.0629662255969417,0.00728023033820967,0.0369835061348188,0
1404.58888888889,-0.1,-0.0567517550750858,0.00718218453282327,0.03698016855443,0
1404.59166666667,-0.085,-0.0518786043152574,0.00705608744407926,0.0369771510377073,0
1404.59444444444,-0.065,-0.0487252846636032,0.00690845820026178,0.0369745715030706,0
1404.59722222222,-0.045,-0.0473978844022435,0.0067458238176263,0.0369725049122006,0
1404.6,-0.02,-0.0477264782397185,0.00657410584668668,0.036970937895315,0
1404.60277777778,-0.005,-0.0492909796010133,0.00639819790864886,0.0369698441256241,0
1404.60555555556,-0.005,-0.0514734571035951,0.0062217685170425,0.036969225170432,0
1404.60833333333,0.005,-0.0535312884102559,0.00604729385754108,0.0369690781286742,0
1404.61111111111,0.02,-0.0546834603091209,0.0058762962956528,0.0369693490326823,0
1404.61388888889,0.025,-0.054201043302765,0.00590497031737171,0.0369698039487367,0
1404.61666666667,0.04,-0.0514924934493902,0.00606619696336118,0.0369702646521961,0
1404.61944444444,0.045,-0.0461749949765295,0.0062207816128224,0.0369706569767401,0
1404.62222222222,0.045,-0.0381244931403118,0.00636655813996356,0.0369709187881325,0
1404.625,0.035,-0.0274992309375752,0.00650020748502093,0.0369710083412969,0
1404.62777777778,0.03,-0.0147342776659432,0.00661714340933399,0.0369709093552083,0
1404.63055555556,0.045,-0.000507454864427036,0.00671161089202255,0.0369706350423738,0
1404.63333333333,0.065,0.0143200639790543,0.00677699908478274,0.0369702288131443,0
1404.63611111111,0.07,0.028782663423175,0.00680634411513217,0.0369697609855797,0
1404.63888888889,0.08,0.041900930190795,0.00679297309332559,0.0369693648732382,0
1404.64166666667,0.09,0.0527750701784929,0.00685472407698664,0.0369692299111209,0
1404.64444444444,0.09,0.0606718404585444,0.00696879631296814,0.0369694962308005,0
1404.64722222222,0.07,0.0650963584446793,0.00713678000005066,0.0369701930030385,0
1404.65,0.055,0.0658416246825349,0.00735744524196076,0.0369713323940234,0
1404.65277777778,0.04,0.0630107778034695,0.00762649202614913,0.0369726729399563,0
1404.65555555556,0.03,0.0570097742683191,0.00790328706513656,0.0369739954870025,0
1404.65833333333,0.015,0.0485110878098888,0.00805742390729127,0.036975223253704,0
1404.66111111111,-0.005,0.0383918680687144,0.00805009404012037,0.0369763302810016,0
1404.66388888889,0.005,0.027652504914419,0.00785881915411141,0.0369773133405379,0
1404.66666666667,0.005,0.0173234679050804,0.00750489710133526,0.036978189382027,0
1404.66944444444,-0.005,0.0083694403852564,0.00717519942342017,0.0369789912611897,0
1404.67222222222,-0.005,0.00160003203538247,0.00688266567492795,0.0369798073491208,0
1404.675,-0.01,-0.00240429349640525,0.0066381232118042,0.0369807105988412,0
1404.67777777778,-0.015,-0.00334393412537399,0.00644962845076455,0.036981822425798,0
1404.68055555556,-0.025,-0.00122456176172851,0.00632204409530549,0.0369831381406612,0
1404.68333333333,-0.02,0.00364803444302994,0.00625688578807517,0.0369846475332243,0
1404.68611111111,-0.02,0.0107020388710047,0.00625244457207695,0.0369863448980739,0
1404.68888888889,-0.005,0.0191591621930582,0.00630416404533655,0.0369881572326239,0
1404.69166666667,0,0.028113690833386,0.0064052260908842,0.0369900542386555,0
1404.69444444444,0,0.0366231639703775,0.00635204838496852,0.036991994617091,0
1404.69722222222,-0.01,0.0438016822462388,0.00617809676888849,0.0369938848485051,0
1404.7,-0.035,0.0489066145711435,0.00598130660885045,0.0369955563406485,0
1404.70277777778,-0.07,0.0514101447131012,0.00577002801809375,0.0369969395217724,0
1404.70555555556,-0.085,0.051048622040873,0.00555138494585688,0.0369979780974417,0
1404.70833333333,-0.09,0.0478449014287786,0.00533096410444475,0.0369986356028373,0
1404.71111111111,-0.06,0.0421015573335369,0.00511272864769022,0.036998900500402,0
1404.71388888889,-0.04,0.0343657699206442,0.0048991494042863,0.0369987896637324,0
1404.71666666667,-0.025,0.0253695185466732,0.00483061755135884,0.0369983505799618,0
1404.71944444444,-0.02,0.015951198087366,0.00496692800686473,0.036997661257328,0
1404.72222222222,-0.025,0.00696664900934753,0.00516118410322765,0.0369968264151213,0
1404.725,-0.03,-0.00080132600675557,0.00534797195925443,0.0369960117941091,0
1404.72777777778,-0.04,-0.00672570871741903,0.00552600886719746,0.0369954842590408,0
1404.73055555556,-0.045,-0.0104017742761566,0.00569309009047104,0.036995382465188,0
1404.73333333333,-0.035,-0.0116904676836672,0.00584603385885252,0.0369955583027654,0
1404.73611111111,-0.05,-0.0107340610148377,0.00598084000927123,0.0369958466678443,0
1404.73888888889,-0.05,-0.00794228919751061,0.0060930523483361,0.0369959823867313,0
1404.74166666667,-0.065,-0.0039501485882804,0.00617828677002051,0.0369958514145299,0
1404.74444444444,-0.06,0.000448565471145711,0.00623286253772337,0.0369953884804241,0
1404.74722222222,-0.06,0.00438539807953258,0.00622952335416505,0.0369945635259852,0
1404.75,-0.055,0.00701059735347528,0.00624129302086999,0.0369933817643199,0
1404.75277777778,-0.055,0.00758620764463546,0.00628443442570909,0.0369918813178773,0
1404.75555555556,-0.05,0.00556930584774419,0.00635438917927966,0.0369901556112637,0
1404.75833333333,-0.06,0.000676662009104442,0.00644412644520293,0.0369882388036742,0
1404.76111111111,-0.07,-0.00707613714906553,0.00654455258929341,0.0369861435589901,0
1404.76388888889,-0.09,-0.0173655811786006,0.00664522613678741,0.0369838575959384,0
1404.76666666667,-0.1,-0.0295826559369233,0.00673533144829735,0.0369814390999776,0
1404.76944444444,-0.105,-0.0428851347339108,0.00680483002886987,0.0369790399558551,0
1404.77222222222,-0.095,-0.0562750326573013,0.00684568018420896,0.0369768052045787,0
1404.775,-0.08,-0.0686938841564353,0.0068529973225549,0.0369748616291923,0
1404.77777777778,-0.05,-0.0791265602651778,0.0068799734314684,0.0369733084653526,0
1404.78055555556,-0.045,-0.0867032908189306,0.00693723020691767,0.0369721471417912,0
1404.78333333333,-0.04,-0.0907895182242712,0.00701575644707565,0.0369712228435841,0
1404.78611111111,-0.05,-0.0910542045733081,0.00710180838677071,0.0369703505062579,0
1404.78888888889,-0.06,-0.0875091636267705,0.00717769232527746,0.0369694350434104,0
1404.79166666667,-0.075,-0.0805147187911949,0.00722303799570513,0.0369683838154557,0
1404.79444444444,-0.09,-0.0707502435247557,0.00721648507551373,0.0369671198784292,0
1404.79722222222,-0.09,-0.0591516114390099,0.00729531276066294,0.0369655951606297,0
1404.8,-0.085,-0.0468209328010786,0.00746370964007589,0.0369638028662759,0
1404.80277777778,-0.09,-0.0349168508457343,0.00773385710517718,0.0369634600501752,0
1404.80555555556,-0.085,-0.0245358217958428,0.00811105678175079,0.0369642287141085,0
1404.80833333333,-0.085,-0.0165959802485764,0.0085924164584636,0.0369653017836174,0
1404.81111111111,-0.065,-0.011735260185005,0.00916614769504133,0.0369666685479021,0
1404.81388888889,-0.065,-0.0102343697654622,0.0098115878458198,0.0369699269398941,0
1404.81666666667,-0.055,-0.0119730835927833,0.0104999991758222,0.0369769366373603,0
1404.81944444444,-0.045,-0.0164253018981393,0.0111961288898312,0.0369897219738572,0
1404.82222222222,-0.05,-0.0226947034719507,0.0118604423308467,0.0370102861577919,0
1404.825,-0.055,-0.0295889237825337,0.0124518740089082,0.037040577478629,0
1404.82777777778,-0.065,-0.0357263906076164,0.0129308841428779,0.0370823046739291,0
1404.83055555556,-0.075,-0.0396666143239612,0.0130180824364893,0.0371367793631448,0
1404.83333333333,-0.07,-0.040052189929571,0.0128611040508509,0.0372047690336167,0
1404.83611111111,-0.07,-0.0357492852633527,0.0128962800167248,0.0372863733720406,0
1404.83888888889,-0.04,-0.0259731319217375,0.0131294458079687,0.0373809348809729,0
1404.84166666667,-0.02,-0.01038605627563,0.0135540449768375,0.0374870010473882,0
1404.84444444444,0,0.0108421783745397,0.0141513642492254,0.0376024556418299,0
1404.84722222222,0.02,0.0370186837575338,0.0148918040704218,0.0377243615901891,0
1404.85,0.02,0.0669593684152755,0.0157371126477192,0.037849137540587,0
1404.85277777778,0.015,0.0990670307112417,0.016643419701794,0.0379727382796331,0
1404.85555555556,0.02,0.131449810780445,0.0175648248591706,0.0380980529414737,0
1404.85833333333,0.04,0.162070248595448,0.0183373216493337,0.0382286481939614,0
1404.86111111111,0.06,0.18891206893865,0.0188551302840733,0.0383674871837597,0
1404.86388888889,0.095,0.210149815007775,0.0191503420858043,0.0385167975295806,0
1404.86666666667,0.11,0.224305795241935,0.0192868026958203,0.038677981840212,0
1404.86944444444,0.125,0.2303795867032,0.0193542038257449,0.0388515192932512,0
1404.87222222222,0.14,0.227937515051138,0.0194593220732947,0.0390371315595626,0
1404.875,0.14,0.217152936774354,0.0197151343056188,0.0392339699237619,0
1404.87777777778,0.145,0.198792496742534,0.0199320085170766,0.0394408294966453,0
1404.88055555556,0.145,0.174148442207409,0.020118355811757,0.0396562231069305,0
1404.88333333333,0.14,0.144922101352817,0.0203109314335069,0.0398785820339068,0
1404.88611111111,0.135,0.113068317488227,0.0205434476938032,0.0401064526331239,0
1404.88888888889,0.105,0.0806145271993387,0.0208417450825522,0.0403386714216607,0
1404.89166666667,0.055,0.0494709025675974,0.0212193986180873,0.0405726492373887,0
1404.89444444444,0.015,0.0212492625841335,0.0216742185552662,0.040803404713098,0
1404.89722222222,-0.015,-0.0028918581579181,0.0221860533834769,0.0410306545158825,0
1404.9,-0.015,-0.0223605268707221,0.0227162123335261,0.0412535815321736,0
1404.90277777778,-0.025,-0.0371910706947331,0.0232087002508804,0.0414708484247445,0
1404.90555555556,-0.025,-0.0480426486957797,0.0235933087726327,0.041680786133431,0
1404.90833333333,-0.025,-0.0561347482886754,0.0237904459150937,0.0418816390114423,0
1404.91111111111,-0.025,-0.0631234011839635,0.0237174247431516,0.0420717862669606,0
1404.91388888889,-0.04,-0.070927531526973,0.0241390648505578,0.0422499269947262,0
1404.91666666667,-0.075,-0.0815197883254692,0.0249757504056074,0.0424153037217168,0
1404.91944444444,-0.09,-0.096700013212815,0.0262742060082218,0.0425678517452858,0
1404.92222222222,-0.125,-0.117871781889669,0.0280545856254,0.042708298297721,0
1404.925,-0.15,-0.145842988088433,0.0303050416172781,0.0428380801006263,0
1404.92777777778,-0.17,-0.180670117745147,0.0329782958450815,0.0429598102832669,0
1404.93055555556,-0.19,-0.221562754933406,0.0359906525030598,0.0430782986285226,0
1404.93333333333,-0.185,-0.26686019540756,0.0392237251031386,0.0431982593661156,0
1404.93611111111,-0.165,-0.314086185494874,0.0425289519586295,0.0433168588880375,0
1404.93888888889,-0.145,-0.360081232861305,0.0457347601885037,0.0434299795925707,0
1404.94166666667,-0.12,-0.401205202807781,0.0486560241949295,0.0435335688348674,0
1404.94444444444,-0.115,-0.433596596007722,0.0511052678344533,0.0436238938112712,0
1404.94722222222,-0.125,-0.453469553373251,0.0529048963964595,0.0436987772109484,0
1404.95,-0.135,-0.457425730848195,0.053899629174103,0.043757778227308,0
1404.95277777778,-0.155,-0.44275609608135,0.0539682466746224,0.0438012996336946,0
1404.95555555556,-0.185,-0.407707636708128,0.0543645025865072,0.0438304286726284,0
1404.95833333333,-0.18,-0.351691984200492,0.0555964730174629,0.0438470495803942,0
1404.96111111111,-0.21,-0.275416920767198,0.0575080877843443,0.0438536109340553,0
1404.96388888889,-0.205,-0.180927356148142,0.0599124655988441,0.04385283437072,0
1404.96666666667,-0.14,-0.0715491996772539,0.0626081201634617,0.0438508492866486,0
1404.96944444444,-0.05,0.0482629336930051,0.0653958727941339,0.0438492169620723,0
1404.97222222222,0.095,0.173165663727034,0.0680950459276549,0.0438475932375237,0
1404.975,0.265,0.297238882519733,0.0705575831019788,0.0438457653803887,0
1404.97777777778,0.46,0.414348441928137,0.0726789273592582,0.0438443222545216,0
1404.98055555556,0.685,0.518533766827288,0.0744047753079605,0.0438436907317931,0
1404.98333333333,0.89,0.604392376197488,0.0757331835870355,0.0438439232566554,0
1404.98611111111,1.11,0.667433182496716,0.07671190715318,0.0438449759645388,0
1404.98888888889,1.27,0.704372532641272,0.0774312599701379,0.0438467260632278,0
1404.99166666667,1.34,0.713351093051623,0.0780131729935019,0.0438489829626104,0
1404.99444444444,1.3,0.694055541263955,0.077585749968906,0.0438515395458359,0
1404.99722222222,1.15,0.647736141967744,0.0768567485320221,0.0438541671998632,0
1405,0.925,0.577119088840836,0.0758536109685115,0.0438566566942432,0
1405.00277777778,0.65,0.486220363543487,0.0744742124125577,0.0438588308964549,0
1405.00555555556,0.365,0.380075174970814,0.0726555978602824,0.0438605588361902,0
1405.00833333333,0.1,0.264403219024604,0.0703823607301919,0.0438618178311554,0
1405.01111111111,-0.085,0.145234560964237,0.0676907653025333,0.0438627029342832,0
1405.01388888889,-0.205,0.0285235424346913,0.0646682309593131,0.0438632882863789,0
1405.01666666667,-0.245,-0.0802214311137263,0.0614481958879929,0.0438636207971879,0
1405.01944444444,-0.23,-0.176266068992523,0.0582007745302144,0.04386371508928,0
1405.02222222222,-0.21,-0.255913879032175,0.0551199826759208,0.0438635497435185,0
1405.025,-0.155,-0.316688255650306,0.0524085962559354,0.0438630637939752,0
1405.02777777778,-0.15,-0.357422444707614,0.0502619101084336,0.0438617968384382,0
1405.03055555556,-0.155,-0.378254099860114,0.0491245239489468,0.0438602736637249,0
1405.03333333333,-0.19,-0.380528466913678,0.0490449610218385,0.0438591032977494,0
1405.03611111111,-0.225,-0.366621049210089,0.0486295790399085,0.0438574144100535,0
1405.03888888889,-0.25,-0.339696386044261,0.0472319413133652,0.0438526751848455,0
1405.04166666667,-0.285,-0.303423880733627,0.0448855616194406,0.0438431380900186,0
1405.04444444444,-0.295,-0.261674138130554,0.0418187937076194,0.0438269259809183,0
1405.04722222222,-0.31,-0.218219858432289,0.0384095837598879,0.0438021526643658,0
1405.05,-0.31,-0.17646399246413,0.0348619367768366,0.0437670617796301,0
1405.05277777778,-0.3,-0.139214758383487,0.0313706977900247,0.0437201748107114,0
1405.05555555556,-0.295,-0.108522556659074,0.0281103397785552,0.0436604374029318,0
1405.05833333333,-0.285,-0.0855882166262467,0.025225823659561,0.0435873523685836,0
1405.06111111111,-0.28,-0.07074585550161,0.0228260335255009,0.0435011398489829,0
1405.06388888889,-0.285,-0.0635174523109861,0.0209800814545484,0.043402996974908,0
1405.06666666667,-0.275,-0.0627305442893115,0.0197165552700139,0.043294746276424,0
1405.06944444444,-0.285,-0.0666856958087495,0.0190255666713968,0.0431788045480046,0
1405.07222222222,-0.305,-0.073356931332962,0.0188632623075614,0.0430582283837144,0
1405.075,-0.315,-0.0806064056446583,0.0191583004922892,0.0429365984719351,0
1405.07777777778,-0.325,-0.0863943108711159,0.018860549760731,0.0428160663849442,0
1405.08055555556,-0.32,-0.0889663528742082,0.0179349702137124,0.0426925581460993,0
1405.08333333333,-0.325,-0.087003897019674,0.0168499728566933,0.0425625134011272,0
1405.08611111111,-0.31,-0.0797257969312127,0.0157050973612496,0.0424230719897325,0
1405.08888888889,-0.285,-0.0669356034934905,0.0145879470440361,0.0422722058039499,0
1405.09166666667,-0.28,-0.0490128760506707,0.0135690878876652,0.0421089490966281,0
1405.09444444444,-0.28,-0.0268522398537383,0.0126988040606672,0.041933044963723,0
1405.09722222222,-0.28,-0.00175823375615377,0.0120058066482075,0.0417449821132949,0
1405.1,-0.29,0.0246924902348999,0.0114978297322075,0.0415458507997048,0
1405.10277777778,-0.285,0.0508076902169301,0.0111639007252043,0.0413371542855799,0
1405.10555555556,-0.28,0.0749398074835601,0.0109779510721441,0.0411205939203534,0
1405.10833333333,-0.28,0.0956353271809712,0.0109982851168751,0.0408978482956156,0
1405.11111111111,-0.29,0.111760155782246,0.0110037544663264,0.0406703833048158,0
1405.11388888889,-0.285,0.122590630192915,0.0109829091481236,0.0404393158859371,0
1405.11666666667,-0.295,0.127863276681317,0.0109746551782923,0.0402081725198337,0
1405.11944444444,-0.29,0.127780420379029,0.0110102781980161,0.0399800762783636,0
1405.12222222222,-0.29,0.122972838421949,0.0111108188866303,0.0397556916025543,0
1405.125,-0.29,0.114424485186744,0.0111503429563407,0.0395362065476509,0
1405.12777777778,-0.285,0.10336756468767,0.0109034955952447,0.039323205307564,0
1405.13055555556,-0.29,0.091158614254266,0.0105976913085744,0.0391184925818076,0
1405.13333333333,-0.29,0.0791476111565645,0.0102545611393909,0.0389238853392098,0
1405.13611111111,-0.29,0.0685523343934857,0.0099015275222752,0.0387409907379527,0
1405.13888888889,-0.295,0.0603493249246569,0.00956856393130552,0.03857099046814,0
1405.14166666667,-0.285,0.0551909050031135,0.00928486512248475,0.0384144514489636,0
1405.14444444444,-0.275,0.0533550417512337,0.00907575304216419,0.0382711553572013,0
1405.14722222222,-0.265,0.0547316370701065,0.00896010382102126,0.0381399627922279,0
1405.15,-0.275,0.0588453997236313,0.00894851772144922,0.0380189827387806,0
1405.15277777778,-0.255,0.0649121210199622,0.00904237329354337,0.0379046611123757,0
1405.15555555556,-0.265,0.0719222302065532,0.00923381737294577,0.0377924599536421,0
1405.15833333333,-0.27,0.0787432030049983,0.00950665242721684,0.0376797950427176,0
1405.16111111111,-0.265,0.084230924977904,0.0098322860844434,0.0375708673918237,0
1405.16388888889,-0.265,0.0873395788540398,0.00986328228475736,0.037469899685635,0
1405.16666666667,-0.265,0.0872200522373639,0.00963836749119614,0.0373808681522697,0
1405.16944444444,-0.26,0.0832981831130804,0.00929992873550744,0.037305832190721,0
1405.17222222222,-0.255,0.0753262305765807,0.00901253651160065,0.0372456571272795,0
1405.175,-0.245,0.0634035692760036,0.00879551200090147,0.0372004387130554,0
1405.17777777778,-0.235,0.0479655073165399,0.00866108803770506,0.0371694843536558,0
1405.18055555556,-0.23,0.0297420487812885,0.00861356625446397,0.0371514216809886,0
1405.18333333333,-0.24,0.00969109912855447,0.00864923632783459,0.0371443423249503,0
1405.18611111111,-0.265,-0.0110871907249305,0.00875703795737882,0.0371426569011214,0
1405.18888888889,-0.27,-0.0314467135347524,0.00882493976386466,0.0371397946452401,0
1405.19166666667,-0.28,-0.0502933537267574,0.00873780659963313,0.0371362457898637,0
1405.19444444444,-0.29,-0.0666757064400963,0.00853086432431835,0.0371325741930485,0
1405.19722222222,-0.28,-0.0798605695023591,0.00833673596299431,0.0371293270614437,0
1405.2,-0.265,-0.0893868018642171,0.00817627438790299,0.0371264506237255,0
1405.20277777778,-0.265,-0.0950932736304021,0.00806616663408275,0.037123400705689,0
1405.20555555556,-0.245,-0.0971190978523323,0.00801756454541429,0.0371199484151958,0
1405.20833333333,-0.255,-0.0958769012682308,0.00802705254370099,0.0371159713877519,0
1405.21111111111,-0.235,-0.0920023253281238,0.00794463931379137,0.0371114142797237,0
1405.21388888889,-0.245,-0.0862850330406988,0.00780520263072366,0.0371062820134579,0
1405.21666666667,-0.24,-0.0795880512103155,0.00762137759233146,0.037100631351157,0
1405.21944444444,-0.23,-0.0727631734554785,0.00740930448110011,0.03709455863454,0
1405.22222222222,-0.215,-0.0665703214061872,0.00718687387243473,0.0370881867381354,0
1405.225,-0.22,-0.0616082108975246,0.00697186787842514,0.037081677392128,0
1405.22777777778,-0.215,-0.0582624631905625,0.00678018214872561,0.0370753569343236,0
1405.23055555556,-0.22,-0.056675562299752,0.00662430050177157,0.0370695069020902,0
1405.23333333333,-0.22,-0.056740957611954,0.00651216524989713,0.0370641764282069,0
1405.23611111111,-0.21,-0.0581213443201478,0.00644654450567269,0.0370592835886851,0
1405.23888888889,-0.185,-0.0602889314409449,0.00642494725129742,0.0370547720453841,0
1405.24166666667,-0.185,-0.0625835285530637,0.00644008267907037,0.0370506113401367,0
1405.24444444444,-0.15,-0.064282721857814,0.00648080747651346,0.0370467949341698,0
1405.24722222222,-0.13,-0.0646774004248041,0.00653345829962233,0.0370433364135003,0
1405.25,-0.14,-0.0631455149678995,0.00649776218744175,0.0370400887264032,0
1405.25277777778,-0.145,-0.0592172262403633,0.00646434750191912,0.0370370520789181,0
1405.25555555556,-0.155,-0.0526254910531601,0.00645906098847411,0.0370341611752604,0
1405.25833333333,-0.145,-0.0433375493194055,0.00648981571013263,0.0370313524867399,0
1405.26111111111,-0.13,-0.0315645784354501,0.00655988945326377,0.0370285703442432,0
1405.26388888889,-0.115,-0.0177488026089943,0.00666741165843592,0.0370257721766941,0
1405.26666666667,-0.105,-0.00252939891679551,0.00680536535578344,0.0370229324172558,0
1405.26944444444,-0.1,0.0133095561313591,0.00696210440569447,0.0370200453424354,0
1405.27222222222,-0.09,0.0289042740190052,0.00712233719679633,0.037017128073984,0
1405.275,-0.07,0.0433836251498357,0.00726397391702638,0.0370142156607599,0
1405.27777777778,-0.055,0.0559421678352155,0.00728257076294348,0.0370113525075444,0
1405.28055555556,-0.05,0.065907327602489,0.00721837641871837,0.0370087614984545,0
1405.28333333333,-0.065,0.0727948184945236,0.00721838406454913,0.0370067093577965,0
1405.28611111111,-0.07,0.076347516586611,0.0072931215995766,0.0370049812858606,0
1405.28888888889,-0.085,0.0765545259174757,0.0074479674072662,0.0370034019270861,0
1405.29166666667,-0.095,0.0736489758575249,0.00757686936990346,0.037001904886625,0
1405.29444444444,-0.115,0.068084992460005,0.00761388376338268,0.0370004342681601,0
1405.29722222222,-0.125,0.0604961237015248,0.00752873170007701,0.0369989482321306,0
1405.3,-0.14,0.0516391073958848,0.00730260217103953,0.0369974208202131,0
1405.30277777778,-0.145,0.0423281113966012,0.00693006359593152,0.0369958420388439,0
1405.30555555556,-0.135,0.0333653436648606,0.00648761354801854,0.0369942164995146,0
1405.30833333333,-0.125,0.0254741635104785,0.00606426400367542,0.0369925607713063,0
1405.31111111111,-0.1,0.0192405116777141,0.00568075859949211,0.0369909054796482,0
1405.31388888889,-0.1,0.0150676514788405,0.0053549122777087,0.0369893251920378,0
1405.31666666667,-0.09,0.0131479562390508,0.00510038009778624,0.0369879377000824,0
1405.31944444444,-0.115,0.0134539073773198,0.00492580835741897,0.036986776144232,0
1405.32222222222,-0.145,0.0157487262185306,0.00483443228661386,0.0369858339966389,0
1405.325,-0.19,0.0196153080390772,0.00482414229219611,0.0369851161546507,0
1405.32777777778,-0.215,0.024500515029066,0.00488799721094709,0.0369845674081107,0
1405.33055555556,-0.225,0.029770557402451,0.00501512239147298,0.0369840916606014,0
1405.33333333333,-0.225,0.0347722635408846,0.00499151369442992,0.0369835359108386,0
1405.33611111111,-0.21,0.0388945888922235,0.00481920065990026,0.0369828409975687,0
1405.33888888889,-0.2,0.0416247742838909,0.00458816855983677,0.0369819468926342,0
1405.34166666667,-0.17,0.042594126489714,0.00435123417798945,0.0369807976229873,0
1405.34444444444,-0.15,0.0416094020527345,0.00411974371062758,0.0369793456483187,0
1405.34722222222,-0.135,0.0386671351464862,0.00390189900571496,0.0369775564856966,0
1405.35,-0.135,0.0339498368196475,0.00370235707472524,0.0369754119635059,0
1405.35277777778,-0.145,0.0278046622637202,0.00352222250462662,0.0369729146917915,0
1405.35555555556,-0.155,0.0207067443506412,0.00339724595890902,0.0369700938785614,0
1405.35833333333,-0.165,0.0132107821359122,0.00341490720950414,0.0369670071594246,0
1405.36111111111,-0.175,0.00589552842198694,0.00355835373529079,0.0369637400516295,0
1405.36388888889,-0.19,-0.000693552631932901,0.00370185720830692,0.0369604027502796,0
1405.36666666667,-0.2,-0.00609804336779859,0.00385154130045449,0.0369572244406583,0
1405.36944444444,-0.2,-0.00999168293391425,0.00401203821430616,0.0369541827156268,0
1405.37222222222,-0.185,-0.0122125807796164,0.00418575094488106,0.0369511487954886,0
1405.375,-0.17,-0.012779486175776,0.00437240804676345,0.0369479971946805,0
1405.37777777778,-0.16,-0.011890548319137,0.00456895798042636,0.0369446132832223,0
1405.38055555556,-0.185,-0.00990462908706906,0.00476981273616707,0.0369409002569621,0
1405.38333333333,-0.185,-0.00730685664127968,0.00496741197363696,0.0369367849127474,0
1405.38611111111,-0.175,-0.00466158535200515,0.0050851312895967,0.0369322216956894,0
1405.38888888889,-0.17,-0.00255712119632501,0.00504699844567548,0.0369271946075588,0
1405.39166666667,-0.185,-0.00154737189642052,0.00491108281654243,0.0369235421968433,0
1405.39444444444,-0.185,-0.0020959122694838,0.00481022420145593,0.0369233141326876,0
1405.39722222222,-0.17,-0.00452778377653178,0.00474800939956695,0.0369259116749819,0
1405.4,-0.175,-0.00899368416261364,0.00472492770381625,0.0369303778482706,0
1405.40277777778,-0.17,-0.0154501037212925,0.00473822934997313,0.0369357938155461,0
1405.40555555556,-0.155,-0.0236575242141185,0.00478216836574752,0.0369416741117838,0
1405.40833333333,-0.16,-0.0331971417058058,0.00484862050406179,0.036947428449692,0
1405.41111111111,-0.165,-0.0435048532658628,0.00492802493885127,0.0369524064269146,0
1405.41388888889,-0.18,-0.0539196153588857,0.00501056019185131,0.0369561304907459,0
1405.41666666667,-0.215,-0.0637418887864491,0.00508743440293913,0.0369583404400337,0
1405.41944444444,-0.22,-0.072296862094597,0.00509084489476988,0.0369590354936864,0
1405.42222222222,-0.22,-0.0789965921870469,0.00504139085499151,0.0369585814734425,0
1405.425,-0.205,-0.0833951767868588,0.00500612014095629,0.0369575412022573,0
1405.42777777778,-0.205,-0.0852315912193919,0.00497939293730325,0.0369566089816682,0
1405.43055555556,-0.19,-0.0844558461374119,0.00495112286218527,0.0369565264071822,0
1405.43333333333,-0.185,-0.0812355714189928,0.00492519724240841,0.0369579863588224,0
1405.43611111111,-0.17,-0.0759418827606942,0.00500093340494875,0.0369615329684186,0
1405.43888888889,-0.165,-0.0691152897227356,0.00512640502646164,0.0369674594616629,0
1405.44166666667,-0.16,-0.0614142882702607,0.00531860165624228,0.0369757254076709,0
1405.44444444444,-0.19,-0.0535509757588838,0.00559180083272824,0.0369858963212469,0
1405.44722222222,-0.2,-0.0462193730119042,0.00595562604085623,0.0369952850056998,0
1405.45,-0.215,-0.0400230048368935,0.00641334703502883,0.037004281509683,0
1405.45277777778,-0.22,-0.0354085846541902,0.00696060697209031,0.0370145669842037,0
1405.45555555556,-0.235,-0.032612327136484,0.00758473258626981,0.0370281239269118,0
1405.45833333333,-0.235,-0.0316244850167533,0.00826473892418579,0.037047120651566,0
1405.46111111111,-0.23,-0.0321762370952485,0.00897208232487167,0.0370737671665461,0
1405.46388888889,-0.215,-0.0337511588340166,0.00967214914509746,0.03711015152619,0
1405.46666666667,-0.2,-0.0356213412173529,0.010326398961,0.0371580678622277,0
1405.46944444444,-0.175,-0.0369059731946117,0.0108950158962107,0.0372189508465236,0
1405.47222222222,-0.16,-0.0366480668682363,0.011286366893868,0.0372936651095731,0
1405.475,-0.16,-0.033903177781503,0.0113519357933868,0.0373822325256868,0
1405.47777777778,-0.16,-0.0278326292505813,0.0112473667550698,0.0374838221726197,0
1405.48055555556,-0.16,-0.0177930266008608,0.0113418714312337,0.0375967680411203,0
1405.48333333333,-0.155,-0.00341383092408913,0.0116398383156418,0.0377185918065131,0
1405.48611111111,-0.135,0.0153445206044487,0.0121332363706613,0.0378460812200945,0
1405.48888888889,-0.12,0.0381580469271412,0.012801774958805,0.0379754203795281,0
1405.49166666667,-0.095,0.0643362966619812,0.0136140787820161,0.0381065947326604,0
1405.49444444444,-0.105,0.0928507015662095,0.0145298221074134,0.0382433368202192,0
1405.49722222222,-0.105,0.122393158793336,0.015502678415603,0.0383886874256081,0
1405.5,-0.08,0.151461090721375,0.0164838619815132,0.0385448544717326,0
1405.50277777778,-0.065,0.178462758600373,0.0173879224700601,0.038713233421265,0
1405.50555555556,-0.045,0.201834587861357,0.0181401603787192,0.0388943827163395,0
1405.50833333333,-0.005,0.220160893415002,0.0187572571492435,0.0390880928557973,0
1405.51111111111,0.02,0.232285817429043,0.0192778754497891,0.0392935255567641,0
1405.51388888889,0.035,0.237407590233506,0.0197413781236197,0.0395093966352631,0
1405.51666666667,0.04,0.235146403686399,0.0200641733715359,0.0397341854664838,0
1405.51944444444,0.02,0.225579175039688,0.0202644496341672,0.0399663551491617,0
1405.52222222222,-0.01,0.209237133939377,0.020371622843367,0.0402045515086018,0
1405.525,-0.01,0.187065277832436,0.0204232048755871,0.0404477717107942,0
1405.52777777778,-0.005,0.16034605602929,0.0204607250141863,0.0406954879194867,0
1405.53055555556,-0.005,0.130592876981158,0.0205250295632628,0.0409430497371048,0
1405.53333333333,0.01,0.0994219003619315,0.0206513595156348,0.0411854570819042,0
1405.53611111111,-0.02,0.0684128099067271,0.020864649992136,0.0414216633690313,0
1405.53888888889,-0.045,0.038970644375599,0.0211755026622429,0.0416502391315152,0
1405.54166666667,-0.075,0.0122011381292455,0.021577251012914,0.0418695302320674,0
1405.54444444444,-0.1,-0.0111886829606366,0.0220444688381103,0.0420778469446479,0
1405.54722222222,-0.125,-0.0309546716891777,0.0225331686378755,0.0422736674815409,0
1405.55,-0.155,-0.0473372343822601,0.0229828057860378,0.0424559545450972,0
1405.55277777778,-0.165,-0.0610367182497208,0.0233200560090467,0.0426242327700417,0
1405.55555555556,-0.175,-0.0731426695260248,0.0234641794888223,0.0427787305391033,0
1405.55833333333,-0.19,-0.0850212296732542,0.0235947216196399,0.0429204588716821,0
1405.56111111111,-0.205,-0.0981688553897697,0.0240748608666667,0.0430512291963897,0
1405.56388888889,-0.205,-0.114043930000923,0.0249652848856984,0.0431736072658749,0
1405.56666666667,-0.225,-0.13389036554884,0.0263051876824517,0.0432908059707589,0
1405.56944444444,-0.235,-0.15856872379475,0.028106033099731,0.0434065265548778,0
1405.57222222222,-0.25,-0.188410542148378,0.03034691783582,0.0435206854099044,0
1405.575,-0.25,-0.22311037087114,0.0329720305378218,0.0436291977344741,0
1405.57777777778,-0.25,-0.261667555531366,0.0358905693400379,0.0437282765154401,0
1405.58055555556,-0.26,-0.302386189628868,0.0389793102183419,0.0438150407872501,0
1405.58333333333,-0.235,-0.342937174438559,0.0420878245696034,0.0438872321321545,0
1405.58611111111,-0.24,-0.380481297892733,0.0450461407365258,0.0439435747909172,0
1405.58888888889,-0.24,-0.411847080743084,0.0476744463324444,0.0439839794600729,0
1405.59166666667,-0.24,-0.433752261224383,0.0497942518435193,0.0440091645866489,0
1405.59444444444,-0.245,-0.443053614942341,0.0512402956372865,0.044020544745503,0
1405.59722222222,-0.245,-0.437006706601524,0.051872378413493,0.0440241722143605,0
1405.6,-0.255,-0.413515439791036,0.0515862801739523,0.0440296067287313,0
1405.60277777778,-0.27,-0.371351102138805,0.0519428878430957,0.044036506573145,0
1405.60555555556,-0.265,-0.310322064926019,0.053095829429148,0.0440444926743045,0
1405.60833333333,-0.265,-0.231378326021774,0.0549109826175916,0.0440531586856163,0
1405.61111111111,-0.25,-0.136639489627061,0.0572249231248727,0.0440620053377413,0
1405.61388888889,-0.19,-0.029340244649781,0.0598583636850574,0.04407058545251,0
1405.61666666667,-0.115,0.08630647106969,0.0626305108769058,0.0440791501744597,0
1405.61944444444,0.015,0.205322122071634,0.0653731737160485,0.0440879124204599,0
1405.62222222222,0.17,0.32223854450457,0.0679434750239629,0.0440970424711861,0
1405.625,0.375,0.431419534435201,0.0702341291649415,0.0441065823474832,0
1405.62777777778,0.595,0.527406385445382,0.0721804494572653,0.0441165986005419,0
1405.63055555556,0.83,0.605263307959637,0.0737635196060709,0.0441269715362736,0
1405.63333333333,1.055,0.660898061846346,0.0750092838493858,0.0441375553421695,0
1405.63611111111,1.24,0.691334413632639,0.0759836537045801,0.0441482136824973,0
1405.63888888889,1.32,0.694916124833187,0.0763670384006861,0.0441588311653549,0
1405.64166666667,1.27,0.671426876711512,0.0756228705791182,0.044169291851588,0
1405.64444444444,1.095,0.622116496104841,0.0748100414508688,0.044178279902478,0
1405.64722222222,0.82,0.549630618092061,0.0738102169443641,0.0441853617951769,0
1405.65,0.49,0.457847985134999,0.0725248802404874,0.0441901974875295,0
1405.65277777778,0.155,0.351636390536013,0.0708868833530388,0.0441926789331494,0
1405.65555555556,-0.12,0.236544293249648,0.0688692698677997,0.0441929820430415,0
1405.65833333333,-0.305,0.118449886254283,0.0664905588436696,0.0441915988665827,0
1405.66111111111,-0.395,0.00319251422726363,0.0638159760663067,0.0441893945182653,0
1405.66388888889,-0.375,-0.103787440670804,0.0609544611875181,0.0441876117074075,0
1405.66666666667,-0.305,-0.19777485260237,0.0580516390657611,0.0441840968923596,0
1405.66944444444,-0.235,-0.275049669768084,0.0552792904187011,0.0441770463846427,0
1405.67222222222,-0.195,-0.333082013305515,0.0528221611608351,0.044164438959753,0
1405.675,-0.195,-0.370640092824107,0.0509442573495718,0.0441441495992956,0
1405.67777777778,-0.22,-0.387805157351997,0.0501400405167549,0.0441140899657807,0
1405.68055555556,-0.27,-0.385894757366978,0.0503889484393558,0.0440723651500726,0
1405.68333333333,-0.325,-0.367302464433981,0.0499944973240645,0.0440174365311137,0
1405.68611111111,-0.365,-0.33526833790983,0.0486705423021496,0.0439482784624039,0
1405.68888888889,-0.39,-0.293599363418009,0.0464353381746399,0.0438645163720094,0
1405.69166666667,-0.385,-0.246362436759306,0.0433651876019879,0.0437665336389507,0
1405.69444444444,-0.355,-0.19757398285396,0.0398148387877992,0.043655536531963,0
1405.69722222222,-0.33,-0.150909886834261,0.0361798485244947,0.0435335691425783,0
1405.7,-0.33,-0.109457136375841,0.032654563955141,0.0434034733301207,0
1405.70277777778,-0.325,-0.0755246454277751,0.0294106589000939,0.0432688041721022,0
1405.70555555556,-0.335,-0.050525497028097,0.0265882922458344,0.0431337753307432,0
1405.70833333333,-0.335,-0.0349367567826554,0.0242899055169534,0.0429970055225992,0
1405.71111111111,-0.345,-0.0283365827465148,0.0225769317758135,0.042854828325503,0
1405.71388888889,-0.355,-0.0295121261065887,0.0214694676609229,0.042704243658684,0
1405.71666666667,-0.355,-0.0366261897411931,0.0209487459523882,0.0425430586369105,0
1405.71944444444,-0.365,-0.0474262306971653,0.0209620534131493,0.0423699579881467,0
1405.72222222222,-0.375,-0.059476396475392,0.02129782973351,0.0421845004323239,0
1405.725,-0.37,-0.0703920814465333,0.0208386070566344,0.0419870438613668,0
1405.72777777778,-0.37,-0.0780570397615322,0.0197690199612967,0.0417786077734102,0
1405.73055555556,-0.36,-0.0808053061116838,0.0185631679071398,0.0415607094514574,0
1405.73333333333,-0.345,-0.07755382712417,0.0173247666631869,0.0413351165175975,0
1405.73611111111,-0.35,-0.0678764474736356,0.0161441482000862,0.0411035968504336,0
1405.73888888889,-0.35,-0.0520152929895272,0.0150931364887392,0.0408676877944694,0
1405.74166666667,-0.355,-0.0308311675588733,0.0142218388887667,0.0406285431905717,0
1405.74444444444,-0.34,-0.00569984563433224,0.013557444374389,0.040386779833113,0
1405.74722222222,-0.34,0.0216343511596867,0.0131049558808456,0.040146892616173,0
1405.75,-0.35,0.0492329298323417,0.0128496357831314,0.0399102320356092,0
1405.75277777778,-0.35,0.0751488140379448,0.0127608220444774,0.0396780260243704,0
1405.75555555556,-0.35,0.0976059640090316,0.0127249577871854,0.0394519543025368,0
1405.75833333333,-0.36,0.115156944898995,0.0126121848705965,0.0392339732247501,0
1405.76111111111,-0.35,0.126804858174475,0.0124709996933043,0.0390261039277558,0
1405.76388888889,-0.345,0.132079693478079,0.0123458660758512,0.0388302027280337,0
1405.76666666667,-0.36,0.131063592718721,0.0122732821351603,0.0386477343518844,0
1405.76944444444,-0.365,0.12436432779745,0.0122789484784581,0.0384795677084687,0
1405.77222222222,-0.38,0.113041037213383,0.0123761979653413,0.0383258140449499,0
1405.775,-0.365,0.0984905187379571,0.0123414863782338,0.0381857228047058,0
1405.77777777778,-0.335,0.0823057623473192,0.0120706665959006,0.0380576442205164,0
1405.78055555556,-0.32,0.0661206422881011,0.0117392285124002,0.0379390638394896,0
1405.78333333333,-0.315,0.0514555922569901,0.0113747506376711,0.0378254953656539,0
1405.78611111111,-0.335,0.0395786101700713,0.0110084664955266,0.0377122413379955,0
1405.78888888889,-0.345,0.0313941527583408,0.0106718786973635,0.0376007993286291,0
1405.79166666667,-0.345,0.0273695771431659,0.0103935622562002,0.0374955401099724,0
1405.79444444444,-0.355,0.027505057041772,0.0101964437666435,0.0374006410091731,0
1405.79722222222,-0.365,0.0313487060952973,0.0100957813295136,0.0373192666773706,0
1405.8,-0.36,0.0380543769097971,0.0100979916251332,0.037252915889247,0
1405.80277777778,-0.37,0.0464756677818836,0.0102003833280881,0.0372021932643592,0
1405.80555555556,-0.36,0.0552864184729883,0.0103917684876198,0.0371668475662374,0
1405.80833333333,-0.345,0.0631157007436245,0.0105837676526324,0.0371458590548855,0
1405.81111111111,-0.315,0.0686842022133884,0.0104310722643408,0.0371375670221814,0
1405.81388888889,-0.31,0.0709290451747843,0.0101007286029786,0.0371397728274554,0
1405.81666666667,-0.3,0.0691054392119135,0.00977588769888514,0.0371424368332319,0
1405.81944444444,-0.31,0.062855989149315,0.00948098724442564,0.0371442626681639,0
1405.82222222222,-0.305,0.052241722085805,0.0092363198324377,0.0371456873967643,0
1405.825,-0.33,0.0377326402834561,0.00905647106744327,0.0371471249235479,0
1405.82777777778,-0.35,0.020159489636167,0.00894937240433964,0.0371489453068021,0
1405.83055555556,-0.36,0.000632087757245698,0.00891602116454384,0.0371507503267394,0
1405.83333333333,-0.365,-0.0195673602512126,0.00895085382781896,0.0371521300844079,0
1405.83611111111,-0.35,-0.0391052995455318,0.00903335386134722,0.0371530324033238,0
1405.83888888889,-0.34,-0.0567203790084639,0.00890174938253175,0.0371534851882145,0
1405.84166666667,-0.31,-0.0713376516696348,0.00874453622775825,0.0371535827572577,0
1405.84444444444,-0.285,-0.0821626565996594,0.00858218818405482,0.0371534329963091,0
1405.84722222222,-0.3,-0.0887467331443826,0.00843228661253977,0.0371531244558239,0
1405.85,-0.295,-0.0910178318051974,0.00830988985742015,0.0371527565910858,0
1405.85277777778,-0.31,-0.0892745074006344,0.00822639305794623,0.037152425628271,0
1405.85555555556,-0.33,-0.0841443751439193,0.00818883351372724,0.0371522137792869,0
1405.85833333333,-0.325,-0.0765117319326071,0.00817799062581737,0.0371521817597993,0
1405.86111111111,-0.315,-0.0674219668210392,0.00812060223718371,0.0371524346669714,0
1405.86388888889,-0.31,-0.0579725309747668,0.00802219559946668,0.0371529184758006,0
1405.86666666667,-0.3,-0.0492014101178532,0.00789101480905132,0.037153578981243,0
1405.86944444444,-0.3,-0.041984138660201,0.00773689093264084,0.0371543985495166,0
1405.87222222222,-0.275,-0.0369494158100475,0.0075700717963234,0.0371553921649619,0
1405.875,-0.275,-0.0344214349391218,0.00740014332474445,0.0371566460354704,0
1405.87777777778,-0.255,-0.0343943157712452,0.00723515622289154,0.0371581575383119,0
1405.88055555556,-0.245,-0.0365408050973135,0.00708104221484345,0.037159745301797,0
1405.88333333333,-0.24,-0.0402540027020006,0.00694136654183158,0.0371613814685267,0
1405.88611111111,-0.235,-0.0447176078191686,0.00681742225004528,0.0371630374659754,0
1405.88888888889,-0.215,-0.0489973841913359,0.00670863150805101,0.0371646880055114,0
1405.89166666667,-0.21,-0.0521444784763561,0.00664745140292598,0.0371663142499924,0
1405.89444444444,-0.205,-0.0533000946554014,0.00673181830001519,0.0371679596186481,0
1405.89722222222,-0.2,-0.051790932441917,0.00680700995843467,0.0371696798091451,0
1405.9,-0.18,-0.0472057456496947,0.00687384543921556,0.0371715359825581,0
1405.90277777778,-0.17,-0.0394452710799785,0.00693151169280235,0.0371735899293831,0
1405.90555555556,-0.15,-0.0287404321996748,0.00697727844388137,0.0371758992587825,0
1405.90833333333,-0.135,-0.0156368739682899,0.00700652025369966,0.0371785154792081,0
1405.91111111111,-0.12,-0.000947227042574399,0.00701305498868472,0.0371814777763,0
1405.91388888889,-0.125,0.0143242952900943,0.00698976950314318,0.0371847989635085,0
1405.91666666667,-0.13,0.0290776086306791,0.00692946787389823,0.0371882318864584,0
1405.91944444444,-0.135,0.0422233818602166,0.00703121654761668,0.0371915582319795,0
1405.92222222222,-0.145,0.0527900600040433,0.00718256435259285,0.0371946695231576,0
1405.925,-0.155,0.0600206804722652,0.0073832687327946,0.0371976218431733,0
1405.92777777778,-0.165,0.0634498254991548,0.00763149205745428,0.0372005422229663,0
1405.93055555556,-0.19,0.0629529498869662,0.00792155491173271,0.0372035736419714,0
1405.93333333333,-0.195,0.0587629854668159,0.00824392780660356,0.0372068638178538,0
1405.93611111111,-0.2,0.0514522951159359,0.00858561669447147,0.0372104375355924,0
1405.93888888889,-0.2,0.041881422961978,0.00882684669727128,0.0372143052928846,0
1405.94166666667,-0.18,0.031119336496393,0.00884224907241539,0.0372183931366903,0
1405.94444444444,-0.185,0.0203426648688291,0.0086073705853527,0.0372225444550994,0
1405.94722222222,-0.185,0.010723531527185,0.00835481813494741,0.037226635302364,0
1405.95,-0.195,0.00331675275496608,0.00816398741804874,0.0372306486165722,0
1405.95277777778,-0.195,-0.00104269101448272,0.00804505477158351,0.0372345870573278,0
1405.95555555556,-0.2,-0.00182192463730493,0.00800347392131385,0.037238467160088,0
1405.95833333333,-0.195,0.00115590606840655,0.00803941477807551,0.0372423172623926,0
1405.96111111111,-0.195,0.00769148173878375,0.00814765865180645,0.0372461666343341,0
1405.96388888889,-0.19,0.0172251063693218,0.00831797319542987,0.0372499359014178,0
1405.96666666667,-0.18,0.0288871879016206,0.00853594419926752,0.0372535724359465,0
1405.96944444444,-0.175,0.0415787870478623,0.00878419642540856,0.0372570319993766,0
1405.97222222222,-0.15,0.054074695284137,0.00900962922147015,0.0372602793895783,0
1405.975,-0.155,0.0651392892113517,0.00897317116906315,0.037263288010911,0
1405.97777777778,-0.155,0.0736441215060307,0.00874467239174493,0.0372660389037471,0
1405.98055555556,-0.17,0.0786759771774322,0.00855368003664207,0.0372685209989022,0
1405.98333333333,-0.19,0.0796249756223304,0.00840920778442819,0.0372707284131148,0
1405.98611111111,-0.2,0.0762441578037802,0.00831502531420854,0.037272657052096,0
1405.98888888889,-0.225,0.0686746903624567,0.00826939440724493,0.0372743056020834,0
1405.99166666667,-0.22,0.057434090184233,0.00826532753765124,0.0372756759711177,0
1405.99444444444,-0.215,0.0433684125093842,0.00829134777275571,0.0372767745149185,0
1405.99722222222,-0.21,0.0275728143227114,0.00833268022158128,0.0372776139767649,0
1406,-0.21,0.0112879687549768,0.00829259748115128,0.0372782159485197,0
1406.00277777778,-0.21,-0.00421783115392916,0.00827042686399981,0.0372785489564533,0
1406.00555555556,-0.21,-0.0177696107334429,0.0082812310364942,0.0372786731402743,0
1406.00833333333,-0.19,-0.0283980703184227,0.0083369232363592,0.0372786915071855,0
1406.01111111111,-0.165,-0.0354324970163976,0.00844501868738059,0.0372787348088772,0
1406.01388888889,-0.155,-0.0385651779167449,0.00860780901063653,0.0372789543326376,0
1406.01666666667,-0.16,-0.0378809521080934,0.00882204067360231,0.0372794380064375,0
1406.01944444444,-0.165,-0.0338488582521186,0.00907912934627751,0.0372800846460439,0
1406.02222222222,-0.185,-0.0272764671007359,0.00936588933780381,0.0372807791428982,0
1406.025,-0.205,-0.019231087109542,0.00966570626539302,0.0372813974157719,0
1406.02777777778,-0.22,-0.0109352500698425,0.00972687700729357,0.0372818138098067,0
1406.03055555556,-0.23,-0.00364641051584063,0.00947489471134026,0.037281853446058,0
1406.03333333333,-0.22,0.00146762007163795,0.00924648227242207,0.0372814073684022,0
1406.03611111111,-0.22,0.00344549471040146,0.00907409655988394,0.0372805157509172,0
1406.03888888889,-0.215,0.0016300634771599,0.00896794086467425,0.0372792630604702,0
1406.04166666667,-0.2,-0.00426256429582454,0.00893324842675295,0.0372777726072224,0
1406.04444444444,-0.19,-0.0141095099287,0.00897001082092785,0.0372761201908326,0
1406.04722222222,-0.18,-0.0273866652570837,0.00907324461762517,0.0372743568691995,0
1406.05,-0.185,-0.0432130324829459,0.00923376620216024,0.0372725264095523,0
1406.05277777778,-0.185,-0.0604298600936428,0.00943939103807761,0.0372706634290748,0
1406.05555555556,-0.195,-0.0777071722468651,0.00967642786169781,0.0372687923620193,0
1406.05833333333,-0.21,-0.0936675760491248,0.0098841171465623,0.0372669775129975,0
1406.06111111111,-0.23,-0.107015471474789,0.00986688678835804,0.0372653229297326,0
1406.06388888889,-0.25,-0.116659160819775,0.00967161150381541,0.0372639148261223,0
1406.06666666667,-0.245,-0.12181393015344,0.00942126649018406,0.0372628143556781,0
1406.06944444444,-0.24,-0.122075911012118,0.00917887416928154,0.0372620535897983,0
1406.07222222222,-0.23,-0.117459271562521,0.00894035260769088,0.0372616323863516,0
1406.075,-0.215,-0.108392779551279,0.00883009373021629,0.0372615190928554,0
1406.07777777778,-0.195,-0.0956756965256869,0.0089503010919958,0.0372616558472092,0
1406.08055555556,-0.175,-0.08039693165767,0.00923222015051964,0.0372619665485315,0
1406.08333333333,-0.175,-0.0638250223176919,0.00954955425450082,0.0372623682203013,0
1406.08611111111,-0.18,-0.0472794626339558,0.00990946633283385,0.0372626368721167,0
1406.08888888889,-0.195,-0.031995877097459,0.0103144119855272,0.0372625850719806,0
1406.09166666667,-0.21,-0.0189983301578803,0.0107607529927378,0.0372621418727777,0
1406.09444444444,-0.22,-0.00899158137254728,0.0112379285065099,0.0372613371451892,0
1406.09722222222,-0.24,-0.00228436630282552,0.0117283187582942,0.0372604685283817,0
1406.1,-0.23,0.00124804716522568,0.0122078723365531,0.0372597241811828,0
1406.10277777778,-0.235,0.00215745506487212,0.0126474937587625,0.0372588470255452,0
1406.10555555556,-0.225,0.00137208046898719,0.0130151100949185,0.0372595492150335,0
1406.10833333333,-0.205,0.000105620735460768,0.0132782613493915,0.0372648632864824,0
1406.11111111111,-0.175,-0.000266093532411864,0.0134069966614014,0.0372770792502336,0
1406.11388888889,-0.135,0.00165042960830366,0.0134371794868367,0.0372984169618219,0
1406.11666666667,-0.1,0.00711431773867283,0.0136426348277053,0.0373307787452054,0
1406.11944444444,-0.085,0.0171054016691058,0.0140293888750857,0.0373756793345078,0
1406.12222222222,-0.08,0.0322007184575445,0.0145917238108391,0.0374340880663847,0
1406.125,-0.085,0.0524851143620779,0.0153117141209924,0.0375062939631274,0
1406.12777777778,-0.09,0.0775056936185677,0.0161598232076669,0.037591806487779,0
1406.13055555556,-0.11,0.106275950053539,0.0170965742937278,0.037689301254386,0
1406.13333333333,-0.08,0.137330867563625,0.0180752088904242,0.0377966179550114,0
1406.13611111111,-0.075,0.168829497018592,0.019045147993196,0.0379108143932251,0
1406.13888888889,-0.055,0.19869695459036,0.0199559850286073,0.0380282263733582,0
1406.14166666667,-0.035,0.224793871260098,0.0207616740488119,0.0381446306900257,0
1406.14444444444,-0.035,0.245098434353608,0.0214245388918999,0.0382636347564565,0
1406.14722222222,-0.02,0.25788459006699,0.0218645601252669,0.0383891652809445,0
1406.15,-0.045,0.261879894973955,0.0220912305154046,0.0385245001432577,0
1406.15277777778,-0.04,0.256387953586735,0.022203652989608,0.0386721141091055,0
1406.15555555556,-0.055,0.241363256690303,0.0221856451375867,0.0388335909258253,0
1406.15833333333,-0.06,0.21743030629068,0.022045625297691,0.0390096062146633,0
1406.16111111111,-0.07,0.185843828285814,0.0218288930967734,0.0391999810800001,0
1406.16388888889,-0.075,0.148392199951389,0.0215878442873851,0.0394038004074304,0
1406.16666666667,-0.08,0.107251476754094,0.0213768962922555,0.0396195855373186,0
1406.16944444444,-0.09,0.0648021097218294,0.0212468963860133,0.0398455052594107,0
1406.17222222222,-0.105,0.023424159478057,0.0212394909885035,0.0400795609443953,0
1406.175,-0.125,-0.0147108232876588,0.0213819671805188,0.0403198796629739,0
1406.17777777778,-0.145,-0.0478323123843091,0.0216830669972511,0.0405649524524651,0
1406.18055555556,-0.165,-0.0747297074382938,0.0221302201195211,0.0408115072746349,0
1406.18333333333,-0.205,-0.0948621957874921,0.022688543881911,0.0410547055388326,0
1406.18611111111,-0.235,-0.10840818615102,0.023301827382457,0.0412943665958343,0
1406.18888888889,-0.26,-0.116248087198538,0.0238955585526887,0.0415297767343811,0
1406.19166666667,-0.265,-0.11988005321831,0.02438188157519,0.0417596694391608,0
1406.19444444444,-0.275,-0.121274348650407,0.0242874463371712,0.0419824279308093,0
1406.19722222222,-0.28,-0.122677661423803,0.0242986553599146,0.0421962812597301,0
1406.2,-0.28,-0.126383511527623,0.0246893973545149,0.0423995266220913,0
1406.20277777778,-0.27,-0.134488412843804,0.0255257242628665,0.0425907572905671,0
1406.20555555556,-0.25,-0.148655316889579,0.0268480126307733,0.0427690775783417,0
1406.20833333333,-0.265,-0.169905898865044,0.0286646273020505,0.0429342828871835,0
1406.21111111111,-0.255,-0.198461398772229,0.0309475758373346,0.043086987879667,0
1406.21388888889,-0.26,-0.23364812585076,0.0336306337181082,0.0432286896224192,0
1406.21666666667,-0.26,-0.273878649990965,0.0366102521167712,0.04336255598645,0
1406.21944444444,-0.265,-0.316713548108564,0.0397493594694669,0.0434934758043325,0
1406.22222222222,-0.285,-0.359001853887606,0.0428839500304076,0.0436261996430209,0
1406.225,-0.315,-0.397091638496952,0.0458321336246026,0.0437569610861711,0
1406.22777777778,-0.32,-0.427095998147053,0.0484051181259647,0.0438810172372912,0
1406.23055555556,-0.32,-0.445194670706554,0.0504194261443864,0.0439938321959303,0
1406.23333333333,-0.32,-0.447947990191231,0.0517095242525205,0.0440916666278458,0
1406.23611111111,-0.33,-0.432598231635241,0.0521399777511248,0.0441734004783084,0
1406.23888888889,-0.325,-0.397333763392209,0.0525669321704981,0.0442388493413714,0
1406.24166666667,-0.325,-0.341493805045148,0.053834323490883,0.0442886962592708,0
1406.24444444444,-0.32,-0.265695814041424,0.0557873806232107,0.0443243746708314,0
1406.24722222222,-0.295,-0.171873265377091,0.0582436645116606,0.0443479132359322,0
1406.25,-0.225,-0.063218390821587,0.0610087266128009,0.044361755644472,0
1406.25277777778,-0.145,0.0559682379646196,0.0638921255702603,0.0443685693336799,0
1406.25555555556,-0.03,0.180512154291561,0.0667224643744045,0.0443710290323401,0
1406.25833333333,0.115,0.304667756616388,0.0693602123107088,0.0443731171187558,0
1406.26111111111,0.285,0.422468277937652,0.0717072815825658,0.0443750921762228,0
1406.26388888889,0.5,0.528098090518505,0.0737126191639955,0.0443776029942044,0
1406.26666666667,0.74,0.616260631421533,0.0753734245747577,0.0443793671112908,0
1406.26944444444,0.965,0.682515465003281,0.076731983387082,0.0443814918043199,0
1406.27222222222,1.165,0.723560276158941,0.0778684816901065,0.0443839625463037,0
1406.275,1.27,0.737437723050563,0.078890506423905,0.0443867133068634,0
1406.27777777778,1.27,0.723652732115341,0.0788616077840762,0.0443896432476681,0
1406.28055555556,1.14,0.683192533720359,0.0777014992245403,0.0443926343278191,0
1406.28333333333,0.925,0.618448975566677,0.0763016068646885,0.0443955758861889,0
1406.28611111111,0.655,0.533049838755853,0.0745784810964712,0.044398378847298,0
1406.28888888889,0.375,0.431612455847319,0.0724847669734977,0.0444009760934725,0
1406.29166666667,0.095,0.31943838617381,0.0700160580102807,0.0444033269672965,0
1406.29444444444,-0.11,0.202171833775099,0.0672138490552886,0.0444054160018328,0
1406.29722222222,-0.245,0.085446619482068,0.0641643372545482,0.0444072568531192,0
1406.3,-0.315,-0.025453287519382,0.0609931775437871,0.0444089255241382,0
1406.30277777778,-0.325,-0.125896383159885,0.0578566431780605,0.0444087461918981,0
1406.30555555556,-0.29,-0.212149524681336,0.0549299434685502,0.0444070712078301,0
1406.30833333333,-0.245,-0.281552089888842,0.052393685156443,0.0444046987856171,0
1406.31111111111,-0.215,-0.332609213236053,0.0504196118705591,0.0444016136887583,0
1406.31388888889,-0.205,-0.365001250000888,0.0491568067051368,0.0443962049342138,0
1406.31666666667,-0.225,-0.379512948001842,0.0487194934169566,0.0443869248776047,0
1406.31944444444,-0.275,-0.377891627985352,0.0482615588958596,0.04437202462497,0
1406.32222222222,-0.335,-0.362648548073992,0.046889339242348,0.0443494896831114,0
1406.325,-0.39,-0.336821204348571,0.0446766795863657,0.0443173722913799,0
1406.32777777778,-0.41,-0.303716365250468,0.0418340643624551,0.044273944800128,0
1406.33055555556,-0.41,-0.266654050628258,0.0385482021371967,0.0442178561876864,0
1406.33333333333,-0.415,-0.228731481536823,0.0350156898028856,0.0441482796311265,0
1406.33611111111,-0.39,-0.192623407431354,0.0314308916544467,0.0440650395676707,0
1406.33888888889,-0.36,-0.160431436718596,0.0279747336256245,0.0439687047711919,0
1406.34166666667,-0.355,-0.133590412003406,0.0248050915848965,0.0438606377981582,0
1406.34444444444,-0.355,-0.112834890998349,0.0220493074991931,0.0437429975046754,0
1406.34722222222,-0.35,-0.098223841146431,0.0197991916435204,0.0436186878228634,0
1406.35,-0.36,-0.0892171328553174,0.0181086770127487,0.0434914882821591,0
1406.35277777778,-0.35,-0.0847936714969019,0.0169940984480657,0.0433657437137523,0
1406.35555555556,-0.35,-0.0835983099625059,0.0164368879719167,0.0432387497333846,0
1406.35833333333,-0.36,-0.0841031997859141,0.0163883220916456,0.0431069660359935,0
1406.36111111111,-0.37,-0.0847690282290589,0.0166640213821567,0.0429674256935941,0
1406.36388888889,-0.38,-0.0841926000988617,0.0163472841756514,0.0428178694565114,0
1406.36666666667,-0.38,-0.0812293047814453,0.0155497177725129,0.0426568221778399,0
1406.36944444444,-0.375,-0.0750819264054044,0.0144160719195801,0.0424836046781229,0
1406.37222222222,-0.365,-0.0653507144269178,0.0132258751467874,0.0422982828955201,0
1406.375,-0.355,-0.0520433083329355,0.012061213927539,0.0421015339454186,0
1406.37777777778,-0.35,-0.0355466768757473,0.010988499167352,0.0418945179584191,0
1406.38055555556,-0.355,-0.0165663890554108,0.0100557954690198,0.0416788076820877,0
1406.38333333333,-0.39,0.00395896809969398,0.00929182181915545,0.041456049314468,0
1406.38611111111,-0.37,0.0249587498066355,0.00870653799528779,0.0412277626629088,0
1406.38888888889,-0.37,0.0453363907217645,0.00829311621827858,0.0409951641255771,0
1406.39166666667,-0.355,0.064070735693167,0.00803100697588462,0.0407608816467405,0
1406.39444444444,-0.355,0.0803036686496829,0.00788974704590391,0.0405299213738719,0
1406.39722222222,-0.35,0.0934069561227728,0.00786392599045496,0.0403025793506502,0
1406.4,-0.35,0.103023555564088,0.00787369670171611,0.0400795317514659,0
1406.40277777778,-0.37,0.109081256486791,0.00787220467482135,0.0398620516731674,0
1406.40555555556,-0.385,0.111779174521196,0.00785474669553529,0.0396517075311345,0
1406.40833333333,-0.385,0.111550065158142,0.00779581410116628,0.0394501839695253,0
1406.41111111111,-0.375,0.109003456946921,0.00768192719407252,0.0392590802660563,0
1406.41388888889,-0.365,0.104856063213689,0.00750902335349191,0.0390797041628486,0
1406.41666666667,-0.355,0.0998567171536435,0.00728190620167055,0.0389128804402414,0
1406.41944444444,-0.355,0.0947131536925188,0.00701290776171303,0.0387587866225334,0
1406.42222222222,-0.355,0.0900273648233956,0.00671995658325452,0.0386168394015757,0
1406.425,-0.34,0.0862450747105011,0.00642428078246387,0.0384856382892419,0
1406.42777777778,-0.35,0.08362325639185,0.00614798829718238,0.0383626144546304,0
1406.43055555556,-0.34,0.0822177161301611,0.00591175782886499,0.0382430073145222,0
1406.43333333333,-0.32,0.0818907927411861,0.00573284524066227,0.0381221536015722,0
1406.43611111111,-0.32,0.0823373436675625,0.00562356548477351,0.0380028853272343,0
1406.43888888889,-0.335,0.0831255841175443,0.00559035446421805,0.0378892785756239,0
1406.44166666667,-0.345,0.083748143780741,0.00563345425774432,0.0377853257677201,0
1406.44444444444,-0.34,0.0836779970498396,0.00574720462630033,0.0376946819275245,0
1406.44722222222,-0.335,0.0824237469691244,0.00592086904994029,0.0376194310878878,0
1406.45,-0.34,0.0795790888988027,0.00612407859506099,0.0375599106009182,0
1406.45277777778,-0.335,0.0748620882971535,0.00619592266793422,0.0375156093936745,0
1406.45555555556,-0.34,0.0681410796059907,0.00616825704201074,0.0374852979187113,0
1406.45833333333,-0.345,0.0594454029075707,0.00607603948513665,0.0374672662099814,0
1406.46111111111,-0.36,0.0489606992625309,0.00595366054349697,0.0374593472097613,0
1406.46388888889,-0.365,0.0370099403303552,0.00583155351912287,0.0374589453134238,0
1406.46666666667,-0.355,0.0240226406965766,0.00573338705001146,0.0374599776674973,0
1406.46944444444,-0.36,0.010495683362652,0.00567407423115658,0.0374609042001305,0
1406.47222222222,-0.335,-0.00305019655087152,0.00565874484690221,0.037462064038048,0
1406.475,-0.315,-0.0161140165866134,0.00568273088864519,0.0374636396369316,0
1406.47777777778,-0.29,-0.0282541844635949,0.00570172272766081,0.0374649893361981,0
1406.48055555556,-0.295,-0.0391206779171715,0.00570238097737341,0.0374658128755786,0
1406.48333333333,-0.31,-0.0484771395279993,0.00569448408234529,0.0374662236253988,0
1406.48611111111,-0.32,-0.056211325847963,0.00570164955080513,0.0374663791299887,0
1406.48888888889,-0.34,-0.0623335120195164,0.00570020651631918,0.0374663399894774,0
1406.49166666667,-0.36,-0.0669635983440621,0.00568437579131924,0.0374662007592252,0
1406.49444444444,-0.365,-0.0703086889255132,0.00565087984139407,0.0374660760082535,0
1406.49722222222,-0.36,-0.0726337258362097,0.00559903884866841,0.0374660863760137,0
1406.5,-0.335,-0.0742282999897836,0.00553056912886354,0.0374663409098193,0
1406.50277777778,-0.325,-0.0753729851520579,0.00544912458347735,0.0374669294923828,0
1406.50555555556,-0.325,-0.0763084476607215,0.00535964706557478,0.0374679150157963,0
1406.50833333333,-0.315,-0.077210194232581,0.00526760900387391,0.0374692751673983,0
1406.51111111111,-0.32,-0.0781711823508933,0.00517823989062871,0.0374708932630408,0
1406.51388888889,-0.32,-0.0791937009504148,0.0050958267603027,0.0374726927808037,0
1406.51666666667,-0.33,-0.080191015208244,0.00502316799758113,0.0374747492807232,0
1406.51944444444,-0.315,-0.0809983448998912,0.00496124103970663,0.037477200387307,0
1406.52222222222,-0.31,-0.0813918946072724,0.00490911984997991,0.0374801160461414,0
1406.525,-0.295,-0.0811139492910356,0.00486415003719492,0.0374835672799642,0
1406.52777777778,-0.29,-0.079901547210413,0.00482236105058775,0.0374874526383829,0
1406.53055555556,-0.285,-0.0775159801650894,0.00477906885324961,0.0374915880567568,0
1406.53333333333,-0.29,-0.0737703621112703,0.00472960144891631,0.0374959192375344,0
1406.53611111111,-0.28,-0.0685527422091516,0.0046700656651954,0.0375004169091949,0
1406.53888888889,-0.27,-0.0618426873850728,0.00459806802819909,0.0375049765039286,0
1406.54166666667,-0.245,-0.0537198755562326,0.00457285950649791,0.0375094278096111,0
1406.54444444444,-0.21,-0.0443639646432315,0.00458926449119504,0.0375137541452941,0
1406.54722222222,-0.19,-0.0340457687987781,0.00462589168540797,0.0375180078838114,0
1406.55,-0.16,-0.0231105157489641,0.00466337415794273,0.0375222498361763,0
1406.55277777778,-0.14,-0.0119546166148951,0.00468599660496458,0.0375265457966502,0
1406.55555555556,-0.14,-0.000997900698078468,0.00468293615720293,0.0375309621772421,0
1406.55833333333,-0.145,0.00934638540054243,0.00464902792216973,0.0375355617862285,0
1406.56111111111,-0.155,0.0187013643520441,0.00465736897259632,0.0375403476617288,0
1406.56388888889,-0.175,0.0267537013921072,0.00471799779211465,0.0375450741848644,0
1406.56666666667,-0.17,0.033276007100463,0.00481829953921652,0.0375496705104245,0
1406.56944444444,-0.175,0.0381427195492103,0.00491621985998396,0.0375542576832648,0
1406.57222222222,-0.165,0.0413382511480905,0.00499461552357334,0.0375588141469322,0
1406.575,-0.18,0.0429568040016351,0.0050357440423977,0.0375633346769325,0
1406.57777777778,-0.165,0.0431939094394386,0.00502292456620699,0.0375678281961276,0
1406.58055555556,-0.165,0.0423303824151991,0.00494209219253338,0.037572315638368,0
1406.58333333333,-0.165,0.0407099526967081,0.00478312104816604,0.0375768227226868,0
1406.58611111111,-0.17,0.0387123015558694,0.00454081245086169,0.0375813773430504,0
1406.58888888889,-0.18,0.0367235632805017,0.00421547264516474,0.0375860023081676,0
1406.59166666667,-0.185,0.035106524198556,0.00386375217018437,0.0375905375853061,0
1406.59444444444,-0.195,0.0341727585841223,0.00356267854043353,0.0375949734940626,0
1406.59722222222,-0.2,0.0341587831422559,0.00332544474823827,0.037599324094931,0
1406.6,-0.205,0.0352080032962742,0.00316139571894476,0.0376037119552435,0
1406.60277777778,-0.21,0.037359788769687,0.00307538983586792,0.0376082173595088,0
1406.60555555556,-0.2,0.0405464847518779,0.00306751061563445,0.0376128527919441,0
1406.60833333333,-0.195,0.0445985761347562,0.00313315376762521,0.0376176424548785,0
1406.61111111111,-0.2,0.0492576174241721,0.00326348270373893,0.0376226055877997,0
1406.61388888889,-0.195,0.0541959625238974,0.00344621382095854,0.0376277189112003,0
1406.61666666667,-0.185,0.0590418176164857,0.00366666438523122,0.0376329132270237,0
1406.61944444444,-0.185,0.0634077336040297,0.00390897315327406,0.0376380550123074,0
1406.62222222222,-0.18,0.0669203822462171,0.0040978354392807,0.0376430808006379,0
1406.625,-0.19,0.0692493438373921,0.00422621004031637,0.0376479290608159,0
1406.62777777778,-0.19,0.0701326853166339,0.00430834157242246,0.0376525453183154,0
1406.63055555556,-0.19,0.0693973260412509,0.00436223057029492,0.0376568860836408,0
1406.63333333333,-0.195,0.066972562169956,0.0044081226512962,0.0376609219869924,0
1406.63611111111,-0.205,0.0628956262268019,0.00446677621694448,0.0376646426193722,0
1406.63888888889,-0.195,0.0573087619776929,0.00455764126326437,0.0376680595958445,0
1406.64166666667,-0.19,0.0504479536354194,0.00462473339689182,0.0376712085464975,0
1406.64444444444,-0.19,0.0426241139821271,0.00467610896000756,0.0376741751352719,0
1406.64722222222,-0.19,0.0341981568660393,0.00472229710947235,0.0376771436643412,0
1406.65,-0.185,0.0255519052699943,0.00477419461653342,0.037680312342845,0
1406.65277777778,-0.195,0.0170571712717452,0.00484191577555083,0.0376839293007534,0
1406.65555555556,-0.2,0.00904555205429295,0.00493374058419284,0.0376878566347882,0
1406.65833333333,-0.2,0.00178149234324685,0.0050552581808557,0.0376919517126679,0
1406.66111111111,-0.19,-0.0045590409751851,0.00520878349674823,0.0376960740189842,0
1406.66388888889,-0.19,-0.00990233412371046,0.00539309874990931,0.0377000923168175,0
1406.66666666667,-0.195,-0.014281799695626,0.005603540197999,0.0377038915736142,0
1406.66944444444,-0.19,-0.0178333189092947,0.00583241737894918,0.0377073776139452,0
1406.67222222222,-0.2,-0.0207812283402777,0.00601900559316762,0.0377106344583838,0
1406.675,-0.21,-0.0234159473585116,0.00608610047392192,0.0377136961108205,0
1406.67777777778,-0.2,-0.0260650091436549,0.0060245071313734,0.0377166300198318,0
1406.68055555556,-0.21,-0.0290599011728692,0.00583297756325232,0.0377195328660367,0
1406.68333333333,-0.22,-0.0327015779766384,0.00567439465404536,0.0377226195110453,0
1406.68611111111,-0.22,-0.0372277302933082,0.00555793458151019,0.0377261388353641,0
1406.68888888889,-0.22,-0.0427848493809574,0.00548757159107855,0.0377302627621373,0
1406.69166666667,-0.22,-0.0494078042818784,0.00546413227393579,0.0377349861572,0
1406.69444444444,-0.22,-0.0570090688322219,0.00548544921512621,0.0377401075394993,0
1406.69722222222,-0.22,-0.0653789342280331,0.00554684001413136,0.0377453660204084,0
1406.7,-0.23,-0.0741970843764605,0.00564186113242962,0.037750767830137,0
1406.70277777778,-0.24,-0.0830548753603191,0.00576325556093746,0.0377563424426653,0
1406.70555555556,-0.24,-0.0914866389460953,0.00590399023628617,0.037762092170223,0
1406.70833333333,-0.225,-0.0990074186728922,0.00605826601058806,0.0377679939177279,0
1406.71111111111,-0.205,-0.10515383616061,0.00622238145818028,0.0377740047235939,0
1406.71388888889,-0.19,-0.10952435157378,0.00639534248063143,0.0377800707823735,0
1406.71666666667,-0.19,-0.111815080583027,0.00657913198060059,0.0377861386762189,0
1406.71944444444,-0.205,-0.111847587356624,0.00677858609525963,0.0377921694203336,0
1406.72222222222,-0.23,-0.109585683381353,0.00700086285559728,0.037798153060606,0
1406.725,-0.26,-0.10513918583158,0.00725453209921118,0.0378066429812853,0
1406.72777777778,-0.26,-0.0987537554380101,0.0075483579321064,0.0378169854293072,0
1406.73055555556,-0.275,-0.0907872440391052,0.00788988278658211,0.0378279686230924,0
1406.73333333333,-0.27,-0.0816743187463338,0.00828395118467935,0.0378390434754391,0
1406.73611111111,-0.255,-0.0718823663577323,0.00873132835477175,0.0378521290585061,0
1406.73888888889,-0.245,-0.0618626942160366,0.00922757151032675,0.0378694537773666,0
1406.74166666667,-0.235,-0.0520017224708773,0.00976229878387761,0.0378934319378902,0
1406.74444444444,-0.215,-0.0425771237372393,0.0103189728313928,0.037926508849939,0
1406.74722222222,-0.195,-0.0337236607105689,0.0108752747552939,0.0379709833648659,0
1406.75,-0.175,-0.025412793516726,0.0114040923761847,0.0380288197558342,0
1406.75277777778,-0.18,-0.0174490144346594,0.0118750892940435,0.0381014051220482,0
1406.75555555556,-0.185,-0.00948439991731998,0.0122567627027798,0.0381895292967087,0
1406.75833333333,-0.195,-0.00105116880706452,0.0125188440153877,0.0382931889464344,0
1406.76111111111,-0.215,0.00838974927194174,0.0126348523675032,0.0384114948855335,0
1406.76388888889,-0.195,0.0193878341405138,0.0126851230024662,0.0385426318781443,0
1406.76666666667,-0.175,0.0324349356111449,0.0129134133733018,0.0386838779917418,0
1406.76944444444,-0.155,0.0478962754785898,0.0133213259892579,0.0388316865022236,0
1406.77222222222,-0.145,0.0659472139243307,0.0138993600151363,0.0389818289211347,0
1406.775,-0.14,0.0865224164073538,0.0146267944855548,0.0391337275263855,0
1406.77777777778,-0.115,0.10928333331426,0.0154724942006446,0.039291860147981,0
1406.78055555556,-0.085,0.133608574395663,0.0163966353516243,0.0394597274974776,0
1406.78333333333,-0.06,0.158609912757463,0.0173532656726679,0.0396397951543099,0
1406.78611111111,-0.04,0.183174432136371,0.0182935338149352,0.0398336952762783,0
1406.78888888889,-0.01,0.206030922868999,0.0191693520036587,0.0400419923244418,0
1406.79166666667,-0.025,0.225836250974623,0.0199372017683123,0.0402642479177238,0
1406.79444444444,-0.035,0.241275295241144,0.0205617604760064,0.0404991800346263,0
1406.79722222222,-0.075,0.251166382316022,0.0210190207689986,0.0407448868218642,0
1406.8,-0.075,0.25456313130097,0.0212985979393948,0.0409991144418304,0
1406.80277777778,-0.08,0.250843378911773,0.0214049715084927,0.0412595440638015,0
1406.80555555556,-0.075,0.239776460607767,0.0213574840584618,0.0415240716084418,0
1406.80833333333,-0.07,0.221561564351469,0.0211890175428627,0.0417910548742267,0
1406.81111111111,-0.06,0.196832066202092,0.0209433776614397,0.0420594713125314,0
1406.81388888889,-0.065,0.166623541267184,0.0206715316501492,0.0423272610668492,0
1406.81666666667,-0.075,0.132306297140978,0.0204269543573896,0.0425931995032938,0
1406.81944444444,-0.075,0.095486531620872,0.0202604320071149,0.0428558747787907,0
1406.82222222222,-0.095,0.0578832805654469,0.0202147435841364,0.0431132898023166,0
1406.825,-0.115,0.0211909057060574,0.0203196788612437,0.0433630165237453,0
1406.82777777778,-0.15,-0.0130612847935955,0.0205878545323766,0.0436025470513734,0
1406.83055555556,-0.19,-0.0436397951623917,0.021011753354479,0.0438295612893318,0
1406.83333333333,-0.225,-0.0697157767675878,0.0215623364327902,0.044042086327172,0
1406.83611111111,-0.275,-0.0909409397816998,0.0221894698676516,0.0442387164315671,0
1406.83888888889,-0.285,-0.107481908833447,0.0228242710504908,0.0444189259342843,0
1406.84166666667,-0.29,-0.120007660416291,0.023383326717719,0.0445832131485543,0
1406.84444444444,-0.29,-0.129628609233966,0.0235180415032105,0.0447331617443464,0
1406.84722222222,-0.295,-0.137790181752225,0.0233881162388949,0.0448717018753156,0
1406.85,-0.305,-0.146127965058403,0.023606482574155,0.0450039676232891,0
1406.85277777778,-0.3,-0.156295369176718,0.024245321389821,0.0451351068361903,0
1406.85555555556,-0.3,-0.169777830169714,0.0253542097449901,0.0452658609129461,0
1406.85833333333,-0.3,-0.187709598918653,0.0269533789085515,0.0453911519224239,0
1406.86111111111,-0.31,-0.210709875733678,0.0290286618591791,0.0455060096441017,0
1406.86388888889,-0.305,-0.23875433713159,0.0315286510221909,0.0456065735361413,0
1406.86666666667,-0.3,-0.271095950973353,0.0343644474708512,0.0456908998929668,0
1406.86944444444,-0.295,-0.30624550754695,0.0374122059315491,0.0457582332352606,0
1406.87222222222,-0.295,-0.342017744923599,0.0405184778480793,0.045808773911577,0
1406.875,-0.31,-0.375643658801102,0.0435081421410253,0.0458435798176255,0
1406.87777777778,-0.325,-0.403943980178315,0.0461945062370611,0.0458644225957515,0
1406.88055555556,-0.345,-0.423553343512882,0.0483909747344878,0.0458736108007123,0
1406.88333333333,-0.35,-0.431179824681332,0.0499235349240122,0.0458834302416166,0
1406.88611111111,-0.35,-0.423880739042479,0.0506432101779374,0.0458947200431537,0
1406.88888888889,-0.355,-0.399333219063638,0.0504375934139834,0.045907001731835,0
1406.89166666667,-0.345,-0.356077395259946,0.0510595686774188,0.0459179707850641,0
1406.89444444444,-0.35,-0.293711108025135,0.0525593079260768,0.0459252557704184,0
1406.89722222222,-0.345,-0.21301795815565,0.0547893899144455,0.045930027041529,0
1406.9,-0.32,-0.116014987067342,0.0575686360611561,0.045933507042947,0
1406.90277777778,-0.26,-0.00591205028457292,0.0606967493332772,0.0459367945053263,0
1406.90555555556,-0.17,0.113018421585965,0.0639702020204604,0.0459404693117265,0
1406.90833333333,-0.02,0.235655607445855,0.0671980712057983,0.0459451133447635,0
1406.91111111111,0.185,0.356316003394029,0.0702165156597836,0.0459512128998339,0
1406.91388888889,0.415,0.469092249494658,0.0729006933165516,0.0459590097692608,0
1406.91666666667,0.685,0.568221971293808,0.0751731270078692,0.0459684860699586,0
1406.91944444444,0.945,0.648460526770931,0.0770078212878309,0.0459793713932634,0
1406.92222222222,1.155,0.705430523849983,0.0784297908105362,0.0459911732714077,0
1406.925,1.285,0.735922055031488,0.0795100509109632,0.0460031140235073,0
1406.92777777778,1.28,0.73812074139508,0.0798531254301154,0.0460143015490796,0
1406.93055555556,1.165,0.711745675449274,0.0791080720196087,0.0460240901615763,0
1406.93333333333,0.955,0.658085833119877,0.0783221702861212,0.0460318590810924,0
1406.93611111111,0.68,0.579930994464189,0.0773588592925151,0.046037113905333,0
1406.93888888889,0.385,0.481401087460644,0.0761023798777535,0.0460395864362401,0
1406.94166666667,0.115,0.367685525754105,0.0744710877181478,0.0460393226063815,0
1406.94444444444,-0.1,0.244710936427881,0.0724277668546107,0.0460368631107727,0
1406.94722222222,-0.25,0.118761116211318,0.0699859888165847,0.0460350097880548,0
1406.95,-0.32,-0.00392332952785154,0.0672118969914719,0.0460333325066754,0
1406.95277777778,-0.36,-0.117536718950771,0.0642211871249615,0.0460301698441377,0
1406.95555555556,-0.36,-0.217063209876483,0.0611714694785838,0.0460235478408986,0
1406.95833333333,-0.33,-0.298569665372587,0.0582506005837174,0.0460112919057005,0
1406.96111111111,-0.3,-0.359416144865608,0.0556619278514947,0.0459911692047461,0
1406.96388888889,-0.3,-0.39837016894644,0.0537872229129213,0.0459610525343131,0
1406.96666666667,-0.305,-0.415618415640708,0.0530202155833292,0.0459190943467524,0
1406.96944444444,-0.33,-0.412677444566562,0.0533363838751954,0.0458638982686369,0
1406.97222222222,-0.365,-0.392212771034008,0.0528345706457178,0.0457946743160044,0
1406.975,-0.385,-0.357782502613775,0.0513198670432859,0.0457113648208892,0
1406.97777777778,-0.395,-0.313527255772374,0.0488130106863966,0.0456147303488559,0
1406.98055555556,-0.4,-0.263831757312631,0.0454313766828178,0.0455066619091405,0
1406.98333333333,-0.395,-0.212985125572439,0.0417633101304205,0.045389830191651,0
1406.98611111111,-0.4,-0.164866216804657,0.0380205852323525,0.0452675220752993,0
1406.98888888889,-0.4,-0.122677693873035,0.0344017786106893,0.0451435566062033,0
1406.99166666667,-0.4,-0.0887478840536639,0.0310810074090334,0.0450179294524246,0
1406.99444444444,-0.41,-0.0644134496979884,0.0281989918832566,0.0448868701078064,0
1406.99722222222,-0.415,-0.0499889258499645,0.025856929453412,0.0447472842984215,0
1407,-0.425,-0.044821879607298,0.024113442701719,0.0445968713922564,0
1407.00277777778,-0.43,-0.0474254334677199,0.0229846292832785,0.0444340948541277,0
1407.00555555556,-0.415,-0.0556737520910536,0.022447015287142,0.0442583826506355,0
1407.00833333333,-0.41,-0.0670413189187654,0.0224430121633735,0.0440700123818094,0
1407.01111111111,-0.415,-0.078863801209721,0.0226854897413086,0.0438698758601722,0
1407.01388888889,-0.41,-0.0885972390685939,0.0220663884776818,0.0436592933522635,0
1407.01666666667,-0.405,-0.0940532433744914,0.0210383776721337,0.0434398038321485,0
1407.01944444444,-0.39,-0.0935907224747324,0.0198856310211162,0.0432129507017501,0
1407.02222222222,-0.385,-0.0862490907877137,0.0187108203603926,0.0429800828832257,0
1407.025,-0.395,-0.0718135235054612,0.0176015085087822,0.0427421450693444,0
1407.02777777778,-0.405,-0.0508090953171313,0.0166252083626826,0.042499475427935,0
1407.03055555556,-0.42,-0.0244270144259843,0.0158265045632446,0.0422567505839799,0
1407.03333333333,-0.42,0.00560792474940844,0.0152263002672675,0.0420190048727823,0
1407.03611111111,-0.425,0.0372146052096268,0.014823077390734,0.0417873104917418,0
1407.03888888889,-0.425,0.0681599449066343,0.0145959037333356,0.0415631097261944,0
1407.04166666667,-0.41,0.0962708352648802,0.0145087962894223,0.0413480545756436,0
1407.04444444444,-0.395,0.119634053457755,0.0145016271828502,0.0411438164706238,0
1407.04722222222,-0.375,0.136766209562736,0.0144501684859669,0.0409518832946566,0
1407.05,-0.365,0.146739030397001,0.0144031403982083,0.0407733617817219,0
1407.05277777778,-0.37,0.149249767284377,0.0144031404635194,0.0406088034011355,0
1407.05555555556,-0.39,0.144631812225039,0.0144827747962462,0.0404580694677362,0
1407.05833333333,-0.395,0.133806218263145,0.0146620442976858,0.0403202478176277,0
1407.06111111111,-0.39,0.118180228964388,0.0149152284171003,0.0401936291324235,0
1407.06388888889,-0.4,0.0995036409208975,0.0147923437898931,0.0400756857452086,0
1407.06666666667,-0.405,0.0796974363900012,0.0143301789083955,0.039963170533861,0
1407.06944444444,-0.41,0.0606713236420834,0.0138185286093425,0.039852376238734,0
1407.07222222222,-0.415,0.0441474384060471,0.0132929566031917,0.0397433559551184,0
1407.075,-0.42,0.0315064674698445,0.0127916329441342,0.0396401367078425,0
1407.07777777778,-0.415,0.0236699796863719,0.0123515791452035,0.0395464220068667,0
1407.08055555556,-0.395,0.0210290493171916,0.0120052196034731,0.0394649969140239,0
1407.08333333333,-0.375,0.0234246990870236,0.011777538522038,0.0393979232596933,0
1407.08611111111,-0.38,0.0301807155007398,0.0116840679790015,0.0393463996795438,0
1407.08888888889,-0.395,0.0401844677834525,0.0117298429729749,0.0393107564030585,0
1407.09166666667,-0.41,0.0520069519684304,0.0119093622022548,0.0392904246181643,0
1407.09444444444,-0.425,0.0640497854763809,0.0122074982652904,0.0392840729693801,0
1407.09722222222,-0.41,0.0747046053240272,0.0122827368694425,0.0392857133083371,0
1407.1,-0.395,0.0825094656868051,0.0119968229855439,0.0392858261529798,0
1407.10277777778,-0.385,0.0862874431848143,0.0115007215919044,0.0392847687373655,0
1407.10555555556,-0.375,0.08525465746599,0.011000898889495,0.0392829541948023,0
1407.10833333333,-0.375,0.0790880879501981,0.0105266438982694,0.0392809501576171,0
1407.11111111111,-0.38,0.0679475952374237,0.0101026619090889,0.0392793097679877,0
1407.11388888889,-0.37,0.0524510421747003,0.00974748136394064,0.0392783234688207,0
1407.11666666667,-0.37,0.0336059218834709,0.00947254704085509,0.0392775929798019,0
1407.11944444444,-0.365,0.0127050088966455,0.00928203456460074,0.0392767910837113,0
1407.12222222222,-0.36,-0.00880313009998422,0.00920858697643025,0.0392756851086216,0
1407.125,-0.37,-0.0294557025448002,0.00924373009294092,0.0392742365669715,0
1407.12777777778,-0.37,-0.0479153334750089,0.00921779439334561,0.0392724551801927,0
1407.13055555556,-0.38,-0.0630942119583913,0.00914566826778584,0.0392703885806793,0
1407.13333333333,-0.365,-0.0742508946737989,0.00904286513906522,0.0392681120755838,0
1407.13611111111,-0.365,-0.0810507692535474,0.00892386857490707,0.0392657162190509,0
1407.13888888889,-0.385,-0.0835848605823842,0.00880078550856709,0.0392632949574384,0
1407.14166666667,-0.385,-0.0823458116991742,0.00868242834469336,0.0392609352258272,0
1407.14444444444,-0.395,-0.0781640820255559,0.00857389378858314,0.0392587154827835,0
1407.14722222222,-0.41,-0.0721112722402034,0.0086711389272251,0.0392567660180167,0
1407.15,-0.41,-0.0653806371785187,0.00875871085424781,0.0392552102180218,0
1407.15277777778,-0.395,-0.0591569877517821,0.00884039570556641,0.039254106127159,0
1407.15555555556,-0.395,-0.0544891121850606,0.00892100209243938,0.0392534721587562,0
1407.15833333333,-0.39,-0.0521774862129641,0.00900513260685611,0.0392533177570172,0
1407.16111111111,-0.395,-0.0526884365252001,0.00909603184812318,0.039253627629388,0
1407.16388888889,-0.415,-0.0561032366738415,0.00919465552561397,0.03925425679055,0
1407.16666666667,-0.42,-0.0621071177992938,0.00929907673847062,0.0392550112582742,0
1407.16944444444,-0.405,-0.0700192124407733,0.00940430496592034,0.0392556962083947,0
1407.17222222222,-0.38,-0.0788604058928531,0.00950254513192504,0.0392562143250642,0
1407.175,-0.37,-0.0874523390402174,0.00958387354033136,0.0392565395069683,0
1407.17777777778,-0.37,-0.0945377499640041,0.0096372598716493,0.0392566683652768,0
1407.18055555556,-0.375,-0.0989102525744439,0.00965182475934945,0.0392566225019509,0
1407.18333333333,-0.395,-0.0995407279452567,0.00968545471529322,0.0392564499858111,0
1407.18611111111,-0.395,-0.0956878332058156,0.00977384549375653,0.0392562225543977,0
1407.18888888889,-0.4,-0.0869816778063653,0.00991965555999813,0.0392560225730298,0
1407.19166666667,-0.4,-0.0734723244053515,0.0101208661165714,0.0392559368549907,0
1407.19444444444,-0.375,-0.0556381861233118,0.0103704382402622,0.0392561501865615,0
1407.19722222222,-0.34,-0.0343532809139974,0.0106564507788644,0.0392566590289278,0
1407.2,-0.31,-0.0108162899304268,0.0109627243850882,0.0392574520319968,0
1407.20277777778,-0.27,0.0135519357134358,0.0112346497523877,0.0392585000667371,0
1407.20555555556,-0.25,0.0372327233310948,0.0112860551233488,0.0392596628862647,0
1407.20833333333,-0.25,0.0587439728573451,0.0111173781013637,0.0392608349779633,0
1407.21111111111,-0.245,0.0767718161548639,0.0109331924161368,0.0392619512373822,0
1407.21388888889,-0.24,0.0902870227140549,0.0108266376604498,0.0392629869651281,0
1407.21666666667,-0.25,0.0986351009020235,0.0108094983300716,0.0392639521016282,0
1407.21944444444,-0.245,0.101591573974165,0.0108878678433621,0.0392648831529911,0
1407.22222222222,-0.235,0.0993772563685853,0.0110615685687884,0.0392658332417852,0
1407.225,-0.235,0.0926321941195311,0.0113240882058695,0.0392668873093832,0
1407.22777777778,-0.24,0.082350892413172,0.011397320704914,0.0392680530801745,0
1407.23055555556,-0.245,0.0697851512108628,0.0111949448057667,0.0392693102322824,0
1407.23333333333,-0.245,0.0563239101970938,0.010758743337593,0.0392706410238815,0
1407.23611111111,-0.26,0.0433616710109075,0.0103073588599764,0.0392720537842155,0
1407.23888888889,-0.255,0.0321681104583208,0.00986407124708335,0.0392735952316247,0
1407.24166666667,-0.27,0.0237713244943995,0.00945079025356564,0.0392752248256801,0
1407.24444444444,-0.26,0.018865768587886,0.00908655638430051,0.0392768589623629,0
1407.24722222222,-0.25,0.0177535211000004,0.00878634964537379,0.0392784261562226,0
1407.25,-0.245,0.0203242308698989,0.00856030024204831,0.0392798474451354,0
1407.25277777778,-0.23,0.0260753364070543,0.00841335399634489,0.0392810432574625,0
1407.25555555556,-0.24,0.0341702289734513,0.00834539974176032,0.0392819408008878,0
1407.25833333333,-0.255,0.0435283557826626,0.00835182086482144,0.039282481365701,0
1407.26111111111,-0.29,0.0529381794304665,0.008424393054159,0.0392826265714838,0
1407.26388888889,-0.325,0.0611817242766291,0.00839970761922915,0.0392823632580057,0
1407.26666666667,-0.33,0.067158361488362,0.00822815372873036,0.039281707420872,0
1407.26944444444,-0.325,0.069995615812541,0.00802500820185545,0.0392807088676336,0
1407.27222222222,-0.305,0.069136104988565,0.0078011476989538,0.0392794589076853,0
1407.275,-0.275,0.0643921165574075,0.00756557295822624,0.0392781171118898,0
1407.27777777778,-0.255,0.0559625521219907,0.00732491662403188,0.0392770513318907,0
1407.28055555556,-0.25,0.0444107099504336,0.00708330775246852,0.0392762562359741,0
1407.28333333333,-0.235,0.0306052665152599,0.00684258387513463,0.0392755775119705,0
1407.28611111111,-0.23,0.0156304743264757,0.00674405166093496,0.0392748571952259,0
1407.28888888889,-0.245,0.000674657496664314,0.0069071812078425,0.0392739445357508,0
1407.29166666667,-0.26,-0.0130917446754555,0.0071482825398733,0.0392727058313002,0
1407.29444444444,-0.275,-0.0246362778516938,0.0073912419577957,0.0392710779169701,0
1407.29722222222,-0.295,-0.0331705686084348,0.00763532317488338,0.039269029249928,0
1407.3,-0.305,-0.0382316351713652,0.00787796885751303,0.0392665530468759,0
1407.30277777778,-0.305,-0.0397300751639788,0.00811460043471266,0.0392636700861978,0
1407.30555555556,-0.29,-0.0379600757393894,0.00833874523896202,0.039260452783313,0
1407.30833333333,-0.27,-0.0335699943124026,0.00854248614873349,0.0392571157425268,0
1407.31111111111,-0.255,-0.0274962076942415,0.00871718814409253,0.0392538427653987,0
1407.31388888889,-0.255,-0.0208666341615716,0.00879514329397213,0.0392508207250858,0
1407.31666666667,-0.26,-0.0148834286670218,0.00870260223186565,0.03924816802391,0
1407.31944444444,-0.27,-0.0106965253897726,0.00865979376357975,0.0392459031464507,0
1407.32222222222,-0.275,-0.00928073186853412,0.00866877946469182,0.0392440066513195,0
1407.325,-0.275,-0.0113288535632573,0.00872811793949511,0.0392425220429274,0
1407.32777777778,-0.27,-0.0171718579114616,0.00883270741365595,0.0392414383430716,0
1407.33055555556,-0.27,-0.0267345063102531,0.00897404144598573,0.0392406887376061,0
1407.33333333333,-0.285,-0.0395314349671583,0.00914088000031978,0.0392401551155214,0
1407.33611111111,-0.3,-0.054704682829098,0.00932028986703807,0.0392396783912809,0
1407.33888888889,-0.315,-0.0710995344345692,0.00949896277982961,0.0392390739868714,0
1407.34166666667,-0.33,-0.0873716738211622,0.00966468167685347,0.0392381514194857,0
1407.34444444444,-0.325,-0.102115417990556,0.00980777991704387,0.039236775120515,0
1407.34722222222,-0.315,-0.114000541585662,0.00980035933960992,0.0392359198926911,0
1407.35,-0.305,-0.121904153775253,0.00971519563890091,0.039237792182485,0
1407.35277777778,-0.265,-0.125024363945737,0.00965526229245094,0.0392423097194373,0
1407.35555555556,-0.25,-0.122964066315668,0.00961107556991637,0.0392489770286832,0
1407.35833333333,-0.26,-0.115775947460542,0.00956857455829037,0.0392568453889635,0
1407.36111111111,-0.27,-0.103963519956735,0.00951034394200021,0.0392646573571057,0
1407.36388888889,-0.285,-0.0884372607522657,0.00950572373561642,0.0392743697460078,0
1407.36666666667,-0.315,-0.0704293738128172,0.00965218571393889,0.0392882600665435,0
1407.36944444444,-0.32,-0.0513748700454422,0.00986811778002078,0.0393088006116827,0
1407.37222222222,-0.3,-0.0327701497976351,0.0101647714585664,0.0393385011927632,0
1407.375,-0.29,-0.0160227304865663,0.0105467492435814,0.0393796859763273,0
1407.37777777778,-0.27,-0.00230692525887054,0.011010628124868,0.0394343541890653,0
1407.38055555556,-0.255,0.00755998931775171,0.0115442546882986,0.0395040089992817,0
1407.38333333333,-0.26,0.013208278275887,0.0121268326168692,0.0395894908073931,0
1407.38611111111,-0.265,0.0147630809548919,0.0127298525470777,0.0396908408641327,0
1407.38888888889,-0.27,0.0128427468484666,0.0133188342374871,0.0398072076360106,0
1407.39166666667,-0.28,0.00850702727735457,0.0138557693425669,0.0399368083846909,0
1407.39444444444,-0.28,0.00315886869818721,0.0143020777442241,0.040076897335101,0
1407.39722222222,-0.27,-0.00159180745920869,0.0144797396411835,0.0402238956276701,0
1407.4,-0.255,-0.00409002286404314,0.0143166276701406,0.0403735365576837,0
1407.40277777778,-0.23,-0.00280821532793454,0.014331518285118,0.0405243524684969,0
1407.40555555556,-0.215,0.00348730373814036,0.014534800026814,0.0406806509606605,0
1407.40833333333,-0.2,0.0155923380027195,0.0149244936539641,0.0408460094495862,0
1407.41111111111,-0.19,0.0337579430793338,0.0154858985285168,0.0410231038585959,0
1407.41388888889,-0.175,0.0576322275016725,0.016192366037234,0.0412136151754996,0
1407.41666666667,-0.175,0.086257962920926,0.0170071844960409,0.0414182191444251,0
1407.41944444444,-0.185,0.118127984865883,0.0178864528914622,0.0416366573904135,0
1407.42222222222,-0.175,0.151294884181024,0.0187827197191327,0.0418678815961854,0
1407.425,-0.19,0.183526206326465,0.0196490780407967,0.0421102206223305,0
1407.42777777778,-0.165,0.212491798943443,0.0204433476290592,0.0423616096357934,0
1407.43055555556,-0.13,0.235966529180348,0.0209995098824327,0.042619898958879,0
1407.43333333333,-0.1,0.25202968299889,0.0212616117941937,0.0428831112273633,0
1407.43611111111,-0.08,0.259242175640785,0.0213184945119613,0.0431497845878761,0
1407.43888888889,-0.07,0.256784303945904,0.0212879905032606,0.0434190312293386,0
1407.44166666667,-0.08,0.244540048607751,0.0213051141815309,0.0436882606435867,0
1407.44444444444,-0.09,0.223118618894098,0.0214196387437544,0.0439545199911429,0
1407.44722222222,-0.095,0.193809616767297,0.0215005484872307,0.0442167095960065,0
1407.45,-0.11,0.158474371637893,0.0215929590834252,0.0444731706098339,0
1407.45277777778,-0.135,0.119382093637289,0.0217404803008126,0.044721860433326,0
1407.45555555556,-0.155,0.0790049390208184,0.0219796037897822,0.0449605740815857,0
1407.45833333333,-0.17,0.0397903503259048,0.022334352989843,0.0451871920873447,0
1407.46111111111,-0.18,0.00393169774683873,0.0228117345966312,0.0453999330367349,0
1407.46388888889,-0.195,-0.026840982539552,0.0233984942074845,0.0455975880285166,0
1407.46666666667,-0.225,-0.0514296032781688,0.024059594135617,0.0457797158050504,0
1407.46944444444,-0.25,-0.0694786427324273,0.0247387039086021,0.0459467805734858,0
1407.47222222222,-0.265,-0.0814153177446058,0.0253608326508132,0.0461002193309223,0
1407.475,-0.27,-0.0884130751390345,0.025837049810634,0.0462424314122188,0
1407.47777777778,-0.285,-0.0922791350441109,0.0260710514164099,0.0463773900369551,0
1407.48055555556,-0.3,-0.0952739371187849,0.0261749534531717,0.0465104446356265,0
1407.48333333333,-0.31,-0.099876956959375,0.0267029954646,0.0466434608948008,0
1407.48611111111,-0.32,-0.108518858586263,0.0277229698155461,0.0467718214376275,0
1407.48888888889,-0.34,-0.123303800140481,0.029275828334143,0.0468909781945174,0
1407.49166666667,-0.34,-0.14574752052133,0.0313686352570409,0.0469967361168506,0
1407.49444444444,-0.34,-0.176556386123787,0.033969562500788,0.0470860469501682,0
1407.49722222222,-0.35,-0.215469848344804,0.037005498131828,0.0471578305480835,0
1407.5,-0.35,-0.261183936886619,0.0403626633622845,0.0472119925847547,0
1407.50277777778,-0.365,-0.311366864916506,0.0438904162804522,0.0472493443306459,0
1407.50555555556,-0.365,-0.362770084977787,0.0474081777827796,0.0472714733319918,0
1407.50833333333,-0.37,-0.411429861011334,0.0507151654710905,0.0472805776952413,0
1407.51111111111,-0.35,-0.452946324772363,0.0536023845274734,0.0472828512580603,0
1407.51388888889,-0.345,-0.482819776225706,0.0558661203330636,0.0472860885262742,0
1407.51666666667,-0.345,-0.496818315435103,0.0573220234284792,0.0472897149241291,0
1407.51944444444,-0.355,-0.491347284674133,0.0578187874169252,0.0472933662191573,0
1407.52222222222,-0.4,-0.463789811004558,0.0581806328046321,0.0472967369014194,0
1407.525,-0.43,-0.412789125113468,0.0595475472941611,0.0473001394826343,0
1407.52777777778,-0.445,-0.338447225947355,0.0617408769981386,0.0473042121116308,0
1407.53055555556,-0.445,-0.242420580053914,0.0645397642693115,0.047309375581104,0
1407.53333333333,-0.395,-0.127901411984643,0.0677005191996117,0.0473157620057037,0
1407.53611111111,-0.31,0.000517875931985474,0.070977412058655,0.0473233799611564,0
1407.53888888889,-0.175,0.13709025631014,0.0741431058561887,0.0473321279840766,0
1407.54166666667,-0.015,0.275253743516069,0.0770069870803694,0.0473418130158416,0
1407.54444444444,0.21,0.408041507369953,0.0794298424093536,0.047352173525404,0
1407.54722222222,0.465,0.528532771069585,0.0813336533045931,0.0473629055281511,0
1407.55,0.73,0.63031116315895,0.0827057105612873,0.0473736895198569,0
1407.55277777778,1.005,0.707896176533244,0.0835967494955572,0.0473842163689715,0
1407.55555555556,1.215,0.757115123694725,0.0841133298726497,0.047394210363692,0
1407.55833333333,1.335,0.775387339264736,0.0844051871564664,0.0474034737492077,1
1407.56111111111,1.31,0.761899020946564,0.0842714068334848,0.0474119783234879,0
1407.56388888889,1.16,0.717655480909633,0.0838920181786165,0.0474196927957191,0
1407.56666666667,0.89,0.645407017867398,0.0832043505116744,0.0474265926485019,0
1407.56944444444,0.56,0.549454345449164,0.0820661926623638,0.0474326666973641,0
1407.57222222222,0.22,0.43534873208961,0.0803812520223409,0.0474379245233805,0
1407.575,-0.08,0.309509973574898,0.0781107074505009,0.0474424902585727,0
1407.57777777778,-0.285,0.178791391225404,0.0752795659249462,0.0474465776791992,0
1407.58055555556,-0.4,0.0500247471823478,0.0719772384768196,0.0474503881911456,0
1407.58333333333,-0.44,-0.0704209853880798,0.0683522580975398,0.0474541092027465,0
1407.58611111111,-0.41,-0.177034721411308,0.0646015746601635,0.0474578908318403,0
1407.58888888889,-0.37,-0.265484157888988,0.0609553346844258,0.0474618258160829,0
1407.59166666667,-0.325,-0.332840750743843,0.0576584459374656,0.0474659347258166,0
1407.59444444444,-0.325,-0.377695033132871,0.0550156966849603,0.0474701552497913,0
1407.59722222222,-0.335,-0.400157433572951,0.0535259885589981,0.0474741476248723,0
1407.6,-0.365,-0.401748834967455,0.0531965156492534,0.0474776738724728,0
1407.60277777778,-0.43,-0.385193632289061,0.0530407655640344,0.0474809351992226,0
1407.60555555556,-0.475,-0.354135308739292,0.0517548190733802,0.0474821617491414,0
1407.60833333333,-0.5,-0.312799987203186,0.0493683540285627,0.0474782976474969,0
1407.61111111111,-0.505,-0.265636619870409,0.0461358462795359,0.0474671892405412,0
1407.61388888889,-0.495,-0.2169632443845,0.0424822241968921,0.0474468867129521,0
1407.61666666667,-0.475,-0.170647060708955,0.0386289996285275,0.0474156376745052,0
1407.61944444444,-0.46,-0.129842176326474,0.0347901235717969,0.0473720153887253,0
1407.62222222222,-0.45,-0.0968031201196586,0.0311595291526477,0.0473150449914691,0
1407.625,-0.455,-0.0727851759496866,0.0279008503177543,0.0472444167543757,0
1407.62777777778,-0.465,-0.058034871546447,0.0251398863478228,0.0471605868544643,0
1407.63055555556,-0.47,-0.051866253118931,0.0229601538958906,0.0470648341430586,0
1407.63333333333,-0.485,-0.0528115381705724,0.0214016259469645,0.0469592654644711,0
1407.63611111111,-0.49,-0.0588289496791483,0.0204625199697257,0.0468467654003631,0
1407.63888888889,-0.495,-0.0675464508665641,0.0201037834928739,0.0467309809231388,0
1407.64166666667,-0.49,-0.0765180167133852,0.0202557497320549,0.0466160785003058,0
1407.64444444444,-0.505,-0.0834691085213427,0.0196851890914467,0.046498410708125,0
1407.64722222222,-0.485,-0.086510085263872,0.0188016151091525,0.0463740776314977,0
1407.65,-0.485,-0.0843001375674158,0.0177150466516424,0.0462398048306749,0
1407.65277777778,-0.49,-0.0761495646045321,0.0165315208364886,0.0460930955846941,0
1407.65555555556,-0.495,-0.062054318572394,0.0153458720702836,0.0459323205395776,0
1407.65833333333,-0.485,-0.0426631418680863,0.0142361552251771,0.0457568648200817,0
1407.66111111111,-0.485,-0.019183735980357,0.0132599948025793,0.0455669894777837,0
1407.66388888889,-0.48,0.00676031037816137,0.012452966937402,0.0453636864182615,0
1407.66666666667,-0.485,0.0333060912733772,0.0118289496745541,0.0451485005767418,0
1407.66944444444,-0.49,0.0585432866450243,0.0113822228735323,0.0449233148246418,0
1407.67222222222,-0.49,0.0807025689810209,0.0112480498411078,0.0446901178296141,0
1407.675,-0.5,0.0983227780301241,0.0114172458626207,0.0444507753423902,0
1407.67777777778,-0.49,0.110381820641502,0.0115044487625006,0.0442068243455368,0
1407.68055555556,-0.49,0.116380242972256,0.0115513568770121,0.0439615459667604,0
1407.68333333333,-0.485,0.116371298871502,0.0115967320967594,0.0437197681396112,0
1407.68611111111,-0.495,0.110936620808262,0.0116726125777362,0.0434816527218692,0
1407.68888888889,-0.51,0.101111784539949,0.0118015799343118,0.0432479591197201,0
1407.69166666667,-0.52,0.088270665846632,0.0118428220722477,0.043019954404908,0
1407.69444444444,-0.53,0.0739811045806697,0.0115841601158174,0.0427992240267162,0
1407.69722222222,-0.51,0.0598467094132142,0.0112705727802296,0.0425875114535155,0
1407.7,-0.495,0.0473504772860684,0.0109207150843287,0.0423865497552011,0
1407.70277777778,-0.48,0.0377152291693952,0.0105592564132819,0.0421978521263498,0
1407.70555555556,-0.48,0.0317937856220122,0.010213907337846,0.0420224121558122,0
1407.70833333333,-0.48,0.0299985584484043,0.00991234638458628,0.0418605164636937,0
1407.71111111111,-0.485,0.0322761589356092,0.00967934863993864,0.0417116097114258,0
1407.71388888889,-0.485,0.0381281286111259,0.00953437646958382,0.0415742257563443,0
1407.71666666667,-0.51,0.0466744242162196,0.00948982987924245,0.0414451637104281,0
1407.71944444444,-0.495,0.0567522607244675,0.00955007732888876,0.0413194572750993,0
1407.72222222222,-0.505,0.0670397079439592,0.00971130518373357,0.0411922531994582,0
1407.725,-0.495,0.0761913337002454,0.00996152671231511,0.041067157093865,0
1407.72777777778,-0.5,0.0829723637834673,0.00990953316262878,0.040948653974477,0
1407.73055555556,-0.495,0.0863783334800641,0.00960462352090355,0.0408411507935283,0
1407.73333333333,-0.48,0.0857289572536594,0.00920663220871548,0.0407485474088766,0
1407.73611111111,-0.465,0.0807277439535674,0.00880809937358923,0.0406721426268196,0
1407.73888888889,-0.45,0.0714824404303861,0.00843205007539742,0.0406123057625577,0
1407.74166666667,-0.44,0.0584853360030137,0.00809804717409468,0.0405684849920605,0
1407.74444444444,-0.435,0.0425564128321366,0.00782093875225789,0.0405393446327594,0
1407.74722222222,-0.445,0.024755899581452,0.00762336422315725,0.0405229176412361,0
1407.75,-0.445,0.00627563880458677,0.00764023511436369,0.0405167819941497,0
1407.75277777778,-0.47,-0.0116794505911202,0.00771222093592439,0.0405182495673501,0
1407.75555555556,-0.485,-0.0280078085203236,0.00772138341958213,0.0405245556640848,0
1407.75833333333,-0.495,-0.0418140271714449,0.00767691933706248,0.04053156862792,0
1407.76111111111,-0.505,-0.052488057292698,0.0075900597372571,0.0405388908734017,0
1407.76388888889,-0.51,-0.0597534257223163,0.00747275313770474,0.0405457625585997,0
1407.76666666667,-0.5,-0.0636802908446533,0.0073364647343225,0.0405533849680549,0
1407.76944444444,-0.505,-0.0646627475029342,0.00719120878190594,0.0405605097932472,0
1407.77222222222,-0.48,-0.0633633768630713,0.00710262642282854,0.0405670272809967,0
1407.775,-0.46,-0.0606312678157701,0.00724448114824251,0.0405729457289885,0
1407.77777777778,-0.445,-0.057402302295877,0.00737870310292946,0.0405783460608654,0
1407.78055555556,-0.44,-0.0545921543065106,0.00750408332920596,0.0405833443759219,0
1407.78333333333,-0.465,-0.0529930504231043,0.00762077215127643,0.0405880722009639,0
1407.78611111111,-0.485,-0.0531848326265686,0.00772953654536721,0.0405926594991613,0
1407.78888888889,-0.495,-0.0554693156451633,0.00783099313070544,0.0405972263617406,0
1407.79166666667,-0.505,-0.0598345049576285,0.00792492591515508,0.0406018716866804,0
1407.79444444444,-0.515,-0.0659521866592195,0.00800978357090476,0.0406066658369836,0
1407.79722222222,-0.51,-0.0732090238712435,0.00808242624094725,0.0406116683180848,0
1407.8,-0.51,-0.0807679319851352,0.00813815971196629,0.0406168626753167,0
1407.80277777778,-0.475,-0.0876534878176085,0.00817105895900415,0.0406222695883779,0
1407.80555555556,-0.465,-0.09285274987581,0.00817454758769762,0.0406279408632865,0
1407.80833333333,-0.44,-0.0954213573389514,0.00814216844925568,0.0406339507251362,0
1407.81111111111,-0.425,-0.094584276055599,0.00814812424681246,0.0406403854498707,0
1407.81388888889,-0.42,-0.0898211127921892,0.00826676578291929,0.0406473088348774,0
1407.81666666667,-0.42,-0.0809274628061757,0.00843129808969593,0.0406544333169026,0
1407.81944444444,-0.415,-0.0680461327209759,0.00863947299465985,0.0406614488440503,0
1407.82222222222,-0.41,-0.0516650524535598,0.00888553608632778,0.0406683096297395,0
1407.825,-0.41,-0.0325819618540503,0.00916025129962554,0.0406750082400225,0
1407.82777777778,-0.41,-0.011839207628557,0.00943803583286899,0.040681563728081,0
1407.83055555556,-0.395,0.00936510389734791,0.00957299301786891,0.0406880193567194,0
1407.83333333333,-0.38,0.0297810653097955,0.00954965084891893,0.0406944383229514,0
1407.83611111111,-0.36,0.0482160606702312,0.00937397115938839,0.0407008982772401,0
1407.83888888889,-0.335,0.0636385499809047,0.00917505502897566,0.0407074831977781,0
1407.84166666667,-0.315,0.0752666582662558,0.00903726608250845,0.0407142745296016,0
1407.84444444444,-0.305,0.0826331969279844,0.00897133816979995,0.0407213415072684,0
1407.84722222222,-0.3,0.0856210670355053,0.00898409303826915,0.0407287331164003,0
1407.85,-0.315,0.0844658922480775,0.00907790578202364,0.0407362367747793,0
1407.85277777778,-0.32,0.0797259170611167,0.00919278241405524,0.0407435301075156,0
1407.85555555556,-0.33,0.072222371117293,0.00910894607302816,0.040750397189534,0
1407.85833333333,-0.315,0.0629563333534462,0.00880296313930743,0.0407567729744883,0
1407.86111111111,-0.315,0.0530103557057097,0.00844958812605748,0.0407626175122005,0
1407.86388888889,-0.32,0.0434445106366683,0.00806497780016959,0.0407679165662279,0
1407.86666666667,-0.335,0.0351969769691442,0.0076664135012902,0.040772677187322,0
1407.86944444444,-0.335,0.0289987355855516,0.00727118482934475,0.0407769239460129,0
1407.87222222222,-0.355,0.0253104691726357,0.00689555094911997,0.0407807015636849,0
1407.875,-0.355,0.0242874984674304,0.00655386183180089,0.0407841006122294,0
1407.87777777778,-0.345,0.0257757678974851,0.00625790143834301,0.0407872310738232,0
1407.88055555556,-0.355,0.0293387965638278,0.00601648919729481,0.0407901044300196,0
1407.88333333333,-0.36,0.0343124429277546,0.00583534804007293,0.0407927699766307,0
1407.88611111111,-0.365,0.0398815961715628,0.00571721982488852,0.0407953128796916,0
1407.88888888889,-0.36,0.0451707732035846,0.00566218515968901,0.0407978490211325,0
1407.89166666667,-0.365,0.0493392768158533,0.00565624340264064,0.0408005170517234,0
1407.89444444444,-0.36,0.0516711861894778,0.00559310343831288,0.040803162001352,0
1407.89722222222,-0.37,0.0516510412813655,0.00547766647711908,0.0408056264624073,0
1407.9,-0.375,0.0490175865804145,0.00531548144491967,0.0408079549782221,0
1407.90277777778,-0.385,0.0437902057637471,0.00511238189134683,0.0408100484332996,0
1407.90555555556,-0.375,0.03626547983174,0.00487426411057248,0.040811831806557,0
1407.90833333333,-0.385,0.0269843570926646,0.00460701226147477,0.0408132590822227,0
1407.91111111111,-0.37,0.0166734280932784,0.00447000653287007,0.0408143172788257,0
1407.91388888889,-0.355,0.00616645108308392,0.00452319399413746,0.0408150332826273,0
1407.91666666667,-0.345,-0.00368569286707327,0.00477079535539317,0.0408154682519606,0
1407.91944444444,-0.325,-0.0121072271873488,0.00509251486697124,0.0408157099477201,0
1407.92222222222,-0.32,-0.0184822419132655,0.00541014319778655,0.0408158631711141,0
1407.925,-0.31,-0.022423062334646,0.00571543406964567,0.0408160397963299,0
1407.92777777778,-0.32,-0.0238149271513812,0.00599975496363231,0.0408163477867016,0
1407.93055555556,-0.32,-0.0228320633183562,0.0062544555996607,0.0408168799964697,0
1407.93333333333,-0.34,-0.0199231470969003,0.00647138730904591,0.0408177044964834,0
1407.93611111111,-0.35,-0.015767273027697,0.0066435304740348,0.0408189072084593,0
1407.93888888889,-0.355,-0.011204601197633,0.00676427572830149,0.0408205694660948,0
1407.94166666667,-0.355,-0.00714851060350884,0.00669493740259616,0.0408227405185217,0
1407.94444444444,-0.35,-0.00448808117692362,0.00667824271895136,0.0408254344942144,0
1407.94722222222,-0.35,-0.0039908511332329,0.00671080006280196,0.0408286320393055,0
1407.95,-0.355,-0.00621592638728911,0.00678595845223819,0.0408322786834863,0
1407.95277777778,-0.345,-0.0114466291769592,0.00689411084385192,0.0408362890755547,0
1407.95555555556,-0.35,-0.0196500393585802,0.00702333406937054,0.0408405350687978,0
1407.95833333333,-0.35,-0.0304681746243987,0.00716034134664065,0.040844762998609,0
1407.96111111111,-0.345,-0.0432424248843853,0.00729168524341109,0.0408487465830551,0
1407.96388888889,-0.345,-0.0570695065322267,0.00740511406184108,0.040852452114805,0
1407.96666666667,-0.34,-0.0708839657016476,0.00749095697920153,0.040855967873968,0
1407.96944444444,-0.345,-0.0835594611784925,0.00754339654436822,0.0408594525195328,0
1407.97222222222,-0.35,-0.0940189843629325,0.00752530910056884,0.040863135111544,0
1407.975,-0.36,-0.101343045521235,0.00753702839358473,0.0408670821085744,0
1407.97777777778,-0.355,-0.104864802803081,0.00756838503417719,0.0408710507697128,0
1407.98055555556,-0.345,-0.104242159547584,0.00760401695071738,0.0408745502533659,0
1407.98333333333,-0.355,-0.0994989245566163,0.00762437696544562,0.0408811855758598,0
1407.98611111111,-0.34,-0.0910300356529418,0.0076072753747869,0.040896130626329,0
1407.98888888889,-0.34,-0.0795693196202158,0.00765039965188745,0.0409214258722816,0
1407.99166666667,-0.34,-0.0661219712640313,0.00780937969251922,0.0409588184387653,0
1407.99444444444,-0.35,-0.0518675207137968,0.00806720817510899,0.0410096073615932,0
1407.99722222222,-0.35,-0.0380421657228063,0.00843496329543543,0.0410744960726008,0
1408,-0.35,-0.0258116583961882,0.00891562039678042,0.0411534714877829,0
1408.00277777778,-0.35,-0.0161472079358019,0.00950270842463202,0.0412457198503756,0
1408.00555555556,-0.345,-0.00971694291096835,0.0101796925434487,0.0413495895248284,0
1408.00833333333,-0.35,-0.00680433070439904,0.0109202012056508,0.0414626066842846,0
1408.01111111111,-0.34,-0.00726265866724201,0.0116891460975125,0.0415815467495415,0
1408.01388888889,-0.325,-0.0105114343861588,0.0124447041255703,0.0417025606021247,0
1408.01666666667,-0.32,-0.0155766510325434,0.0131410488851039,0.0418226119398279,0
1408.01944444444,-0.32,-0.021172648442273,0.0137316424451835,0.0419459015069546,0
1408.02222222222,-0.325,-0.025819179463516,0.0141298934072099,0.0420762349380374,0
1408.025,-0.335,-0.0279836627609983,0.0140574093819227,0.0422167428342553,0
1408.02777777778,-0.34,-0.0262358286813916,0.0140166881824921,0.0423697335805004,0
1408.03055555556,-0.33,-0.0194003322490141,0.0142047601056458,0.0425366132968014,0
1408.03333333333,-0.295,-0.00669260346424063,0.0146222308638671,0.0427178783592225,0
1408.03611111111,-0.28,0.0121757052068473,0.0152547374355859,0.0429131835982791,0
1408.03888888889,-0.26,0.0369328964116705,0.0160734713086313,0.0431215774037955,0
1408.04166666667,-0.255,0.0667326994793536,0.0170369391485689,0.0433416683405186,0
1408.04444444444,-0.235,0.100192320572879,0.0180938690572192,0.0435716181605006,0
1408.04722222222,-0.215,0.13548153094616,0.0191870625705641,0.0438094565973748,0
1408.05,-0.205,0.170456428286993,0.0202578967437027,0.0440533673212087,0
1408.05277777778,-0.18,0.202827134285111,0.0212194976212301,0.0443018910552271,0
1408.05555555556,-0.165,0.230345193469888,0.0218637698958604,0.0445508826317941,0
1408.05833333333,-0.14,0.250994163994041,0.0222227217091919,0.044796805031713,0
1408.06111111111,-0.14,0.263166085148304,0.0223650831528405,0.045039310107589,0
1408.06388888889,-0.13,0.265807283405944,0.0223900803866728,0.0452774241813857,0
1408.06666666667,-0.125,0.258519309285758,0.0224179539357474,0.0455096113609648,0
1408.06944444444,-0.14,0.241604507481575,0.0224574552899088,0.0457339354633964,0
1408.07222222222,-0.155,0.216050507136973,0.0224031780207089,0.0459484891230836,0
1408.075,-0.155,0.183453366006891,0.0223079001846289,0.0461514699476892,0
1408.07777777778,-0.17,0.145884728697586,0.022227905701091,0.046341420134033,0
1408.08055555556,-0.175,0.105713654012777,0.0222169164272258,0.0465174484398524,0
1408.08333333333,-0.195,0.0653982362015324,0.0223198793060506,0.0466794147710519,0
1408.08611111111,-0.22,0.0272653592896948,0.0225671718196163,0.0468280583819068,0
1408.08888888889,-0.25,-0.00670144393789395,0.0229697861104551,0.0469651501303789,0
1408.09166666667,-0.26,-0.0350461973490292,0.0235160001169452,0.0470955855101775,0
1408.09444444444,-0.29,-0.0569788690322254,0.0241699449200837,0.0472243347539187,0
1408.09722222222,-0.315,-0.0724536882652234,0.0248723373928171,0.0473547920515597,0
1408.1,-0.31,-0.0821781675407621,0.0255434761423294,0.047482311806345,0
1408.10277777778,-0.33,-0.0875496183431437,0.0260884096946137,0.0476021421599605,0
1408.10555555556,-0.345,-0.0905224345637888,0.02640399404202,0.0477097450609474,0
1408.10833333333,-0.36,-0.093415807914076,0.0264206099803597,0.0478015344560405,0
1408.11111111111,-0.38,-0.0986772635396564,0.0268626821339828,0.0478765783832492,0
1408.11388888889,-0.375,-0.108621935078109,0.0278044704165618,0.0479348872916076,0
1408.11666666667,-0.39,-0.125170403726599,0.0292925107369215,0.0479773999706285,0
1408.11944444444,-0.385,-0.149608905989332,0.031338324353463,0.0480058768018682,0
1408.12222222222,-0.39,-0.182394632542932,0.0339132594149495,0.0480226017376339,0
1408.125,-0.4,-0.223025736529862,0.0369460302464286,0.0480302625167833,0
1408.12777777778,-0.41,-0.269990761337469,0.0403233388978844,0.0480317459442304,0
1408.13055555556,-0.425,-0.320805864866516,0.0438937430745697,0.0480311792643679,0
1408.13333333333,-0.435,-0.372140970155649,0.0474746908361453,0.0480308389383936,0
1408.13611111111,-0.44,-0.420028411049695,0.0508623938411643,0.0480303394484776,0
1408.13888888889,-0.44,-0.460140405309706,0.0538439768833648,0.0480310822212254,0
1408.14166666667,-0.44,-0.488115399480213,0.0562111409374593,0.0480309490159115,0
1408.14444444444,-0.41,-0.499908543812637,0.0577744267501371,0.0480316544000242,0
1408.14722222222,-0.39,-0.492138707480601,0.0583770795432162,0.048033161427828,0
1408.15,-0.385,-0.462403813221348,0.0586471147224368,0.048035231376538,0
1408.15277777778,-0.42,-0.409537952681957,0.0598824176641717,0.0480375173777784,0
1408.15555555556,-0.445,-0.333787642261442,0.0619175242466203,0.0480400134029733,0
1408.15833333333,-0.46,-0.236890410072434,0.0645489186121435,0.0480426840893007,0
1408.16111111111,-0.45,-0.122046218604518,0.0675526240775804,0.0480454759731519,0
1408.16388888889,-0.37,0.00621955331962327,0.0707029278237891,0.0480483273830941,0
1408.16666666667,-0.265,0.142294381123679,0.0737906683759618,0.0480511762475354,0
1408.16944444444,-0.105,0.279802905475139,0.076639563975614,0.0480539815637899,0
1408.17222222222,0.095,0.411995143971968,0.0791192378892052,0.0480568906394566,0
1408.175,0.36,0.532171202800716,0.0811538879715247,0.0480599133905298,0
1408.17777777778,0.65,0.634111930257528,0.0827259271700778,0.0480629881168729,0
1408.18055555556,0.975,0.712484167101808,0.0838743563761169,0.0480659914727057,0
1408.18333333333,1.22,0.763190906471846,0.0846880836928988,0.0480686558469857,0
1408.18611111111,1.36,0.783640653691784,0.0852948359796812,0.0480706613140303,1
1408.18888888889,1.34,0.772916260144099,0.0853108317787251,0.0480718416339368,0
1408.19166666667,1.185,0.731831019208209,0.0846540388418086,0.0480724542132838,0
1408.19444444444,0.905,0.662868256778744,0.0837418324295327,0.0480726658866214,0
1408.19722222222,0.56,0.570009351530082,0.0824493869346525,0.0480725986241125,0
1408.2,0.185,0.45846339076968,0.0806914315487804,0.0480722507717682,0
1408.20277777778,-0.135,0.334318855576027,0.0784325972835193,0.048071627215028,0
1408.20555555556,-0.355,0.204143275576087,0.0756932875263342,0.048070740584361,0
1408.20833333333,-0.465,0.0745602783785693,0.0725505508688205,0.0480696105181506,0
1408.21111111111,-0.49,-0.0481653686446246,0.0691338662325571,0.0480682605781353,0
1408.21388888889,-0.455,-0.158505326321021,0.0656161867680826,0.0480667124469247,0
1408.21666666667,-0.41,-0.251981903973107,0.0622009932740207,0.0480649788811392,0
1408.21944444444,-0.38,-0.325398345208253,0.0591064457006681,0.0480630541667262,0
1408.22222222222,-0.38,-0.376971431565434,0.0565479643835894,0.0480609036623556,0
1408.225,-0.4,-0.406360392214549,0.0548782111678829,0.0480560109912873,0
1408.22777777778,-0.435,-0.414594106718858,0.054405220999028,0.0480491451788535,0
1408.23055555556,-0.465,-0.403906207630186,0.0543438450108351,0.048041558728945,0
1408.23333333333,-0.49,-0.377494333046794,0.0532345565844454,0.048033822234278,0
1408.23611111111,-0.51,-0.339224941977806,0.0510928125496545,0.048024021948805,0
1408.23888888889,-0.525,-0.293308415979089,0.0479987925894967,0.0480099261606135,0
1408.24166666667,-0.525,-0.243970418203742,0.0442122822637494,0.0479891101388458,0
1408.24444444444,-0.51,-0.195144629237969,0.0401789025465764,0.0479591131720282,0
1408.24722222222,-0.505,-0.150209164501811,0.0361242333706969,0.0479176177913522,0
1408.25,-0.49,-0.111784494601989,0.0322566090875745,0.0478626380880082,0
1408.25277777778,-0.495,-0.0816049605749229,0.0287558326804472,0.0477927457317006,0
1408.25555555556,-0.515,-0.0604695130739697,0.025764473801738,0.0477072051944397,0
1408.25833333333,-0.505,-0.0482706652443817,0.0233821803394015,0.0476060688325146,0
1408.26111111111,-0.515,-0.0440943865953857,0.0216631995442684,0.0474902674519183,0
1408.26388888889,-0.53,-0.046378282709935,0.0206170683825972,0.0473616494862558,0
1408.26666666667,-0.53,-0.0531113150330836,0.0202122113211192,0.0472229611660648,0
1408.26944444444,-0.52,-0.0620558049231725,0.020381992962091,0.0470777640687515,0
1408.27222222222,-0.51,-0.0709716814937638,0.02029552909561,0.0469302912734437,0
1408.275,-0.525,-0.0778238669142928,0.0194936315304235,0.0467812301327746,0
1408.27777777778,-0.52,-0.080956193318378,0.0182255053313814,0.0466261263838061,0
1408.28055555556,-0.525,-0.0792190320046497,0.0168287115602794,0.0464613107849318,0
1408.28333333333,-0.515,-0.0720425086090139,0.0154142075903299,0.0462840860564813,0
1408.28611111111,-0.51,-0.0594523347095769,0.0140772465071223,0.0460928290466896,0
1408.28888888889,-0.515,-0.0420304417226095,0.0128924046914827,0.0458870017029575,0
1408.29166666667,-0.51,-0.0208273105061077,0.0119106648723312,0.0456670722050916,0
1408.29444444444,-0.52,0.00276323968772365,0.0111585957364175,0.0454343551378693,0
1408.29722222222,-0.535,0.0271533069320502,0.0106395047613064,0.0451907858843738,0
1408.3,-0.56,0.0507193051083348,0.0103362972160923,0.0449386522767962,0
1408.30277777778,-0.555,0.0719545877770528,0.0102156613139963,0.0446803073315964,0
1408.30555555556,-0.56,0.0896026936433034,0.0101981982697238,0.0444178893448062,0
1408.30833333333,-0.55,0.102760075735796,0.0100928315954934,0.0441530743949295,0
1408.31111111111,-0.53,0.11094052269652,0.00995013978233731,0.0438868739954985,0
1408.31388888889,-0.52,0.114097367889504,0.00981627873983713,0.0436211486831537,0
1408.31666666667,-0.51,0.112603636592736,0.009729066318672,0.0433569552554095,0
1408.31944444444,-0.51,0.107194129955979,0.00971521177253126,0.0430956292658174,0
1408.32222222222,-0.505,0.0988767473091668,0.00966902486161328,0.0428391426913261,0
1408.325,-0.505,0.0888228297564155,0.00950659993193214,0.0425899036883603,0
1408.32777777778,-0.51,0.0782477776738056,0.00926578174945094,0.0423505044253711,0
1408.33055555556,-0.51,0.0682935625293766,0.00896668490804262,0.0421234401569473,0
1408.33333333333,-0.495,0.0599240334438071,0.00863631606862305,0.0419109710054847,0
1408.33611111111,-0.5,0.0538422242210768,0.00830531755400886,0.0417146556981727,0
1408.33888888889,-0.515,0.0504363952026973,0.00800458974141352,0.0415349996734424,0
1408.34166666667,-0.515,0.0497585577144837,0.00776210709164408,0.041371472646436,0
1408.34444444444,-0.525,0.0515360255451288,0.00760020417980765,0.0412224471467064,0
1408.34722222222,-0.51,0.0552134243155958,0.0075335482884873,0.0410849378091633,0
1408.35,-0.52,0.0600198516241584,0.00756794045339838,0.0409537469996717,0
1408.35277777778,-0.505,0.0650537579622446,0.00770000465248685,0.0408236550930954,0
1408.35555555556,-0.505,0.0693767831689849,0.00791774264074991,0.0406939419166245,0
1408.35833333333,-0.51,0.0721073277349886,0.00809884088478204,0.0405698557293755,0
1408.36111111111,-0.505,0.0725050686320955,0.00805159632759092,0.0404565343180386,0
1408.36388888889,-0.5,0.070038868197213,0.00781782182233405,0.0403578427321515,0
1408.36666666667,-0.5,0.0644324215897307,0.00749218682605513,0.0402756124096327,0
1408.36944444444,-0.485,0.0556843370036046,0.00720703036659601,0.040210669825531,0
1408.37222222222,-0.47,0.0440619021302702,0.00698449322247591,0.0401628744399385,0
1408.375,-0.46,0.0300703088602506,0.00684083136036183,0.0401312133593114,0
1408.37777777778,-0.46,0.0144013481811888,0.00678523874964481,0.0401139425607147,0
1408.38055555556,-0.47,-0.00213265315178199,0.00681931579178866,0.0401087619143459,0
1408.38333333333,-0.485,-0.0186727513772435,0.00693719643474902,0.0401033740046979,0
1408.38611111111,-0.505,-0.0343878363952041,0.00700370590566802,0.040096908301121,0
1408.38888888889,-0.51,-0.0485425912701176,0.00699234528856393,0.0400897937417597,0
1408.39166666667,-0.525,-0.060552900004407,0.00693441482018673,0.0400825245337421,0
1408.39444444444,-0.52,-0.07002414685702,0.00686829271482598,0.0400757230309702,0
1408.39722222222,-0.54,-0.0767697272307191,0.00683490590914038,0.0400688741846336,0
1408.4,-0.525,-0.0808091417089335,0.0068731183900514,0.0400617248617475,0
1408.40277777778,-0.525,-0.082347063703297,0.00701549906612203,0.0400540977454571,0
1408.40555555556,-0.5,-0.0817365610426345,0.00711479256470632,0.0400458923876659,0
1408.40833333333,-0.475,-0.0794310462843389,0.00713525097917983,0.0400370811476749,0
1408.41111111111,-0.47,-0.075930408319393,0.0070743697795938,0.0400277024358775,0
1408.41388888889,-0.475,-0.0717270732351316,0.00693531857098098,0.0400178494546755,0
1408.41666666667,-0.465,-0.0672574497231949,0.00672637988359159,0.0400077254310123,0
1408.41944444444,-0.47,-0.062863386482644,0.00646004147255133,0.0399975360562922,0
1408.42222222222,-0.475,-0.0587670103485798,0.00615184095453411,0.0399874037236635,0
1408.425,-0.475,-0.0550607678612835,0.00581907442257078,0.039977533712806,0
1408.42777777778,-0.465,-0.0517128269868352,0.00547948299790206,0.0399681100647043,0
1408.43055555556,-0.465,-0.0485863832612113,0.00515002368324236,0.0399590206893759,0
1408.43333333333,-0.45,-0.045470017978587,0.00484581478878924,0.0399501793374846,0
1408.43611111111,-0.435,-0.042115210136729,0.0045793236699961,0.0399415272094027,0
1408.43888888889,-0.415,-0.0382765036243058,0.00435983801910216,0.0399330382556193,0
1408.44166666667,-0.4,-0.0337497231211505,0.00424786159975115,0.0399247160501084,0
1408.44444444444,-0.39,-0.0284040112273239,0.00425300318376534,0.0399166161388303,0
1408.44722222222,-0.365,-0.0222042706001098,0.00430935243619224,0.0399087746158933,0
1408.45,-0.37,-0.0152217408019785,0.00431395540496899,0.0399014012889194,0
1408.45277777778,-0.34,-0.0076317909784158,0.00427186789426475,0.0398944358869732,0
1408.45555555556,-0.31,0.000300580357311381,0.00418941367322022,0.0398878073063093,0
1408.45833333333,-0.295,0.00824572711620583,0.00407351674124256,0.0398814521639855,0
1408.46111111111,-0.3,0.0158419134266771,0.00393110392166093,0.0398753201278153,0
1408.46388888889,-0.31,0.0227317822252023,0.00381107441396721,0.0398693776921745,0
1408.46666666667,-0.34,0.0285987159277699,0.00373237685042113,0.0398636101772003,0
1408.46944444444,-0.345,0.0331991506775519,0.003688155661126,0.0398580223350896,0
1408.47222222222,-0.345,0.0363874014727009,0.00366530900329387,0.0398526376130396,0
1408.475,-0.345,0.0381304058803129,0.00364645787653153,0.0398474942605158,0
1408.47777777778,-0.33,0.0385109023780876,0.00361230271016502,0.0398428235674533,0
1408.48055555556,-0.31,0.0377188040610525,0.00354409749734417,0.0398385663041461,0
1408.48333333333,-0.33,0.0360317761302774,0.00342596800524746,0.0398346199293745,0
1408.48611111111,-0.34,0.0337871451492347,0.00324682610451319,0.0398308946543983,0
1408.48888888889,-0.355,0.0313481442964133,0.00306440048096911,0.0398273656843049,0
1408.49166666667,-0.37,0.0290680441418904,0.00289229194338837,0.0398240269504265,0
1408.49444444444,-0.39,0.0272558814679206,0.00273439355010175,0.0398207449837323,0
1408.49722222222,-0.385,0.0261472689833359,0.00259518914642503,0.0398173346195791,0
1408.5,-0.365,0.0258831775106521,0.00247955220422003,0.0398137731744719,0
1408.50277777778,-0.365,0.0264986979215981,0.00239244764321701,0.0398101923344169,0
1408.50555555556,-0.35,0.0279227110660581,0.00233856320595028,0.0398066011099496,0
1408.50833333333,-0.36,0.0299882374509479,0.00232190427199101,0.0398029192837792,0
1408.51111111111,-0.355,0.0324521280994399,0.00234539022617323,0.0397990751371309,0
1408.51388888889,-0.34,0.0350218107059565,0.00241049138290119,0.0397950143833475,0
1408.51666666667,-0.35,0.0373861187231857,0.0025169430223909,0.0397907061940268,0
1408.51944444444,-0.335,0.0392468740638041,0.00266256756865659,0.0397861430306076,0
1408.52222222222,-0.34,0.0403478992961548,0.00278860032932302,0.0397813461716459,0
1408.525,-0.335,0.0404984960686876,0.00288194963668239,0.0397764110339014,0
1408.52777777778,-0.345,0.0395890985242517,0.00295825915614847,0.0397715888851199,0
1408.53055555556,-0.35,0.037597716315962,0.00303371601436166,0.0397669804398738,0
1408.53333333333,-0.36,0.0345868198977111,0.00312306756670824,0.0397627093662494,0
1408.53611111111,-0.36,0.0306913762686089,0.00323783006637925,0.0397586494662913,0
1408.53888888889,-0.36,0.0260997008336593,0.00338488976306342,0.0397546695684143,0
1408.54166666667,-0.37,0.0210295467922757,0.00356565078249522,0.0397506413627836,0
1408.54444444444,-0.365,0.0157023266744857,0.003733371185488,0.0397464471691639,0
1408.54722222222,-0.345,0.0103185020567369,0.00386519531161407,0.0397419870297439,0
1408.55,-0.345,0.00503697463567061,0.0039588765954518,0.0397371848867432,0
1408.55277777778,-0.335,-3.9209704589328e-05,0.00401471878144379,0.0397319924371825,0
1408.55555555556,-0.35,-0.00486931165740287,0.00403553640879303,0.0397263999964086,0
1408.55833333333,-0.35,-0.00947291999688273,0.00402641265144149,0.0397204373559378,0
1408.56111111111,-0.345,-0.0139199683732442,0.00399426109439183,0.0397155012004031,0
1408.56388888889,-0.355,-0.0183141262174411,0.00396537541108086,0.0397130833418919,0
1408.56666666667,-0.335,-0.022771733263,0.00400832826376501,0.0397120705953449,0
1408.56944444444,-0.345,-0.0273989830040039,0.00405971418249394,0.0397116596206318,0
1408.57222222222,-0.35,-0.0322702781765778,0.00410211287699521,0.0397115169769633,0
1408.575,-0.36,-0.0374105533410069,0.00413050235584879,0.0397109573376603,0
1408.57777777778,-0.35,-0.0427838970294325,0.00414255375249065,0.0397094062523402,0
1408.58055555556,-0.365,-0.0482900580656385,0.00413912270992619,0.039706488157164,0
1408.58333333333,-0.38,-0.0537694701633751,0.00412449251968765,0.0397039959550757,0
1408.58611111111,-0.37,-0.0590163829654909,0.00410632534837213,0.0397020941012861,0
1408.58888888889,-0.37,-0.0637986665816751,0.00409529807190358,0.0397006041216657,0
1408.59166666667,-0.37,-0.0678819806239346,0.00410442330743014,0.0396994075726315,0
1408.59444444444,-0.355,-0.0710553744235792,0.00414808258541821,0.039698422301529,0
1408.59722222222,-0.36,-0.0731550934776137,0.00424082527494108,0.0396975638467514,0
1408.6,-0.355,-0.0740834536637921,0.00439601166117552,0.0396967582790162,0
1408.60277777778,-0.36,-0.0738201132474596,0.00462439920112645,0.039695954280038,0
1408.60555555556,-0.355,-0.0724238837470866,0.00493278529538694,0.0396963275661891,0
1408.60833333333,-0.355,-0.0700242945595118,0.00532282607454909,0.0396995425967571,0
1408.61111111111,-0.35,-0.0668033502106852,0.00579014738922508,0.0397050735744366,0
1408.61388888889,-0.355,-0.0629691589056803,0.00632385077986954,0.0397105632410015,0
1408.61666666667,-0.345,-0.0587242247739643,0.00690649386749162,0.0397147683358498,0
1408.61944444444,-0.35,-0.0542320495733841,0.00751459240921215,0.0397193939410791,0
1408.62222222222,-0.355,-0.0495861710489182,0.00811965213642135,0.0397265025991182,0
1408.625,-0.36,-0.0447857988992782,0.00868969515702317,0.0397383994623825,0
1408.62777777778,-0.365,-0.0397217652991175,0.00919120149567703,0.039757483133112,0
1408.63055555556,-0.36,-0.0341756060477807,0.00959134498733274,0.0397860760540802,0
1408.63333333333,-0.35,-0.0278333026458668,0.00986036803641393,0.039826242380521,0
1408.63611111111,-0.335,-0.0203136626968902,0.00997391526996266,0.0398796163825977,0
1408.63888888889,-0.3,-0.0112096491566115,0.00991513483000065,0.0399472379841204,0
1408.64166666667,-0.28,-0.000139362121672987,0.0100898847654,0.0400294142054324,0
1408.64444444444,-0.25,0.0131979924560781,0.0105060403071692,0.0401256094972134,0
1408.64722222222,-0.245,0.0289667820973392,0.0110863054287302,0.0402343279517581,0
1408.65,-0.245,0.0471463499639469,0.0118071725992867,0.0403532025901889,0
1408.65277777778,-0.255,0.0674950434652103,0.012636138075501,0.040479062483119,0
1408.65555555556,-0.255,0.0895319681706795,0.0135337138955158,0.0406080553938043,0
1408.65833333333,-0.255,0.112540169569001,0.0144560964181578,0.0407373162730301,0
1408.66111111111,-0.24,0.135593062694273,0.0153583124589458,0.0408706025704967,0
1408.66388888889,-0.215,0.157603722389463,0.0161976109700797,0.0410111769244987,0
1408.66666666667,-0.175,0.17739431901254,0.0169368310054061,0.0411616045681577,0
1408.66944444444,-0.145,0.19378076388674,0.0175474597993587,0.0413236464001194,0
1408.67222222222,-0.13,0.205665746352354,0.0180121011354895,0.041498166719,0
1408.675,-0.135,0.212132009924912,0.0183261049554058,0.0416852301019882,0
1408.67777777778,-0.145,0.212527096220048,0.0184981635072025,0.0418842711707297,0
1408.68055555556,-0.175,0.206530987907288,0.0185497543034352,0.0420942519708189,0
1408.68333333333,-0.19,0.194199136779648,0.0185134008161075,0.0423138474735561,0
1408.68611111111,-0.19,0.175975218754006,0.0184298215478001,0.0425416413136052,0
1408.68888888889,-0.2,0.152670481620295,0.0183441390124053,0.0427763146402819,0
1408.69166666667,-0.205,0.125409538461253,0.0183014137194691,0.0430168101964009,0
1408.69444444444,-0.22,0.0955456483758186,0.0183418460100195,0.0432623599431086,0
1408.69722222222,-0.225,0.0645516210874849,0.0184960428384729,0.0435098145698374,0
1408.7,-0.245,0.0338951807040512,0.0187807711142912,0.0437533897337802,0
1408.70277777778,-0.27,0.00490964535670343,0.0191956098925014,0.0439909079728283,0
1408.70555555556,-0.29,-0.0213281078174011,0.0197208690042355,0.0442212370837287,0
1408.70833333333,-0.31,-0.0441003764421872,0.0203170629935172,0.0444429961972282,0
1408.71111111111,-0.32,-0.0631211344413174,0.0209261207590166,0.0446547172152633,0
1408.71388888889,-0.34,-0.0785695486208049,0.0214743801278658,0.044855025979931,0
1408.71666666667,-0.34,-0.0910788865718868,0.0218772720778207,0.045042827371592,0
1408.71944444444,-0.355,-0.101679033202913,0.0220454525178779,0.0452174766276851,0
1408.72222222222,-0.37,-0.111695069105349,0.0221989027014623,0.0453789219084008,0
