time_s,raw_ecg,filtered_ecg,diff_envelope,threshold,is_r_peak
1189.37777777778,-0.165,-0.0942772434050598,0.0183741100627693,0.043128866759249,0
1189.38055555556,-0.155,-0.092725255169491,0.017410043332537,0.0431305860779584,0
1189.38333333333,-0.16,-0.0834792733156999,0.016643661601718,0.0431327566060357,0
1189.38611111111,-0.145,-0.067028057546923,0.0161194077911982,0.0431353850348347,0
1189.38888888889,-0.145,-0.0444964904897185,0.0158562054266168,0.0431385383610463,0
1189.39166666667,-0.12,-0.0175306650757044,0.0158480275911949,0.0431423428975991,0
1189.39444444444,-0.09,0.0118581623294628,0.0160664564286245,0.0431468924876828,0
1189.39722222222,-0.075,0.0414762888811114,0.016464907591744,0.0431521290073442,0
1189.4,-0.085,0.0691406198881832,0.0164684426711824,0.0431579321998079,0
1189.40277777778,-0.08,0.0928652811872603,0.0160575263929588,0.0431641222497923,0
1189.40555555556,-0.075,0.111025990871099,0.0154948675276531,0.0431704717855666,0
1189.40833333333,-0.06,0.122488690571069,0.0150041150561246,0.043176719383542,0
1189.41111111111,-0.045,0.126692330978859,0.0146351981910856,0.0431825882619969,0
1189.41388888889,-0.02,0.123679886792845,0.014423630655919,0.0431876877198488,0
1189.41666666667,-0.02,0.114076271709105,0.0143882352147981,0.0431919797520882,0
1189.41944444444,-0.03,0.0990164345243596,0.01453048571965,0.0431955458303456,0
1189.42222222222,-0.02,0.0800311484747494,0.0147284017851676,0.0431985376442002,0
1189.425,0.01,0.0589015021550817,0.0145293769244223,0.0432011790746773,0
1189.42777777778,0.015,0.037495574957214,0.0139966784390513,0.0432040058417816,0
1189.43055555556,0.015,0.0176020382744609,0.0134158611103286,0.0432076523348011,0
1189.43333333333,0.005,0.000775378545756743,0.0128346212966356,0.0432121394682888,0
1189.43611111111,0.01,-0.0117938842001009,0.0122978929788627,0.0432170170009792,0
1189.43888888889,0.035,-0.0193730724099373,0.0118438320013756,0.043221748872915,0
1189.44166666667,0.045,-0.0217377845259195,0.0115006367468417,0.043225741836928,0
1189.44444444444,0.045,-0.0191753228568069,0.0112844593997522,0.0432384767084097,0
1189.44722222222,0.08,-0.0124417726419951,0.0111985526759826,0.0432657371184731,0
1189.45,0.07,-0.00267748305516394,0.0112336785544656,0.0433096420064197,0
1189.45277777778,0.055,0.0087106873092676,0.0113696889722106,0.0433717149978729,0
1189.45555555556,0.06,0.0201891777933666,0.0113703292305861,0.0434528687735418,0
1189.45833333333,0.07,0.0302466114552335,0.0111231435082645,0.0435529538238632,0
1189.46111111111,0.1,0.0375381655908114,0.0108722305294973,0.043670590080233,0
1189.46388888889,0.1,0.041012426482991,0.0106504883647196,0.0438031174450618,0
1189.46666666667,0.085,0.0400094667899748,0.0104853503529065,0.043946572464341,0
1189.46944444444,0.08,0.0343216022657288,0.0103961253584601,0.0440966632216362,0
1189.47222222222,0.095,0.0242117314488097,0.0103922130460005,0.0442490209218504,0
1189.475,0.12,0.0103880252590569,0.010472340930852,0.0444033424200033,0
1189.47777777778,0.135,-0.00606233294546437,0.0106248700178338,0.0445636778860604,0
1189.48055555556,0.14,-0.0237740015710532,0.0108291140445923,0.0447334911292269,0
1189.48333333333,0.105,-0.0412295198045358,0.0110575231217143,0.0449154876060573,0
1189.48611111111,0.105,-0.0568989344990545,0.0111017829528899,0.0451115031525062,0
1189.48888888889,0.085,-0.0693802846750316,0.0109206897404521,0.0453224606602805,0
1189.49166666667,0.09,-0.0775282271974275,0.0108095924752533,0.0455483962786664,0
1189.49444444444,0.11,-0.0805592388763317,0.0107932893512744,0.0457885563760457,0
1189.49722222222,0.115,-0.0781240097399201,0.0108888513974712,0.0460411577712567,0
1189.5,0.11,-0.0703406489394221,0.0111039645764198,0.0463048232204119,0
1189.50277777778,0.105,-0.0577858856683647,0.0114361752170418,0.0465780688650407,0
1189.50555555556,0.11,-0.0414452416912764,0.0118730939012609,0.0468563065161692,0
1189.50833333333,0.125,-0.0226268393323554,0.0123243509569498,0.0471346872566064,0
1189.51111111111,0.145,-0.00284675971093092,0.0125079303139977,0.0474101396109272,0
1189.51388888889,0.145,0.016303608678468,0.0124095052199749,0.0476764353337299,0
1189.51666666667,0.15,0.0332962149467979,0.0120439538044477,0.0479269602982203,0
1189.51944444444,0.155,0.0467984799326293,0.0114996817691223,0.0481601198028014,0
1189.52222222222,0.175,0.0557870552851501,0.0110273465472661,0.0483744534935018,0
1189.525,0.175,0.059633052058355,0.0106489827391309,0.0485688607725016,0
1189.52777777778,0.185,0.0581512050042391,0.0103787106898754,0.0487428301626278,0
1189.53055555556,0.195,0.0516087361081724,0.0102220101091882,0.0488966458629427,0
1189.53333333333,0.165,0.0406933563391315,0.0101758688763312,0.0490316301403579,0
1189.53611111111,0.135,0.0264435665153228,0.0102297731940712,0.0491510664696965,0
1189.53888888889,0.135,0.0101478506639463,0.0101994743714335,0.0492560953664616,0
1189.54166666667,0.145,-0.00677781204966817,0.00999792556396843,0.0493432542068802,0
1189.54444444444,0.14,-0.0229227147842021,0.00975332293246382,0.0494100903070269,0
1189.54722222222,0.13,-0.0370121290921959,0.0094849632032312,0.0494568076686267,0
1189.55,0.1,-0.04802379497083,0.00920829608360696,0.0494853436673025,0
1189.55277777778,0.09,-0.0552793380610879,0.00893313466178031,0.0494992456574403,0
1189.55555555556,0.09,-0.0585020532005544,0.00866257223607479,0.0494998599575299,0
1189.55833333333,0.085,-0.0578355840204711,0.00839273392145897,0.0494836826710453,0
1189.56111111111,0.095,-0.053821636828713,0.00811340662816264,0.049447670685718,0
1189.56388888889,0.075,-0.0473386690311499,0.00780950047127454,0.049390226974261,0
1189.56666666667,0.05,-0.0395071437650406,0.00789055271727261,0.0493111335351391,0
1189.56944444444,0.03,-0.0315701104289923,0.00829711570973705,0.049211034143894,0
1189.57222222222,0.025,-0.0247602636594486,0.00877904148746914,0.0490912210361773,0
1189.575,0.035,-0.0201660267660867,0.0093458520864643,0.048953400947844,0
1189.57777777778,0.04,-0.0186094634861679,0.00999910049474748,0.0487995199957848,0
1189.58055555556,0.03,-0.0205479088701793,0.0107306335970638,0.0486335108321231,0
1189.58333333333,0,-0.026009195827603,0.0115217384484024,0.0484593513124977,0
1189.58611111111,-0.01,-0.0345674076569454,0.0123433166867557,0.0482817888701558,0
1189.58888888889,-0.01,-0.0453624635467635,0.0131571374695419,0.0481059618425122,0
1189.59166666667,-0.005,-0.057162861935215,0.0139181166056227,0.0479369948304776,0
1189.59444444444,-0.005,-0.0684669199791538,0.0145774679888902,0.0477795996616934,0
1189.59722222222,-0.01,-0.0776342151236251,0.0150864825849676,0.047636247332034,0
1189.6,-0.01,-0.0830359886038628,0.0153546555104247,0.0475041456759422,0
1189.60277777778,-0.005,-0.0832112854066288,0.0152717300645827,0.0473833348942983,0
1189.60555555556,0.01,-0.07701477349948,0.0154445202854991,0.0472770909108804,0
1189.60833333333,0.04,-0.0637425996638952,0.0158828588156706,0.0471842131131442,0
1189.61111111111,0.07,-0.043224283213598,0.0165801339604991,0.047101536720582,0
1189.61388888889,0.085,-0.0158713960736975,0.0175128035134429,0.0470249301816944,0
1189.61666666667,0.09,0.0173225975903235,0.0186413019173039,0.04695019893101,0
1189.61944444444,0.095,0.0548327734088732,0.0199123277212902,0.0468759152005268,0
1189.62222222222,0.125,0.0947004768113082,0.0211286885503858,0.0468059949123411,0
1189.625,0.15,0.134671148458087,0.0221119251916535,0.0467443040474619,0
1189.62777777778,0.185,0.172361365466881,0.0228216963971855,0.0466933518965867,0
1189.63055555556,0.21,0.205441426291858,0.0232524552659509,0.0466544193612845,0
1189.63333333333,0.24,0.231818159496872,0.0234342568948115,0.0466280654922422,0
1189.63611111111,0.25,0.249802297922584,0.023430214633604,0.0466143005519307,0
1189.63888888889,0.28,0.258245781940923,0.0233307652467835,0.0466123931185148,0
1189.64166666667,0.275,0.256636672678582,0.0232451874790325,0.0466209724546199,0
1189.64444444444,0.285,0.245142788474443,0.023291068406776,0.0466298849838831,0
1189.64722222222,0.29,0.224599445833362,0.0231552598565549,0.0466375730137531,0
1189.65,0.295,0.196441433297288,0.022876084187767,0.0466445352051217,0
1189.65277777778,0.28,0.162584169492373,0.0225145249683488,0.0466512615369358,0
1189.65555555556,0.275,0.125263478887043,0.0221364006971036,0.0466582000489895,0
1189.65833333333,0.275,0.08684716729152,0.0218059826303698,0.0466657292269084,0
1189.66111111111,0.275,0.0496342578637355,0.0215795027820895,0.0466735838743179,0
1189.66388888889,0.24,0.0156591083095486,0.0214991196683184,0.0466814298990747,0
1189.66666666667,0.205,-0.0134824684802219,0.0215878943499296,0.0466891789659589,0
1189.66944444444,0.18,-0.0367695315642346,0.0218462668660866,0.046696769784097,0
1189.67222222222,0.165,-0.0538421771896438,0.0222504168573662,0.0467041647637784,0
1189.675,0.155,-0.065029009658566,0.022752749433601,0.0467113455047736,0
1189.67777777778,0.15,-0.071312272585244,0.0232845787822844,0.0467183076307309,0
1189.68055555556,0.12,-0.0742322908007023,0.0237609007253754,0.0467250552851501,0
1189.68333333333,0.095,-0.075738134508028,0.0239759928810055,0.0467315681440364,0
1189.68611111111,0.085,-0.0779961984587673,0.0238967562274885,0.0467379421337065,0
1189.68888888889,0.085,-0.0831722778995021,0.0241540540294611,0.0467443490717861,0
1189.69166666667,0.08,-0.0932053769866704,0.0248219460948668,0.0467508144948696,0
1189.69444444444,0.1,-0.109592660260461,0.025950687599064,0.0467573556514394,0
1189.69722222222,0.1,-0.133204529989202,0.0275598893130283,0.0467639993176293,0
1189.7,0.085,-0.164146790207622,0.0296336213241878,0.0467707805011873,0
1189.70277777778,0.06,-0.201683383310695,0.032117960427089,0.0467777401010413,0
1189.70555555556,0.06,-0.244228520724199,0.0349213129265031,0.0467849218230165,0
1189.70833333333,0.085,-0.289411540701547,0.037917644199631,0.0467921919774101,0
1189.71111111111,0.09,-0.334211951273632,0.0409525287328819,0.046799376684891,0
1189.71388888889,0.09,-0.375156329189455,0.0438517158981512,0.0468063822098158,0
1189.71666666667,0.08,-0.408563518726987,0.046431704307806,0.0468131331119999,0
1189.71944444444,0.075,-0.430820339094964,0.0485116471461852,0.0468195721234697,0
1189.72222222222,0.095,-0.438667120870576,0.0499257862321684,0.0468255925659174,0
1189.725,0.11,-0.429471099618428,0.0505355442823346,0.0468311502210331,0
1189.72777777778,0.1,-0.401466120720143,0.0506749606590317,0.0468362668356621,0
1189.73055555556,0.095,-0.353939238287304,0.0515716644698107,0.046841024713387,0
1189.73333333333,0.07,-0.28734847086067,0.0530925546376174,0.0468455514774754,0
1189.73611111111,0.03,-0.203360930550374,0.0550791430676027,0.0468499921811863,0
1189.73888888889,0.04,-0.104806390631226,0.0573610124338195,0.0468544936950671,0
1189.74166666667,0.09,0.00445235278069192,0.0597696501315041,0.0468591374458927,0
1189.74444444444,0.205,0.119724724817888,0.0621515406568588,0.0468639040419944,0
1189.74722222222,0.325,0.235759908528368,0.0643794779146968,0.0468685688922026,0
1189.75,0.5,0.347058623076658,0.0663612218559363,0.0468730511309889,0
1189.75277777778,0.68,0.448207696494875,0.0680448561108342,0.0468772749796626,0
1189.75555555556,0.905,0.534214192843787,0.0694204850305282,0.0468811688767508,0
1189.75833333333,1.175,0.600815798083463,0.0705182160286241,0.0468846658697088,0
1189.76111111111,1.44,0.644745849792434,0.0714026807192556,0.0468877033052062,0
1189.76388888889,1.635,0.663934676954579,0.0721646307620916,0.0468902486830827,1
1189.76666666667,1.72,0.657633538079624,0.0722761702597534,0.046892442616207,0
1189.76944444444,1.6,0.626453048126298,0.0714365279120774,0.0468944694366767,0
1189.77222222222,1.295,0.572314134172736,0.0704010785926066,0.0468964699278355,0
1189.775,0.9,0.498315786429373,0.0690872266116436,0.0468984835270822,0
1189.77777777778,0.54,0.408529705080344,0.0674410451032695,0.0469005287415239,0
1189.78055555556,0.26,0.307736951629068,0.0654440622542699,0.0469026037768946,0
1189.78333333333,0.08,0.201125533290712,0.063116918631799,0.0469046893644005,0
1189.78611111111,0.035,0.0939702153999036,0.0605195980033265,0.0469067535262673,0
1189.78888888889,0.04,-0.00868337887338872,0.0577482204519676,0.0469087578010741,0
1189.79166666667,0.065,-0.102309182837513,0.0549286700929573,0.0469106215334123,0
1189.79444444444,0.04,-0.183146799424462,0.0522075871008328,0.0469122698866279,0
1189.79722222222,0.04,-0.248388187906774,0.0497414644081305,0.0469136362531111,0
1189.8,0.045,-0.296294484303065,0.0476847368822164,0.0469146773667659,0
1189.80277777778,0.06,-0.326237817320922,0.0461778240571876,0.0469154504369244,0
1189.80555555556,0.07,-0.33866848400526,0.0456961988173876,0.0469160035870721,0
1189.80833333333,0.065,-0.335013133189578,0.0457917441743719,0.0469163687032677,0
1189.81111111111,0.085,-0.317514281021393,0.0451011594121674,0.0469165595815803,0
1189.81388888889,0.08,-0.289025221042685,0.0436293489418853,0.0469165754617974,0
1189.81666666667,0.07,-0.25277694447524,0.0414265114919874,0.0469164213511028,0
1189.81944444444,0.055,-0.212134907177077,0.0385852992809121,0.046916119740962,0
1189.82222222222,0.045,-0.170363328816818,0.0352349277127165,0.0469159019428947,0
1189.825,0.06,-0.130413255005324,0.0315846281753545,0.0469160061974206,0
1189.82777777778,0.05,-0.09474802028425,0.0280735964012884,0.0469166155606469,0
1189.83055555556,0.04,-0.0652162661472595,0.0248684588104186,0.0469177343181595,0
1189.83333333333,0.02,-0.0429785995006536,0.0221054142272746,0.0469193518274652,0
1189.83611111111,0.015,-0.0284896612401091,0.0198843156154029,0.046921440890411,0
1189.83888888889,0.025,-0.021533154251941,0.0182654221364611,0.0469239556031207,0
1189.84166666667,0.02,-0.0213035744688045,0.0172688778265342,0.0469268312008782,0
1189.84444444444,0.005,-0.0265252696767484,0.0168767855234383,0.0469301228110837,0
1189.84722222222,0.005,-0.0355972239042503,0.0170375752212586,0.0469340044768874,0
1189.85,0.015,-0.0467507557536439,0.0174201328578374,0.046938583480455,0
1189.85277777778,0.045,-0.0582071660690248,0.0172228883543947,0.0469438995504003,0
1189.85555555556,0.065,-0.0683232277653489,0.0165320060554243,0.0469499622833446,0
1189.85833333333,0.055,-0.0757141549931955,0.0154563616811293,0.0469567592234004,0
1189.86111111111,0.06,-0.0793461329667997,0.0141186207928513,0.0469642525777193,0
1189.86388888889,0.055,-0.0785934012119411,0.0127106020700476,0.0469723767615632,0
1189.86666666667,0.025,-0.0732580047690506,0.011440954018888,0.0469810370343118,0
1189.86944444444,-0.01,-0.0635534006309837,0.0103703016322001,0.0469901094294082,0
1189.87222222222,-0.035,-0.0500558895780355,0.00953670478739066,0.0469994037029821,0
1189.875,-0.01,-0.0336301327353662,0.00895551245299078,0.047008620703613,0
1189.87777777778,0.01,-0.0153366551423637,0.00862089276011884,0.0470174523146671,0
1189.88055555556,0.005,0.00366985626604499,0.00850878700332182,0.0470256043234028,0
1189.88333333333,-0.01,0.022242512494122,0.00858094699214836,0.0470331065663138,0
1189.88611111111,-0.03,0.0393360804152494,0.00842954087470124,0.0470400864502555,0
1189.88888888889,-0.015,0.0540856026917162,0.00813647433425784,0.0470466903168892,0
1189.89166666667,0.01,0.0658643642600636,0.00781088790519735,0.0470530765153492,0
1189.89444444444,0.015,0.074317837568628,0.00749993609262541,0.0470594068149072,0
1189.89722222222,0.015,0.0793724272815193,0.00724258934909865,0.0470658313494493,0
1189.9,0.045,0.0812199788196218,0.00706716610132215,0.0470724720278544,0
1189.90277777778,0.06,0.0802809434206716,0.0069900161637264,0.0470792811617505,0
1189.90555555556,0.065,0.0771506630928068,0.00696466193184659,0.0470862060632202,0
1189.90833333333,0.065,0.0725343475856813,0.0068437576356634,0.0470932293605149,0
1189.91111111111,0.075,0.0671769019481641,0.00664359022609229,0.0471003787816144,0
1189.91388888889,0.09,0.0617938129991548,0.00638724119261386,0.0471075793160869,0
1189.91666666667,0.08,0.0570088458318967,0.00610163685256918,0.0471146577585797,0
1189.91944444444,0.075,0.053303405790842,0.0058144796776747,0.0471215066077294,0
1189.92222222222,0.08,0.0509811863317358,0.00555134538591605,0.0471280865014734,0
1189.925,0.11,0.0501502685297587,0.00533319931390029,0.0471342835532806,0
1189.92777777778,0.115,0.0507232930844022,0.00517453455307022,0.0471398997928402,0
1189.93055555556,0.125,0.0524348184910416,0.00508226861219352,0.0471447615567368,0
1189.93333333333,0.12,0.054873626241836,0.00505546106796533,0.047148721094117,0
1189.93611111111,0.12,0.0575266323758842,0.0050858383484158,0.0471566198207673,0
1189.93888888889,0.115,0.0598302854182121,0.0051590399322777,0.0471733225675818,0
1189.94166666667,0.15,0.0612249152015398,0.00525643870503374,0.0471995755217345,0
1189.94444444444,0.175,0.0612074561711958,0.00529258072991582,0.0472359594444197,0
1189.94722222222,0.185,0.0593782843176178,0.00520857224259454,0.0472828320586532,0
1189.95,0.165,0.0554785350571129,0.00515927393614576,0.0473402667690737,0
1189.95277777778,0.16,0.0494151459750394,0.00515791565302768,0.0474079935899377,0
1189.95555555556,0.18,0.0412719149936657,0.00521161144075986,0.047485347318165,0
1189.95833333333,0.195,0.0313059954726033,0.0053204405647941,0.0475712283113652,0
1189.96111111111,0.215,0.0199303785251952,0.00547722057172177,0.0476645625489043,0
1189.96388888889,0.23,0.00768395838557519,0.00566798975828232,0.0477638950853932,0
1189.96666666667,0.22,-0.00480833147147984,0.0058731524385655,0.0478673234627403,0
1189.96944444444,0.205,-0.0168821414625226,0.00602966262603454,0.0479659415224862,0
1189.97222222222,0.2,-0.0278834842482525,0.00607316925853071,0.0480544558678115,0
1189.975,0.21,-0.0372178986898805,0.00600717370804326,0.0481284090059708,0
1189.97777777778,0.245,-0.0443953343347669,0.00598635782568406,0.0481906010745484,0
1189.98055555556,0.255,-0.0490674502827945,0.006064013306405,0.048244939934382,0
1189.98333333333,0.255,-0.0510546044033251,0.00625054253151313,0.0482958087592115,0
1189.98611111111,0.25,-0.0503605702077777,0.0065472619607394,0.0483479297939211,0
1189.98888888889,0.24,-0.0471739055876668,0.00682452455719116,0.0484062073541825,0
1189.99166666667,0.27,-0.041855850160574,0.0070503045543856,0.0484755606787076,0
1189.99444444444,0.3,-0.0349155833673313,0.00719659484156369,0.0485599192098378,0
1189.99722222222,0.315,-0.0269745716030801,0.00724164629121558,0.0486619757901719,0
1190,0.31,-0.0187225113611231,0.00717170607337464,0.048783930053338,0
1190.00277777778,0.275,-0.0108679854917611,0.0069821283713026,0.0489213582338973,0
1190.00555555556,0.28,-0.00408734996157155,0.00667777428236657,0.0490685642874828,0
1190.00833333333,0.28,0.00102447002967415,0.00627266696232859,0.0492196885380382,0
1190.01111111111,0.305,0.00399768777870231,0.00592373696688003,0.0493689547015824,0
1190.01388888889,0.345,0.0045226245653607,0.00569893155007368,0.0495108972155576,0
1190.01666666667,0.34,0.00247327901972933,0.00560666926594434,0.0496405591894005,0
1190.01944444444,0.315,-0.00208238296350605,0.00564670447103444,0.049753650495735,0
1190.02222222222,0.335,-0.00888636027496929,0.00581037241562728,0.0498500457783136,0
1190.025,0.335,-0.0175086827528751,0.00608151108241441,0.049933051613902,0
1190.02777777778,0.325,-0.0273784699035542,0.00639011098846344,0.0500057469765243,0
1190.03055555556,0.33,-0.0378258390826979,0.00658597445577151,0.0500707745622896,0
1190.03333333333,0.33,-0.048131646492936,0.00666610111664524,0.0501301914820587,0
1190.03611111111,0.305,-0.0575813695142145,0.00663827582318358,0.050185392615544,0
1190.03888888889,0.29,-0.0655190227178896,0.00652082867990429,0.0502371122356555,0
1190.04166666667,0.295,-0.0713968863052085,0.00634150075290057,0.050283903284549,0
1190.04444444444,0.325,-0.0748170378656838,0.00613546434366242,0.0503267729834573,0
1190.04722222222,0.315,-0.0755612154416374,0.00594261730030499,0.0503675911978016,0
1190.05,0.245,-0.0736063753186027,0.00580433618361736,0.0504091046638454,0
1190.05277777778,0.22,-0.0691243896202571,0.00575992756627743,0.0504548633118277,0
1190.05555555556,0.22,-0.0624655814183799,0.00584305510718265,0.0505090614280674,0
1190.05833333333,0.26,-0.0541271248258806,0.00593710383498604,0.0505692666593754,0
1190.06111111111,0.305,-0.0447086384846606,0.00602359335999527,0.0506326008218854,0
1190.06388888889,0.3,-0.0348584630273032,0.00611974945475248,0.0506969678078585,0
1190.06666666667,0.245,-0.0252150315563341,0.00624016649752928,0.0507595345759117,0
1190.06944444444,0.21,-0.016348326384289,0.00639493765203324,0.0508168326590142,0
1190.07222222222,0.22,-0.00870659779185801,0.00658824020685967,0.050863917433273,0
1190.075,0.255,-0.00257326450900359,0.00681752678574122,0.0508963324912286,0
1190.07777777778,0.305,0.00196178010014812,0.00707341889341955,0.0509105360881034,0
1190.08055555556,0.3,0.00501333045899725,0.00734033450082405,0.0509040499823954,0
1190.08333333333,0.285,0.00689280046045291,0.00759781165086884,0.0508815009860349,0
1190.08611111111,0.255,0.00808087173327711,0.00782242155697757,0.0508491311004644,0
1190.08888888889,0.245,0.00918253934058139,0.0079901036461329,0.0508135153216846,0
1190.09166666667,0.24,0.0108679071867518,0.00794389073786642,0.0507811239188714,0
1190.09444444444,0.27,0.0138035426596616,0.00795210252345498,0.0507574297306146,0
1190.09722222222,0.305,0.0185803013115912,0.00806824021184886,0.0507451334113583,0
1190.1,0.3,0.0256441595200943,0.00829510291465417,0.0507459078271892,0
1190.10277777778,0.305,0.0352366635795167,0.00862622079136844,0.0507570131284886,0
1190.10555555556,0.31,0.0473510802979496,0.0090457651035477,0.0507721676140559,0
1190.10833333333,0.33,0.0617092309292435,0.00952939153334715,0.0507845799799823,0
1190.11111111111,0.365,0.0777623741983536,0.0100459973995215,0.0507913399058853,0
1190.11388888889,0.385,0.0947174923961567,0.010560285419483,0.0507991206411862,0
1190.11666666667,0.38,0.111588086540107,0.011035943438765,0.0508081877178501,0
1190.11944444444,0.38,0.127266292358512,0.0114391788060401,0.050818690532358,0
1190.12222222222,0.385,0.14061099329713,0.0117422948310562,0.0508299196908901,0
1190.125,0.425,0.150544832134759,0.0119269706931478,0.0508411882726328,0
1190.12777777778,0.49,0.156151790296217,0.0119869090338122,0.0508520470729312,0
1190.13055555556,0.515,0.156766456079523,0.0119682922796584,0.0508623550762227,0
1190.13333333333,0.52,0.152046328599109,0.0120050060206691,0.0508720681336167,0
1190.13611111111,0.525,0.14201952743381,0.0120158818912936,0.0508812317836374,0
1190.13888888889,0.545,0.127102052459957,0.0119136479490264,0.0508899666056313,0
1190.14166666667,0.59,0.108081147694023,0.011726977448839,0.0508984611859695,0
1190.14444444444,0.61,0.0860641871834669,0.0116385348533433,0.0509069122595963,0
1190.14722222222,0.63,0.0623955892483136,0.0117039768928181,0.0509154400647532,0
1190.15,0.615,0.0385473139572133,0.0119711694484515,0.0509241077165728,0
1190.15277777778,0.6,0.0159912327858991,0.0124745142751206,0.0509327535128543,0
1190.15555555556,0.61,-0.00393618305613591,0.0132298477396386,0.0509412861104008,0
1190.15833333333,0.645,-0.0201650533162631,0.0142304016617658,0.0509497425545857,0
1190.16111111111,0.675,-0.0320069684005813,0.015444266610243,0.050958223499421,0
1190.16388888889,0.67,-0.0392420384026923,0.016813708438139,0.0509668375379688,0
1190.16666666667,0.62,-0.0421683215547832,0.0182565643555337,0.0509756870902649,0
1190.16944444444,0.605,-0.0416065398179385,0.019669793464911,0.0509848584350641,0
1190.17222222222,0.605,-0.0388564734824572,0.0209350890721229,0.0509944127172049,0
1190.175,0.645,-0.0356054377614376,0.0216007627230805,0.051004300514139,0
1190.17777777778,0.675,-0.0337934634352555,0.0215011270490862,0.0510141247725334,0
1190.18055555556,0.655,-0.0354438771383219,0.0214233100118611,0.0510235349141915,0
1190.18333333333,0.62,-0.0424715459283696,0.0219540143535045,0.0510324008576598,0
1190.18611111111,0.615,-0.0564837817915722,0.0231583142960992,0.0510406364109615,0
1190.18888888889,0.63,-0.0785905165362342,0.0250640533957477,0.0510483452832341,0
1190.19166666667,0.64,-0.10924065977875,0.0276560035605623,0.0510558759841977,0
1190.19444444444,0.66,-0.148100448447573,0.0308725924268109,0.0510633293315084,0
1190.19722222222,0.66,-0.193987106333213,0.0346056201389412,0.0510707882659579,0
1190.2,0.635,-0.244867395657458,0.0387031927161289,0.0510783108986732,0
1190.20277777778,0.635,-0.29792590960506,0.0429758782283381,0.0510859263800487,0
1190.20555555556,0.635,-0.349702570047135,0.0472058593577305,0.0510936338677944,0
1190.20833333333,0.64,-0.396293172380534,0.0511586285110712,0.0511012515336664,0
1190.21111111111,0.65,-0.433601410772985,0.0545578230969352,0.0511085156033074,0
1190.21388888889,0.64,-0.45762607413117,0.0570651773959401,0.0511153508106512,0
1190.21666666667,0.625,-0.464763440750636,0.0585972473723031,0.0511217204734626,0
1190.21944444444,0.64,-0.45210265985631,0.0591281854846098,0.0511276297067076,0
1190.22222222222,0.655,-0.41769132918272,0.0595662733004042,0.0511330413544049,0
1190.225,0.69,-0.360749670336917,0.0608872408004093,0.0511379819086235,0
1190.22777777778,0.74,-0.281814638511958,0.0629587828388614,0.0511424916194308,0
1190.23055555556,0.77,-0.182799808441234,0.0656136616892024,0.0511465858403155,0
1190.23333333333,0.765,-0.0669626501487088,0.0686633807868513,0.0511502537364429,0
1190.23611111111,0.845,0.0612225693451052,0.0719132049674789,0.0511534591777764,0
1190.23888888889,0.95,0.196281044343675,0.0751773115011966,0.0511561219300214,0
1190.24166666667,1.125,0.332030839282059,0.0782928408308417,0.0511582524629445,0
1190.24444444444,1.36,0.461935362036551,0.0811317024104215,0.0511600019387702,0
1190.24722222222,1.615,0.579491950635521,0.0836091733490431,0.0511614050534364,0
1190.25,1.905,0.678630375362423,0.0856885914740139,0.0511624940490285,0
1190.25277777778,2.16,0.754093716369046,0.0873817686480263,0.0511632988708519,0
1190.25555555556,2.38,0.801774781404592,0.0887451080799325,0.0511638446261428,0
1190.25833333333,2.54,0.818983960987667,0.0898717711849723,0.0511641487414899,1
1190.26111111111,2.58,0.804629000626564,0.0900074175597091,0.0511641675472007,0
1190.26388888889,2.44,0.759293274336367,0.0889854120295512,0.051163658136999,0
1190.26666666667,2.11,0.685206319358053,0.087821456016785,0.0511623878985058,0
1190.26944444444,1.705,0.586108097953502,0.086403549467728,0.0511601605532238,0
1190.27222222222,1.295,0.467016100879169,0.0846494903955957,0.0511569216029605,0
1190.275,1.02,0.333911410972143,0.0825173812028675,0.0511528677082894,0
1190.27777777778,0.9,0.193365663608691,0.0800126422150945,0.0511480844950423,0
1190.28055555556,0.83,0.0521350237247369,0.0771908716127888,0.0511426566061481,0
1190.28333333333,0.755,-0.0832504760306787,0.0741562376087638,0.0511366644209964,0
1190.28611111111,0.695,-0.206873793692778,0.0710554643420576,0.0511301856091475,0
1190.28888888889,0.675,-0.313767521650331,0.0680678460398251,0.0511232924256133,0
1190.29166666667,0.68,-0.400177898089141,0.0653920630825029,0.0511159298302375,0
1190.29444444444,0.685,-0.463739404972606,0.0632308499750293,0.0511079959647675,0
1190.29722222222,0.645,-0.503550001638226,0.0617747553478582,0.0510995025756143,0
1190.3,0.605,-0.520144527399918,0.0611863216679975,0.0510904918163251,0
1190.30277777778,0.59,-0.515371357100906,0.0607866536986528,0.0510811101288875,0
1190.30555555556,0.59,-0.492184422625323,0.0593317424394585,0.05107140871289,0
1190.30833333333,0.59,-0.454368680723016,0.0568150999169729,0.051061373610636,0
1190.31111111111,0.58,-0.406221563744129,0.0535020723250714,0.0510509919575914,0
1190.31388888889,0.585,-0.352215572040724,0.0496961616876034,0.0510402512980599,0
1190.31666666667,0.555,-0.296667783192325,0.0456360376607595,0.0510291377726725,0
1190.31944444444,0.52,-0.243440655660621,0.0415566558372395,0.0510179519714845,0
1190.32222222222,0.515,-0.195695246838962,0.0376752838247385,0.05100696275919,0
1190.325,0.51,-0.15571314881895,0.0341794648205527,0.0509963659804562,0
1190.32777777778,0.51,-0.124797490984724,0.0312176184175923,0.0509865120050388,0
1190.33055555556,0.51,-0.103256772020166,0.0288927658951066,0.0509776412565006,0
1190.33333333333,0.465,-0.0904686111302738,0.027259628954871,0.050969802133202,0
1190.33611111111,0.47,-0.0850142902826921,0.0263251049438224,0.0509630148754236,0
1190.33888888889,0.49,-0.0848696874155763,0.0260518862048725,0.05095726789946,0
1190.34166666667,0.49,-0.0876342766656852,0.0263647830625659,0.0509525166046108,0
1190.34444444444,0.53,-0.0907775764392462,0.0268299590374327,0.0509486847145716,0
1190.34722222222,0.525,-0.0918818982654774,0.0263823621937816,0.050945668117223,0
1190.35,0.51,-0.0888614770260679,0.025149422729802,0.0509433441135494,0
1190.35277777778,0.49,-0.0801408884383091,0.023683512181832,0.0509415542932931,0
1190.35555555556,0.49,-0.0647797953097573,0.0222491666545777,0.0509402450322054,0
1190.35833333333,0.505,-0.0425361208283853,0.0209507714198408,0.050939555726779,0
1190.36111111111,0.51,-0.0138652693069593,0.019868819519382,0.0509396096798513,0
1190.36388888889,0.54,0.0201414793270694,0.0190563148317542,0.0509405086445658,0
1190.36666666667,0.52,0.0578712513033174,0.0185375223323095,0.0509423241199747,0
1190.36944444444,0.53,0.0973442561087835,0.0183089829660696,0.0509450944040889,0
1190.37222222222,0.525,0.136393661280763,0.018342545621085,0.0509488270399276,0
1190.375,0.53,0.172853971843818,0.018590032618377,0.050953397456129,0
1190.37777777778,0.54,0.204741225079892,0.0189890568483311,0.05095857104221,0
1190.38055555556,0.555,0.230409759714692,0.0194694536993428,0.0509641133769686,0
1190.38333333333,0.53,0.248673033284842,0.0197691197432126,0.0509698214308526,0
1190.38611111111,0.525,0.258879659294541,0.0199859335838793,0.0509757785786559,0
1190.38888888889,0.53,0.260940156741441,0.0202299129019685,0.0509821792604364,0
1190.39166666667,0.55,0.255304445653685,0.0203937656431926,0.0509890739005275,0
1190.39444444444,0.555,0.242894474240653,0.0203748815282511,0.050996276117195,0
1190.39722222222,0.555,0.225000147199624,0.0201641583201155,0.0510036783468094,0
1190.4,0.54,0.203149624781228,0.0197693181793984,0.0510109469958777,0
1190.40277777778,0.525,0.178966851900774,0.0192130555163722,0.0510177960497162,0
1190.40555555556,0.525,0.154029736364658,0.0185301123221988,0.0510240171947122,0
1190.40833333333,0.53,0.129741720151389,0.017763605699746,0.051029490764535,0
1190.41111111111,0.505,0.107227684191383,0.0169609694854867,0.0510343005973074,0
1190.41388888889,0.48,0.0872624003800236,0.0161698765227816,0.0510387722480835,0
1190.41666666667,0.445,0.0702363768637746,0.0154344820166687,0.0510432622474093,0
1190.41944444444,0.425,0.0561602653173199,0.0147922756452477,0.0510481139281665,0
1190.42222222222,0.41,0.0447053607949867,0.0142717568805023,0.0510536112394403,0
1190.425,0.41,0.0352744596420909,0.0138910617931139,0.0510599382507227,0
1190.42777777778,0.395,0.0270947375912707,0.0136575786339402,0.0510671448312306,0
1190.43055555556,0.395,0.0193225868563641,0.0136045522321527,0.0510751230745848,0
1190.43333333333,0.37,0.0111496376019079,0.013560857663048,0.0510835974972909,0
1190.43611111111,0.34,0.00189951750928962,0.0134028685548241,0.0510911108362482,0
1190.43888888889,0.33,-0.00889379289128698,0.0131535225248964,0.0510988466824566,0
1190.44166666667,0.365,-0.0214330271849548,0.0128376879720462,0.0511052940789062,0
1190.44444444444,0.405,-0.0356344231879523,0.0124797256199018,0.0511085851780412,0
1190.44722222222,0.435,-0.0511355031130691,0.0121013553392401,0.0511066068258408,0
1190.45,0.445,-0.067332057705018,0.0117199986517614,0.0510971463094759,0
1190.45277777778,0.445,-0.083439766958549,0.0113477117494755,0.0510780565244499,0
1190.45555555556,0.435,-0.0985736368443284,0.0109907618316148,0.0510474391161415,0
1190.45833333333,0.42,-0.111836905309193,0.0106498369875048,0.0510038292184005,0
1190.46111111111,0.425,-0.122410395766379,0.0103208223397334,0.0509463664272893,0
1190.46388888889,0.45,-0.129633511802263,0.0099960275088216,0.0508749364459722,0
1190.46666666667,0.45,-0.133069126195925,0.00967593174945843,0.050790269338045,0
1190.46944444444,0.455,-0.132546394400863,0.0094577583193483,0.0506940495613507,0
1190.47222222222,0.47,-0.128177825817143,0.00929219746558769,0.0505891497853119,0
1190.475,0.5,-0.120349538542604,0.00912968439456798,0.0504805899043455,0
1190.47777777778,0.545,-0.109686246369478,0.00892595606762198,0.0503742929890229,0
1190.48055555556,0.565,-0.0969949259837375,0.00864675313614866,0.0502748576973308,0
1190.48333333333,0.58,-0.0831930613154703,0.00827123322464879,0.0501814305010254,0
1190.48611111111,0.555,-0.0692286839185436,0.00779380439878519,0.0500935798585581,0
1190.48888888889,0.565,-0.0560000116421594,0.00729431446092403,0.0500112273286151,0
1190.49166666667,0.585,-0.0442822958484446,0.00681534041131554,0.049934523307608,0
1190.49444444444,0.615,-0.0346685596550441,0.00637644519307589,0.0498636815282483,0
1190.49722222222,0.65,-0.0275293566179856,0.00599730591724224,0.0497987879670872,0
1190.5,0.665,-0.0229946698569014,0.00569627956457387,0.0497396040807227,0
1190.50277777778,0.665,-0.0209588154310101,0.00548907463736661,0.049685382232238,0
1190.50555555556,0.67,-0.021106939562374,0.00538763298590031,0.0496347186252827,0
1190.50833333333,0.7,-0.0229596321400005,0.00539930288109961,0.0495854559536524,0
1190.51111111111,0.72,-0.0259305181158494,0.00549030551291464,0.0495346524737743,0
1190.51388888889,0.705,-0.0293905883107341,0.0054285389592031,0.0494796353774659,0
1190.51666666667,0.685,-0.0327325869219181,0.00523275572153189,0.0494243034545961,0
1190.51944444444,0.66,-0.0354290123097686,0.00493377025683644,0.0493742291940752,0
1190.52222222222,0.655,-0.0370781691699402,0.00457139825531422,0.0493355436684481,0
1190.525,0.65,-0.0374341292228932,0.00419052158931379,0.0493102077908539,0
1190.52777777778,0.64,-0.03641825749575,0.00383669448959137,0.0492997726727969,0
1190.53055555556,0.645,-0.0341119503424472,0.00355174551763396,0.0493053522712378,0
1190.53333333333,0.64,-0.0307322024178662,0.00336982202204722,0.0493276193401501,0
1190.53611111111,0.635,-0.0265933715312626,0.00331427055088197,0.0493668231582314,0
1190.53888888889,0.63,-0.0220598672937801,0.00339565423413852,0.0494228259050995,0
1190.54166666667,0.62,-0.017495319725605,0.00361108641514616,0.0494951532883634,0
1190.54444444444,0.64,-0.0132140115822439,0.00394492158524067,0.0495830552004817,0
1190.54722222222,0.645,-0.00943997022780243,0.00436048880586467,0.0496855689080613,0
1190.55,0.61,-0.00627816211010414,0.0047161608583259,0.0498015797480126,0
1190.55277777778,0.585,-0.00370082358401934,0.00501393928041027,0.0499275573878787,0
1190.55555555556,0.575,-0.00155025020194594,0.00525859412973162,0.0500558592530985,0
1190.55833333333,0.6,0.00044246349501207,0.005457080830497,0.0501802716962733,0
1190.56111111111,0.595,0.00262499583660873,0.00561786933590397,0.0502962169981263,0
1190.56388888889,0.58,0.00538143719086334,0.0057502244372203,0.0504049987910736,0
1190.56666666667,0.575,0.0090848286958399,0.00586347428128227,0.0505079259206788,0
1190.56944444444,0.56,0.0140499807854593,0.00589624131275682,0.0506063254594919,0
1190.57222222222,0.565,0.0204919152071587,0.00583697188467834,0.0507015591861237,0
1190.575,0.575,0.0284946587367668,0.00573471903074194,0.0507950377177035,0
1190.57777777778,0.605,0.0379939885882651,0.00562683315544265,0.0508880005227964,0
1190.58055555556,0.6,0.048776208598571,0.00551282753952225,0.0509805755973308,0
1190.58333333333,0.58,0.0604932829572032,0.00539508711482848,0.0510730112411602,0
1190.58611111111,0.585,0.0726928564866629,0.00527889962782951,0.0511576531151925,0
1190.58888888889,0.585,0.0848600385856652,0.00517231690315831,0.0512336494618496,0
1190.59166666667,0.6,0.0964664988019607,0.00508584352951332,0.0513060760357821,0
1190.59444444444,0.615,0.107021559627165,0.00503195812998536,0.05137884552725,0
1190.59722222222,0.62,0.116119672560545,0.00502448149525559,0.0514482683058022,0
1190.6,0.595,0.123478964605197,0.00507781582705238,0.0515107430037367,0
1190.60277777778,0.595,0.128966419403543,0.00520608946344533,0.0515627799105481,0
1190.60555555556,0.62,0.132606624934293,0.00542225081797035,0.0516008577309431,0
1190.60833333333,0.635,0.134572740574198,0.00573716281161816,0.0516231365694418,0
1190.61111111111,0.665,0.135160234313225,0.00615875375178302,0.0516291764181572,0
1190.61388888889,0.69,0.134745819152799,0.00669128148620184,0.0516286126468897,0
1190.61666666667,0.69,0.133735678649875,0.00733476407164821,0.0516292712060381,0
1190.61944444444,0.665,0.132508337274084,0.00808462187476933,0.0516309410218584,0
1190.62222222222,0.695,0.131358262022029,0.00893156316980674,0.051633390561055,0
1190.625,0.695,0.130446391001638,0.00986172863284953,0.0516363792106233,0
1190.62777777778,0.73,0.129763248662661,0.0108570908673102,0.0516396678998945,0
1190.63055555556,0.76,0.129109168380667,0.0118960848581544,0.0516430295051688,0
1190.63333333333,0.765,0.128094506440893,0.0129544259496537,0.0516462575834579,0
1190.63611111111,0.765,0.126160755465983,0.0140060555766592,0.0516492548162536,0
1190.63888888889,0.76,0.122621346146918,0.0150241434423686,0.0516522350999485,0
1190.64166666667,0.78,0.116718878349926,0.0159820696837524,0.0516553952641366,0
1190.64444444444,0.815,0.107693757714446,0.0168543128222851,0.0516589235303705,0
1190.64722222222,0.85,0.094857918393683,0.0176171792889524,0.0516629495880139,0
1190.65,0.865,0.0776666290392827,0.0182493275680056,0.0516674869012776,0
1190.65277777778,0.875,0.0557813903194373,0.0187320632322488,0.0516724950001223,0
1190.65555555556,0.9,0.0291176518118846,0.0190208279388355,0.0516779125938097,0
1190.65833333333,0.92,-0.00212755433012636,0.0190897315021292,0.0516836266297856,0
1190.66111111111,0.915,-0.037471071896517,0.0191409936347822,0.0516894130638018,0
1190.66388888889,0.885,-0.0761629446833902,0.0193911230857968,0.051695071941276,0
1190.66666666667,0.85,-0.117228023012209,0.0198474153481377,0.0517004858531666,0
1190.66944444444,0.835,-0.159526030845693,0.0205155635241235,0.0517057226048789,0
1190.67222222222,0.835,-0.201824382715468,0.0213995700899079,0.0517108351370531,0
1190.675,0.825,-0.242876702723833,0.0225013613768116,0.0517158585116884,0
1190.67777777778,0.835,-0.281499363762785,0.0238200657614166,0.0517208074723606,0
1190.68055555556,0.815,-0.316638516807569,0.0253509568781831,0.0517256756719955,0
1190.68333333333,0.785,-0.347421022623361,0.0270841094008905,0.0517304368765788,0
1190.68611111111,0.77,-0.373184355687464,0.0290028628848796,0.0517350473170786,0
1190.68888888889,0.775,-0.393482771419911,0.0310822340044648,0.0517395972881272,0
1190.69166666667,0.785,-0.40806959942199,0.0332874542428971,0.0517442108843907,0
1190.69444444444,0.81,-0.416858191073432,0.0355728339535792,0.0517489605975931,0
1190.69722222222,0.84,-0.419866534911871,0.0378811607283671,0.0517538398152016,0
1190.7,0.875,-0.417152591689142,0.0401438274115755,0.0517587787719692,0
1190.70277777778,0.93,-0.408748762357663,0.0422818517026695,0.0517638011380187,0
1190.70555555556,0.99,-0.394604415729384,0.0442078957520716,0.0517689193580161,0
1190.70833333333,1.06,-0.374544976286822,0.0458293230693758,0.051774132233184,0
1190.71111111111,1.125,-0.348254705597079,0.0470522458973461,0.0517794232277089,0
1190.71388888889,1.195,-0.315288096337097,0.047786425044756,0.0517847632288825,0
1190.71666666667,1.27,-0.275111918208644,0.0479507933075862,0.0517901118150967,0
1190.71944444444,1.325,-0.227176666503351,0.0474792909820386,0.0517954187503685,0
1190.72222222222,1.385,-0.171012775547842,0.0463266355206638,0.0518005976529471,0
1190.725,1.455,-0.10634380387668,0.0460567352681451,0.0518055301736455,0
1190.72777777778,1.54,-0.0332062020879438,0.0468221620399963,0.0518101197092807,0
1190.73055555556,1.62,0.0479364741809923,0.0486090131265345,0.0518144451056129,0
1190.73333333333,1.7,0.136097724510619,0.0513548861710048,0.0518186103347405,0
1190.73611111111,1.77,0.229702939487019,0.0549522208759075,0.0518226863086345,0
1190.73888888889,1.86,0.326565479442074,0.0592548998151955,0.0518267236644725,0
1190.74166666667,1.92,0.42391170145019,0.0639004748661103,0.0518306589425649,0
1190.74444444444,2.015,0.518458851669727,0.0684907463416422,0.051834391169914,0
1190.74722222222,2.13,0.606545322200365,0.0728242442322149,0.0518378178026938,0
1190.75,2.245,0.684308092044989,0.0766987771578457,0.0518408476197629,0
1190.75277777778,2.325,0.747897639189651,0.0799222241650533,0.0518433755636728,0
1190.75555555556,2.4,0.793716638820092,0.0823234600840253,0.0518452950416141,0
1190.75833333333,2.47,0.818665732418164,0.0837627272952512,0.0518465059061515,0
1190.76111111111,2.515,0.820377877083077,0.0841407633076787,0.0518469221303723,1
1190.76388888889,2.54,0.797422478590326,0.083406039210486,0.0518465792677332,0
1190.76666666667,2.555,0.749461769142537,0.0815595578652367,0.05184556269708,0
1190.76944444444,2.55,0.677344671900485,0.0794183452434869,0.0518439419347792,0
1190.77222222222,2.48,0.583127525608767,0.0776725341309977,0.0518418252625989,0
1190.775,2.26,0.470016227515145,0.0762323239133439,0.0518393414712556,0
1190.77777777778,1.945,0.342230194437355,0.0750067118092005,0.0518365978500052,0
1190.78055555556,1.565,0.204794574738098,0.0739150273927218,0.0518336397603252,0
1190.78333333333,1.21,0.0632728726161912,0.0728971572065318,0.0518303917917301,0
1190.78611111111,0.935,-0.0765429128386926,0.0719214905883184,0.0518267683457424,0
1190.78888888889,0.77,-0.20896380712455,0.0709898167776916,0.0518226839454145,0
1190.79166666667,0.68,-0.328734041023313,0.0701386738784273,0.0518180638204322,0
1190.79444444444,0.595,-0.431336491933483,0.0694369690392422,0.0518128554562113,0
1190.79722222222,0.51,-0.513251419187489,0.0689800283864142,0.0518070335171228,0
1190.8,0.46,-0.572149715253178,0.0688805647286856,0.0518006040412791,0
1190.80277777778,0.435,-0.6070066073901,0.0692573412934391,0.0517936053635627,0
1190.80555555556,0.435,-0.618127620049031,0.0686394033986266,0.0517861055356542,0
1190.80833333333,0.45,-0.607085184291039,0.0669930022698678,0.0517781968004161,0
1190.81111111111,0.44,-0.57657103028429,0.0646037649358607,0.0517698976605822,0
1190.81388888889,0.41,-0.530175876266622,0.0614508743309288,0.0517612401737975,0
1190.81666666667,0.375,-0.472113412310382,0.0575608944292395,0.0517522909119608,0
1190.81944444444,0.355,-0.40690972043321,0.0532983896891168,0.0517431298827381,0
1190.82222222222,0.345,-0.339081733824602,0.0489051646692211,0.0517338459989955,0
1190.825,0.34,-0.272828915533255,0.0445960135773772,0.0517245314430901,0
1190.82777777778,0.35,-0.211760985510793,0.0405675074446617,0.0517152477768902,0
1190.83055555556,0.35,-0.158681359744835,0.0369876119824088,0.0517060485088212,0
1190.83333333333,0.315,-0.11544125293654,0.0339875788741831,0.051696980108896,0
1190.83611111111,0.29,-0.0828735322381115,0.0316565592088509,0.0516880679414961,0
1190.83888888889,0.285,-0.060808884714169,0.0300391849291489,0.051679309048193,0
1190.84166666667,0.305,-0.0481702196714047,0.0291361487401069,0.0516706678805285,0
1190.84444444444,0.305,-0.0431350201282159,0.0289076011941104,0.0516619747531651,0
1190.84722222222,0.29,-0.0433500968419985,0.0292789913998515,0.0516532472680761,0
1190.85,0.27,-0.046179311397847,0.0293872716788517,0.0516445563827319,0
1190.85277777778,0.27,-0.0489626301465399,0.0285316788772699,0.0516359660804753,0
1190.85555555556,0.27,-0.0492645110911698,0.0270316372155497,0.051627535404088,0
1190.85833333333,0.285,-0.0450911154769374,0.025407128003358,0.0516193193412062,0
1190.86111111111,0.29,-0.0350590213546558,0.02377525892492,0.0516113609312738,0
1190.86388888889,0.28,-0.018502700896221,0.0222363212013348,0.0516036830103042,0
1190.86666666667,0.265,0.00448640670991195,0.0208684469079625,0.0515962858162123,0
1190.86944444444,0.235,0.0330903325904355,0.0197243792937799,0.0515891470103247,0
1190.87222222222,0.225,0.0658596063506538,0.0188304529902911,0.0515822242272482,0
1190.875,0.215,0.100862486966189,0.0181877044765968,0.0515754551789398,0
1190.87777777778,0.215,0.135873560108838,0.0177748712914146,0.051568765420393,0
1190.88055555556,0.215,0.168583806692307,0.0175529036377049,0.0515620788306418,0
1190.88333333333,0.185,0.196812819995333,0.0174705139912917,0.0515553577702597,0
1190.88611111111,0.17,0.218704148620754,0.0174702355416113,0.0515486686528905,0
1190.88888888889,0.16,0.232886712469753,0.0174796185444889,0.0515420275425133,0
1190.89166666667,0.16,0.238588675230629,0.0174831774748233,0.0515353934522861,0
1190.89444444444,0.175,0.235694729402847,0.0175568929341458,0.0515287496669349,0
1190.89722222222,0.16,0.224743032600167,0.0177299969609786,0.051522212958683,0
1190.9,0.125,0.206863543997696,0.0177289574396858,0.051515934615725,0
1190.90277777778,0.11,0.183664751373058,0.0174366178701677,0.0515100711400235,0
1190.90555555556,0.095,0.157080287589507,0.0169393214032355,0.0515047748876076,0
1190.90833333333,0.105,0.129190318378342,0.016370890347806,0.0515002651257917,0
1190.91111111111,0.1,0.102034555413559,0.0157662760543636,0.0514967758410734,0
1190.91388888889,0.085,0.0774341555023977,0.0151648465057249,0.0514944476721114,0
1190.91666666667,0.06,0.0568385971742535,0.0146063121210437,0.0514933602990477,0
1190.91944444444,0.03,0.041211011607891,0.014126867705373,0.0514935223809409,0
1190.92222222222,0.025,0.0309616463111118,0.0137558973067047,0.0514948657958586,0
1190.925,0.035,0.0259345218086525,0.0135135176720998,0.0514972448141178,0
1190.92777777778,0.07,0.0254473380114191,0.0134091432782421,0.0515001988626144,0
1190.93055555556,0.07,0.0283797615469646,0.0134411508846513,0.0515031712503007,0
1190.93333333333,0.03,0.0333008286160085,0.0135976143239118,0.0515062255146771,0
1190.93611111111,0.005,0.0386227263387898,0.0136583982685569,0.0515099047034805,0
1190.93888888889,0.01,0.0427659758355305,0.0133209024267053,0.0515148438993563,0
1190.94166666667,0.035,0.0443202224417876,0.0129364065987387,0.0515217392872221,0
1190.94444444444,0.06,0.0421854995243863,0.0125353744702631,0.0515208048069897,0
1190.94722222222,0.045,0.0356808925257092,0.0121457283899361,0.0515059003279901,0
1190.95,0.02,0.0246107811550148,0.0117903946539146,0.051474579667514,0
1190.95277777778,0.015,0.00928296430531922,0.0114854910476214,0.0514250639674512,0
1190.95555555556,0.015,-0.0095224191544619,0.01123930529919,0.0513564186350421,0
1190.95833333333,0.025,-0.0306296042426611,0.0110521286755309,0.0512686902310292,0
1190.96111111111,0.04,-0.0525817092647504,0.010916921359694,0.0511629921406297,0
1190.96388888889,0.05,-0.0737817131642335,0.0108207040627704,0.0510417003332877,0
1190.96666666667,0.03,-0.0926461843677795,0.0107465013646841,0.0509087330354434,0
1190.96944444444,0.03,-0.107756968802648,0.0107837909621044,0.0507684159679572,0
1190.97222222222,0.06,-0.117996371302077,0.0108694410050064,0.0506252282401096,0
1190.975,0.08,-0.122653051524566,0.0109851250983321,0.0504796480016596,0
1190.97777777778,0.105,-0.121488734135581,0.011141528632373,0.0503278465073724,0
1190.98055555556,0.125,-0.114759624544142,0.0113435378310781,0.0501666040568043,0
1190.98333333333,0.115,-0.103190763645296,0.0115897123252422,0.0499934751924963,0
1190.98611111111,0.12,-0.0879060361912297,0.0117252590433771,0.0498068676024308,0
1190.98888888889,0.135,-0.070320745324687,0.0115832100108342,0.0496059867288351,0
1190.99166666667,0.165,-0.0520071869424081,0.011269497052194,0.0493906441971408,0
1190.99444444444,0.195,-0.0345461737357565,0.0109671409011731,0.0491614985490519,0
1190.99722222222,0.21,-0.019378737493726,0.0106945123328065,0.0489198522315225,0
1191,0.215,-0.00767216408663487,0.0104677795492312,0.0486674496708453,0
1191.00277777778,0.235,-0.000213100400639668,0.0102991061506537,0.0484060023966968,0
1191.00555555556,0.265,0.00266214585731901,0.0101952891685369,0.0481371113158128,0
1191.00833333333,0.305,0.00109356373489698,0.0101569834499038,0.0478620961473687,0
1191.01111111111,0.36,-0.00432271104480495,0.0101785961181883,0.0475818459839472,0
1191.01388888889,0.41,-0.0125986168202944,0.0102488638158081,0.0473006000100536,0
1191.01666666667,0.43,-0.0224562170302621,0.0103520532173273,0.0470233532003199,0
1191.01944444444,0.435,-0.0324577332894518,0.010389361499925,0.0467506224077643,0
1191.02222222222,0.445,-0.0411510402264675,0.0102765984380935,0.0464834783734517,0
1191.025,0.465,-0.0472166179697796,0.010186569806617,0.0462237406649824,0
1191.02777777778,0.485,-0.0496018030247135,0.0101337971810024,0.0459735539235423,0
1191.03055555556,0.505,-0.0476293674545857,0.0101277673693175,0.0457349966009547,0
1191.03333333333,0.485,-0.0410698789844962,0.0101717873747361,0.0455091825861797,0
1191.03611111111,0.485,-0.0301707240073472,0.0102624900220994,0.0452966823046336,0
1191.03888888889,0.48,-0.0156387896428301,0.0103900547660585,0.0450973499527435,0
1191.04166666667,0.48,0.00142178682051205,0.0105391343623513,0.0449102020277169,0
1191.04444444444,0.49,0.0196110982386062,0.0106904041133095,0.0447394747558475,0
1191.04722222222,0.5,0.0373647036017941,0.0108225837861515,0.0445908375844615,0
1191.05,0.47,0.0531022554169106,0.0108065518146038,0.044463638886942,0
1191.05277777778,0.465,0.0653794211473152,0.0107727183872674,0.0443559586314302,0
1191.05555555556,0.465,0.0730285940138603,0.0108106937425145,0.0442681550085361,0
1191.05833333333,0.475,0.0752748515981783,0.0109275103561357,0.0442052182961638,0
1191.06111111111,0.49,0.0718158707998537,0.0111226844865636,0.044171159471119,0
1191.06388888889,0.48,0.0628578402138244,0.0113879224528514,0.0441677482784773,0
1191.06666666667,0.455,0.0491035189025808,0.0117076427119422,0.044194354887814,0
1191.06944444444,0.435,0.0316930925749025,0.0120602890882993,0.0442482470270516,0
1191.07222222222,0.43,0.0121029540354829,0.0122842991463494,0.0443238709191231,0
1191.075,0.435,-0.00798843594470372,0.0121723504549962,0.0444172868569022,0
1191.07777777778,0.435,-0.0268552497615492,0.0118772318962373,0.0445323649438654,0
1191.08055555556,0.44,-0.0428851314611308,0.0116490497215605,0.0446723617740027,0
1191.08333333333,0.415,-0.054731017924914,0.0115028633977433,0.0448383356279647,0
1191.08611111111,0.385,-0.0614394746952905,0.0114452235911562,0.0450300075083769,0
1191.08888888889,0.39,-0.06254312964283,0.01147299490774,0.0452460056502515,0
1191.09166666667,0.42,-0.0581080242558829,0.0115730966008486,0.0454840668086414,0
1191.09444444444,0.435,-0.0487308331782275,0.011723229130283,0.0457412866196497,0
1191.09722222222,0.41,-0.035485551173245,0.0118935608936832,0.0460158639532261,0
1191.1,0.385,-0.0198239851316468,0.0120492552668777,0.0463101107837501,0
1191.10277777778,0.38,-0.00343877717228524,0.0119448782268723,0.0466224162316477,0
1191.10555555556,0.38,0.0118986880846591,0.0119268199904718,0.0469469734337084,0
1191.10833333333,0.39,0.0245106180539489,0.0120248412553134,0.0472816755734416,0
1191.11111111111,0.39,0.0329793453075292,0.0122601948179006,0.0476239267138991,0
1191.11388888889,0.4,0.0362923217283755,0.0126429741187092,0.0479668994856852,0
1191.11666666667,0.375,0.0339516049552333,0.0131703520176043,0.0483036536000877,0
1191.11944444444,0.37,0.0260369536563443,0.0138259110717329,0.048632632020346,0
1191.12222222222,0.35,0.0132157805837012,0.0145801720490728,0.0489534675197942,0
1191.125,0.35,-0.00330197644336793,0.0153923198580858,0.0492652678200222,0
1191.12777777778,0.375,-0.0218609499874871,0.0162130151861449,0.0495667672859644,0
1191.13055555556,0.38,-0.0405014509027529,0.0169880761670394,0.0498565277705231,0
1191.13333333333,0.365,-0.0571324599867539,0.0173568578873503,0.0501331704907064,0
1191.13611111111,0.35,-0.069721253991906,0.0172334782835316,0.0503954749706931,0
1191.13888888889,0.375,-0.0764826483988644,0.0169042837579346,0.0506428689489676,0
1191.14166666667,0.405,-0.0760506017606983,0.0168002233800635,0.0508756216975739,0
1191.14444444444,0.43,-0.0676162600302829,0.0169377569468154,0.0510948116131533,0
1191.14722222222,0.44,-0.0510193220386323,0.0173172488316962,0.0513023877876306,0
1191.15,0.42,-0.0267836423959247,0.0179227885930594,0.0515012193846958,0
1191.15277777778,0.425,0.00390709586694415,0.0187234308808717,0.0516963245506286,0
1191.15555555556,0.43,0.0392924449150875,0.01967577438157,0.0518913857402745,0
1191.15833333333,0.465,0.0771704713016643,0.0205662450995881,0.0520813905852666,0
1191.16111111111,0.515,0.115073921344102,0.0211155018698444,0.0522612086454141,0
1191.16388888889,0.545,0.150472094269263,0.0213139408294475,0.0524258935026968,0
1191.16666666667,0.545,0.180980715553351,0.0211950087194142,0.0525709823670085,0
1191.16944444444,0.54,0.204561138946832,0.0208329138916745,0.0526927704544285,0
1191.17222222222,0.56,0.219690914222795,0.0203363714221371,0.0527903984061107,0
1191.175,0.58,0.225490096789708,0.0198388601368252,0.052864536431201,0
1191.17777777778,0.615,0.221791456027036,0.0194861924623646,0.0529169484334268,0
1191.18055555556,0.625,0.209147640943701,0.019422454797007,0.0529503105455089,0
1191.18333333333,0.63,0.188773959548533,0.019745746697699,0.0529680146121331,0
1191.18611111111,0.64,0.162431229630047,0.0200321039135128,0.0529737773506812,0
1191.18888888889,0.645,0.132258646581225,0.0203273512603417,0.0529714288022641,0
1191.19166666667,0.645,0.100571292981087,0.020674977482003,0.052964781785205,0
1191.19444444444,0.655,0.0696403550399911,0.0211101883650761,0.052957420377548,0
1191.19722222222,0.685,0.0414759874443225,0.0216544038767263,0.0529525191107149,0
1191.2,0.66,0.0176328898080007,0.0223107570879394,0.0529475697548978,0
1191.20277777778,0.64,-0.000943013093131735,0.0230610913258999,0.0529388356512779,0
1191.20555555556,0.615,-0.0140117389292368,0.0238648438441647,0.0529296173334826,0
1191.20833333333,0.6,-0.0220699624689026,0.0246600568925919,0.0529215513295363,0
1191.21111111111,0.575,-0.0263107317675835,0.0253665816326772,0.052914735953552,0
1191.21388888889,0.56,-0.0285139135775413,0.0258913508775376,0.0529090997050818,0
1191.21666666667,0.535,-0.0308753450233345,0.0261354087987504,0.0529044981536125,0
1191.21944444444,0.515,-0.0357883471349238,0.0262686020284602,0.0529007419565479,0
1191.22222222222,0.51,-0.0455958588931575,0.0268642101341643,0.0528976910525368,0
1191.225,0.5,-0.0623345598821734,0.0279871165798134,0.052895164909027,0
1191.22777777778,0.485,-0.0874936709318613,0.029673824753668,0.0528928877418301,0
1191.23055555556,0.455,-0.121810511002748,0.0319258878536321,0.0528904802090658,0
1191.23333333333,0.42,-0.165122364874735,0.0347055104105821,0.0528878022927913,0
1191.23611111111,0.395,-0.216289963760736,0.0379338242264545,0.0528848606160106,0
1191.23888888889,0.395,-0.273202233272492,0.0414921559127007,0.0528816065856393,0
1191.24166666667,0.405,-0.332865376215782,0.0452263845404904,0.0528780050195702,0
1191.24444444444,0.415,-0.391572372170624,0.0489542525383629,0.0528740139815001,0
1191.24722222222,0.39,-0.445142171859102,0.0524752590482538,0.0528695780390204,0
1191.25,0.365,-0.489211812715057,0.0555825509702079,0.0528646403958799,0
1191.25277777778,0.355,-0.519559896091969,0.0580760502433241,0.0528594643930262,0
1191.25555555556,0.34,-0.532436758374054,0.0597759313290687,0.0528542266834439,0
1191.25833333333,0.34,-0.524875513949796,0.0605355014114741,0.052849052288127,0
1191.26111111111,0.34,-0.494959063801045,0.0604796312686035,0.0528440565690553,0
1191.26388888889,0.33,-0.442021095482051,0.061177531298832,0.0528393111092315,0
1191.26666666667,0.295,-0.366763828521784,0.0624782826082267,0.0528346950950954,0
1191.26944444444,0.245,-0.271281415574002,0.0642072673485201,0.0528300691765651,0
1191.27222222222,0.245,-0.158985007822313,0.0661819683759652,0.0528252872713034,0
1191.275,0.305,-0.0344329692209171,0.0682277907409164,0.0528202091554681,0
1191.27777777778,0.41,0.0969230172758914,0.0701925795321669,0.0528147163452051,0
1191.28055555556,0.57,0.229058745118113,0.0719586392072825,0.0528087209606246,0
1191.28333333333,0.74,0.355742819957549,0.0734512890554353,0.0528021708908238,0
1191.28611111111,0.94,0.47092073458049,0.0746432974184244,0.0527950508902977,0
1191.28888888889,1.185,0.569090423856823,0.0755548968504536,0.0527873790731221,0
1191.29166666667,1.44,0.645642672075876,0.0762494625506922,0.052779313212447,0
1191.29444444444,1.695,0.697142405372425,0.0768253047697959,0.0527710443115788,0
1191.29722222222,1.89,0.721531369207975,0.0774043514533223,0.0527627000806453,1
1191.3,1.945,0.718238601239631,0.0775972879814317,0.0527543283484378,0
1191.30277777778,1.785,0.688191988604772,0.0766194340536423,0.052745823677023,0
1191.30555555556,1.475,0.633731499643309,0.0752679814751285,0.0527370478708803,0
1191.30833333333,1.1,0.558431831125114,0.0734630412696338,0.0527279205245246,0
1191.31111111111,0.745,0.466848661258318,0.0711646319276844,0.0527184559949314,0
1191.31388888889,0.49,0.364207958802748,0.0683788438627445,0.0527086745185439,0
1191.31666666667,0.35,0.256061484970481,0.0651599923764188,0.0526985932202329,0
1191.31944444444,0.315,0.147933484880373,0.0616085771872692,0.0526882238920237,0
1191.32222222222,0.31,0.0449834963406503,0.0578652216306103,0.0526775178873285,0
1191.325,0.305,-0.0482917421408739,0.0541011007445604,0.0526664043439747,0
1191.32777777778,0.285,-0.128297925358199,0.0505056566312158,0.0526548379090331,0
1191.33055555556,0.285,-0.192509971521072,0.0472726181424367,0.0526427924398638,0
1191.33333333333,0.29,-0.239557479251993,0.044680298041339,0.0526302368616888,0
1191.33611111111,0.295,-0.269226695356344,0.0431104922776864,0.0526173102045111,0
1191.33888888889,0.285,-0.282383099095772,0.0425820763703499,0.0526042106203372,0
1191.34166666667,0.28,-0.280824412852911,0.0428299780305639,0.0525910468583007,0
1191.34444444444,0.29,-0.267078569310818,0.0421465433110845,0.0525778603975297,0
1191.34722222222,0.295,-0.244164568309897,0.0405599364581059,0.0525646859387419,0
1191.35,0.265,-0.215336026278649,0.0381502600221687,0.05255156685734,0
1191.35277777778,0.27,-0.183827472410216,0.0350438773099474,0.0525385554757229,0
1191.35555555556,0.275,-0.152622126912264,0.0316046436819754,0.0525257135613159,0
1191.35833333333,0.255,-0.124257180900795,0.0281293206323346,0.0525131091720308,0
1191.36111111111,0.27,-0.100678764201683,0.0247967873258567,0.0525008146328633,0
1191.36388888889,0.26,-0.083154195057692,0.0217617719692112,0.0524889048122196,0
1191.36666666667,0.24,-0.0722441597217466,0.0191474668153868,0.0524774559475912,0
1191.36944444444,0.23,-0.0678325866200072,0.0170406902029085,0.0524665442556221,0
1191.37222222222,0.235,-0.0692075519072278,0.0154897492458461,0.0524562438872628,0
1191.375,0.245,-0.0751829180578506,0.0145049619651255,0.0524466220029552,0
1191.37777777778,0.245,-0.0842478205806414,0.0140616166225351,0.0524377080881976,0
1191.38055555556,0.23,-0.0947297366951915,0.0141049911827578,0.0524295380529445,0
1191.38333333333,0.23,-0.104956742465149,0.0144494414267362,0.0524221606390695,0
1191.38611111111,0.215,-0.113405632690233,0.0142679701566426,0.0524155965648148,0
1191.38888888889,0.22,-0.118824684566248,0.0136669005609534,0.0524098344386414,0
1191.39166666667,0.255,-0.120322755778626,0.0127686208624424,0.0524048464779846,0
1191.39444444444,0.265,-0.117419828534243,0.0117011292601079,0.0524005859905064,0
1191.39722222222,0.265,-0.110057723141561,0.0106622714133431,0.0523969857013169,0
1191.4,0.235,-0.0985731889393102,0.00975514827027609,0.052393956669204,0
1191.40277777778,0.22,-0.0836386457423082,0.00902493732186781,0.0523913895433574,0
1191.40555555556,0.225,-0.0661782567216923,0.00849592700307099,0.0523891547539612,0
1191.40833333333,0.235,-0.0472685952662378,0.00817217648375084,0.0523870821456526,0
1191.41111111111,0.275,-0.0280338368581737,0.00803962490340028,0.0523849755607665,0
1191.41388888889,0.27,-0.00954516026814823,0.00800988876195468,0.0523827827596296,0
1191.41666666667,0.255,0.00726704090108003,0.0078575491813281,0.0523806082545664,0
1191.41944444444,0.25,0.0216813068869672,0.00762856363639567,0.0523785615036071,0
1191.42222222222,0.27,0.0332290502051998,0.00737062574364451,0.0523768422942705,0
1191.425,0.29,0.0417122269145788,0.00712894720056473,0.0523757070062841,0
1191.42777777778,0.305,0.0471952096405143,0.00694266042703613,0.0523753994798172,0
1191.43055555556,0.305,0.0499736404149419,0.00684206999869051,0.0523761420595745,0
1191.43333333333,0.27,0.0505249378156753,0.00684689530547855,0.0523781324531678,0
1191.43611111111,0.255,0.0494464698739019,0.00676535487542462,0.0523765744042999,0
1191.43888888889,0.29,0.047388095011377,0.00653544097264506,0.0523666329241649,0
1191.44166666667,0.3,0.0449857958161061,0.00620667128838212,0.0523475727967071,0
1191.44444444444,0.33,0.0428025259172223,0.00579934322931231,0.0523188020931937,0
1191.44722222222,0.345,0.0412812556415611,0.00533924043857892,0.0522799280017369,0
1191.45,0.345,0.0407136783699879,0.00485495787215389,0.0522308159585019,0
1191.45277777778,0.32,0.0412262955552862,0.00437521007027392,0.0521716475191201,0
1191.45555555556,0.315,0.0427838138677382,0.0039263483570548,0.0521029713089301,0
1191.45833333333,0.34,0.0452081355874884,0.00353027803251199,0.0520257710004133,0
1191.46111111111,0.355,0.0482098528122549,0.00320291919934998,0.0519414425163318,0
1191.46388888889,0.35,0.051428180832899,0.00295329943766805,0.0518517886160915,0
1191.46666666667,0.335,0.0544747546256528,0.00278330813453335,0.0517590370187361,0
1191.46944444444,0.32,0.0569766840796453,0.0026880857836341,0.0516657697821729,0
1191.47222222222,0.33,0.0586146891888768,0.00265697136487628,0.051574818145123,0
1191.475,0.365,0.0591529439616965,0.00267489053747976,0.0514892279975614,0
1191.47777777778,0.365,0.0584583417496216,0.0026496622276958,0.0514051068070703,0
1191.48055555556,0.375,0.0565081283909964,0.00258799796866462,0.0513178938494002,0
1191.48333333333,0.37,0.0533860989070189,0.00253164765204783,0.0512230940247429,0
1191.48611111111,0.375,0.0492686908176713,0.0024959336769561,0.0511164888854386,0
1191.48888888889,0.385,0.0444032237885426,0.00249234666951976,0.0509943327884915,0
1191.49166666667,0.395,0.0390811516349978,0.0025276115767399,0.0508535197572464,0
1191.49444444444,0.405,0.0336094647283269,0.00256784820560152,0.0506925413680131,0
1191.49722222222,0.41,0.0282833029708399,0.00257254621674486,0.0505116421735539,0
1191.5,0.4,0.0233624431466513,0.00254533648143571,0.0503119427068039,0
1191.50277777778,0.395,0.0190536729171944,0.00249348971632028,0.0500954410987601,0
1191.50555555556,0.395,0.0155002439987218,0.00242628539218424,0.0498649679606047,0
1191.50833333333,0.41,0.0127787094488646,0.00235332182644558,0.0496240940458628,0
1191.51111111111,0.41,0.0109025968184136,0.00228297271871151,0.0493769931862319,0
1191.51388888889,0.4,0.00983164341217921,0.00223181530762815,0.0491282620188299,0
1191.51666666667,0.38,0.00948479645414069,0.00224526043752313,0.0488827148880236,0
1191.51944444444,0.395,0.00975490780476146,0.0022853733247893,0.048645154922088,0
1191.52222222222,0.42,0.0105230478181452,0.00231906765034196,0.0484167530519054,0
1191.525,0.44,0.0116706124393691,0.00235292852031505,0.048195618478032,0
1191.52777777778,0.465,0.0130878594993762,0.00239505856612588,0.0479802718885282,0
1191.53055555556,0.465,0.0146781190803334,0.00245385607521253,0.0477696575826617,0
1191.53333333333,0.455,0.0163575985026187,0.0025367698880738,0.0475631040487287,0
1191.53611111111,0.46,0.0180513591382276,0.00264919357306969,0.0473602385136863,0
1191.53888888889,0.475,0.0196865985340125,0.00279363876079824,0.0471608641116609,0
1191.54166666667,0.48,0.0211847595704314,0.00296928863279894,0.0469648135620782,0
1191.54444444444,0.5,0.0224541621911303,0.00317198232402241,0.0467717949189433,0
1191.54722222222,0.5,0.0233847925774629,0.00339462553070582,0.0465812458876794,0
1191.55,0.485,0.0238465979071676,0.00362796854046787,0.0463922397757457,0
1191.55277777778,0.475,0.0236921577193537,0.00386164661008947,0.0462034232761641,0
1191.55555555556,0.495,0.0227639941795797,0.00408534455168491,0.0460129179515853,0
1191.55833333333,0.5,0.0209061182367857,0.00428993144141286,0.0458253722892399,0
1191.56111111111,0.51,0.0179787694371334,0.00444978607618483,0.0456453117675872,0
1191.56388888889,0.52,0.0138747747239362,0.004544979033404,0.0454758438980526,0
1191.56666666667,0.495,0.00853559530607456,0.00458250336938663,0.0453201795387674,0
1191.56944444444,0.495,0.00196500051343312,0.00457156583585813,0.0451814286731764,0
1191.57222222222,0.495,-0.00576157221308861,0.0045226698420423,0.0450611023828738,0
1191.575,0.5,-0.0144935459846402,0.0044828674790543,0.044959660729236,0
1191.57777777778,0.505,-0.0240086181862552,0.0044589921588783,0.0448766331212523,0
1191.58055555556,0.495,-0.0340233242984641,0.00444730125014379,0.0448113301068212,0
1191.58333333333,0.46,-0.0442102115734016,0.00444656607878492,0.0447673526859585,0
1191.58611111111,0.44,-0.0542202934856933,0.00445901774423058,0.0447423203014181,0
1191.58888888889,0.445,-0.0637087753186497,0.00449088163967661,0.0447334049895057,0
1191.59166666667,0.46,-0.0723615519681273,0.00455239426334249,0.044737555356278,0
1191.59444444444,0.45,-0.0799197456806294,0.00464660140819334,0.0447517127148956,0
1191.59722222222,0.425,-0.0861996124407785,0.00474684829808497,0.0447730080168651,0
1191.6,0.39,-0.0911055081997862,0.00485921703500952,0.0447989138400111,0
1191.60277777778,0.375,-0.0946342439725258,0.00498979749252192,0.044830734093695,0
1191.60555555556,0.375,-0.0968700143372462,0.00514378624159929,0.044872855214585,0
1191.60833333333,0.365,-0.0979700729249268,0.00532465389349503,0.0449281724396289,0
1191.61111111111,0.375,-0.098142348685225,0.00553346712587858,0.0449950583914004,0
1191.61388888889,0.365,-0.0976171377895918,0.0057684410532059,0.0450669520673524,0
1191.61666666667,0.365,-0.0966157614390868,0.00602477962447877,0.04514343296072,0
1191.61944444444,0.35,-0.0953195583966028,0.00629483751872582,0.045223861212574,0
1191.62222222222,0.335,-0.0938427173295911,0.0065686083166785,0.0453073218169207,0
1191.625,0.315,-0.092212216410968,0.00683451282508882,0.0453925855601052,0
1191.62777777778,0.3,-0.0903575330567005,0.00708043093988384,0.0454780931683254,0
1191.63055555556,0.285,-0.0881118616406854,0.00729489312655347,0.0455619676043859,0
1191.63333333333,0.28,-0.0852254142521966,0.0074683261559015,0.0456434236562646,0
1191.63611111111,0.285,-0.0813900909055654,0.00759423451437939,0.0457275216050846,0
1191.63888888889,0.3,-0.0762735215919594,0.00767019569765133,0.0458193462068222,0
1191.64166666667,0.29,-0.0695593395244477,0.00769855541079426,0.0459222460586961,0
1191.64444444444,0.285,-0.0609896710880067,0.00768672763607833,0.0460384308091644,0
1191.64722222222,0.295,-0.0504053297651686,0.00764703368966493,0.0461698040382163,0
1191.65,0.305,-0.0377791512334042,0.0076221493887894,0.0463177898903277,0
1191.65277777778,0.32,-0.02323833461439,0.00765282775384335,0.0464829844050908,0
1191.65555555556,0.32,-0.00707254227592531,0.00766566279969397,0.0466651722540231,0
1191.65833333333,0.32,0.0102742088588539,0.00763453348936369,0.0468634125601608,0
1191.66111111111,0.325,0.0282282681116907,0.00765259504796265,0.0470760504456675,0
1191.66388888889,0.34,0.0461263861305274,0.00774216795587289,0.0473006662072005,0
1191.66666666667,0.32,0.0632680933718748,0.00791339624142908,0.0475341488985094,0
1191.66944444444,0.315,0.0789759786182503,0.0081620477826267,0.0477728134863682,0
1191.67222222222,0.285,0.0926583131188209,0.00846863244441521,0.0480125571916797,0
1191.675,0.295,0.103867849227182,0.00879900903439492,0.0482490478082362,0
1191.67777777778,0.33,0.112350590302217,0.00910651580918677,0.0484779343190872,0
1191.68055555556,0.33,0.11807891774237,0.00933551225408972,0.0486982883639158,0
1191.68333333333,0.3,0.121264648048348,0.00942607588951146,0.0489121262699251,0
1191.68611111111,0.29,0.122349293967079,0.00931947107547807,0.0491209480176801,0
1191.68888888889,0.26,0.121970880104789,0.00896391032705932,0.0493255961329724,0
1191.69166666667,0.285,0.120908931757926,0.00873697638760863,0.0495262621509514,0
1191.69444444444,0.295,0.120011504532625,0.0086883927400995,0.0497230872408233,0
1191.69722222222,0.295,0.120110130883552,0.00883959768744045,0.0499160769924788,0
1191.7,0.29,0.121930119125406,0.00920024735955153,0.0501052721853972,0
1191.70277777778,0.305,0.126004574521814,0.00976668815752759,0.050290920073529,0
1191.70555555556,0.33,0.132600695721567,0.0105214161678937,0.0504736284271404,0
1191.70833333333,0.355,0.141666273770565,0.0114336358272297,0.0506544859871552,0
1191.71111111111,0.355,0.152802900378447,0.012460943265008,0.0508351358864875,0
1191.71388888889,0.34,0.165270268876347,0.0135520648004263,0.0510164273296099,0
1191.71666666667,0.32,0.178023288691942,0.0146504857273685,0.0511936928408841,0
1191.71944444444,0.315,0.189780754907734,0.0156987170302732,0.0513634407063811,0
1191.72222222222,0.33,0.199121282402476,0.0166428761169534,0.0515223342952107,0
1191.725,0.335,0.204599411231949,0.0174372092486476,0.0516668945016384,0
1191.72777777778,0.345,0.204872490850643,0.0180481637626921,0.0517939720113006,0
1191.73055555556,0.355,0.198827396562949,0.0184315334513825,0.0519022767270554,0
1191.73333333333,0.325,0.185695505721699,0.0185656913121904,0.0519914932051323,0
1191.73611111111,0.295,0.165144769910347,0.0185427640505038,0.0520622442067279,0
1191.73888888889,0.28,0.137339178284346,0.0186626187645892,0.0521158927448502,0
1191.74166666667,0.285,0.102958335890204,0.0187636775190153,0.0521544035525428,0
1191.74444444444,0.285,0.0631731055707511,0.018748717022861,0.0521803807127431,0
1191.74722222222,0.28,0.0195770282086594,0.0185332933391387,0.0521969373080047,0
1191.75,0.235,-0.0259227727332875,0.0183858293913432,0.0522073761533119,0
1191.75277777778,0.205,-0.071247631760989,0.0183887615758113,0.0522149941547624,0
1191.75555555556,0.175,-0.114311374750673,0.0185869733171942,0.0522229009080694,0
1191.75833333333,0.175,-0.153192823609946,0.0190061165139504,0.0522338624453052,0
1191.76111111111,0.175,-0.186301764563824,0.0196480935816503,0.0522469570452109,0
1191.76388888889,0.16,-0.212523155688933,0.0204882362421204,0.0522581893447168,0
1191.76666666667,0.135,-0.231325482514954,0.0214745527156783,0.0522641148749223,0
1191.76944444444,0.115,-0.242821617349266,0.0225292707148926,0.052262177384771,0
1191.77222222222,0.11,-0.247774143659558,0.0231358286189857,0.0522577738686226,0
1191.775,0.125,-0.247541607023169,0.0231069536534181,0.0522548246465652,0
1191.77777777778,0.135,-0.243967193963765,0.022500060376969,0.0522531959106886,0
1191.78055555556,0.145,-0.239216501843555,0.0222845800162041,0.0522527264246029,0
1191.78333333333,0.135,-0.235575900835619,0.0225702062521167,0.0522532428316842,0
1191.78611111111,0.12,-0.235227066463813,0.023444589494064,0.0522545646414447,0
1191.78888888889,0.14,-0.240016190026741,0.0249639068838723,0.0522565153095983,0
1191.79166666667,0.165,-0.251237849984198,0.0271449923680125,0.0522589307965081,0
1191.79444444444,0.205,-0.269453358982203,0.0299597438470386,0.0522616654295702,0
1191.79722222222,0.22,-0.294361531503727,0.0333323955619055,0.0522645951713503,0
1191.8,0.235,-0.324736332682817,0.0371400629023002,0.0522677045925987,0
1191.80277777778,0.25,-0.358440997331191,0.0412167452216841,0.0522708569433733,0
1191.80555555556,0.265,-0.392522303893841,0.0453607251701924,0.0522739788507384,0
1191.80833333333,0.3,-0.423382205489752,0.0493450482633126,0.0522770655396123,0
1191.81111111111,0.315,-0.447017478996145,0.05293052294932,0.0522801923786544,0
1191.81388888889,0.31,-0.459311995835934,0.0558804682417707,0.0522834363334508,0
1191.81666666667,0.295,-0.456361165041603,0.0579602333396379,0.0522868643033127,0
1191.81944444444,0.295,-0.434804503877784,0.0587701576979391,0.0522905234151851,0
1191.82222222222,0.32,-0.392140500642177,0.0588909057112208,0.0522944339987555,0
1191.825,0.355,-0.326998156306252,0.0602675692190236,0.0522984872726423,0
1191.82777777778,0.38,-0.239341874639721,0.0629113604429917,0.0523024059020282,0
1191.83055555556,0.45,-0.130590594657709,0.0664312146756625,0.0523059943946765,0
1191.83333333333,0.51,-0.00363794273824923,0.0705809769085675,0.0523092153112126,0
1191.83611111111,0.61,0.137232699982575,0.0751216478821673,0.0523120245022606,0
1191.83888888889,0.76,0.286536501713294,0.0798152766288549,0.0523143734746027,0
1191.84166666667,0.95,0.437869229929304,0.0844423267944755,0.0523162108551827,0
1191.84444444444,1.145,0.584266039561154,0.08881706544148,0.0523174830513712,0
1191.84722222222,1.34,0.71861373608766,0.092799744597985,0.0523181341260885,0
1191.85,1.53,0.834088636816189,0.0963046126098913,0.0523181309602747,0
1191.85277777778,1.73,0.92458957660755,0.0993031401806428,0.052317665863506,0
1191.85555555556,1.925,0.985135301082087,0.101822246100298,0.0523165096517893,0
1191.85833333333,2.06,1.01219752053223,0.103734221143562,0.0523146789607402,1
1191.86111111111,2.125,1.00394513602685,0.104073324154452,0.0523122058727677,0
1191.86388888889,2.1,0.960381293292631,0.10280507888876,0.0523091371403226,0
1191.86666666667,1.935,0.883362513425748,0.101136466762863,0.0523055402245688,0
1191.86944444444,1.685,0.776497617115368,0.099335605043412,0.0523014990356428,0
1191.87222222222,1.345,0.644932852403666,0.0972889304430156,0.052297096717406,0
1191.875,0.97,0.495037885171266,0.0949205470876485,0.0522924070240576,0
1191.87777777778,0.645,0.334014478995802,0.092202291892458,0.0522874899560472,0
1191.88055555556,0.41,0.169455223013714,0.0891594694702103,0.0522824038514251,0
1191.88333333333,0.29,0.00888313760221075,0.0858717209563755,0.0522771175824052,0
1191.88611111111,0.2,-0.140695864499085,0.0824689040824039,0.052271325135159,0
1191.88888888889,0.16,-0.273196938440279,0.0791222861290011,0.0522646558250633,0
1191.89166666667,0.14,-0.383789511498466,0.0760317512209643,0.0522570970348836,0
1191.89444444444,0.145,-0.469138100008258,0.0734100650028654,0.0522490052046702,0
1191.89722222222,0.125,-0.527536207057246,0.0714654941981454,0.0522406749890087,0
1191.9,0.065,-0.558926855536859,0.0706804040170099,0.0522323544992021,0
1191.90277777778,-0.005,-0.564811746067415,0.070750583874831,0.0522242630045688,0
1191.90555555556,-0.035,-0.548059153382505,0.0697139602290174,0.0522165751630293,0
1191.90833333333,-0.055,-0.512627861580056,0.0675367785616222,0.0522094140109732,0
1191.91111111111,-0.055,-0.463230145009539,0.0642524834989753,0.0522027440485456,0
1191.91388888889,-0.06,-0.404960610395728,0.059961845933009,0.0521963240140534,0
1191.91666666667,-0.075,-0.342919368335426,0.0548279258165564,0.0521899081801323,0
1191.91944444444,-0.1,-0.281857416849892,0.0494845486148213,0.0521832794522591,0
1191.92222222222,-0.105,-0.22586939553509,0.0442709769173865,0.0521762802352547,0
1191.925,-0.1,-0.178154275248415,0.039430158857931,0.0521688339179356,0
1191.92777777778,-0.11,-0.14085849937059,0.0351660571989429,0.052160961498416,0
1191.93055555556,-0.1,-0.115009110975129,0.0316344299216651,0.052152620100497,0
1191.93333333333,-0.125,-0.100537071508638,0.0289372328811317,0.0521438801624775,0
1191.93611111111,-0.135,-0.0963839003709783,0.0271208027872063,0.052135102089059,0
1191.93888888889,-0.14,-0.100678504568186,0.0261777111461003,0.0521263238999935,0
1191.94166666667,-0.145,-0.11096610495038,0.0260519325187072,0.0521176086302166,0
1191.94444444444,-0.15,-0.124467861956001,0.0266467606784523,0.0521090440046147,0
1191.94722222222,-0.17,-0.138348373468422,0.0266793964576792,0.0521007381542549,0
1191.95,-0.185,-0.149968712962042,0.0258699541813998,0.0520928113397461,0
1191.95277777778,-0.23,-0.157104988260721,0.0243882472881619,0.0520853951651158,0
1191.95555555556,-0.25,-0.158116272115997,0.0224333376791976,0.0520785250649068,0
1191.95833333333,-0.245,-0.152050804790851,0.0203706376483485,0.0520720495232694,0
1191.96111111111,-0.24,-0.138685128034372,0.0184279081506452,0.0520658344248983,0
1191.96388888889,-0.245,-0.11849676634708,0.0166977737057469,0.0520597789694714,0
1191.96666666667,-0.265,-0.092576712356439,0.0152432231731781,0.0520537184524814,0
1191.96944444444,-0.29,-0.0624928294563013,0.0140968331519357,0.0520473583246032,0
1191.97222222222,-0.275,-0.0301189705735832,0.0132623222133191,0.0520400315900939,0
1191.975,-0.265,0.00255314521237171,0.0128084620048876,0.0520296758583559,0
1191.97777777778,-0.25,0.0336015946692878,0.0128177140276139,0.0520140648004519,0
1191.98055555556,-0.24,0.061344662954501,0.0129206820580644,0.0519908867892098,0
1191.98333333333,-0.245,0.0844795701176645,0.0128942546184131,0.0519578470852508,0
1191.98611111111,-0.255,0.102178600400156,0.0128027874156416,0.0519128101134863,0
1191.98888888889,-0.255,0.1141360661905,0.0127058568796353,0.0518537138151857,0
1191.99166666667,-0.235,0.12056428285712,0.0126534816251186,0.0517790184388732,0
1191.99444444444,-0.22,0.122141438810965,0.0126826824573056,0.0516878693698536,0
1191.99722222222,-0.215,0.119918497645287,0.0128155429504556,0.0515802278613563,0
1192,-0.22,0.115195701593147,0.0126404868652283,0.0514569575993741,0
1192.00277777778,-0.235,0.109381579180398,0.0122944580180478,0.0513198575905126,0
1192.00555555556,-0.24,0.103848424338219,0.0118654051977824,0.0511716354155004,0
1192.00833333333,-0.22,0.0997979590764233,0.0113821095336006,0.051015818927097,0
1192.01111111111,-0.195,0.0981493879008421,0.0108787236205646,0.0508567780077922,0
1192.01388888889,-0.2,0.0994594813228183,0.0103909416990327,0.0506982781122082,0
1192.01666666667,-0.195,0.103880961119542,0.00995235623954472,0.0505369373730067,0
1192.01944444444,-0.215,0.111161638199813,0.00959131591345329,0.0503700335118836,0
1192.02222222222,-0.22,0.120682842832119,0.00932853124042865,0.0501956141664126,0
1192.025,-0.22,0.131532050957367,0.00917558881359452,0.0500125374936957,0
1192.02777777778,-0.195,0.142601576925606,0.00913444143410772,0.0498204424364279,0
1192.03055555556,-0.175,0.152703034038241,0.00919784845604088,0.049619653918203,0
1192.03333333333,-0.17,0.160686133470343,0.00935065629278723,0.0494110407913185,0
1192.03611111111,-0.17,0.165550371626969,0.00957174026060927,0.0491959242839315,0
1192.03888888889,-0.19,0.166539212480523,0.00968307455529186,0.0489759056617857,0
1192.04166666667,-0.17,0.163208372292279,0.00963980666388826,0.048752204563614,0
1192.04444444444,-0.165,0.155462542392684,0.00951477695747189,0.0485257446497306,0
1192.04722222222,-0.17,0.143558062663315,0.00938197635280548,0.0482970026852184,0
1192.05,-0.175,0.128072371241221,0.00930899220190696,0.0480659091725149,0
1192.05277777778,-0.185,0.10984418808293,0.00935038506194268,0.0478341269092818,0
1192.05555555556,-0.185,0.0898910506221249,0.00945224474864746,0.0476068151065936,0
1192.05833333333,-0.175,0.0693127706218602,0.00950553819993766,0.0473856045299718,0
1192.06111111111,-0.16,0.0491904578543616,0.00952067592300822,0.0471725001473038,0
1192.06388888889,-0.17,0.0304908810693879,0.00951245383859804,0.0469697066001279,0
1192.06666666667,-0.185,0.0139851247920132,0.00949835197731219,0.0467794340238993,0
1192.06944444444,-0.185,0.000188855365608105,0.00949667413725429,0.0466039291112982,0
1192.07222222222,-0.17,-0.0106707885666562,0.00952471150579661,0.0464448178150888,0
1192.075,-0.16,-0.0186593795873406,0.00959710036322485,0.0463028489138204,0
1192.07777777778,-0.15,-0.0241110152988139,0.00972451605765108,0.0461779996741915,0
1192.08055555556,-0.15,-0.0275790425002496,0.00991280590471488,0.0460694031971627,0
1192.08333333333,-0.18,-0.0297673034269245,0.0099329037217744,0.0459753377459834,0
1192.08611111111,-0.2,-0.0314492407337768,0.00970561598846366,0.0458928592666762,0
1192.08888888889,-0.2,-0.0333831656195157,0.00935051882003,0.045817349058596,0
1192.09166666667,-0.175,-0.036232129736133,0.00895965247509835,0.0457441328305419,0
1192.09444444444,-0.165,-0.0404961540725479,0.00854771621001027,0.0456698528435364,0
1192.09722222222,-0.155,-0.0464631439566874,0.0081303171031498,0.0455989225381055,0
1192.1,-0.165,-0.0541828150060047,0.00772259972440279,0.0455356276059404,0
1192.10277777778,-0.16,-0.0634655791904158,0.00733800498834685,0.0454836210601485,0
1192.10555555556,-0.165,-0.0739058333383736,0.00698726753675175,0.0454458759246649,0
1192.10833333333,-0.145,-0.0849267019449335,0.0066777325202642,0.0454237362887572,0
1192.11111111111,-0.13,-0.0958412427452957,0.0064130381492851,0.045417227066339,0
1192.11388888889,-0.11,-0.105923619042817,0.00619317340630255,0.0454163921387505,0
1192.11666666667,-0.1,-0.114482912337804,0.00601488443902049,0.045413235252946,0
1192.11944444444,-0.105,-0.120932158756208,0.00587237166785375,0.0454079993303571,0
1192.12222222222,-0.095,-0.124845835639179,0.0057581952345288,0.0454013121566322,0
1192.125,-0.075,-0.126000321272763,0.00570118494915699,0.0453938568601805,0
1192.12777777778,-0.065,-0.12439365942797,0.00566648670092132,0.0453863147267696,0
1192.13055555556,-0.05,-0.120243092008894,0.00560813840558241,0.0453792550884632,0
1192.13333333333,-0.055,-0.113961060538157,0.00553513266938318,0.0453729830860804,0
1192.13611111111,-0.015,-0.106112497176306,0.00546249001169183,0.0453676543258358,0
1192.13888888889,-0.02,-0.0973580211597045,0.00539137581445093,0.0453628082012166,0
1192.14166666667,0.015,-0.0883889557378281,0.0053257108310892,0.0453580674528266,0
1192.14444444444,0.035,-0.0798607650491123,0.00527182445040418,0.0453531573539199,0
1192.14722222222,0.045,-0.0723315242498767,0.00523786812896522,0.0453479152115483,0
1192.15,0.025,-0.0662113915818652,0.00523304865793515,0.045342018752914,0
1192.15277777778,0.01,-0.0617278251960949,0.00526675441989818,0.0453353460017518,0
1192.15555555556,0.01,-0.0589096142265903,0.00534765417881689,0.0453280249120827,0
1192.15833333333,0.02,-0.0575908488789526,0.00548284712836925,0.045320189100161,0
1192.16111111111,0.025,-0.0574339382439404,0.00567713545119113,0.0453119705680728,0
1192.16388888889,0.025,-0.0579689008948329,0.00593247761580248,0.0453034968651716,0
1192.16666666667,-0.005,-0.0586445890028508,0.00624766356486617,0.0452948486454852,0
1192.16944444444,-0.015,-0.0588864133237613,0.00650742929793108,0.0452859705596397,0
1192.17222222222,-0.01,-0.0581546155569219,0.00663959226474904,0.045276882106137,0
1192.175,0.01,-0.0559972282935562,0.00666235928815659,0.04526768760712,0
1192.17777777778,0.04,-0.0520925501294028,0.00660234977571973,0.0452585777921415,0
1192.18055555556,0.05,-0.0462771635975754,0.00649141614065552,0.0452491750925633,0
1192.18333333333,0.04,-0.03855710445303,0.00636299531413788,0.0452391772639714,0
1192.18611111111,0.025,-0.0291015836268022,0.00624838801233312,0.0452283701182532,0
1192.18888888889,0.015,-0.0182204796801141,0.00617336345942146,0.0452163895739524,0
1192.19166666667,0.02,-0.00632847178282402,0.00615544659372121,0.045202835488164,0
1192.19444444444,0.02,0.00609999752333955,0.00620216702316888,0.0451873749734616,0
1192.19722222222,0.02,0.0185798863553451,0.006310442569132,0.045177113368904,0
1192.2,0.005,0.0306634941355839,0.00646714647823731,0.0451796626037737,0
1192.20277777778,-0.01,0.0419820937922836,0.00665077936514273,0.0451952758122208,0
1192.20555555556,-0.015,0.0522769719487146,0.00679715416595115,0.0452235648246062,0
1192.20833333333,0.005,0.0614168400523892,0.00690356390964752,0.0452634446053278,0
1192.21111111111,0.03,0.0694001335091863,0.00698058009791396,0.0453127897750646,0
1192.21388888889,0.025,0.0763424086587422,0.00699005215090029,0.0453678324202212,0
1192.21666666667,0.025,0.0824506961599244,0.00693397168621036,0.045424635474465,0
1192.21944444444,0.015,0.0879880967596637,0.00686858935738637,0.0454807793551283,0
1192.22222222222,0.025,0.0932329582125283,0.00678179701857025,0.0455402024042644,0
1192.225,0.04,0.0984375371489061,0.00666354138885781,0.0456069240258062,0
1192.22777777778,0.06,0.103791065913704,0.00650676721324819,0.0456848210556287,0
1192.23055555556,0.055,0.109391609476408,0.00630824392886255,0.0457753969956323,0
1192.23333333333,0.035,0.115230068316161,0.00606921747318304,0.0458792817655992,0
1192.23611111111,0,0.121188270118596,0.00579583256397696,0.0459963350350345,0
1192.23888888889,0.015,0.127051448830287,0.00549927810800445,0.0461257283145838,0
1192.24166666667,0.015,0.132533713185557,0.00519561966012288,0.046266096478647,0
1192.24444444444,0.05,0.137313545059894,0.00490529807256339,0.0464157261710453,0
1192.24722222222,0.075,0.141075115735106,0.00465229229286886,0.0465727362910657,0
1192.25,0.045,0.143550409515744,0.00446296591390097,0.0467352823839611,0
1192.25277777778,0.02,0.144556896819187,0.00436464034705995,0.0469017824187363,0
1192.25555555556,0.015,0.144025843031829,0.00438396079142177,0.0470710773909929,0
1192.25833333333,0.025,0.142017252403571,0.00454514262881776,0.0472425403922801,0
1192.26111111111,0.05,0.138718843697411,0.00486820346608816,0.0474124591345351,0
1192.26388888889,0.07,0.134428197814527,0.00536729778855364,0.0475803274302505,0
1192.26666666667,0.035,0.129519128080978,0.00604927534586697,0.0477451529439785,0
1192.26944444444,0.03,0.124395199381473,0.00691257967759888,0.0479056031878653,0
1192.27222222222,0.045,0.119434958698889,0.00794658895430156,0.0480601092127244,0
1192.275,0.06,0.114934651759702,0.00913147769494965,0.0482070646648047,0
1192.27777777778,0.09,0.111054842150899,0.0104386459196878,0.0483450579279031,0
1192.28055555556,0.09,0.107777329359226,0.0118317237675348,0.0484730619397596,0
1192.28333333333,0.09,0.104878055741751,0.0132681171919631,0.0485905955458343,0
1192.28611111111,0.065,0.101920345196462,0.0147010172937101,0.0486978416748028,0
1192.28888888889,0.07,0.0982709420828559,0.0160817557755594,0.0487957127576011,0
1192.29166666667,0.1,0.0931390900644484,0.0173623555848726,0.0488858547947048,0
1192.29444444444,0.13,0.0856365220283997,0.0184981024463681,0.0489705901123072,0
1192.29722222222,0.13,0.0748539612427337,0.0194133280637646,0.0490528022669596,0
1192.3,0.13,0.0599477963621529,0.0200114472403519,0.0491351434879819,0
1192.30277777778,0.11,0.0402291995577892,0.0202833863092531,0.0492141473805587,0
1192.30555555556,0.115,0.0152472714593251,0.0202378638030466,0.0492863506143029,0
1192.30833333333,0.11,-0.015142082925698,0.0202378875306897,0.0493485123690964,0
1192.31111111111,0.12,-0.0507288955127798,0.0204797911593675,0.0493978126928725,0
1192.31388888889,0.12,-0.0909291278313274,0.0209463640132014,0.0494323981042241,0
1192.31666666667,0.075,-0.134795208151168,0.0216135332566872,0.0494516560353307,0
1192.31944444444,0.03,-0.181057644450422,0.0224526287710055,0.0494557730669887,0
1192.32222222222,0.015,-0.228195318114115,0.0234328929572712,0.0494506485690028,0
1192.325,0.02,-0.274529252939112,0.0245240070453196,0.0494477187180954,0
1192.32777777778,-0.01,-0.318332239587957,0.0256983956192991,0.0494466148915315,0
1192.33055555556,-0.055,-0.357944927838677,0.0269330824478073,0.049446918413023,0
1192.33333333333,-0.11,-0.391888074125489,0.0282109035859356,0.0494481805538568,0
1192.33611111111,-0.115,-0.418960670817344,0.029520936425001,0.0494499513627649,0
1192.33888888889,-0.09,-0.438314717566634,0.030858072325803,0.0494518066700573,0
1192.34166666667,-0.055,-0.449499359270928,0.032221740409433,0.049453408483321,0
1192.34444444444,-0.02,-0.452469852473825,0.0336138743989071,0.0494551641096472,0
1192.34722222222,0.005,-0.447560094638625,0.0350362956993671,0.0494574118181775,0
1192.35,0.025,-0.435420960707466,0.0364877565774313,0.0494603840837656,0
1192.35277777778,0.045,-0.4169301072637,0.0379609402339485,0.0494642252423674,0
1192.35555555556,0.09,-0.393081892263422,0.0394397437859781,0.049468990236978,0
1192.35833333333,0.175,-0.36486831273939,0.0408971714548725,0.0494746492171224,0
1192.36111111111,0.245,-0.333163138546011,0.0422941365914481,0.0494811022303969,0
1192.36388888889,0.305,-0.298621556375133,0.043579413077842,0.0494881986032726,0
1192.36666666667,0.35,-0.261606577184437,0.0446908922765292,0.0494957564500643,0
1192.36944444444,0.405,-0.222151256044095,0.0455581966962541,0.0495035824601485,0
1192.37222222222,0.465,-0.179962591019965,0.0461065837025354,0.0495114903458556,0
1192.375,0.53,-0.13446907065102,0.0462619512913439,0.0495193165865415,0
1192.37777777778,0.61,-0.0849095687420961,0.0459566434008335,0.049526931675491,0
1192.38055555556,0.685,-0.0304570294362458,0.0454428702455751,0.0495343801374923,0
1192.38333333333,0.78,0.0296334530628663,0.0460444065824489,0.0495417021300268,0
1192.38611111111,0.85,0.0958655988746728,0.0477762224484971,0.0495489073209876,0
1192.38888888889,0.925,0.168347318723557,0.0502597659034796,0.0495559666277271,0
1192.39166666667,0.985,0.246656457349636,0.0532415298335575,0.0495627897554937,0
1192.39444444444,1.045,0.329741992677043,0.0566401485252543,0.0495692687923414,0
1192.39722222222,1.125,0.41587347539482,0.0603427227633702,0.0495753793299564,0
1192.4,1.195,0.502647900654767,0.0642082967443099,0.049581107287832,0
1192.40277777778,1.275,0.587058592423882,0.0680735668847839,0.049586467426218,0
1192.40555555556,1.35,0.665625424010809,0.0717605920277449,0.0495914975976188,0
1192.40833333333,1.415,0.734580238831675,0.0750861101496725,0.0495961719182113,0
1192.41111111111,1.465,0.790096150264553,0.0778719233681361,0.0496004343865716,0
1192.41388888889,1.515,0.828544956626811,0.0799557030255245,0.0496042916853407,0
1192.41666666667,1.565,0.846763624493866,0.0812014999205685,0.0496077632075706,1
1192.41944444444,1.62,0.842308999247069,0.081509228370084,0.0496108752290745,0
1192.42222222222,1.68,0.813679803773437,0.0808224299991166,0.0496136537592607,0
1192.425,1.74,0.760486650455143,0.0791337131785788,0.0496161166492457,0
1192.42777777778,1.75,0.683554132425451,0.0772122902582113,0.0496182656905979,0
1192.43055555556,1.635,0.58494384452203,0.0757218480427498,0.0496200795243505,0
1192.43333333333,1.35,0.467893049019057,0.0745482037191067,0.0496215005835879,0
1192.43611111111,0.99,0.336670181113419,0.0735794871793034,0.0496224251909766,0
1192.43888888889,0.67,0.196354956142136,0.0727189498863564,0.0496227059386438,0
1192.44166666667,0.395,0.0525569478750101,0.0718959669378869,0.0496221568961686,0
1192.44444444444,0.19,-0.0889083634417361,0.0710742201227647,0.0496208739231004,0
1192.44722222222,0.055,-0.222363368168332,0.070256299609661,0.0496189935447263,0
1192.45,-0.05,-0.342607272644119,0.0694842814206059,0.0496166713045389,0
1192.45277777778,-0.13,-0.445225547732514,0.0688361991649467,0.0496140716940265,0
1192.45555555556,-0.195,-0.526847178057733,0.0684186998171672,0.04961135644495,0
1192.45833333333,-0.225,-0.585330805002606,0.0683565216464671,0.0496086720942624,0
1192.46111111111,-0.225,-0.619866191550402,0.068472511034432,0.0496061378382176,0
1192.46388888889,-0.245,-0.63098388625392,0.0675281897972016,0.0496038344389564,0
1192.46666666667,-0.285,-0.620473005132771,0.0657919171877622,0.0496017965676568,0
1192.46944444444,-0.33,-0.591214109532271,0.0632847541900169,0.0496000207508712,0
1192.47222222222,-0.345,-0.546940656291842,0.059986237540109,0.0495984916539225,0
1192.475,-0.345,-0.491947900618731,0.0559736304929765,0.0495972183010695,0
1192.47777777778,-0.345,-0.430771999396417,0.0516624387436664,0.04959617508474,0
1192.48055555556,-0.36,-0.367864079642085,0.0472702694822752,0.0495953063996388,0
1192.48333333333,-0.37,-0.307284045511513,0.043007788974627,0.0495945107195568,0
1192.48611111111,-0.39,-0.252436908804595,0.0390669146316233,0.0495936528922692,0
1192.48888888889,-0.4,-0.205870621466327,0.0356106622472311,0.0495926459939903,0
1192.49166666667,-0.395,-0.169149095447565,0.0327652575746247,0.0495916056428073,0
1192.49444444444,-0.4,-0.142807770170912,0.0306149456787712,0.0495905076970198,0
1192.49722222222,-0.39,-0.12639226925416,0.029199729259356,0.0495892406807233,0
1192.5,-0.415,-0.11857395175638,0.0285160540737144,0.0495876216778279,0
1192.50277777778,-0.445,-0.117330072162431,0.0285202519151451,0.0495856640009858,0
1192.50555555556,-0.48,-0.120171319806983,0.0291343647608171,0.0495834456456023,0
1192.50833333333,-0.48,-0.124396110902063,0.0295289328165373,0.0495810869461715,0
1192.51111111111,-0.48,-0.127349415958155,0.02901358504322,0.0495787404719469,0
1192.51388888889,-0.495,-0.126664224822026,0.0277152015771987,0.0495765827818921,0
1192.51666666667,-0.525,-0.12046591764638,0.0258374565774081,0.0495748006106739,0
1192.51944444444,-0.56,-0.107523601255444,0.0239572287064041,0.0495735666013734,0
1192.52222222222,-0.595,-0.0873375277101145,0.0221784032390267,0.0495730137089931,0
1192.525,-0.615,-0.0601575723404758,0.020583169557121,0.0495729009877843,0
1192.52777777778,-0.625,-0.0269338867612526,0.0192287818443378,0.0495727869473258,0
1192.53055555556,-0.65,0.010793282208947,0.0181464438859916,0.049572232102872,0
1192.53333333333,-0.675,0.0510525123175919,0.0173422362464284,0.049571515927798,0
1192.53611111111,-0.705,0.0916328664797701,0.0167998516892,0.0495710001053741,0
1192.53888888889,-0.725,0.130289913041037,0.0164847793099256,0.0495711122289473,0
1192.54166666667,-0.725,0.164947036990321,0.0163494882653353,0.0495723224314292,0
1192.54444444444,-0.725,0.193874004218327,0.0163391137075613,0.0495690003647333,0
1192.54722222222,-0.725,0.215827358955363,0.0162810849755287,0.04955318364174,0
1192.55,-0.755,0.230141169129661,0.0162075953062986,0.0495223851093667,0
1192.55277777778,-0.785,0.236761501855473,0.0161636571211781,0.0494746645139253,0
1192.55555555556,-0.79,0.236223351176291,0.0161441674804916,0.0494088200279694,0
1192.55833333333,-0.795,0.229574058213093,0.0160403892318401,0.0493245456913205,0
1192.56111111111,-0.78,0.218252077012704,0.0158449825494865,0.0492225415728169,0
1192.56388888889,-0.78,0.203933819657398,0.0155633348160796,0.04910456988047,0
1192.56666666667,-0.79,0.188363926621192,0.0152116507507923,0.0489734529314059,0
1192.56944444444,-0.8,0.173185440074964,0.014814194665076,0.0488330648158816,0
1192.57222222222,-0.775,0.159785935603536,0.0144000092932365,0.0486890636022013,0
1192.575,-0.775,0.149173762486505,0.0139994594661511,0.0485445334316965,0
1192.57777777778,-0.795,0.141895360568713,0.0136409400196364,0.0483939203298129,0
1192.58055555556,-0.82,0.138000483364051,0.0133480483492415,0.0482316271785374,0
1192.58333333333,-0.865,0.137057465945548,0.0131374580994334,0.0480537996367105,0
1192.58611111111,-0.905,0.138215880361155,0.0130176487596519,0.0478576794542366,0
1192.58888888889,-0.93,0.140309471048563,0.0129885548501832,0.0476415709641201,0
1192.59166666667,-0.955,0.141988568736158,0.0130421067848358,0.0474048345889634,0
1192.59444444444,-0.935,0.141868577179937,0.0131635518865699,0.047147803077311,0
1192.59722222222,-0.915,0.138679839215184,0.0132962619210961,0.0468716293205311,0
1192.6,-0.925,0.131404316612503,0.0131000407921876,0.0465780800875696,0
1192.60277777778,-0.96,0.119386027335974,0.0128994534118476,0.0462692943161187,0
1192.60555555556,-0.965,0.102404909859666,0.0127142875384725,0.0459474960514684,0
1192.60833333333,-0.965,0.080707450766217,0.012560141824939,0.0456147812700239,0
1192.61111111111,-0.97,0.0549916575793621,0.0124470026678594,0.0452738666632957,0
1192.61388888889,-0.975,0.0263483724561943,0.0123784587845975,0.044931772743163,0
1192.61666666667,-0.99,-0.00383491775705907,0.0123515995857126,0.0445956838632447,0
1192.61944444444,-1,-0.0339981058768725,0.0123575734131941,0.0442674287461286,0
1192.62222222222,-0.995,-0.0625481125817235,0.0123827175481917,0.0439476296714018,0
1192.625,-0.99,-0.0880006089560647,0.0124101195791481,0.0436373084002146,0
1192.62777777778,-0.995,-0.109110240318508,0.0123988052783669,0.0433378101594286,0
1192.63055555556,-1.015,-0.124977056597732,0.0124214787661039,0.043050602828437,0
1192.63333333333,-1.02,-0.135119297273833,0.0124938427206084,0.0427770518570891,0
1192.63611111111,-1.01,-0.139506038954274,0.0126196691951668,0.042518191358562,0
1192.63888888889,-1.005,-0.138547158729421,0.0126029523240374,0.0422745137703918,0
1192.64166666667,-1.01,-0.133042211558894,0.0123756145526034,0.0420457949537785,0
1192.64444444444,-0.975,-0.124093764531465,0.0120330666078294,0.0418309698743816,0
1192.64722222222,-0.975,-0.112994097187731,0.0116302406107654,0.0416280664260574,0
1192.65,-0.985,-0.101096646196811,0.0111788311829812,0.0414342171759405,0
1192.65277777778,-1,-0.089684914339976,0.0106931864840818,0.0412441092612232,0
1192.65555555556,-1.005,-0.0798516579906087,0.0101889644909879,0.0410537543769696,0
1192.65833333333,-0.995,-0.0724000150758539,0.00968179111169908,0.0408678654688835,0
1192.66111111111,-0.97,-0.0677759579562596,0.00918606346096107,0.0406912965216445,0
1192.66388888889,-0.935,-0.0660382816400213,0.00871401777628589,0.0405287558525626,0
1192.66666666667,-0.92,-0.0668685813329748,0.00827514540083238,0.040384519511365,0
1192.66944444444,-0.915,-0.0696197031647541,0.00787599624087216,0.0402621653739047,0
1192.67222222222,-0.9,-0.07339735553298,0.00752036211241904,0.0401624904152409,0
1192.675,-0.865,-0.0771663148513945,0.00720978764003842,0.0400848273675645,0
1192.67777777778,-0.82,-0.0798702635533955,0.00717272261948354,0.0400274776208098,0
1192.68055555556,-0.78,-0.0805529907844911,0.00739366898862188,0.0399878862733065,0
1192.68333333333,-0.73,-0.0784685919064096,0.00757044280478908,0.0399628549205065,0
1192.68611111111,-0.71,-0.0731694283449573,0.00770243245569188,0.0399488024691142,0
1192.68888888889,-0.67,-0.064562842657248,0.00778757818282584,0.0399420353062397,0
1192.69166666667,-0.635,-0.0529307457384754,0.00782220517057352,0.0399388875859141,0
1192.69444444444,-0.59,-0.0389098984150308,0.00780121401753624,0.039935920059288,0
1192.69722222222,-0.54,-0.0234346362011544,0.00771862127835634,0.0399300862164091,0
1192.7,-0.5,-0.0076475499527434,0.00756839771983386,0.0399239932238778,0
1192.70277777778,-0.485,0.00721313189652738,0.00747238301033511,0.0399214600686655,0
1192.70555555556,-0.48,0.0199383293827167,0.00765099860240268,0.0399192158739491,0
1192.70833333333,-0.485,0.0294726351063133,0.0080247378205573,0.0399156747005941,0
1192.71111111111,-0.47,0.0350260616603971,0.00846941228117705,0.0399108220761757,0
1192.71388888889,-0.45,0.0361616426374602,0.00897606684311631,0.0399048247790545,0
1192.71666666667,-0.43,0.032849786553111,0.00953102094604848,0.0398979095039458,0
1192.71944444444,-0.435,0.0254834616232463,0.0101162311042775,0.0398903167649867,0
1192.72222222222,-0.415,0.0148520737838705,0.0107101419939457,0.0398822547448332,0
1192.725,-0.405,0.00207592688026062,0.0111452289333987,0.03987385846907,0
1192.72777777778,-0.395,-0.0114929665503589,0.0113191861394328,0.0398652255776379,0
1192.73055555556,-0.385,-0.0243946001859611,0.0112025471698939,0.0398564256344313,0
1192.73333333333,-0.4,-0.0351975886047151,0.0108080401481225,0.0398474940078014,0
1192.73611111111,-0.425,-0.0426356555178653,0.0105109492105053,0.0398382656166259,0
1192.73888888889,-0.425,-0.0457308152354681,0.0103199452736421,0.0398285845339077,0
1192.74166666667,-0.385,-0.0438911846913374,0.0102364197073735,0.0398182982086606,0
1192.74444444444,-0.37,-0.0369736562051396,0.0102541339941541,0.0398118327912369,0
1192.74722222222,-0.37,-0.0253049191857023,0.0103595297367026,0.0398121587369112,0
1192.75,-0.395,-0.00965823799595006,0.0105327024143311,0.0398207724260874,0
1192.75277777778,-0.39,0.00881239666851433,0.0107489781627727,0.0398387895637153,0
1192.75555555556,-0.365,0.0286750249719617,0.0109809721220484,0.0398672174878789,0
1192.75833333333,-0.34,0.0483500682626054,0.0109725517982147,0.0399067814075318,0
1192.76111111111,-0.33,0.0662562112940778,0.0107901840193893,0.0399577507028236,0
1192.76388888889,-0.33,0.0809581314162959,0.0106665737821174,0.0400198320160693,0
1192.76666666667,-0.35,0.091302053952738,0.0106164085683303,0.0400920910495922,0
1192.76944444444,-0.35,0.0965261095238188,0.0106464780004617,0.0401729175617562,0
1192.77222222222,-0.36,0.0963347162364174,0.0107549299924776,0.0402600245626814,0
1192.775,-0.335,0.090929506103872,0.0109313181213888,0.0403504955948268,0
1192.77777777778,-0.325,0.0809933580590274,0.0111574600057851,0.0404408815178762,0
1192.78055555556,-0.33,0.0676285132324061,0.0114090506462148,0.0405340148175684,0
1192.78333333333,-0.315,0.052254117066498,0.0115310307819347,0.0406354712315663,0
1192.78611111111,-0.33,0.036472443046401,0.0113143165488435,0.0407496032102521,0
1192.78888888889,-0.345,0.0219161296715805,0.0111574761674506,0.0408802956739806,0
1192.79166666667,-0.345,0.0100907064126891,0.0110837833029528,0.0410307909967901,0
1192.79444444444,-0.305,0.00222730061663076,0.0111095783287074,0.04120355841738,0
1192.79722222222,-0.295,-0.000840366076542076,0.0112423722092507,0.0414001820035157,0
1192.8,-0.305,0.00123729326738673,0.011479719074741,0.0416212048297373,0
1192.80277777778,-0.325,0.00828398422587697,0.0118089859913768,0.041866024764782,0
1192.80555555556,-0.34,0.0196053399296605,0.0122080684885362,0.0421328507840886,0
1192.80833333333,-0.31,0.0340462468920903,0.0126470139013841,0.0424186582805772,0
1192.81111111111,-0.3,0.0500929882961543,0.0130904294696701,0.0427192637411211,0
1192.81388888889,-0.29,0.0660112324533329,0.0134872768532954,0.0430295946234514,0
1192.81666666667,-0.295,0.0800074140139757,0.0134542192925266,0.0433439314793952,0
1192.81944444444,-0.295,0.0903987023040382,0.0132175659642152,0.0436561951769551,0
1192.82222222222,-0.295,0.0957757567840474,0.0131093888919386,0.0439602628015083,0
1192.825,-0.275,0.0951429410574957,0.0131452577657428,0.044256452639916,0
1192.82777777778,-0.26,0.0880225750984526,0.01332916967982,0.0445452752091005,0
1192.83055555556,-0.275,0.0745129869791357,0.0136527939206345,0.0448267205568631,0
1192.83333333333,-0.3,0.0552942965677867,0.0140957780852446,0.0451003617358189,0
1192.83611111111,-0.315,0.0315806457285839,0.0146271085055063,0.0453653383313262,0
1192.83888888889,-0.335,0.00502254333872148,0.0152074214858822,0.0456206607123798,0
1192.84166666667,-0.33,-0.0224323402751871,0.0156487863429189,0.0458655679358331,0
1192.84444444444,-0.295,-0.0487076528150301,0.0157054380444785,0.0460997132564559,0
1192.84722222222,-0.285,-0.0717809923240598,0.0153809318312949,0.0463232868839386,0
1192.85,-0.27,-0.0898640993754351,0.0150497229145352,0.0465371417151609,0
1192.85277777778,-0.285,-0.101564066787971,0.0148735686998392,0.04674288022921,0
1192.85555555556,-0.3,-0.106010607658221,0.0148713813884566,0.0469428757748276,0
1192.85833333333,-0.345,-0.102937406134408,0.015049632673883,0.0471417346004076,0
1192.86111111111,-0.355,-0.0927096964038079,0.0154020959653242,0.0473387167230896,0
1192.86388888889,-0.365,-0.0762951028975774,0.0159107219006207,0.0475296852557671,0
1192.86666666667,-0.36,-0.0551799833692425,0.0165039228869592,0.0477102987322221,0
1192.86944444444,-0.34,-0.0312385670108007,0.0167428788881504,0.0478762658086679,0
1192.87222222222,-0.31,-0.00656660297821609,0.0165956216460359,0.0480236112498116,0
1192.875,-0.28,0.0167053850054299,0.0160702680779329,0.0481489322284646,0
1192.87777777778,-0.255,0.0366021281295058,0.0152898119259249,0.0482500307847899,0
1192.88055555556,-0.25,0.0514793683274986,0.0145575657528671,0.0483277569439388,0
1192.88333333333,-0.255,0.0601689586312164,0.0138931122719376,0.0483839791357247,0
1192.88611111111,-0.26,0.0620796341526759,0.0133056987717041,0.0484214558255108,0
1192.88888888889,-0.24,0.0572437857762783,0.0127940941606278,0.0484436297183647,0
1192.89166666667,-0.21,0.0463055165983971,0.0123476715524877,0.0484543787964391,0
1192.89444444444,-0.18,0.0304507044713138,0.0119486376459836,0.048457774850124,0
1192.89722222222,-0.15,0.0112852356333059,0.0120154058036731,0.0484583353841687,0
1192.9,-0.15,-0.00932748810855076,0.0123851661711221,0.048459089226755,0
1192.90277777778,-0.185,-0.0294546947121584,0.012769270235388,0.0484633736739087,0
1192.90555555556,-0.2,-0.047290339042527,0.013177861664222,0.0484680217408169,0
1192.90833333333,-0.2,-0.0613404290361155,0.0136098798653213,0.0484694856879313,0
1192.91111111111,-0.2,-0.070579557134112,0.0140507175908684,0.0484723204268698,0
1192.91388888889,-0.205,-0.0745629940704739,0.0144712027951913,0.0484769155376845,0
1192.91666666667,-0.24,-0.0734825716395026,0.014828125452327,0.048483514498861,0
1192.91944444444,-0.29,-0.0681596082683168,0.0150663963786847,0.0484922124773442,0
1192.92222222222,-0.32,-0.0599738756013638,0.0151227762484131,0.0485027899963443,0
1192.925,-0.335,-0.050733554568294,0.0149309616594252,0.0485149127905595,0
1192.92777777778,-0.335,-0.0424967487804763,0.0153024778829108,0.0485282345698719,0
1192.93055555556,-0.36,-0.0373598973651642,0.0161708665836259,0.048542417649801,0
1192.93333333333,-0.38,-0.0372319132412449,0.0174417329292052,0.048557107269375,0
1192.93611111111,-0.39,-0.0436147306844895,0.0191302013582491,0.0485719334200759,0
1192.93888888889,-0.38,-0.0574109828643239,0.021224331509927,0.0485868465454092,0
1192.94166666667,-0.365,-0.0787777104586355,0.023682005503341,0.0486020075085819,0
1192.94444444444,-0.36,-0.10704145540105,0.0264299232429576,0.0486175340207569,0
1192.94722222222,-0.39,-0.140685102761264,0.029364964684594,0.0486334953579906,0
1192.95,-0.405,-0.177410813160573,0.0323580004557887,0.0486499102691579,0
1192.95277777778,-0.43,-0.214276848118522,0.0352600391781344,0.0486667469933447,0
1192.95555555556,-0.44,-0.247899593159104,0.0379104065733855,0.0486837245306506,0
1192.95833333333,-0.43,-0.274706193147553,0.0400719618307178,0.0487005287155106,0
1192.96111111111,-0.41,-0.29121844956767,0.0413726918357039,0.0487171732595112,0
1192.96388888889,-0.4,-0.294345416790736,0.0417733435181039,0.0487336854967088,0
1192.96666666667,-0.42,-0.281660770788192,0.0416154532421122,0.0487500702170392,0
1192.96944444444,-0.44,-0.251641650091057,0.0423308852290666,0.0487663379082146,0
1192.97222222222,-0.47,-0.203848256891377,0.0439402681871735,0.0487825381637271,0
1192.975,-0.47,-0.139027860322021,0.046414720122439,0.0487986934608063,0
1192.97777777778,-0.465,-0.0591326170853526,0.0492346187424209,0.0488147966618334,0
1192.98055555556,-0.435,0.0327526524655098,0.0522011562512974,0.0488308151433804,0
1192.98333333333,-0.4,0.132569473517997,0.0551329629094421,0.0488467007620788,0
1192.98611111111,-0.345,0.235521319655822,0.057871620194109,0.0488623978451445,0
1192.98888888889,-0.24,0.336369447014057,0.0602935616120308,0.0488778511808008,0
1192.99166666667,-0.085,0.429767698060078,0.062318565628457,0.0488930130980287,0
1192.99444444444,0.13,0.510611789458724,0.063914178970861,0.0489078491787061,0
1192.99722222222,0.32,0.574377314352331,0.0650957695049947,0.0489221375333259,0
1193,0.515,0.617421447868113,0.0659222906077445,0.0489357274325663,0
1193.00277777778,0.7,0.637226079324668,0.0664882100322308,0.0489486488912873,1
1193.00555555556,0.865,0.632564576295358,0.0669123835828912,0.0489609710209356,0
1193.00833333333,0.89,0.603580242885863,0.0664998576193449,0.048972791016297,0
1193.01111111111,0.68,0.55177128568545,0.0659716048006867,0.0489842322475417,0
1193.01388888889,0.35,0.479884195438833,0.0652165067125796,0.0489954905584913,0
1193.01666666667,-0.005,0.391724318016111,0.064151597453043,0.0490067343258564,0
1193.01944444444,-0.3,0.291898478078859,0.062731279988996,0.0490180372821316,0
1193.02222222222,-0.485,0.18550935739835,0.0609530639100981,0.0490294694257191,0
1193.025,-0.57,0.0778245512005981,0.0588593383800155,0.0490410942138903,0
1193.02777777778,-0.62,-0.0260553972793499,0.0565350446884537,0.0490529659646438,0
1193.03055555556,-0.63,-0.121506224155017,0.0541014707849387,0.0490651276489951,0
1193.03333333333,-0.655,-0.204645046042684,0.0517067243629001,0.0490776101203365,0
1193.03611111111,-0.68,-0.272533916573143,0.0495137228163786,0.0490906334081954,0
1193.03888888889,-0.675,-0.323309628541335,0.0476867440591431,0.0491044319662166,0
1193.04166666667,-0.635,-0.356233548271556,0.0463776951105375,0.0491192340721081,0
1193.04444444444,-0.615,-0.371661548463774,0.0457132671825016,0.049135118573925,0
1193.04722222222,-0.59,-0.370940155404072,0.0456424770192975,0.0491519614350874,0
1193.05,-0.615,-0.356240366448024,0.0447899773302039,0.0491695581297227,0
1193.05277777778,-0.615,-0.330344817803451,0.0431578806061231,0.0491876170400751,0
1193.05555555556,-0.6,-0.296406789760657,0.0407975467400466,0.0492058429368741,0
1193.05833333333,-0.57,-0.257700752981352,0.0378063585129441,0.0492239559691737,0
1193.06111111111,-0.545,-0.217383749718528,0.0344072370443673,0.0492419592588041,0
1193.06388888889,-0.54,-0.178284969038438,0.0308835817834645,0.0492600194133621,0
1193.06666666667,-0.545,-0.142737639955904,0.0274149107546612,0.0492783097787273,0
1193.06944444444,-0.545,-0.112463155799602,0.0241645733153452,0.0492970045770196,0
1193.07222222222,-0.53,-0.088512550992702,0.021271483569796,0.049316273940743,0
1193.075,-0.53,-0.0712655044431808,0.0188439232715051,0.0493362789669596,0
1193.07777777778,-0.505,-0.0604823635094018,0.016955682757084,0.0493571092130833,0
1193.08055555556,-0.495,-0.0554006495031833,0.0156446334982751,0.049378192749326,0
1193.08333333333,-0.515,-0.0548644279596675,0.0149136543528597,0.0493939127357042,0
1193.08611111111,-0.525,-0.0574730162560581,0.0147336778385844,0.0494040468790287,0
1193.08888888889,-0.54,-0.0617348586818362,0.0149987419872762,0.0494084242908299,0
1193.09166666667,-0.55,-0.0662130108839067,0.014717318177277,0.0494069144925073,0
1193.09444444444,-0.52,-0.0696504190143053,0.0139899029286101,0.0493994114490438,0
1193.09722222222,-0.51,-0.0710658378510563,0.0129355360513323,0.0493859300797253,0
1193.1,-0.53,-0.0698145205025329,0.0116814828708917,0.0493664982820972,0
1193.10277777778,-0.545,-0.0656114023882051,0.0103529640101453,0.0493409405381225,0
1193.10555555556,-0.565,-0.0585180560257487,0.00906376990145175,0.0493090995197218,0
1193.10833333333,-0.57,-0.0488978932859636,0.00790848084809331,0.0492708798590099,0
1193.11111111111,-0.55,-0.0373466690312248,0.00695684000338655,0.049226302730918,0
1193.11388888889,-0.565,-0.0246070957939932,0.00625061363394862,0.0491755666236712,0
1193.11666666667,-0.585,-0.0114772001817459,0.00580304090786679,0.0491191084940289,0
1193.11944444444,-0.61,0.00127808328098656,0.00560074557255787,0.0490576587663953,0
1193.12222222222,-0.63,0.0130036077941606,0.00560777461935824,0.0489922834356191,0
1193.125,-0.615,0.0232122890723959,0.00577126190748468,0.0489245277578099,0
1193.12777777778,-0.61,0.0316205424441599,0.00584819831589436,0.0488564426940803,0
1193.13055555556,-0.61,0.0381590409102323,0.00583813576034036,0.0487903404106382,0
1193.13333333333,-0.635,0.0429595473434635,0.00577731065294088,0.0487270628844846,0
1193.13611111111,-0.615,0.0463209359452017,0.00569881513869687,0.0486615534070092,0
1193.13888888889,-0.63,0.0486594304917298,0.00566961379517212,0.048588681749309,0
1193.14166666667,-0.62,0.0504493867929079,0.00570698366223993,0.0485050025122274,0
1193.14444444444,-0.61,0.0521615383208857,0.00569981930194962,0.0484082090101065,0
1193.14722222222,-0.605,0.0542054848560243,0.0056420579531317,0.0482963772175573,0
1193.15,-0.61,0.05688238451583,0.00553439177863543,0.0481681134466437,0
1193.15277777778,-0.63,0.0603524246090306,0.00538310525755295,0.048022684311588,0
1193.15555555556,-0.62,0.0646198621021785,0.00519858630769739,0.0478601183779959,0
1193.15833333333,-0.63,0.069536438311999,0.00499368344982297,0.0476814996214255,0
1193.16111111111,-0.635,0.0748219946754282,0.00478207433943951,0.0474883183864743,0
1193.16388888889,-0.635,0.0800993475746107,0.00457679053966061,0.0472828389339117,0
1193.16666666667,-0.655,0.0849390917148819,0.00438901260394106,0.047068039317685,0
1193.16944444444,-0.675,0.088909120029594,0.00422721210156063,0.0468475062137025,0
1193.17222222222,-0.67,0.0916233441170796,0.00409667709836557,0.0466252788370842,0
1193.175,-0.655,0.0927843823344019,0.00399941860563009,0.0464056673126349,0
1193.17777777778,-0.645,0.0922158024598686,0.00393442096930163,0.0461930457404295,0
1193.18055555556,-0.65,0.0898807589663786,0.0038981717068732,0.045988507975121,0
1193.18333333333,-0.66,0.0858854073004701,0.00388538763635769,0.0457904530018108,0
1193.18611111111,-0.665,0.0804671400537331,0.00388984504552034,0.0455978232858602,0
1193.18888888889,-0.685,0.0739692963743399,0.00390522194298278,0.0454100639014354,0
1193.19166666667,-0.665,0.066805381230993,0.0039258691045128,0.0452265455168876,0
1193.19444444444,-0.65,0.0594168575395728,0.00394744200482697,0.045046903824113,0
1193.19722222222,-0.65,0.0522291448056836,0.00396734569216208,0.0448709213851228,0
1193.2,-0.66,0.0456105255440714,0.00398496690173699,0.0446983685931485,0
1193.20277777778,-0.68,0.0398382312244856,0.00400168993073641,0.0445288422743229,0
1193.20555555556,-0.675,0.0350751100821171,0.00402071297145515,0.0443616189054549,0
1193.20833333333,-0.66,0.0313590712793856,0.00404669809149704,0.0441955382993495,0
1193.21111111111,-0.645,0.02860608790597,0.00408529975300464,0.0440289732748511,0
1193.21388888889,-0.65,0.0266260777620679,0.00414262314066605,0.0438614536319564,0
1193.21666666667,-0.655,0.025149620613855,0.00422466464478323,0.0436980231240734,0
1193.21944444444,-0.66,0.0238623546777513,0.00429757073543568,0.0435425090398732,0
1193.22222222222,-0.645,0.0224431364215229,0.0042829932391144,0.043398588797058,0
1193.225,-0.635,0.0206017200278282,0.0041910691152307,0.0432699325264257,0
1193.22777777778,-0.6,0.0181118434662789,0.00403930501412352,0.0431595770816655,0
1193.23055555556,-0.575,0.0148361761221025,0.00385072938028899,0.0430687145423826,0
1193.23333333333,-0.555,0.0107405219197912,0.00365144605489387,0.0429975849415029,0
1193.23611111111,-0.545,0.00589587749392502,0.00346785648096814,0.042945518341401,0
1193.23888888889,-0.535,0.000468286206432032,0.00332385006484734,0.0429108154645589,0
1193.24166666667,-0.525,-0.00530223799798038,0.00323826259689711,0.0428913421348087,0
1193.24444444444,-0.505,-0.0111312590780062,0.00322287126015859,0.0428843675870108,0
1193.24722222222,-0.485,-0.0167245716994922,0.00328113533174261,0.0428867568110562,0
1193.25,-0.495,-0.0218140481979246,0.00340781076214267,0.0428951769305888,0
1193.25277777778,-0.51,-0.0261906505275913,0.00358947312610274,0.0429063040277987,0
1193.25555555556,-0.505,-0.0297308923643118,0.00380588694563155,0.0429170153989259,0
1193.25833333333,-0.495,-0.0324137488677661,0.00403207026466058,0.0429245578155205,0
1193.26111111111,-0.47,-0.0343260449679389,0.00424083092689941,0.0429299029583735,0
1193.26388888889,-0.455,-0.0356555970412203,0.00440550278279749,0.0429371424864619,0
1193.26666666667,-0.465,-0.0366727053558489,0.00450259095822416,0.0429498653284685,0
1193.26944444444,-0.465,-0.0377018556540409,0.00451404721026413,0.0429708208748569,0
1193.27222222222,-0.47,-0.0390865543609293,0.00442893787377151,0.0429944067877335,0
1193.275,-0.455,-0.0411509804085034,0.0043310833680993,0.0430162751856455,0
1193.27777777778,-0.435,-0.0441625070748892,0.00427596985030233,0.0430362195127238,0
1193.28055555556,-0.43,-0.0482990897659448,0.00426275267055956,0.043054051661623,0
1193.28333333333,-0.445,-0.0536250353201137,0.00429008290287159,0.0430696077317046,0
1193.28611111111,-0.46,-0.0600778145384187,0.00435623658194268,0.0430827622306399,0
1193.28888888889,-0.47,-0.0674674408227519,0.0044592245582649,0.0430934409669899,0
1193.29166666667,-0.46,-0.0754886327510094,0.00459687271903224,0.0431171536101862,0
1193.29444444444,-0.455,-0.083744643661247,0.00476686450910961,0.0431553578698274,0
1193.29722222222,-0.445,-0.0917804170613019,0.00496674088782411,0.0432077885384868,0
1193.3,-0.465,-0.0991217422023316,0.00519385704758851,0.0432732143684336,0
1193.30277777778,-0.475,-0.105316444279604,0.00544530022786771,0.043349581023541,0
1193.30555555556,-0.48,-0.109973417760672,0.00571777844849668,0.0434339863453659,0
1193.30833333333,-0.485,-0.112795525631381,0.00600749546820514,0.0435217241248872,0
1193.31111111111,-0.495,-0.113603022217271,0.00631003212948384,0.0436092075762803,0
1193.31388888889,-0.51,-0.112345148679454,0.00662025779146645,0.0437008038885659,0
1193.31666666667,-0.535,-0.1090987962697,0.00693229709646349,0.0438009710256744,0
1193.31944444444,-0.57,-0.104054503194747,0.00723957627725101,0.0439125431937065,0
1193.32222222222,-0.575,-0.0974914022532862,0.00753496919360142,0.0440370555313247,0
1193.325,-0.56,-0.0897439244801988,0.00781105616218481,0.0441750768580048,0
1193.32777777778,-0.565,-0.0811639605453686,0.00806049862308583,0.0443262844660879,0
1193.33055555556,-0.575,-0.0720826873846831,0.00827652034461161,0.0444896167909661,0
1193.33333333333,-0.595,-0.0627763231427727,0.0084534721409255,0.044663473676964,0
1193.33611111111,-0.62,-0.0534396663233317,0.00858744320820414,0.044845952402552,0
1193.33888888889,-0.65,-0.0441704411867097,0.00867686963406554,0.0450350998450317,0
1193.34166666667,-0.64,-0.0349662928584401,0.0087230809472481,0.0452291567671828,0
1193.34444444444,-0.64,-0.0257348723869186,0.00873072022442933,0.0454267717725347,0
1193.34722222222,-0.625,-0.0163159705007448,0.00870797349379362,0.0456271654778352,0
1193.35,-0.635,-0.00651325702547064,0.00866655080290498,0.0458302022962605,0
1193.35277777778,-0.65,0.00386798587891367,0.0086560375445695,0.0460310020758576,0
1193.35555555556,-0.675,0.0149815517714018,0.0086874611091128,0.0462281809677183,0
1193.35833333333,-0.665,0.0269041746806258,0.00868598825061573,0.0464200072848345,0
1193.36111111111,-0.66,0.0396071519458432,0.00863207123436282,0.0466044014487282,0
1193.36388888889,-0.67,0.0529396195889305,0.00850722143654903,0.0467791618768057,0
1193.36666666667,-0.695,0.066626230173365,0.00829561404623166,0.0469422106113967,0
1193.36944444444,-0.71,0.0802804863819458,0.00801378393234577,0.0470918444094265,0
1193.37222222222,-0.745,0.0934332804033061,0.00780135846897767,0.047226969053569,0
1193.375,-0.74,0.105574452264624,0.00767595026168849,0.0473472864377459,0
1193.37777777778,-0.725,0.11620359201466,0.00764150058285752,0.0474534189699069,0
1193.38055555556,-0.735,0.124885045237984,0.00768676509118865,0.0475469440889572,0
1193.38333333333,-0.755,0.131301286353512,0.00778525502087266,0.0476304501726998,0
1193.38611111111,-0.78,0.135298604646144,0.00789671808199072,0.0477073861418725,0
1193.38888888889,-0.805,0.136919454481083,0.00797009444648572,0.0477818722071891,0
1193.39166666667,-0.795,0.136416842386921,0.00794773457111865,0.0478572903335107,0
1193.39444444444,-0.805,0.134247685477348,0.00777053188506932,0.0479296262966786,0
1193.39722222222,-0.785,0.131044045964009,0.0073910927140901,0.0479954052910384,0
1193.4,-0.785,0.127563346360391,0.00721095629010972,0.0480518035978744,0
1193.40277777778,-0.795,0.12462088955553,0.00726275987952182,0.0480967118194316,0
1193.40555555556,-0.79,0.123010026101646,0.00756907287802245,0.0481287841777629,0
1193.40833333333,-0.765,0.123416916733785,0.00814020216138614,0.0481474349166058,0
1193.41111111111,-0.745,0.126337851456796,0.00897271420331226,0.0481681008903277,0
1193.41388888889,-0.735,0.13200737768732,0.0100488340922857,0.0481907572044649,0
1193.41666666667,-0.735,0.140344993820663,0.0113368221829322,0.0482151899635025,0
1193.41944444444,-0.74,0.150926889698888,0.0127923572032831,0.0482411227354532,0
1193.42222222222,-0.74,0.162987245987994,0.0143608754909257,0.0482682379749259,0
1193.425,-0.71,0.175451095231939,0.0159807359251821,0.0482962009559023,0
1193.42777777778,-0.675,0.186997911688468,0.0175870058410313,0.0483246805961577,0
1193.43055555556,-0.68,0.196152188778097,0.0191156014747074,0.0483535362573474,0
1193.43333333333,-0.67,0.201394553787051,0.0204728104629843,0.0483825514859981,0
1193.43611111111,-0.665,0.20128472385296,0.0215282475325862,0.0484118647900446,0
1193.43888888889,-0.655,0.194586057239167,0.0222876189670806,0.0484416043743938,0
1193.44166666667,-0.65,0.180380775880999,0.0227799062206202,0.0484718573992388,0
1193.44444444444,-0.64,0.158165231281393,0.0230539899916745,0.0485026712831714,0
1193.44722222222,-0.645,0.127915871479411,0.0231731563720939,0.0485340572260093,0
1193.45,-0.65,0.0901187660549733,0.0231798587229752,0.0485659953747277,0
1193.45277777778,-0.665,0.0457584952533834,0.0231599995435948,0.0485984347842618,0
1193.45555555556,-0.67,-0.0037343312366826,0.0230951343109941,0.0486312016318078,0
1193.45833333333,-0.67,-0.0565739865768964,0.022943025582505,0.0486642605225157,0
1193.46111111111,-0.655,-0.110742470141855,0.0226859058829755,0.0486975467441933,0
1193.46388888889,-0.68,-0.164134663850818,0.0223352606606424,0.0487309622258141,0
1193.46666666667,-0.71,-0.214713809703079,0.0219340219186952,0.0487644804081452,0
1193.46944444444,-0.71,-0.260663932914622,0.0215558049437935,0.0487981525369754,0
1193.47222222222,-0.735,-0.300525605668815,0.0213010706638677,0.0488321044496615,0
1193.475,-0.75,-0.333302437596843,0.0212903675545055,0.0488665245888379,0
1193.47777777778,-0.76,-0.35852784871052,0.0216475017149947,0.0489015304572724,0
1193.48055555556,-0.775,-0.376284878666785,0.0220567710107895,0.0489368751266257,0
1193.48333333333,-0.775,-0.387175764832223,0.0225736938503076,0.0489722772572702,0
1193.48611111111,-0.785,-0.392242453318269,0.0232579949505803,0.0490074518969051,0
1193.48888888889,-0.785,-0.392843712125965,0.0241671615406286,0.0490423768324388,0
1193.49166666667,-0.75,-0.390498693604987,0.0253495257497229,0.0490770214042044,0
1193.49444444444,-0.71,-0.386710259119883,0.0268374459365863,0.0491113427421386,0
1193.49722222222,-0.66,-0.382783796112722,0.0286411910579322,0.0491452827448276,0
1193.5,-0.615,-0.379658371520854,0.0307441153355606,0.0491787665947762,0
1193.50277777778,-0.575,-0.377766726679409,0.0330996442561856,0.0492117029125614,0
1193.50555555556,-0.505,-0.37693880095193,0.0356304801138856,0.0492439831194691,0
1193.50833333333,-0.425,-0.376360276767552,0.0382302826060039,0.049275485514106,0
1193.51111111111,-0.36,-0.374593293795771,0.0407678977012809,0.0493059117767483,0
1193.51388888889,-0.325,-0.369661318958321,0.0430940092652019,0.0493351317631483,0
1193.51666666667,-0.295,-0.359194598370043,0.0450498878228607,0.0493633204660958,0
1193.51944444444,-0.24,-0.3406271221782,0.046477725212223,0.0493906214308118,0
1193.52222222222,-0.19,-0.311431078474009,0.0472318881083718,0.0494171359756714,0
1193.525,-0.14,-0.269370801966495,0.0471903111357089,0.0494429194924058,0
1193.52777777778,-0.08,-0.212755611053111,0.0477660031777216,0.0494679854118167,0
1193.53055555556,0.005,-0.140669943564939,0.0495775726485764,0.0494923165970054,0
1193.53333333333,0.06,-0.0531599873443105,0.0523526080530827,0.0495158686978786,0
1193.53611111111,0.11,0.0486414476647861,0.0559895079494229,0.0495386841080569,0
1193.53888888889,0.155,0.162465907056225,0.0603733879722174,0.0495606982246359,0
1193.54166666667,0.215,0.284944729319307,0.0653377136837844,0.049582166209655,0
1193.54444444444,0.325,0.41173116290157,0.0706710126320857,0.0496033859640429,0
1193.54722222222,0.425,0.537704581025264,0.0761269237693676,0.0496243412812133,0
1193.55,0.535,0.657245541999839,0.0814370597641615,0.0496446865537533,0
1193.55277777778,0.65,0.764564450107739,0.0863259382865807,0.0496639774603019,0
1193.55555555556,0.815,0.854061760207874,0.0905270653755692,0.0496816839105354,0
1193.55833333333,1.025,0.920694455613056,0.0937991416207866,0.0496972207142103,0
1193.56111111111,1.215,0.960322209557638,0.0959413199955692,0.0497173594507797,0
1193.56388888889,1.335,0.970007363515852,0.09680647756841,0.0497519955679823,1
1193.56666666667,1.415,0.948245605811437,0.0963115712620278,0.0498022002084812,0
1193.56944444444,1.435,0.895108832348953,0.0944443239966967,0.0498682841916456,0
1193.57222222222,1.345,0.812287787097293,0.09265150222449,0.049950158856991,0
1193.575,1.065,0.703029255618322,0.0909739881410126,0.0500473406744904,0
1193.57777777778,0.64,0.571970271950121,0.0892926133470836,0.050158667330775,0
1193.58055555556,0.205,0.42487940172281,0.0875119178396755,0.0502822705085635,0
1193.58333333333,-0.2,0.268322087380626,0.0855715091689004,0.0504155841673688,0
1193.58611111111,-0.485,0.109272738671971,0.0834540164031267,0.0505553903844324,0
1193.58888888889,-0.625,-0.0452997293614296,0.0811889244294143,0.0506978998238997,0
1193.59166666667,-0.72,-0.188844189483367,0.0788519279612313,0.0508388818495461,0
1193.59444444444,-0.76,-0.315608849901481,0.0765598301610856,0.0509752446654014,0
1193.59722222222,-0.85,-0.420965781601065,0.0744613953503232,0.0511118499385445,0
1193.6,-0.92,-0.501656430661602,0.0727249161988393,0.0512532737327272,0
1193.60277777778,-0.97,-0.555942043978176,0.0715235431658265,0.0514038370822583,0
1193.60555555556,-0.965,-0.583650037600607,0.0713595214467991,0.0515672549772281,0
1193.60833333333,-0.97,-0.58611505781939,0.0710297556779839,0.0517464021006924,0
1193.61111111111,-1,-0.566021221725213,0.0697698248637641,0.0519432486633418,0
1193.61388888889,-1.02,-0.527159173925429,0.0675337795846647,0.0521588714615937,0
1193.61666666667,-1.065,-0.474117607940273,0.0643331571727089,0.0523935361545312,0
1193.61944444444,-1.1,-0.41193331826367,0.06023947523877,0.0526468080437219,0
1193.62222222222,-1.12,-0.345726347453064,0.05538198772109,0.0529174738064128,0
1193.625,-1.13,-0.280347204078238,0.050026096737607,0.0532040642191508,0
1193.62777777778,-1.125,-0.220061453192205,0.0448619946350569,0.053503005524904,0
1193.63055555556,-1.14,-0.168293389794936,0.0401246226019472,0.0538088675870399,0
1193.63333333333,-1.165,-0.127445317891262,0.036010858423906,0.0541161158794005,0
1193.63611111111,-1.2,-0.098802617303237,0.0326704566874679,0.0544191703337156,0
1193.63888888889,-1.23,-0.082527817291085,0.0302004087768713,0.0547126689455896,0
1193.64166666667,-1.225,-0.0777398813038779,0.0286429147981311,0.0549917170713671,0
1193.64444444444,-1.225,-0.0826684054102999,0.0279869037509701,0.0552553027301082,0
1193.64722222222,-1.24,-0.0948669558190725,0.0281727977943517,0.0555024813185886,0
1193.65,-1.295,-0.111465735669182,0.0291000084074869,0.05573270855898,0
1193.65277777778,-1.305,-0.12944146782696,0.0292507088973904,0.0559456437386864,0
1193.65555555556,-1.33,-0.145881949359214,0.028563654048113,0.0561412880192587,0
1193.65833333333,-1.34,-0.158224156943186,0.0271933063254573,0.0563204099667443,0
1193.66111111111,-1.335,-0.164447889157777,0.025326645921407,0.0564846923727584,0
1193.66388888889,-1.335,-0.1632114133366,0.0231678831309774,0.056636811500481,0
1193.66666666667,-1.345,-0.153921025601899,0.0209223324660374,0.0567804367123949,0
1193.66944444444,-1.34,-0.136732346528679,0.0189062698771869,0.0569201487082094,0
1193.67222222222,-1.34,-0.112487047569937,0.0172113856434455,0.0570612645302488,0
1193.675,-1.35,-0.0825940375085286,0.015880712978369,0.0572080685452904,0
1193.67777777778,-1.345,-0.0488684952162464,0.0149273991341507,0.0573568449218627,0
1193.68055555556,-1.325,-0.013345171539173,0.0143947256695791,0.0575048200316115,0
1193.68333333333,-1.33,0.0219161214097326,0.014326800403317,0.0576496184036971,0
1193.68611111111,-1.335,0.0550150422902286,0.014314497433903,0.0577893047211845,0
1193.68888888889,-1.335,0.0843691702899311,0.0140910379379994,0.0579224838840391,0
1193.69166666667,-1.335,0.108833320591312,0.0137242170704716,0.0580482595725804,0
1193.69444444444,-1.32,0.12777077776205,0.0132804972253401,0.0581661567186314,0
1193.69722222222,-1.295,0.141072259790191,0.0128201821052678,0.0582686488770742,0
1193.7,-1.295,0.149123397749334,0.0123954206758588,0.0583479996176347,0
1193.70277777778,-1.3,0.152726247637484,0.0123203997960241,0.0584040324078874,0
1193.70555555556,-1.265,0.152984421729048,0.0125771718858389,0.0584373229028788,0
1193.70833333333,-1.225,0.15116448591968,0.0127241417100422,0.0584491820980067,0
1193.71111111111,-1.185,0.14854806530091,0.0127604044826616,0.0584419491116949,0
1193.71388888889,-1.13,0.146289500684453,0.0126943513994329,0.0584225432468373,0
1193.71666666667,-1.115,0.145292901578761,0.0125410080552264,0.058400835957698,0
1193.71944444444,-1.09,0.146120171118337,0.0123192093802531,0.0583845397950985,0
1193.72222222222,-1.07,0.148938274383943,0.012048917483147,0.0583740966899267,0
1193.725,-1.06,0.15351001237736,0.0117489408014096,0.0583655732389269,0
1193.72777777778,-1.075,0.159228237404928,0.0114352436549507,0.058354789717449,0
1193.73055555556,-1.11,0.165189212096731,0.0111199528361744,0.0583396370419069,0
1193.73333333333,-1.155,0.170297068745696,0.0108110812174161,0.0583185982174654,0
1193.73611111111,-1.185,0.173388411795852,0.0105129064066224,0.0582906403508727,0
1193.73888888889,-1.195,0.173364285664739,0.0102268732118956,0.0582551103061078,0
1193.74166666667,-1.17,0.169316158965356,0.0099528384199347,0.058211610254732,0
1193.74444444444,-1.15,0.160633292539549,0.0099667551333998,0.0581598659789244,0
1193.74722222222,-1.155,0.147080779902953,0.0101989543644772,0.0580996044966172,0
1193.75,-1.185,0.128840480423769,0.0104337080745722,0.0580304571146474,0
1193.75277777778,-1.185,0.10651072087866,0.0106475972586082,0.0579523895725506,0
1193.75555555556,-1.14,0.0810646677992414,0.010832142101796,0.0578662669354537,0
1193.75833333333,-1.085,0.053771287081185,0.0109764063478919,0.0577716560597557,0
1193.76111111111,-1.06,0.0260864284201883,0.0110108379936114,0.0576705371424003,0
1193.76388888889,-1.065,-0.000475540758333329,0.0109849202229806,0.0575611858541013,0
1193.76666666667,-1.1,-0.0244772443915223,0.0110361426478092,0.0574444782467408,0
1193.76944444444,-1.14,-0.0446879386467109,0.0111733155078603,0.0573224023406369,0
1193.77222222222,-1.15,-0.0601948120041012,0.0114010827500506,0.0571976728343583,0
1193.775,-1.15,-0.0704851996618224,0.011718843742378,0.0570734498814479,0
1193.77777777778,-1.165,-0.0754917190428867,0.0121201467902956,0.0569530134703497,0
1193.78055555556,-1.155,-0.0755958480351628,0.012590987945336,0.0568394206835727,0
1193.78333333333,-1.115,-0.0715894134565251,0.0128378535730084,0.0567351748245002,0
1193.78611111111,-1.095,-0.0645974616637171,0.0127967875246786,0.0566419347004231,0
1193.78888888889,-1.065,-0.0559696682615932,0.012427203582296,0.0565602867236861,0
1193.79166666667,-1.04,-0.0471504613057801,0.0118797873176133,0.0564896048269477,0
1193.79444444444,-1.04,-0.0395400962368762,0.0113734887937719,0.0564250274641617,0
1193.79722222222,-1.06,-0.0343598339944036,0.0109282196363668,0.05636031893767,0
1193.8,-1.1,-0.0325340467289628,0.0105585820183591,0.056293639893664,0
1193.80277777778,-1.11,-0.0346005346462767,0.0102725748671811,0.0562298242783926,0
1193.80555555556,-1.085,-0.0406577229597234,0.0100709109108048,0.0561741462781263,0
1193.80833333333,-1.075,-0.0503539609287725,0.00994703141010521,0.0561319451158464,0
1193.81111111111,-1.06,-0.0629201856440958,0.00988783644001751,0.0561082302366163,0
1193.81388888889,-1.075,-0.0772431110705548,0.00987507606720785,0.0561069116828785,0
1193.81666666667,-1.09,-0.0919722425103198,0.00988727903662563,0.0561303168129645,0
1193.81944444444,-1.095,-0.105650762137605,0.00990203767350953,0.0561794522654234,0
1193.82222222222,-1.09,-0.116857992039486,0.00989846732088751,0.0562489228174068,0
1193.825,-1.07,-0.12434994306373,0.00993757981583377,0.0563269853820613,0
1193.82777777778,-1.045,-0.127184521371231,0.0100235670674192,0.0564128507858104,0
1193.83055555556,-1.025,-0.124819293567845,0.010160632955734,0.0565048969507526,0
1193.83333333333,-1.02,-0.117172191214136,0.0103451154967496,0.0566002086873396,0
1193.83611111111,-1.015,-0.104638943699466,0.0105655964329782,0.0566940873877865,0
1193.83888888889,-1.01,-0.0880650539036337,0.010803830686089,0.0567908837990222,0
1193.84166666667,-0.985,-0.0686744026267988,0.0110364275991513,0.0568952587995908,0
1193.84444444444,-0.94,-0.0479606881831891,0.0110946221217537,0.0570111452103011,0
1193.84722222222,-0.915,-0.027551490070289,0.0109522204767113,0.0571399111457097,0
1193.85,-0.935,-0.0090574499476437,0.0108919039208396,0.0572817493978311,0
1193.85277777778,-0.96,0.00607937259826638,0.0109321189897165,0.057435958727314,0
1193.85555555556,-0.975,0.0167236463691034,0.0110837163691187,0.0576011195467729,0
1193.85833333333,-0.96,0.0221581662198006,0.0113483427892558,0.0577753198393658,0
1193.86111111111,-0.97,0.022157577453563,0.0117176784231229,0.0579564095752731,0
1193.86388888889,-0.965,0.0170168805214838,0.0121736305551451,0.0581422604890858,0
1193.86666666667,-0.985,0.00753129843269761,0.0126895048267068,0.0583310082329462,0
1193.86944444444,-0.995,-0.0050714057305556,0.0132320809502749,0.0585212554170068,0
1193.87222222222,-0.98,-0.0192406063758206,0.0136013101833835,0.0587122195579688,0
1193.875,-0.965,-0.0332449185953547,0.0135587219084996,0.0589038147677561,0
1193.87777777778,-0.94,-0.0453339741780385,0.0131556720438725,0.0590947847887449,0
1193.88055555556,-0.935,-0.0539050719222877,0.0128620537128042,0.0592838795296742,0
1193.88333333333,-0.94,-0.05765920099507,0.0126961024116754,0.0594692877425137,0
1193.88611111111,-0.96,-0.0557316603878517,0.0126644277291176,0.0596488517288557,0
1193.88888888889,-0.99,-0.0477846025390832,0.0127608284606644,0.0598202982341228,0
1193.89166666667,-0.96,-0.0340521408263287,0.0129662545464058,0.0599815102153915,0
1193.89444444444,-0.955,-0.0153328913972075,0.0132499677278012,0.0601307323632027,0
1193.89722222222,-0.955,0.00707040622653365,0.0135718429401109,0.060266693979041,0
1193.9,-0.955,0.0314596592359665,0.0138856444271892,0.0603888638092955,0
1193.90277777778,-0.95,0.0558895009664906,0.0141429738907895,0.0604975723560384,0
1193.90555555556,-0.935,0.0783418058660245,0.0139881504099493,0.0605940642491788,0
1193.90833333333,-0.905,0.096911091756999,0.0139753890051653,0.0606804762252431,0
1193.91111111111,-0.88,0.109983967320534,0.0141336509143157,0.0607597425541596,0
1193.91388888889,-0.875,0.116396009702612,0.0144781627650795,0.0608354357517842,0
1193.91666666667,-0.9,0.115551208262128,0.0150083236897745,0.0609115556157955,0
1193.91944444444,-0.925,0.107492250067277,0.0157069245025808,0.0609838281392617,0
1193.92222222222,-0.92,0.0929141865231752,0.0165407918554665,0.0610483740883388,0
1193.925,-0.92,0.0731190378737426,0.0174628452256218,0.0611020031474506,0
1193.92777777778,-0.92,0.0499142185459864,0.0182824933718821,0.0611423403996644,0
1193.93055555556,-0.935,0.0254628219368389,0.0186536426536589,0.0611678962866779,0
1193.93333333333,-0.94,0.00209831713046386,0.0185273255501062,0.0611780828937142,0
1193.93611111111,-0.95,-0.0178803377973553,0.017897523238939,0.0611839602486165,0
1193.93888888889,-0.95,-0.0324151007733239,0.0174479665388696,0.0611924496686294,0
1193.94166666667,-0.95,-0.0398782439839688,0.0172486895287363,0.0612032801467478,0
1193.94444444444,-0.935,-0.0392274279962535,0.0173216536837473,0.0612160949386124,0
1193.94722222222,-0.925,-0.0301119266462047,0.0176702031928587,0.0612304808904777,0
1193.95,-0.92,-0.0129196271175901,0.0182787086209257,0.0612459986234481,0
1193.95277777778,-0.915,0.0112404171998254,0.019113833552251,0.0612622121832022,0
1193.95555555556,-0.915,0.0406193962355147,0.0201273352988674,0.0612787159484617,0
1193.95833333333,-0.885,0.07296787538958,0.0212019077635826,0.0612952851814083,0
1193.96111111111,-0.83,0.105721126367516,0.0218334962149216,0.0613123761412122,0
1193.96388888889,-0.765,0.136214803174802,0.0220050619272744,0.0613303696539116,0
1193.96666666667,-0.735,0.161912140023569,0.0217468034306559,0.0613494429048643,0
1193.96944444444,-0.715,0.180622527043864,0.0211342005369017,0.0613696592462284,0
1193.97222222222,-0.715,0.19069179275359,0.0203003505442177,0.0613909897481656,0
1193.975,-0.705,0.191146775158863,0.0196379111038763,0.0614132914511179,0
1193.97777777778,-0.69,0.181780621837136,0.0191462588018059,0.0614363851071391,0
1193.98055555556,-0.665,0.163170402121569,0.018807414447057,0.0614600750568577,0
1193.98333333333,-0.67,0.136624599895726,0.0185886081117161,0.06148417108413,0
1193.98611111111,-0.705,0.104064359231961,0.0187308052642973,0.0615085063519149,0
1193.98888888889,-0.715,0.0678484159270417,0.0188451353761176,0.0615329510553842,0
1193.99166666667,-0.715,0.0305569173550747,0.0189795738452104,0.0615574181996552,0
1193.99444444444,-0.715,-0.00524667567887876,0.0191750811072691,0.0615818698922755,0
1193.99722222222,-0.7,-0.0372540785961013,0.0194597910385391,0.0616063141484376,0
1194,-0.73,-0.0636291018797862,0.0198442258151184,0.0616307971817605,0
1194.00277777778,-0.785,-0.0831825710821171,0.0203180581857768,0.0616553923218415,0
1194.00555555556,-0.815,-0.0954882233296148,0.0208488236005371,0.0616801869400726,0
1194.00833333333,-0.805,-0.100927558738498,0.0213828252606353,0.0617052688601532,0
1194.01111111111,-0.795,-0.100657811917186,0.0218482875326265,0.0617307136783132,0
1194.01388888889,-0.795,-0.0965040508807125,0.0221606127585298,0.0617565707529352,0
1194.01666666667,-0.805,-0.0907833127129353,0.0222294003286714,0.0617828530425693,0
1194.01944444444,-0.845,-0.0860750360246828,0.0224920885159393,0.0618095345796775,0
1194.02222222222,-0.85,-0.0849572765389244,0.0231628695589359,0.0618365521522699,0
1194.025,-0.86,-0.0897318099514945,0.0242983284640023,0.0618638073030232,0
1194.02777777778,-0.845,-0.102162884544331,0.0259272224114351,0.0618912355214288,0
1194.03055555556,-0.835,-0.123253899676638,0.0280443318406665,0.0619187879061842,0
1194.03333333333,-0.855,-0.153083654593754,0.0306065902298436,0.0619463941271284,0
1194.03611111111,-0.855,-0.190719221636273,0.0335319679682892,0.0619739683400162,0
1194.03888888889,-0.865,-0.234216309311138,0.0367013835106569,0.0620014162509149,0
1194.04166666667,-0.85,-0.280710699038167,0.0399636823223047,0.0620286427096141,0
1194.04444444444,-0.83,-0.326596572873504,0.0431434791618643,0.0620555591934988,0
1194.04722222222,-0.82,-0.367779957865116,0.046051421652856,0.0620822092304198,0
1194.05,-0.83,-0.399988750773156,0.0484962223920576,0.0621086723399124,0
1194.05277777778,-0.825,-0.41911544803408,0.0502790375700504,0.0621350190990437,0
1194.05555555556,-0.825,-0.421565269973459,0.0509944195474563,0.0621613104051784,0
1194.05833333333,-0.79,-0.404581159220962,0.0509122097655442,0.0621875993959501,0
1194.06111111111,-0.755,-0.366518289258494,0.0518233868224715,0.0622139366716132,0
1194.06388888889,-0.745,-0.307044178785725,0.0537478631343343,0.0622403675146928,0
1194.06666666667,-0.765,-0.227246013646409,0.0563182491870113,0.0622669152673453,0
1194.06944444444,-0.81,-0.12963389689378,0.0592392070566113,0.0622935320005603,0
1194.07222222222,-0.805,-0.018036905035675,0.0622899429114689,0.062320132728138,0
1194.075,-0.735,0.102602642413201,0.0652656326806387,0.0623466327642121,0
1194.07777777778,-0.63,0.226523096059084,0.0679940123421476,0.0623729541156445,0
1194.08055555556,-0.485,0.347504784880557,0.0703486419857531,0.0623990306413096,0
1194.08333333333,-0.315,0.459272362430115,0.0722577375017808,0.0624248116399025,0
1194.08611111111,-0.065,0.555908346916372,0.0737078564363902,0.0624502636830028,0
1194.08888888889,0.22,0.632246903762103,0.0747421778438507,0.0624753706734032,0
1194.09166666667,0.505,0.684218290745207,0.075453590333521,0.0625001322653796,0
1194.09444444444,0.755,0.70911812912645,0.0759732566095271,0.0625245609198959,1
1194.09722222222,0.925,0.705781474634122,0.0764557170885755,0.0625486400998778,0
1194.1,0.9,0.674649063294978,0.0758905773859967,0.0625723361143425,0
1194.10277777778,0.62,0.617721490765199,0.0750109243703806,0.0625956377858189,0
1194.10555555556,0.23,0.538405761824994,0.0737357242325855,0.0626185937755422,0
1194.10833333333,-0.15,0.441266909013759,0.0719845825515739,0.0626412788937698,0
1194.11111111111,-0.505,0.331704554090582,0.0697289847374893,0.0626637306833668,0
1194.11388888889,-0.74,0.215579795867543,0.0669977752887807,0.062685989360298,0
1194.11666666667,-0.83,0.0988212186412652,0.0638774003840823,0.0627080958606691,0
1194.11944444444,-0.865,-0.0129601286981598,0.0605068610202895,0.0627299813057559,0
1194.12222222222,-0.855,-0.114818288389992,0.0570677889616738,0.0627515745851419,0
1194.125,-0.825,-0.202757611329002,0.0537704858888484,0.0627728981246659,0
1194.12777777778,-0.805,-0.27393631713697,0.0508371199683171,0.0627939804232956,0
1194.13055555556,-0.79,-0.326776072245447,0.0484835228699535,0.0628148492410756,0
1194.13333333333,-0.775,-0.360973091510549,0.0469011526226412,0.0628355236506826,0
1194.13611111111,-0.765,-0.377414267342331,0.0462407733705574,0.0628560063718886,0
1194.13888888889,-0.765,-0.378009326720041,0.0463691397608356,0.0628762754229538,0
1194.14166666667,-0.745,-0.36545639421044,0.0456334390573747,0.0628962783158973,0
1194.14444444444,-0.725,-0.342963087733727,0.0441388808161987,0.0629159278441541,0
1194.14722222222,-0.715,-0.31394803134375,0.0420222917958294,0.0629351154057165,0
1194.15,-0.74,-0.281748251199573,0.0394416130993342,0.0629537664591957,0
1194.15277777778,-0.765,-0.249356333354017,0.0365648688254949,0.062972138359885,0
1194.15555555556,-0.77,-0.219207658141394,0.0335593938656072,0.0629905072548039,0
1194.15833333333,-0.755,-0.193032846045504,0.0305820383107227,0.0630091504982483,0
1194.16111111111,-0.755,-0.171784246923886,0.027770945841636,0.063028328659287,0
1194.16388888889,-0.775,-0.155638458486263,0.0252393454555663,0.0630482421161465,0
1194.16666666667,-0.83,-0.144070085695415,0.0230716144261606,0.063069062469372,0
1194.16944444444,-0.875,-0.135985844702228,0.0213216811807915,0.0630909446648933,0
1194.17222222222,-0.915,-0.129903194891181,0.0200136553426346,0.0631139473627018,0
1194.175,-0.905,-0.124154354820369,0.0191444126182543,0.0631380646247604,0
1194.17777777778,-0.86,-0.117095075009972,0.0186877360554017,0.0631632674325403,0
1194.18055555556,-0.815,-0.107297984071196,0.0187349029474282,0.0631894961449053,0
1194.18333333333,-0.755,-0.0937126005355199,0.0185108446287037,0.0632166304338231,0
1194.18611111111,-0.695,-0.0757779531860261,0.0180370398015186,0.063244472722787,0
1194.18888888889,-0.635,-0.0534787825731509,0.017376942995531,0.0632727342260025,0
1194.19166666667,-0.565,-0.0273420115913137,0.0165903847929439,0.0633011450782627,0
1194.19444444444,-0.48,0.00162397279498296,0.0157300951029683,0.0633294787910492,0
1194.19722222222,-0.465,0.0320392389296102,0.0148394609948683,0.0633575721860045,0
1194.2,-0.52,0.0622989046655219,0.0139515443354106,0.0633854475278063,0
1194.20277777778,-0.58,0.0907406531613328,0.0133483991661644,0.0634132087554396,0
1194.20555555556,-0.625,0.115815776247576,0.0130575756659222,0.0634410608502305,0
1194.20833333333,-0.64,0.136246417939842,0.0130359589457288,0.0634690492172413,0
1194.21111111111,-0.665,0.151153423741768,0.0132060221685005,0.0634969720231272,0
1194.21388888889,-0.7,0.160142403999841,0.013465702786385,0.0635246037045844,0
1194.21666666667,-0.72,0.163339959508897,0.0137001914814884,0.0635517252765836,0
1194.21944444444,-0.755,0.161377060262417,0.0137944476578027,0.0635781568694461,0
1194.22222222222,-0.75,0.155321818995828,0.0136452198320948,0.0636037853575598,0
1194.225,-0.735,0.146568852507484,0.0131820872141377,0.0636285953081453,0
1194.22777777778,-0.71,0.136696603491145,0.0127946811625275,0.0636526927203003,0
1194.23055555556,-0.7,0.127307011221996,0.0124985770644322,0.063676311780524,0
1194.23333333333,-0.7,0.119863494385733,0.0123113553040585,0.0636994867570812,0
1194.23611111111,-0.67,0.115543208308009,0.0122511154808592,0.0637223253975686,0
1194.23888888889,-0.625,0.115117979336391,0.0123348298360525,0.0637450077359615,0
1194.24166666667,-0.59,0.118875368549869,0.0125767149598839,0.0637677792849326,0
1194.24444444444,-0.535,0.126587275480468,0.0129867801026619,0.0637863856066885,0
1194.24722222222,-0.535,0.137528763385707,0.0135696739900561,0.0637980403484757,0
1194.25,-0.53,0.150544837839274,0.0143239054650242,0.0638013984816662,0
1194.25277777778,-0.55,0.164158225568971,0.0152414629245932,0.0637952065161645,0
1194.25555555556,-0.55,0.176707237797782,0.0163078098837846,0.0637783949882728,0
1194.25833333333,-0.54,0.186499946721294,0.0175021949477671,0.0637502104329811,0
1194.26111111111,-0.53,0.19196943071454,0.0186628162246807,0.0637103430713284,0
1194.26388888889,-0.52,0.191814893099618,0.0196113739615469,0.0636590403363095,0
1194.26666666667,-0.555,0.185115021246821,0.0204082993501675,0.0635971928775132,0
1194.26944444444,-0.56,0.171402869478709,0.0211230674854268,0.0635263841951067,0
1194.27222222222,-0.55,0.15069552954771,0.0218237481217392,0.0634488960351762,0
1194.275,-0.525,0.123476500034192,0.0225663789128376,0.0633676668943523,0
1194.27777777778,-0.51,0.0906335175989593,0.0233853076738976,0.0632862026666605,0
1194.28055555556,-0.505,0.0533591832719375,0.0242855777900805,0.0632017686116096,0
1194.28333333333,-0.5,0.013025545635565,0.0249791206592958,0.0631089318572241,0
1194.28611111111,-0.505,-0.0289535001851105,0.0253883039700489,0.0630035299861131,0
1194.28888888889,-0.525,-0.0712568546514501,0.0254667146060595,0.0628820229287091,0
1194.29166666667,-0.545,-0.112773026780878,0.0251717106124269,0.0627408411167235,0
1194.29444444444,-0.59,-0.152686068855502,0.0249378006714675,0.0625771014358635,0
1194.29722222222,-0.64,-0.190520791220052,0.02521487990926,0.0623888202112386,0
1194.3,-0.7,-0.226141707497026,0.0261353251689736,0.0621750868777375,0
1194.30277777778,-0.71,-0.259705123132735,0.0278077578827831,0.0619361849005167,0
1194.30555555556,-0.71,-0.291568925891076,0.0302936106021606,0.0616838117338552,0
1194.30833333333,-0.685,-0.322169450829936,0.0331772762626382,0.0614260693313016,0
1194.31111111111,-0.66,-0.351878781552142,0.0363977308292904,0.0611683153205593,0
1194.31388888889,-0.645,-0.380858591330261,0.0398705650169333,0.060916170190359,0
1194.31666666667,-0.64,-0.408927811478725,0.0434885777025363,0.0606751626925536,0
1194.31944444444,-0.675,-0.435460873819647,0.0471239306570656,0.0604503688192634,0
1194.32222222222,-0.705,-0.459331006240367,0.050631969125367,0.0602460709062809,0
1194.325,-0.675,-0.478909229182805,0.053856689097206,0.060059297688797,0
1194.32777777778,-0.6,-0.492124625532354,0.0566376947893956,0.0598861530580483,0
1194.33055555556,-0.53,-0.496585584170575,0.0588183501008302,0.0597226636303318,0
1194.33333333333,-0.57,-0.4897555847287,0.0602546979344683,0.0595667875060889,0
1194.33611111111,-0.71,-0.469171274603907,0.0608246136721609,0.0594237498154317,0
1194.33888888889,-0.835,-0.432685653148701,0.0604365850144129,0.0592982681021848,0
1194.34166666667,-0.825,-0.378715620454979,0.0593790761701278,0.0591941501595293,0
1194.34444444444,-0.63,-0.30647135397811,0.0594831631148738,0.0591139608777284,0
1194.34722222222,-0.46,-0.216145177971462,0.0606843318650106,0.0590587906005289,0
1194.35,-0.48,-0.109039843770436,0.0628628891871239,0.0590281561388269,0
1194.35277777778,-0.275,0.0123796876022045,0.0658553955723409,0.059020010546512,0
1194.35555555556,0.315,0.144521084998211,0.0694693330466881,0.0590308785691293,0
1194.35833333333,0.855,0.282789303114793,0.0734996963075256,0.059054600145922,0
1194.36111111111,1.025,0.421796753022557,0.0777460218333428,0.0590901434604852,0
1194.36388888889,0.695,0.555647269842259,0.0820283289989301,0.0591398939659905,0
1194.36666666667,0.255,0.678275480736434,0.0862005447546193,0.0592066855427646,0
1194.36944444444,0.36,0.783817839234377,0.0901602114908029,0.0592933683591026,0
1194.37222222222,0.865,0.866988098539307,0.0938536167519684,0.0593980901568595,0
1194.375,1.11,0.923428697007019,0.0968048692032215,0.0595202189052377,0
1194.37777777778,0.93,0.950010588296876,0.09857554257919,0.0596612652058869,1
1194.38055555556,0.77,0.945057428504169,0.0990912550178232,0.0598190993379996,0
1194.38333333333,0.79,0.908475491470828,0.098338099261241,0.0599901091161763,0
1194.38611111111,0.815,0.841777794958517,0.0963631351012289,0.0601695597699381,0
1194.38888888889,0.72,0.747999107678373,0.0932712428178452,0.0603520326228334,0
1194.39166666667,0.545,0.631507091784874,0.0899373683126379,0.0605319043504273,0
1194.39444444444,0.405,0.497723095250685,0.0863793242861747,0.0607038292006461,0
1194.39722222222,0.29,0.352773340537933,0.0826172952481977,0.0608627025511664,0
1194.4,0.155,0.203096837948314,0.0787242618795579,0.0610057576455984,0
1194.40277777778,0.01,0.0550397977255629,0.0748255162921055,0.0611308640467242,0
1194.40555555556,-0.13,-0.0855326821318614,0.0710927325594964,0.0612442378755318,0
1194.40833333333,-0.245,-0.213578413830737,0.0677329504634153,0.0613544289378889,0
1194.41111111111,-0.375,-0.325148125042757,0.064973306856025,0.0614619597475677,0
1194.41388888889,-0.51,-0.417564445570971,0.0630427582548546,0.0615693905717213,0
1194.41666666667,-0.615,-0.489498283598852,0.0621523425848394,0.0616717817247421,0
1194.41944444444,-0.7,-0.540939565774422,0.0624756986859082,0.0617643188197845,0
1194.42222222222,-0.73,-0.573068081527259,0.0637899850566155,0.061842692326107,0
1194.425,-0.73,-0.588038387363778,0.0643054933847378,0.0619036355526896,0
1194.42777777778,-0.71,-0.588699687152295,0.0640988362647651,0.0619464019375651,0
1194.43055555556,-0.7,-0.578276713602279,0.0632707471622656,0.0619711966029657,0
1194.43333333333,-0.69,-0.560040458997071,0.0619362410010587,0.0619791256849487,0
1194.43611111111,-0.68,-0.5369979037024,0.0602147380323602,0.0619720727685931,0
1194.43888888889,-0.71,-0.511627653276369,0.0582209539566322,0.0619548939942736,0
1194.44166666667,-0.715,-0.485683825404726,0.0560572595874538,0.0619388289917804,0
1194.44444444444,-0.74,-0.460084036830687,0.0538080569628554,0.0619233451871385,0
1194.44722222222,-0.76,-0.434889506722864,0.0515365198775729,0.0619079586472523,0
1194.45,-0.8,-0.409376812839242,0.0492838230104025,0.0618922568909364,0
1194.45277777778,-0.815,-0.382192462968251,0.0470707548384607,0.0618759155561171,0
1194.45555555556,-0.8,-0.351573918930981,0.044901395355456,0.0618592085250899,0
1194.45833333333,-0.78,-0.315614700710128,0.0427683588168151,0.0618429747509305,0
1194.46111111111,-0.74,-0.272547236166912,0.0413300731292473,0.061827367088291,0
1194.46388888889,-0.685,-0.221015557618022,0.0412116135991318,0.0618124110953192,0
1194.46666666667,-0.635,-0.160310917584921,0.0422689054538441,0.0617980557291466,0
1194.46944444444,-0.565,-0.0905468142772627,0.0442981248684725,0.0617841839445365,0
1194.47222222222,-0.5,-0.012755477058762,0.0463357392566101,0.061770632713457,0
1194.475,-0.435,0.0711049333831704,0.0482977196464866,0.0617572196251093,0
1194.47777777778,-0.38,0.15823494989981,0.0501305794806246,0.0617437684753787,0
1194.48055555556,-0.315,0.245164315783256,0.0517689247256906,0.0617301236824488,0
1194.48333333333,-0.29,0.327994479892654,0.0531404472410368,0.061716158902639,0
1194.48611111111,-0.275,0.402692384276884,0.0541722914905158,0.0617017596632429,0
1194.48888888889,-0.265,0.46540990682782,0.0547981847956393,0.0616869986978067,0
1194.49166666667,-0.24,0.512800641053525,0.0549656301389738,0.0616719149053837,0
1194.49444444444,-0.225,0.542305536574604,0.0546424338138168,0.0616565128231951,0
1194.49722222222,-0.245,0.552381314981898,0.0538218811862518,0.0616409725233427,0
1194.5,-0.295,0.542650317745794,0.0526378366061987,0.061625402259689,0
1194.50277777778,-0.34,0.513957128366305,0.0513872961048161,0.0616097392827767,0
1194.50555555556,-0.36,0.46832535874313,0.0498971845450882,0.061593970797671,0
1194.50833333333,-0.385,0.40881669593039,0.0480153480806135,0.0615783625734267,0
1194.51111111111,-0.41,0.339302905124382,0.0456291502313325,0.0615631326456308,0
1194.51388888889,-0.465,0.264169219212755,0.0432128963587315,0.0615482717342896,0
1194.51666666667,-0.525,0.187973728728082,0.0409340933335962,0.0615337888942267,0
1194.51944444444,-0.585,0.115091466195138,0.0389106731741234,0.0615197694648075,0
1194.52222222222,-0.61,0.049373485378455,0.0372404139948044,0.0615062779966147,0
1194.525,-0.635,-0.00614978643047438,0.0359927189155995,0.0614933562545338,0
1194.52777777778,-0.65,-0.0494952223868808,0.0352024312918504,0.0614810216598777,0
1194.53055555556,-0.675,-0.0798638312272018,0.0348662943288367,0.0614692680791411,0
1194.53333333333,-0.715,-0.0976754876686389,0.0349424580848666,0.061458066848,0
1194.53611111111,-0.75,-0.104498005506525,0.0353531915716722,0.0614471673809243,0
1194.53888888889,-0.78,-0.102876080107212,0.0359906921278829,0.0614362695472215,0
1194.54166666667,-0.765,-0.0960742901040921,0.03605451725658,0.061425130523988,0
1194.54444444444,-0.75,-0.0877558467873126,0.0353623872611917,0.0614136480333306,0
1194.54722222222,-0.755,-0.0816244642239772,0.0348522110081995,0.0614018731073166,0
1194.55,-0.78,-0.0810600985454664,0.0346497463195605,0.0613898647796793,0
1194.55277777778,-0.79,-0.0887800734585369,0.0348556565552185,0.0613776792564221,0
1194.55555555556,-0.79,-0.106555196171546,0.0355354205882323,0.0613653614771236,0
1194.55833333333,-0.785,-0.135006028063474,0.0367117252910117,0.0613529427385394,0
1194.56111111111,-0.75,-0.173497877746669,0.0383600411558011,0.0613404392279973,0
1194.56388888889,-0.77,-0.220144884559127,0.0404078462063946,0.0613278320175982,0
1194.56666666667,-0.785,-0.271924447854631,0.0427376854165735,0.0613150930556876,0
1194.56944444444,-0.805,-0.324893998478171,0.0451939541073441,0.0613022169264025,0
1194.57222222222,-0.785,-0.374493481628744,0.0475929978483854,0.06128917052667,0
1194.575,-0.765,-0.415909648267184,0.0497358518608664,0.0612758954298714,0
1194.57777777778,-0.735,-0.444472942804588,0.0514227215429522,0.0612623692040933,0
1194.58055555556,-0.735,-0.45605486877291,0.0523562936756745,0.0612485653473958,0
1194.58333333333,-0.765,-0.447433449259682,0.0521348014302859,0.0612344625882993,0
1194.58611111111,-0.8,-0.416596790973282,0.0527991991616745,0.0612200455135617,0
1194.58888888889,-0.82,-0.362959604131072,0.0544369434476679,0.0612053061255178,0
1194.59166666667,-0.84,-0.287474416490982,0.0570494284851678,0.0611902670380015,0
1194.59444444444,-0.825,-0.192627573621954,0.0600425692723911,0.0611750861225831,0
1194.59722222222,-0.79,-0.0823192467566794,0.063131824890834,0.0611597690722429,0
1194.6,-0.73,0.0383641758551578,0.0660946820935738,0.0611442229105564,0
1194.60277777778,-0.605,0.163468503139052,0.0687486113891192,0.0611284857382344,0
1194.60555555556,-0.465,0.286557112043168,0.070963841675434,0.0611126011311031,0
1194.60833333333,-0.27,0.401134340031923,0.0726710770157718,0.0610966151179653,0
1194.61111111111,-0.045,0.501075217362442,0.0738636502248362,0.0610805718766669,0
1194.61388888889,0.21,0.581029640165827,0.0745940909869836,0.0610645085279282,0
1194.61666666667,0.44,0.636771378784202,0.0749655612480655,0.0610483572930857,0
1194.61944444444,0.635,0.665466896032463,0.0751190372805273,0.0610320158892572,0
1194.62222222222,0.82,0.665845410919312,0.0752174606898245,0.0610155313497017,0
1194.625,0.9,0.638259433392262,0.075006609234927,0.0609988045918633,0
1194.62777777778,0.765,0.58463346653512,0.0745287570797257,0.0609815621102629,0
1194.63055555556,0.395,0.508307034769112,0.0736581832183878,0.0609635721594856,0
1194.63333333333,-0.085,0.413785977026565,0.0723110957393989,0.0609449517419319,0
1194.63611111111,-0.5,0.30642244137871,0.070454754535465,0.0609258313829742,0
1194.63888888889,-0.765,0.192048750607331,0.0681119117349142,0.0609063469975627,0
1194.64166666667,-0.85,0.0765929513533187,0.0653602573519326,0.060886630637656,0
1194.64444444444,-0.81,-0.034295733762269,0.0623269900738316,0.0608666735994807,0
1194.64722222222,-0.775,-0.135585121927571,0.059179045609803,0.0608465715695233,0
1194.65,-0.79,-0.223139295613978,0.0561098729176919,0.0608263932440718,0
1194.65277777778,-0.795,-0.293921560866823,0.0533239227329177,0.0608061737273206,0
1194.65555555556,-0.775,-0.346110365076641,0.0510201818889186,0.0607859108962233,0
1194.65833333333,-0.735,-0.379124464555435,0.0493761392327219,0.0607653358648322,0
1194.66111111111,-0.72,-0.393560669393375,0.0485335031078564,0.0607445852263384,0
1194.66388888889,-0.74,-0.391053942072173,0.0485868151665359,0.0607238053067517,0
1194.66666666667,-0.755,-0.374074996286611,0.0476733573693059,0.0607031409459554,0
1194.66944444444,-0.765,-0.3456844514232,0.0458814419903141,0.0606827257443443,0
1194.67222222222,-0.765,-0.309264800673789,0.0433662059409957,0.0606626864461426,0
1194.675,-0.77,-0.268251852718845,0.0403118560960263,0.0606431291021473,0
1194.67777777778,-0.745,-0.225885967069543,0.0369188589350498,0.0606241262640726,0
1194.68055555556,-0.75,-0.185000521564173,0.0333908752704186,0.0606056510057803,0
1194.68333333333,-0.775,-0.147860945345206,0.0299223174162478,0.0605874499441869,0
1194.68611111111,-0.78,-0.116062725897919,0.0266873176852116,0.060569187009379,0
1194.68888888889,-0.75,-0.0904915059803875,0.0238307572186403,0.0605504721288429,0
1194.69166666667,-0.725,-0.0713431840083185,0.0214618254247181,0.0605313748727901,0
1194.69444444444,-0.7,-0.0581972456809071,0.0196503775834126,0.0605119781945554,0
1194.69722222222,-0.695,-0.0501327440922384,0.0184261474196134,0.0604924478062011,0
1194.7,-0.69,-0.0458736744650753,0.0177806684205745,0.060472964129928,0
1194.70277777778,-0.705,-0.0439491098765212,0.0176715767989726,0.0604536990303824,0
1194.70555555556,-0.695,-0.0428534084691389,0.0178559445731389,0.0604348015214743,0
1194.70833333333,-0.675,-0.0411929876027601,0.0174183700586429,0.0604163874681953,0
1194.71111111111,-0.655,-0.0378084012669869,0.0164678288528882,0.0603984936420178,0
1194.71388888889,-0.675,-0.0318634890285515,0.0152920710910273,0.0603808023656606,0
1194.71666666667,-0.68,-0.0228968710490155,0.0140495412563115,0.0603630028138652,0
1194.71944444444,-0.69,-0.0108347065519406,0.0128309397671294,0.0603448246958126,0
1194.72222222222,-0.695,0.0040329149311181,0.0117108561797369,0.0603260695783474,0
1194.725,-0.68,0.0211066078466553,0.0107442327075872,0.0603067893665157,0
1194.72777777778,-0.665,0.0395557424813898,0.00996466019100318,0.0602870181143032,0
1194.73055555556,-0.645,0.0584108941440517,0.00938447662866687,0.0602667864170546,0
1194.73333333333,-0.645,0.0766611719990386,0.00899650485885727,0.0602461142803767,0
1194.73611111111,-0.65,0.0933473014586804,0.00877715406171374,0.0602250060092838,0
1194.73888888889,-0.65,0.107642509965345,0.00869052653628224,0.060203658412171,0
1194.74166666667,-0.635,0.11891505777683,0.00869312115298803,0.0601819987567881,0
1194.74444444444,-0.62,0.126768450548854,0.00873870964741027,0.060160011451191,0
1194.74722222222,-0.605,0.131057735414032,0.00878298039111871,0.0601377331599348,0
1194.75,-0.61,0.131882585310558,0.00878759282328019,0.060115239343,0
1194.75277777778,-0.625,0.129559909655114,0.00872335864650185,0.0600926294152642,0
1194.75555555556,-0.63,0.124580326906928,0.00857235596323578,0.060070007731987,0
1194.75833333333,-0.615,0.117553884443906,0.00832888167267111,0.0600474628560166,0
1194.76111111111,-0.595,0.109150862972918,0.00799924739145145,0.0600250458675218,0
1194.76388888889,-0.56,0.100043367446293,0.00760051709263472,0.0600027502620383,0
1194.76666666667,-0.55,0.0908527509799421,0.00715836379410175,0.0599804960321196,0
1194.76944444444,-0.555,0.0821068543701637,0.00670428267458645,0.0599581200038955,0
1194.77222222222,-0.535,0.0742097137225731,0.0062724354569438,0.0599357632400387,0
1194.775,-0.52,0.0674249485123239,0.0058964142341807,0.059913704458179,0
1194.77777777778,-0.495,0.061872645161169,0.00560620253653947,0.0598922448512997,0
1194.78055555556,-0.48,0.0575383316495377,0.00542557956066966,0.0598716923947369,0
1194.78333333333,-0.5,0.0542917007227387,0.00537016383984002,0.0598523439637867,0
1194.78611111111,-0.52,0.0519121477478118,0.00544623010834173,0.0598344666227788,0
1194.78888888889,-0.495,0.05011796634875,0.00565036329198801,0.0598182807204282,0
1194.79166666667,-0.475,0.0485961711395487,0.00596994227101791,0.0597884266026032,0
1194.79444444444,-0.455,0.0470303367158293,0.0062241944041252,0.0597436028330243,0
1194.79722222222,-0.455,0.0451244731626688,0.00636337602410266,0.0596842417007189,0
1194.8,-0.455,0.0426217028209639,0.00639906850984434,0.0596116718001526,0
1194.80277777778,-0.45,0.0393172600035903,0.00634575671847967,0.0595281294506814,0
1194.80555555556,-0.425,0.0350660127455095,0.00621937023168884,0.0594365569766974,0
1194.80833333333,-0.42,0.0297852305767186,0.00603603836192038,0.0593414090697676,0
1194.81111111111,-0.39,0.0234536482256934,0.0058111453898016,0.0592477348338141,0
1194.81388888889,-0.38,0.0161079858308364,0.00555871741291377,0.0591564333466182,0
1194.81666666667,-0.39,0.00783799560279044,0.00535839989334989,0.0590650557301057,0
1194.81944444444,-0.415,-0.00121914660364928,0.00524759849252004,0.0589726344572858,0
1194.82222222222,-0.44,-0.0108846385110756,0.00521627791767382,0.0588792118568631,0
1194.825,-0.455,-0.0209439530696486,0.00524787167118669,0.0587853605900679,0
1194.82777777778,-0.43,-0.0311531002605689,0.00532092814889314,0.0586919790241075,0
1194.83055555556,-0.43,-0.0412457405489617,0.00541112207448107,0.0586000391824502,0
1194.83333333333,-0.45,-0.050941728064517,0.0054934599250872,0.0585103123018511,0
1194.83611111111,-0.455,-0.0599575777920491,0.00554449605865356,0.0584230999532377,0
1194.83888888889,-0.46,-0.06801910234158,0.00554437886901665,0.0583379998257765,0
1194.84166666667,-0.435,-0.0748760818629928,0.00547856299119679,0.0582537310309893,0
1194.84444444444,-0.435,-0.0803183692726833,0.0053901805274112,0.0581680399325559,0
1194.84722222222,-0.43,-0.0841923615157491,0.00531096166570592,0.0580800371316034,0
1194.85,-0.445,-0.0864163619340826,0.00522867086284073,0.0579939277412305,0
1194.85277777778,-0.45,-0.0869930912519261,0.00512856038051252,0.05791779630348,0
1194.85555555556,-0.445,-0.0860175341090295,0.00499423678488441,0.0578556670736582,0
1194.85833333333,-0.43,-0.0836784713819402,0.00480889185725218,0.0578110016391882,0
1194.86111111111,-0.42,-0.0802524545408494,0.00455682157805525,0.057786654891962,0
1194.86388888889,-0.42,-0.076089604762177,0.00422510585892659,0.0577846851374579,0
1194.86666666667,-0.435,-0.0715914139337631,0.00395118447926344,0.0578062164800267,0
1194.86944444444,-0.445,-0.0671816086926512,0.0037575701709459,0.0578513649145258,0
1194.87222222222,-0.43,-0.0632720158158723,0.00365814768993971,0.0579192352516056,0
1194.875,-0.425,-0.0602261335187285,0.00366021929091636,0.058007988549238,0
1194.87777777778,-0.42,-0.0583236684650381,0.00376395590549604,0.0581149742446228,0
1194.88055555556,-0.415,-0.0577295585801093,0.00396245677182497,0.0582369170734929,0
1194.88333333333,-0.445,-0.058470909947701,0.00424241542219198,0.0583701425733449,0
1194.88611111111,-0.45,-0.0604248102163285,0.00458533877242875,0.0585099103265074,0
1194.88888888889,-0.45,-0.0633191591020291,0.00496921850271405,0.0586517609240664,0
1194.89166666667,-0.425,-0.066747537465536,0.00537051392704699,0.0587910833784161,0
1194.89444444444,-0.435,-0.0701978155871778,0.00576627656572569,0.0589299632699046,0
1194.89722222222,-0.445,-0.0730928029138891,0.0060689515114884,0.0590695343523272,0
1194.9,-0.465,-0.074839907023618,0.00623603459063372,0.0592100592273427,0
1194.90277777778,-0.475,-0.0748856430763132,0.00627682979232765,0.0593510926503546,0
1194.90555555556,-0.47,-0.0727700485279716,0.00621261303651555,0.0594917057904441,0
1194.90833333333,-0.465,-0.0681757162782598,0.0060753860272235,0.0596307483113535,0
1194.91111111111,-0.445,-0.0609663279390466,0.00594117164094475,0.0597518023686302,0
1194.91388888889,-0.445,-0.0512102639951685,0.00582889098673,0.0598548366349609,0
1194.91666666667,-0.455,-0.0391860524448255,0.00573012351971253,0.0599430122253937,0
1194.91944444444,-0.465,-0.0253680027717558,0.00573217521298575,0.0600208135448592,0
1194.92222222222,-0.455,-0.0103922223896996,0.0058689907171047,0.0600929822511603,0
1194.925,-0.435,0.00499484217685704,0.00611103535581345,0.0601642342829563,0
1194.92777777778,-0.395,0.0200013465981966,0.00643188630714219,0.060236658804642,0
1194.93055555556,-0.38,0.0338629143221855,0.00683894752112562,0.0603058605592571,0
1194.93333333333,-0.38,0.0459167601617113,0.00733105162525561,0.060367500752594,0
1194.93611111111,-0.395,0.0556698907317265,0.00789773614977912,0.0604169699234484,0
1194.93888888889,-0.4,0.0628543627540302,0.00851931880381235,0.0604521746044239,0
1194.94166666667,-0.385,0.0674634404442449,0.00916780335046557,0.0604726187281732,0
1194.94444444444,-0.345,0.0697640043043665,0.00980857580743497,0.060478667101066,0
1194.94722222222,-0.325,0.0702826118633108,0.0102568762932336,0.0604714379497314,0
1194.95,-0.35,0.0697650238242828,0.0104474382557818,0.0604526556780346,0
1194.95277777778,-0.365,0.0691115699197318,0.0103324247097329,0.060424476881111,0
1194.95555555556,-0.375,0.0692931956733692,0.0101089510023291,0.0603925411087523,0
1194.95833333333,-0.365,0.071255159831983,0.0100698221221119,0.0603611196040885,0
1194.96111111111,-0.34,0.0758169193363614,0.0102304430447631,0.0603300270100629,0
1194.96388888889,-0.315,0.0835775652265067,0.0105943698111252,0.0602990625166704,0
1194.96666666667,-0.295,0.0948361430836676,0.0111526151349769,0.0602680995549748,0
1194.96944444444,-0.295,0.109535267174888,0.0118839782264465,0.0602377242908418,0
1194.97222222222,-0.265,0.127234664558164,0.0127564099823277,0.0602081261341447,0
1194.975,-0.235,0.147118793890988,0.0137293333171117,0.0601791618557372,0
1194.97777777778,-0.21,0.168039678184663,0.0147567499281527,0.0601505657834199,0
1194.98055555556,-0.21,0.188592834147335,0.0157908871692137,0.0601223039550938,0
1194.98333333333,-0.225,0.207220971452143,0.0167860793404447,0.0600943138853214,0
1194.98611111111,-0.22,0.222337280088644,0.0177025427330437,0.0600665226200719,0
1194.98888888889,-0.21,0.232457909252255,0.0185096974896157,0.0600388641204306,0
1194.99166666667,-0.185,0.23633190475605,0.0191530180130038,0.0600112955831189,0
1194.99444444444,-0.155,0.233056578326884,0.0196532524168681,0.0599838104529034,0
1194.99722222222,-0.16,0.22216710430284,0.0200727829877188,0.0599567742358514,0
1195,-0.17,0.203691047872885,0.0203869707610311,0.059930358123102,0
1195.00277777778,-0.185,0.178161391266327,0.020626394663802,0.0599046921485911,0
1195.00555555556,-0.175,0.146585212308072,0.0208283222534846,0.0598798631819116,0
1195.00833333333,-0.175,0.110369178234115,0.0210323726766521,0.0598559159356809,0
1195.01111111111,-0.175,0.0712070895895686,0.0212756629786447,0.0598328568423462,0
1195.01388888889,-0.2,0.0309384670413081,0.0215878638387367,0.0598105597042911,0
1195.01666666667,-0.235,-0.0086097452488953,0.0219866263724498,0.0597887641905503,0
1195.01944444444,-0.255,-0.045784197261969,0.0224738386824376,0.059767579615079,0
1195.02222222222,-0.275,-0.0792538479178832,0.0230331274818416,0.0597472997996306,0
1195.025,-0.28,-0.108131850163374,0.0236289378631855,0.0597280840437012,0
1195.02777777778,-0.3,-0.132057945662906,0.0242074080509332,0.0597099879676141,0
1195.03055555556,-0.31,-0.15123182888019,0.0246991138126377,0.0596930537836627,0
1195.03333333333,-0.325,-0.166392080496805,0.0250235997767177,0.0596772978526678,0
1195.03611111111,-0.36,-0.178740092805113,0.0249517448488046,0.0596625021785576,0
1195.03888888889,-0.38,-0.189813502389784,0.0252156614167865,0.0596483762440526,0
1195.04166666667,-0.41,-0.201318555074518,0.0258883596641179,0.0596345898486939,0
1195.04444444444,-0.42,-0.214935101065459,0.027024836147717,0.0596207770295937,0
1195.04722222222,-0.425,-0.232111141194479,0.0286548212113057,0.0596068969724352,0
1195.05,-0.435,-0.253865684043484,0.0307768064077907,0.0595932518319374,0
1195.05277777778,-0.44,-0.280618906369429,0.0333539426007205,0.0595804659846236,0
1195.05555555556,-0.44,-0.312067149179933,0.0363122896783502,0.0595692945068066,0
1195.05833333333,-0.425,-0.347117190463254,0.0395417442247176,0.0595603677390899,0
1195.06111111111,-0.415,-0.383889721608639,0.0428997822773659,0.0595469156329326,0
1195.06388888889,-0.43,-0.419796359972422,0.0462179439242213,0.0595190002909342,0
1195.06666666667,-0.44,-0.451688304053607,0.0493107706801969,0.0594754584330009,0
1195.06944444444,-0.44,-0.476068400306648,0.0519867021384109,0.0594155981915653,0
1195.07222222222,-0.435,-0.489352488768762,0.0540602618682882,0.0593392971186606,0
1195.075,-0.43,-0.488160955249075,0.0553647289056515,0.059247082357715,0
1195.07777777778,-0.42,-0.469617900753556,0.0557644125831329,0.0591401548456741,0
1195.08055555556,-0.42,-0.43163359515099,0.0555995086270699,0.0590205264518046,0
1195.08333333333,-0.435,-0.373146120520058,0.0564461279510855,0.0588908928716278,0
1195.08611111111,-0.435,-0.29430037471773,0.0581744256385252,0.0587545767607302,0
1195.08888888889,-0.43,-0.19654676994571,0.0606111773912756,0.0586154316279714,0
1195.09166666667,-0.39,-0.0826477317061999,0.0635545830463149,0.0584777079323802,0
1195.09444444444,-0.31,0.0434129560933225,0.066791018344016,0.058344367337949,0
1195.09722222222,-0.2,0.176615350228182,0.0701123341459261,0.0582102301703659,0
1195.1,-0.085,0.311172905768056,0.0733322532404143,0.0580704037897954,0
1195.10277777778,0.06,0.440869244182776,0.0763004896418491,0.0579205309471576,0
1195.10555555556,0.28,0.559439222351561,0.0789134084601586,0.0577571568117944,0
1195.10833333333,0.535,0.660967330139297,0.0811203402043442,0.0575777245748588,0
1195.11111111111,0.81,0.740274445523023,0.0829250369181378,0.0573803992141197,0
1195.11388888889,1.055,0.793264241223174,0.0843821769818209,0.0571642227423274,0
1195.11666666667,1.26,0.817203080178444,0.0855070799348343,0.0569290270133639,1
1195.11944444444,1.355,0.8109118853196,0.0853135862611839,0.0566752854762003,0
1195.12222222222,1.205,0.774854872238415,0.0842056258659446,0.0564039274519847,0
1195.125,0.84,0.711117693311723,0.0829309029500359,0.0561161256713437,0
1195.12777777778,0.42,0.62327585235294,0.0813617821281084,0.0558151750421535,0
1195.13055555556,0.055,0.516162545507795,0.0794019681663761,0.0555063275967331,0
1195.13333333333,-0.23,0.39555269954852,0.0769985529438501,0.0551951732331645,0
1195.13611111111,-0.36,0.267786298482622,0.0741501689194773,0.0548874236609245,0
1195.13888888889,-0.39,0.139358603459143,0.0709104798899882,0.0545885415651978,0
1195.14166666667,-0.39,0.0165072166721493,0.0673866436503576,0.0543035095405266,0
1195.14444444444,-0.405,-0.0951740674226086,0.063732818423167,0.054033408270539,0
1195.14722222222,-0.42,-0.191067032085176,0.0601392176864345,0.0537792279806074,0
1195.15,-0.425,-0.267783333038231,0.0568176086804194,0.0535418608618739,0
1195.15277777778,-0.43,-0.323324483347158,0.0541812967415862,0.0533218700109585,0
1195.15555555556,-0.44,-0.357138202504232,0.052668102763589,0.0531192607348608,0
1195.15833333333,-0.445,-0.37006994046389,0.0522934066573867,0.0529333116252991,0
1195.16111111111,-0.445,-0.364216486323264,0.0525768974674816,0.052762508200999,0
1195.16388888889,-0.44,-0.342695976253684,0.0517970491782627,0.0526041826299341,0
1195.16666666667,-0.455,-0.309354734287253,0.0499478777766966,0.0524546422209424,0
1195.16944444444,-0.48,-0.268435734405472,0.0470903641946795,0.0523092487383747,0
1195.17222222222,-0.47,-0.224235737619216,0.0434440349102514,0.0521625852117261,0
1195.175,-0.46,-0.180778186526504,0.0395689896268551,0.0520102188374287,0
1195.17777777778,-0.45,-0.141526774246828,0.0356774820275104,0.0518556670966976,0
1195.18055555556,-0.445,-0.10916046965624,0.0319644636492707,0.0517021055853423,0
1195.18333333333,-0.465,-0.0854250628300481,0.0285970125956721,0.0515522633006726,0
1195.18611111111,-0.465,-0.0710695060265068,0.0257062882738681,0.0514083609761569,0
1195.18888888889,-0.47,-0.0658680594132084,0.0233824136662036,0.0512721549873568,0
1195.19166666667,-0.445,-0.0687221285707715,0.021672457632984,0.0511450575756381,0
1195.19444444444,-0.45,-0.077829298909004,0.0205814585577752,0.0510278541060694,0
1195.19722222222,-0.44,-0.0909019507844063,0.0200762148226135,0.0509209271276791,0
1195.2,-0.445,-0.105414379136003,0.0200913828460771,0.0508243825948514,0
1195.20277777778,-0.445,-0.118855791829841,0.0201335959437907,0.0507381447313175,0
1195.20555555556,-0.43,-0.128967000111116,0.0194208611997888,0.0506620467015753,0
1195.20833333333,-0.43,-0.133940947191401,0.0184354669555208,0.0505959050312994,0
1195.21111111111,-0.41,-0.13257118959467,0.0173453639331348,0.0505394736305927,0
1195.21388888889,-0.415,-0.124337656853889,0.0162497523653462,0.0504894251064246,0
1195.21666666667,-0.435,-0.109424976168985,0.0152315875324817,0.0504396775894631,0
1195.21944444444,-0.43,-0.0886748141144585,0.0143532413725555,0.0503849558337977,0
1195.22222222222,-0.42,-0.0634795078818248,0.0136542012360325,0.0503208947267941,0
1195.225,-0.415,-0.0356292291193835,0.0131508106685539,0.0502474212435711,0
1195.22777777778,-0.4,-0.00712862807908663,0.0128378952292765,0.0501648511779109,0
1195.23055555556,-0.385,0.0199989479106017,0.0126919776145003,0.0500737586535138,0
1195.23333333333,-0.395,0.043901125038472,0.0127082745509939,0.0499750333500016,0
1195.23611111111,-0.405,0.0630627758758562,0.0126411042155597,0.0498699140443839,0
1195.23888888889,-0.415,0.0764343865159604,0.0125400425832823,0.0497599919115777,0
1195.24166666667,-0.4,0.0835120204902806,0.0124529758267249,0.0496472536228813,0
1195.24444444444,-0.36,0.0843632229838062,0.0124216436808926,0.0495338069865432,0
1195.24722222222,-0.35,0.0795984141011478,0.0124781650788368,0.0494216870114535,0
1195.25,-0.355,0.0702924018685597,0.0126427631808421,0.0493129466179011,0
1195.25277777778,-0.36,0.0578651405481754,0.0128283205876864,0.0492090429838718,0
1195.25555555556,-0.35,0.0439343696085337,0.012650707783817,0.0491101239301962,0
1195.25833333333,-0.335,0.0301549959667178,0.012166675400022,0.0490171276039715,0
1195.26111111111,-0.295,0.0180608553352958,0.0116140022514016,0.0489316990164015,0
1195.26388888889,-0.285,0.00892377496598454,0.0110236807710171,0.0488560222038016,0
1195.26666666667,-0.28,0.00364276590148797,0.0104292368694659,0.0487902171745753,0
1195.26944444444,-0.28,0.0026729301166969,0.00986346539360253,0.0487337053777729,0
1195.27222222222,-0.28,0.00599961043257431,0.00935548504798972,0.0486854280913145,0
1195.275,-0.27,0.0131588410432123,0.00892836106798029,0.0486440781034829,0
1195.27777777778,-0.24,0.0233007055825713,0.0085974735913818,0.0486080549088894,0
1195.28055555556,-0.23,0.0352881979940034,0.00836972790310356,0.0485755613076606,0
1195.28333333333,-0.23,0.0478209784587058,0.00824361769055471,0.0485446893394672,0
1195.28611111111,-0.225,0.0595713072803625,0.00821845962627187,0.0485134345645824,0
1195.28888888889,-0.22,0.0693185993187998,0.00817458259883988,0.0484801588427226,0
1195.29166666667,-0.195,0.0760695217140163,0.00807254566809351,0.0484447098282587,0
1195.29444444444,-0.18,0.0791522831425843,0.00793354287435215,0.0484090380238528,0
1195.29722222222,-0.17,0.0782765415877344,0.00777849804078511,0.0483756920121122,0
1195.3,-0.165,0.073553900843198,0.00762606275310058,0.0483449767875979,0
1195.30277777778,-0.19,0.0654779175417161,0.00749099225763709,0.0483154565756152,0
1195.30555555556,-0.175,0.0548665119242586,0.00738302932266394,0.0482852070279014,0
1195.30833333333,-0.17,0.0427732836840005,0.00730636850512706,0.0482519828575298,0
1195.31111111111,-0.15,0.0303771377170837,0.00728613933761185,0.048213422793773,0
1195.31388888889,-0.135,0.0188615560094867,0.00730897797335912,0.0481672766048136,0
1195.31666666667,-0.14,0.0092956419934588,0.00731802508407548,0.0481116365996237,0
1195.31944444444,-0.145,0.0025286563134235,0.00732577767040504,0.0480462369891125,0
1195.32222222222,-0.165,-0.000891781496980009,0.00734567563427564,0.0479729982897507,0
1195.325,-0.175,-0.000770162867656855,0.00739057346210979,0.0478903759981574,0
1195.32777777778,-0.14,0.002722212219474,0.0074713616743753,0.047795986967974,0
1195.33055555556,-0.12,0.0090691534604174,0.00759586317045052,0.0476927299615861,0
1195.33333333333,-0.12,0.0174653337623024,0.00776809415060496,0.0475853798889818,0
1195.33611111111,-0.145,0.0268998045284997,0.00798793734170799,0.0474808403489681,0
1195.33888888889,-0.13,0.0362585548274644,0.00819083541398878,0.0473771823293907,0
1195.34166666667,-0.12,0.044435651090445,0.00816414363332564,0.0472721916475095,0
1195.34444444444,-0.115,0.0504418063455349,0.00793136193412859,0.0471635955731395,0
1195.34722222222,-0.11,0.053499651701462,0.00759435936722797,0.0470515415546235,0
1195.35,-0.145,0.053116461774612,0.00725762525081664,0.0469370580928777,0
1195.35277777778,-0.15,0.0491274610220638,0.0069339100143458,0.0468216298944515,0
1195.35555555556,-0.15,0.0417058642006512,0.00663466885134762,0.0467068959062991,0
1195.35833333333,-0.12,0.031339174657735,0.00636929948884453,0.0465943286661811,0
1195.36111111111,-0.115,0.0187746412940555,0.00614462948473839,0.046484925244781,0
1195.36388888889,-0.13,0.00493982382216282,0.00608868961668189,0.0463785818753825,0
1195.36666666667,-0.145,-0.00915336315519362,0.00622268741729474,0.0462730570496134,0
1195.36944444444,-0.17,-0.0225111985798125,0.00631201319106877,0.0461657326430471,0
1195.37222222222,-0.155,-0.0342568193995076,0.0063600282249754,0.0460587687985902,0
1195.375,-0.15,-0.0437150333700634,0.00637162018433033,0.0459563973387269,0
1195.37777777778,-0.135,-0.0504748190210562,0.00635261101156692,0.045863981168433,0
1195.38055555556,-0.15,-0.0544233981263615,0.00630919219529621,0.0457855915966963,0
1195.38333333333,-0.165,-0.0557487121511289,0.00624744232633857,0.0457240529464878,0
1195.38611111111,-0.185,-0.0549103809737894,0.00617296405156279,0.0456817725477584,0
1195.38888888889,-0.195,-0.0525824421094597,0.00609065671590003,0.0456606022210513,0
1195.39166666667,-0.185,-0.0495740380001973,0.00617669345136347,0.0456617293233362,0
1195.39444444444,-0.205,-0.0467364500195478,0.00626314816705834,0.0456856059723457,0
1195.39722222222,-0.23,-0.0448662475161093,0.00634741511663509,0.0457319227892845,0
1195.4,-0.24,-0.044614691955152,0.00642748424069496,0.0457996257882559,0
1195.40277777778,-0.265,-0.0464128735919169,0.00650184717726112,0.0458869788585568,0
1195.40555555556,-0.28,-0.0504204284390127,0.00656945528355875,0.0459916650169582,0
1195.40833333333,-0.27,-0.0565032509655904,0.00662975230708468,0.0461109182457337,0
1195.41111111111,-0.25,-0.0642426281898261,0.00668278691681576,0.0462369464686064,0
1195.41388888889,-0.24,-0.0729749753130041,0.00672939131534409,0.0463620951827882,0
1195.41666666667,-0.225,-0.0818581800690624,0.00677139434633291,0.0464815786132914,0
1195.41944444444,-0.25,-0.0899577846961766,0.00681182355684081,0.0465985499950731,0
1195.42222222222,-0.275,-0.0963441347593858,0.00685504282544046,0.0467155712447015,0
1195.425,-0.28,-0.100190420045978,0.00690677197320395,0.046834482084471,0
1195.42777777778,-0.255,-0.100861352667685,0.00691612691762176,0.0469564472770056,0
1195.43055555556,-0.25,-0.0979830974123955,0.00684599897834666,0.0470820563182745,0
1195.43333333333,-0.265,-0.0914869099046958,0.00676033591934722,0.0472114615012983,0
1195.43611111111,-0.295,-0.0816215715455574,0.00672561139467395,0.0473337532158207,0
1195.43888888889,-0.3,-0.068932877404905,0.00680329321997683,0.0474428199552653,0
1195.44166666667,-0.295,-0.054211818880807,0.00704268068127816,0.0475404246585372,0
1195.44444444444,-0.26,-0.0384163663262829,0.00735084325542916,0.047629064428284,0
1195.44722222222,-0.235,-0.0225745656666745,0.0077079961066852,0.0477118589666426,0
1195.45,-0.26,-0.00767872655985443,0.00810739357610775,0.047792639953478,0
1195.45277777778,-0.27,0.00541842181716224,0.00853778220518015,0.0478709818297378,0
1195.45555555556,-0.275,0.0160947236863938,0.0089835925769655,0.0479437756789409,0
1195.45833333333,-0.26,0.0240269564421158,0.00942555460848064,0.048007848724044,0
1195.46111111111,-0.235,0.0292288943368108,0.00984172880280652,0.0480596613670546,0
1195.46388888889,-0.235,0.0320543536467195,0.0102089017476702,0.0480963321127664,0
1195.46666666667,-0.25,0.0331639782121756,0.0105042509973485,0.0481167778612303,0
1195.46944444444,-0.275,0.0334582068375273,0.010707147142912,0.04812086215935,0
1195.47222222222,-0.255,0.0339823822358061,0.0106133604337444,0.0481092854866585,0
1195.475,-0.245,0.0358129590009307,0.010639780602768,0.0480834724549564,0
1195.47777777778,-0.22,0.0399359344381526,0.0107907231971739,0.0480491209803722,0
1195.48055555556,-0.2,0.0471297263768485,0.0110630090600466,0.0480157664208673,0
1195.48333333333,-0.205,0.0578646226639925,0.0114458710682679,0.0479831370152408,0
1195.48611111111,-0.2,0.0722296101975133,0.0119215374501447,0.0479509462913653,0
1195.48888888889,-0.19,0.089894959337345,0.0124664863012898,0.0479189070691187,0
1195.49166666667,-0.175,0.11011560680468,0.0130532989379792,0.0478867458834553,0
1195.49444444444,-0.155,0.131776454709634,0.0136529745719676,0.0478543674571722,0
1195.49722222222,-0.145,0.153476558379631,0.0142375121256243,0.0478222160709188,0
1195.5,-0.14,0.173645214642196,0.0147825231261611,0.0477906357510649,0
1195.50277777778,-0.135,0.190679580106452,0.0152696177976369,0.0477598609983657,0
1195.50555555556,-0.105,0.203090993633715,0.0156883083780438,0.0477299052968803,0
1195.50833333333,-0.08,0.209645914476764,0.0160372009256063,0.0477006624478889,0
1195.51111111111,-0.075,0.209487473787336,0.0163242986856606,0.0476719744121057,0
1195.51388888889,-0.08,0.202225101377953,0.0165663132758525,0.0476436546228205,0
1195.51666666667,-0.1,0.187982427781043,0.0167869690422512,0.0476155109512093,0
1195.51944444444,-0.12,0.167397443617082,0.0170143835735702,0.0475873664471673,0
1195.52222222222,-0.105,0.141573386854565,0.0172777048520346,0.0475590763125246,0
1195.525,-0.11,0.111983609225616,0.0176032736113446,0.0475305425200968,0
1195.52777777778,-0.115,0.0803382918827989,0.0180106491715898,0.0475017218154256,0
1195.53055555556,-0.115,0.0484248863119858,0.0185088804553961,0.0474726685005956,0
1195.53333333333,-0.13,0.0179371445493043,0.0190934151069122,0.0474435358487484,0
1195.53611111111,-0.145,-0.0096907463759711,0.019744015268181,0.0474144134453596,0
1195.53888888889,-0.17,-0.0334282981472592,0.0204239882949865,0.0473853694545469,0
1195.54166666667,-0.18,-0.0527559815147531,0.0210809474476526,0.04735645163221,0
1195.54444444444,-0.175,-0.0677234676564608,0.0216491974747659,0.0473277043160249,0
1195.54722222222,-0.165,-0.0789509761012306,0.0220537019221924,0.0472991964441768,0
1195.55,-0.19,-0.0875710397681565,0.0222154440042866,0.0472709831930134,0
1195.55277777778,-0.2,-0.0951136382820017,0.0223730346959524,0.0472431350804564,0
1195.55555555556,-0.225,-0.103343232272687,0.022917038896489,0.0472156311863161,0
1195.55833333333,-0.23,-0.11406122911816,0.0238979287624974,0.0471884384414038,0
1195.56111111111,-0.24,-0.128891338132322,0.0253429664230012,0.0471615050924834,0
1195.56388888889,-0.255,-0.149067728439457,0.0272507185282293,0.0471347622084602,0
1195.56666666667,-0.29,-0.175246607220088,0.0295872408576287,0.0471081342523859,0
1195.56944444444,-0.33,-0.207360663590303,0.0322843933529339,0.047081592108982,0
1195.57222222222,-0.34,-0.244532815951605,0.0352406079912496,0.0470551262885328,0
1195.575,-0.325,-0.285061068533356,0.0383242586562592,0.0470287175534917,0
1195.57777777778,-0.315,-0.32648038998071,0.0413795859601717,0.0470023383791508,0
1195.58055555556,-0.32,-0.365700861670592,0.04423492568379,0.0469759552343981,0
1195.58333333333,-0.33,-0.399214477921134,0.0467127933724864,0.0469495322768754,0
1195.58611111111,-0.345,-0.423356520423766,0.0486412059496691,0.046923145326731,0
1195.58888888889,-0.35,-0.434601961647547,0.04986548899024,0.0468968899419249,0
1195.59166666667,-0.31,-0.429873390899809,0.0502597379493023,0.0468707069068654,0
1195.59444444444,-0.285,-0.406834896674864,0.0502622148204115,0.0468445040537502,0
1195.59722222222,-0.28,-0.364146416963712,0.0511737954358441,0.0468182193016379,0
1195.6,-0.29,-0.30165534064514,0.0528569713944262,0.046791814791329,0
1195.60277777778,-0.305,-0.220506472831008,0.0551313133782364,0.0467652390968701,0
1195.60555555556,-0.32,-0.123157547649476,0.0577893069084702,0.0467384281044983,0
1195.60833333333,-0.28,-0.0132948079428096,0.0606141960466615,0.0467113144485351,0
1195.61111111111,-0.18,0.104348822139158,0.0633983068381805,0.0466838328025733,0
1195.61388888889,-0.075,0.22426243318712,0.0659602756575781,0.0466559704777867,0
1195.61666666667,0.08,0.340494815925858,0.0681596980921255,0.0466277180896144,0
1195.61944444444,0.25,0.447037219682075,0.0699079346281253,0.0465990199463648,0
1195.62222222222,0.455,0.538223066021766,0.0711741416774467,0.0465698203266767,0
1195.625,0.685,0.609114516901772,0.0719860119096978,0.0465400628475065,0
1195.62777777778,0.915,0.655846233523098,0.0724251704271306,0.0465096965591675,0
1195.63055555556,1.095,0.67589951700283,0.072617642647549,0.0464786811449966,1
1195.63333333333,1.18,0.668285089226817,0.0725150406598224,0.0464469938900308,0
1195.63611111111,1.09,0.633619657388586,0.0723311766406729,0.0464147284955622,0
1195.63888888889,0.78,0.574089557744234,0.071898471535106,0.0463820056279642,0
1195.64166666667,0.395,0.493303531199577,0.0710705650484005,0.0463489642565352,0
1195.64444444444,0.03,0.396045328515661,0.0697381894110043,0.0463157546022144,0
1195.64722222222,-0.26,0.287944664727481,0.0678418137991543,0.0462825234650737,0
1195.65,-0.415,0.175091395403215,0.0653798990046845,0.0462493582380864,0
1195.65277777778,-0.435,0.0636221472793846,0.062411981985,0.0462163114070609,0
1195.65555555556,-0.435,-0.0406893559042413,0.0590562598359337,0.0461831941170377,0
1195.65833333333,-0.445,-0.13280753689559,0.0554818232804879,0.0461498109697709,0
1195.66111111111,-0.45,-0.208748013015793,0.0518961589456885,0.0461159888290973,0
1195.66388888889,-0.42,-0.265805866001617,0.0489746824081099,0.0460816164261183,0
1195.66666666667,-0.38,-0.3026835055098,0.0470009893896312,0.0460466093471842,0
1195.66944444444,-0.385,-0.319510641125716,0.046023890441611,0.0460108936738175,0
1195.67222222222,-0.375,-0.317757528022049,0.0460333203854485,0.045974611613507,0
1195.675,-0.375,-0.30005109035244,0.0464385237763409,0.0459379622992063,0
1195.67777777778,-0.365,-0.26991105870273,0.045784669591047,0.0459011324140103,0
1195.68055555556,-0.36,-0.231429270498616,0.0440691072450949,0.0458642936521173,0
1195.68333333333,-0.385,-0.188919296168973,0.0413600507693858,0.0458276305600469,0
1195.68611111111,-0.41,-0.146565263731093,0.0382200791730871,0.0457913239412943,0
1195.68888888889,-0.43,-0.10809805306405,0.0349982683702117,0.0457555301428357,0
1195.69166666667,-0.45,-0.0765240165529338,0.0318786191213207,0.045720361567684,0
1195.69444444444,-0.455,-0.053926347827893,0.0290223099047928,0.045685769259428,0
1195.69722222222,-0.495,-0.0413526251970856,0.026558861123342,0.045651697665639,0
1195.7,-0.515,-0.0387944871500501,0.0245800623561624,0.0456181118246813,0
1195.70277777778,-0.5,-0.0452575138999615,0.0231369501435475,0.0455849516424226,0
1195.70555555556,-0.47,-0.0589118672440852,0.0222398835850436,0.0455521361279135,0
1195.70833333333,-0.425,-0.0773077143728269,0.0218615307811477,0.0455197321891168,0
1195.71111111111,-0.415,-0.0976344662238459,0.0219423689186575,0.0454878680112067,0
1195.71388888889,-0.435,-0.116999792335737,0.0222772258505807,0.0454566460001493,0
1195.71666666667,-0.46,-0.132703452800447,0.021786468848891,0.0454261411789453,0
1195.71944444444,-0.48,-0.142482244412186,0.0208886074245358,0.0453963996136952,0
1195.72222222222,-0.51,-0.144705633161281,0.0199282302519594,0.0453674469468381,0
1195.725,-0.48,-0.138506606770028,0.0190000784783724,0.0453392844429825,0
1195.72777777778,-0.455,-0.123838456265235,0.0181820897420452,0.0453118876994112,0
1195.73055555556,-0.445,-0.101455015158808,0.017530733912048,0.0452852096752043,0
1195.73333333333,-0.44,-0.0728187343142849,0.0170785021522104,0.0452591875827796,0
1195.73611111111,-0.45,-0.0399472457927334,0.0168336021589996,0.045233985094209,0
1195.73888888889,-0.455,-0.00521422904959299,0.016781728764461,0.045209765171471,0
1195.74166666667,-0.42,0.0288759929047796,0.016889615813305,0.0451866008101968,0
1195.74444444444,-0.4,0.0599189156939888,0.0166692866909321,0.0451643179012497,0
1195.74722222222,-0.415,0.0858243238891916,0.0163921327374884,0.045142741538907,0
1195.75,-0.4,0.10499576549289,0.0161160246914244,0.0451217362283226,0
1195.75277777778,-0.4,0.11645972962233,0.0158952932368734,0.0451011386419483,0
1195.75555555556,-0.375,0.119934214242937,0.0157756766428221,0.0450808056904128,0
1195.75833333333,-0.35,0.115832163899527,0.0157904054716926,0.0450606265763489,0
1195.76111111111,-0.31,0.105201313700127,0.0159576976591861,0.0450405309084693,0
1195.76388888889,-0.305,0.0896077408045074,0.0162797975685735,0.0450204922826435,0
1195.76666666667,-0.32,0.0709753817201176,0.0163160296834889,0.0450005269247266,0
1195.76944444444,-0.345,0.0513974901229929,0.0158832391372069,0.0449806851977412,0
1195.77222222222,-0.38,0.0329381746471678,0.0152263264780471,0.0449610431995828,0
1195.775,-0.37,0.0174426057252396,0.0145347389093384,0.0449417913180441,0
1195.77777777778,-0.35,0.00637321153605248,0.0138541405788485,0.0449230865619712,0
1195.78055555556,-0.31,0.000686349072541128,0.0132282044374932,0.0449049743442535,0
1195.78333333333,-0.3,0.000759831273639021,0.0126948009225047,0.0448873471076318,0
1195.78611111111,-0.31,0.00637671996789451,0.0122829252828049,0.0448700532016132,0
1195.78888888889,-0.325,0.0167654337607826,0.012010604641913,0.044852791271073,0
1195.79166666667,-0.315,0.0306909734298203,0.0118839230136688,0.0448358233880712,0
1195.79444444444,-0.32,0.0465874183142257,0.0118971921410378,0.0448194215104517,0
1195.79722222222,-0.305,0.0627182148161796,0.0120341886492934,0.0448038670930426,0
1195.8,-0.29,0.0773484798652297,0.0119873832860097,0.0447894390295265,0
1195.80277777778,-0.275,0.0889127659865577,0.0116824522521416,0.0447764009692069,0
1195.80555555556,-0.28,0.0961625237103585,0.0113414570495526,0.0447548255898692,0
1195.80833333333,-0.27,0.0982797483729734,0.0109965218481432,0.0447195767259682,0
1195.81111111111,-0.26,0.0949467743821805,0.0106762275727346,0.0446693580902082,0
1195.81388888889,-0.275,0.0863665330302099,0.0104032390307322,0.0446035366606861,0
1195.81666666667,-0.29,0.0732323960928654,0.0101926503882228,0.0445222693167329,0
1195.81944444444,-0.295,0.05665152744903,0.0100511662987273,0.0444265874646774,0
1195.82222222222,-0.275,0.0380300074293226,0.00997714979559187,0.0443184985540228,0
1195.825,-0.245,0.0189314781914074,0.00999281668233785,0.0442010857885985,0
1195.82777777778,-0.23,0.000923368582069086,0.0099651896324803,0.0440777324465441,0
1195.83055555556,-0.23,-0.0145743058025478,0.00991322606560669,0.043952182838064,0
1195.83333333333,-0.255,-0.0264230746256866,0.00985748527552833,0.0438266384943368,0
1195.83611111111,-0.265,-0.0338704579857073,0.00981780817035577,0.0436962829754181,0
1195.83888888889,-0.28,-0.0366151527938884,0.00981121031761271,0.0435568846585233,0
1195.84166666667,-0.275,-0.0348273025766611,0.0098501895995483,0.0434067939584886,0
1195.84444444444,-0.265,-0.0291225905561222,0.00994159885404139,0.0432531799331142,0
1195.84722222222,-0.255,-0.0204933523126072,0.0100861701345095,0.043095731195434,0
1195.85,-0.285,-0.0102039947023314,0.010278707449774,0.0429345371088687,0
1195.85277777778,-0.32,0.000338653055425915,0.0102790359134645,0.0427699081969821,0
1195.85555555556,-0.305,0.00972715134457895,0.0100253154055522,0.0426021680403237,0
1195.85833333333,-0.3,0.0166935069383986,0.00976432965093082,0.0424314352277197,0
1195.86111111111,-0.28,0.0202338908109817,0.0095126778624006,0.0422572619352937,0
1195.86388888889,-0.265,0.0197060688942502,0.00928551910256988,0.0420783522795977,0
1195.86666666667,-0.285,0.0148903646458637,0.00909502631966129,0.0418931861744696,0
1195.86944444444,-0.28,0.00600859429231032,0.00894922230585158,0.0417049005322209,0
1195.87222222222,-0.275,-0.0063004624644549,0.00885130710965733,0.0415218981379806,0
1195.875,-0.26,-0.0210462712988559,0.00879953099894494,0.0413502054313075,0
1195.87777777778,-0.26,-0.0369857300712613,0.00878760769490823,0.0411919460379063,0
1195.88055555556,-0.26,-0.0527463942964433,0.00880560551653801,0.0410491940734667,0
1195.88333333333,-0.305,-0.066961548798071,0.00877000588466055,0.0409238477417758,0
1195.88611111111,-0.33,-0.0784038736554482,0.00873003416677838,0.0408174949234037,0
1195.88888888889,-0.335,-0.0861046804607327,0.00869830035839152,0.0407312822116839,0
1195.89166666667,-0.33,-0.0894471798985499,0.00868537942653938,0.0406658013584624,0
1195.89444444444,-0.315,-0.0882248332760372,0.00869866186265837,0.0406210023243096,0
1195.89722222222,-0.325,-0.0826592832227117,0.00874158852907661,0.0405961385877098,0
1195.9,-0.33,-0.0733763164462525,0.0088133435518383,0.0405897582619564,0
1195.90277777778,-0.34,-0.0613424004616362,0.00890902715404318,0.0405997395923961,0
1195.90555555556,-0.35,-0.0477681619280701,0.00898387542584004,0.0406224954589579,0
1195.90833333333,-0.35,-0.0339883687192133,0.00886789540928814,0.0406504263540036,0
1195.91111111111,-0.36,-0.0213302350242297,0.00875925813730092,0.0406781762748574,0
1195.91388888889,-0.34,-0.0109829734117502,0.00866993597522583,0.0407021055353392,0
1195.91666666667,-0.355,-0.00388136586879408,0.00861051776144128,0.0407258822919291,0
1195.91944444444,-0.37,-0.000614734233349268,0.00858912854859954,0.0407529680233436,0
1195.92222222222,-0.35,-0.00137019512613006,0.00861067542345491,0.0407864573330131,0
1195.925,-0.33,-0.00591572732808619,0.008676504384806,0.0408285261099025,0
1195.92777777778,-0.31,-0.0136246851283821,0.00878450502710066,0.0408790743526676,0
1195.93055555556,-0.32,-0.0235393357149459,0.00892964698716245,0.0409374250393304,0
1195.93333333333,-0.355,-0.0344671741201539,0.00910488053517737,0.0410025201782136,0
1195.93611111111,-0.37,-0.0451005457354359,0.00921798927504815,0.0410731281601386,0
1195.93888888889,-0.395,-0.0541477969893446,0.00904621758469628,0.0411453526981709,0
1195.94166666667,-0.38,-0.0604630053258691,0.00882543440761062,0.0412094912979142,0
1195.94444444444,-0.345,-0.0631614271247095,0.00859926802568878,0.0412696321956846,0
1195.94722222222,-0.325,-0.0617091433563279,0.00836783951657277,0.0413298341570869,0
1195.95,-0.355,-0.0559778538904038,0.00812787765128174,0.0413893787913992,0
1195.95277777778,-0.365,-0.0462591398338164,0.00787306089017386,0.0414457000500119,0
1195.95555555556,-0.375,-0.0332364591991672,0.00759487013262794,0.0414959040349462,0
1195.95833333333,-0.36,-0.0179172875991722,0.00741608679454082,0.0415367374412607,0
1195.96111111111,-0.355,-0.0015317640031847,0.00754327013702071,0.0415656943059092,0
1195.96388888889,-0.365,0.0145924303776248,0.00794341373337909,0.0415814413023863,0
1195.96666666667,-0.36,0.0291667738615471,0.00839318106722298,0.0415843045326273,0
1195.96944444444,-0.37,0.0410766975086235,0.00888879370459555,0.0415752944868541,0
1195.97222222222,-0.38,0.0495009698388734,0.00941971135172291,0.0415587260984225,0
1195.975,-0.385,0.0540034699176385,0.00996821333561726,0.0415431133521254,0
1195.97777777778,-0.36,0.05458764095076,0.0105097101212389,0.0415282583403324,0
1195.98055555556,-0.345,0.051707386309785,0.0110138307719151,0.0415139432855063,0
1195.98333333333,-0.35,0.0462322954009019,0.0114462554066331,0.0414999409645413,0
1195.98611111111,-0.35,0.0393694836317002,0.0117711829065784,0.0414860500282775,0
1195.98888888889,-0.355,0.0325485845162834,0.0118540936556964,0.0414720024616254,0
1195.99166666667,-0.335,0.0272801368934281,0.0118426772667371,0.0414581966183145,0
1195.99444444444,-0.305,0.0250004072497805,0.0120250769267848,0.0414450144702725,0
1195.99722222222,-0.29,0.0269172979882103,0.0124131374714215,0.0414327735353103,0
1196,-0.29,0.0338722465555718,0.0130063446887954,0.04142155601985,0
1196.00277777778,-0.275,0.0462318717427457,0.0137906789111846,0.0414113968896225,0
1196.00555555556,-0.255,0.0638206566261746,0.0147385371731219,0.0414022159085639,0
1196.00833333333,-0.235,0.0859023809102752,0.015809811805403,0.0413936123905109,0
1196.01111111111,-0.215,0.111213643263532,0.016954112421687,0.0413852054818008,0
1196.01388888889,-0.22,0.138048039201676,0.0181140125679266,0.041376782256582,0
1196.01666666667,-0.225,0.164384817599987,0.0192291014193776,0.0413681576469941,0
1196.01944444444,-0.215,0.188051567723503,0.0202405343928493,0.0413591901693035,0
1196.02222222222,-0.19,0.206907090466851,0.0208970748193663,0.0413498195418743,0
1196.025,-0.155,0.219028409764105,0.0211764606339197,0.0413402070394613,0
1196.02777777778,-0.14,0.222885105256908,0.0211343778018411,0.041330422312582,0
1196.03055555556,-0.13,0.217484891070802,0.0209394178758023,0.0413205206227815,0
1196.03333333333,-0.165,0.202476586872831,0.0209727747017203,0.041310540996645,0
1196.03611111111,-0.195,0.178200150443718,0.0212082507028889,0.0413005053377274,0
1196.03888888889,-0.2,0.145677969539881,0.0214709511132265,0.0412904235346088,0
1196.04166666667,-0.2,0.106546753494607,0.0214897163683812,0.0412802140749643,0
1196.04444444444,-0.205,0.0629346695176139,0.0211747506021817,0.0412698586122799,0
1196.04722222222,-0.21,0.0172933616975416,0.0206658454176408,0.0412595238205433,0
1196.05,-0.245,-0.0278012798217718,0.0202498410291405,0.0412493016023047,0
1196.05277777778,-0.285,-0.0698626563929711,0.0199817845642756,0.0412392032652469,0
1196.05555555556,-0.3,-0.106702733163815,0.0199016749097919,0.0412292285738009,0
1196.05833333333,-0.305,-0.136618460427616,0.0200297599604854,0.0412193635219797,0
1196.06111111111,-0.325,-0.158538387437584,0.0203633060620256,0.0412095798767702,0
1196.06388888889,-0.34,-0.172115666968514,0.0208752021360899,0.0411998556939111,0
1196.06666666667,-0.36,-0.177758076607438,0.0215146247800312,0.0411901529598675,0
1196.06944444444,-0.38,-0.176591015347147,0.0222098291358556,0.0411803925644863,0
1196.07222222222,-0.39,-0.170355219772671,0.0225005274497883,0.0411705127546723,0
1196.075,-0.37,-0.161246686095135,0.0219990886133848,0.0411604761263276,0
1196.07777777778,-0.365,-0.151711483456913,0.0216941544216373,0.0411502990822704,0
1196.08055555556,-0.375,-0.144212342490065,0.0217102552209825,0.0411402027512604,0
1196.08333333333,-0.395,-0.140986724522678,0.022124296301768,0.0411303968779852,0
1196.08611111111,-0.42,-0.143817259054422,0.0229897339017162,0.0411209950746218,0
1196.08888888889,-0.405,-0.153834856072015,0.0243298777097287,0.0411119717936389,0
1196.09166666667,-0.395,-0.171372480944187,0.0261331051550775,0.0411032397585117,0
1196.09444444444,-0.36,-0.195883696902306,0.028350472954557,0.041094546638131,0
1196.09722222222,-0.335,-0.225934941770729,0.0308960463055728,0.0410856573127386,0
1196.1,-0.33,-0.259274528838911,0.0336500696621197,0.041076417180491,0
1196.10277777778,-0.355,-0.292975037730122,0.0364648897167295,0.0410667601143385,0
1196.10555555556,-0.375,-0.323639613701675,0.0391733272437459,0.0410567171109232,0
1196.10833333333,-0.355,-0.347657235513385,0.0415989964922572,0.041046415927103,0
1196.11111111111,-0.33,-0.361487700803539,0.0434874176508101,0.0410359881265421,0
1196.11388888889,-0.32,-0.361954278745809,0.0444100011706792,0.0410255570819113,0
1196.11666666667,-0.325,-0.346520933877376,0.0443849004878461,0.0410152388064128,0
1196.11944444444,-0.345,-0.313531829792529,0.0446279587577855,0.0410051029056727,0
1196.12222222222,-0.36,-0.262393422404473,0.0457684907472752,0.0409950406398405,0
1196.125,-0.34,-0.193683648028983,0.0478067976193639,0.040984936571414,0
1196.12777777778,-0.325,-0.109178169776547,0.0504943038340507,0.040974671255956,0
1196.13055555556,-0.31,-0.0117899323421209,0.0534243706393788,0.0409642205794056,0
1196.13333333333,-0.26,0.0945751104139866,0.0564193880859337,0.0409536548809229,0
1196.13611111111,-0.2,0.205236814364287,0.0593216186940162,0.0409430575746968,0
1196.13888888889,-0.11,0.31501921896795,0.0620042933885117,0.0409325154082361,0
1196.14166666667,0.025,0.4185689275616,0.0643796508836299,0.0409221084257197,0
1196.14444444444,0.22,0.510690895376008,0.066403338822934,0.0409119027327937,0
1196.14722222222,0.425,0.586677713221759,0.0680749093925263,0.0409018146068379,0
1196.15,0.66,0.642608988080085,0.0694344732338884,0.0408917433846388,0
1196.15277777778,0.89,0.675599705730763,0.070555895316476,0.0408815784509911,0
1196.15555555556,1.1,0.683980319606139,0.0715371984337941,0.0408712067267932,1
1196.15833333333,1.23,0.667396427139675,0.0714246926314474,0.0408605201182825,0
1196.16111111111,1.155,0.626821858477623,0.0703913130040307,0.0408494224108698,0
1196.16388888889,0.84,0.564485341219665,0.0691773493510348,0.0408378453684143,0
1196.16666666667,0.415,0.483717126462004,0.0677065364764673,0.0408258197117788,0
1196.16944444444,0.015,0.388727592089898,0.065934143589224,0.0408134993877,0
1196.17222222222,-0.275,0.284334461267634,0.0638528021965246,0.0408010325772698,0
1196.175,-0.41,0.175658557675122,0.0614949599995468,0.0407884578418416,0
1196.17777777778,-0.415,0.0678097466663283,0.0589317809119157,0.04077575653757,0
1196.18055555556,-0.38,-0.0344152077602806,0.0562686104849666,0.0407628582785263,0
1196.18333333333,-0.405,-0.12680266689131,0.0536374097093299,0.0407496559181056,0
1196.18611111111,-0.46,-0.20594278938104,0.0511868052019145,0.0407360854353681,0
1196.18888888889,-0.445,-0.269387762592251,0.0490705907643858,0.0407221336667674,0
1196.19166666667,-0.4,-0.315739468277446,0.0474356300832213,0.0407078436382549,0
1196.19444444444,-0.365,-0.344663836621941,0.0464101451361824,0.0406933096243824,0
1196.19722222222,-0.365,-0.356834513222321,0.0461489882014895,0.0406786557302903,0
1196.2,-0.365,-0.353813418332557,0.0456952189367254,0.0406640474997355,0
1196.20277777778,-0.365,-0.337879956881385,0.0444516954560387,0.0406496380527319,0
1196.20555555556,-0.355,-0.311823755868352,0.0424442970478053,0.0406354623835667,0
1196.20833333333,-0.35,-0.278717671345972,0.0397429334996755,0.0406215116000828,0
1196.21111111111,-0.345,-0.241688334299828,0.0364775325733098,0.0406077641833473,0
1196.21388888889,-0.345,-0.203700715256076,0.0330053423075415,0.0405941831007188,0
1196.21666666667,-0.36,-0.167371204847079,0.0295135348832456,0.0405807183581931,0
1196.21944444444,-0.36,-0.13482074262494,0.0261758459012169,0.0405673090815491,0
1196.22222222222,-0.365,-0.107575856524755,0.023143219523316,0.0405538871623595,0
1196.225,-0.355,-0.0865214194253907,0.0205364856721747,0.0405403672561707,0
1196.22777777778,-0.345,-0.0719048202679739,0.0184414364071002,0.0405269800335325,0
1196.23055555556,-0.33,-0.0633874051634181,0.0169064858529981,0.0405139491762545,0
1196.23333333333,-0.33,-0.0601357509768683,0.0159429108830757,0.0405014757121663,0
1196.23611111111,-0.33,-0.0609428137461523,0.0155274917716753,0.0404896514358378,0
1196.23888888889,-0.325,-0.0643673975344551,0.015607215654388,0.0404785331027369,0
1196.24166666667,-0.3,-0.0688797852565924,0.0158972298121775,0.0404681574753731,0
1196.24444444444,-0.285,-0.0730017486757847,0.0156227470195354,0.0404585425122944,0
1196.24722222222,-0.27,-0.0754304205376794,0.0148752217172514,0.0404496920217284,0
1196.25,-0.285,-0.0751375130301765,0.0137650471146022,0.0404416060743561,0
1196.25277777778,-0.3,-0.0714378999151937,0.0125635630475482,0.0404341683092433,0
1196.25555555556,-0.285,-0.0640244116272635,0.0114162675358111,0.0404273055201684,0
1196.25833333333,-0.275,-0.0529685810973023,0.0103889441782882,0.0404209664532493,0
1196.26111111111,-0.255,-0.0386897916298191,0.0095276762526759,0.0404150856073593,0
1196.26388888889,-0.28,-0.0218976141818882,0.00885777750260511,0.0404095937226639,0
1196.26666666667,-0.305,-0.00351392037931702,0.00838440793471484,0.0404044294836559,0
1196.26944444444,-0.305,0.0154174867629308,0.00809469045803435,0.0403995501587867,0
1196.27222222222,-0.285,0.0338255183203762,0.00796104214351452,0.0403949370839596,0
1196.275,-0.245,0.0507027324342616,0.0079453598811311,0.0403906033146808,0
1196.27777777778,-0.225,0.0651854016333091,0.00794799895683768,0.0403866025045252,0
1196.28055555556,-0.24,0.0766169070989686,0.00786090632361425,0.0403830267753702,0
1196.28333333333,-0.255,0.0845903675635205,0.00778707035559166,0.0403800004456077,0
1196.28611111111,-0.265,0.0889683348103149,0.00776174274199879,0.0403777709655195,0
1196.28888888889,-0.25,0.0898793558558692,0.00781064273143549,0.0403763639421401,0
1196.29166666667,-0.24,0.0876930567542899,0.00792811478913282,0.040375654278934,0
1196.29444444444,-0.2,0.0829770075509161,0.00790229599617197,0.0403754683151831,0
1196.29722222222,-0.185,0.0764398745100819,0.00770384592007579,0.0403755838760495,0
1196.3,-0.195,0.0688661821306992,0.00732510859895857,0.0403757352624584,0
1196.30277777778,-0.2,0.0610483597825674,0.00690508810003095,0.0403756210378174,0
1196.30555555556,-0.195,0.0537216401520208,0.00647255551043764,0.0403751510171015,0
1196.30833333333,-0.17,0.0475068478183383,0.00605729875634627,0.0403745662791994,0
1196.31111111111,-0.155,0.0428652338348574,0.00568707074599724,0.0403723601113985,0
1196.31388888889,-0.145,0.040068365257427,0.00538488693963924,0.0403632607972373,0
1196.31666666667,-0.155,0.039184769292652,0.00516690547546225,0.0403453685271224,0
1196.31944444444,-0.16,0.0400836667174752,0.00504106181908354,0.0403169534435558,0
1196.32222222222,-0.16,0.0424548113669575,0.00500655637602221,0.0402765732419237,0
1196.325,-0.15,0.0458422739919566,0.00505421414031929,0.040223203888346,0
1196.32777777778,-0.135,0.0496890455475155,0.00516765703670355,0.0401563598827651,0
1196.33055555556,-0.105,0.0533886427282409,0.00532515864945459,0.0400760634924428,0
1196.33333333333,-0.095,0.0563395108473592,0.00535121397446579,0.0399831752254627,0
1196.33611111111,-0.09,0.0579979469285002,0.00519702662109089,0.0398794346363313,0
1196.33888888889,-0.08,0.0579254987109384,0.00505460777838575,0.0397674077051081,0
1196.34166666667,-0.06,0.0558273037123561,0.00495903491315138,0.0396503587586577,0
1196.34444444444,-0.035,0.0515785713626316,0.00492190635387191,0.0395319197659137,0
1196.34722222222,-0.04,0.04523732342871,0.00494688710979073,0.0394137350666284,0
1196.35,-0.05,0.0370425285865839,0.00502913894041724,0.0392916353932831,0
1196.35277777778,-0.05,0.0273978274135205,0.00515556122140406,0.0391620423865947,0
1196.35555555556,-0.05,0.016842075760768,0.00530582773724715,0.0390221734879512,0
1196.35833333333,-0.04,0.0060088725967031,0.00545413483670234,0.0388701737837973,0
1196.36111111111,-0.035,-0.00442197502017784,0.00550952118560508,0.0387051760732395,0
1196.36388888889,-0.045,-0.0137775106493452,0.00545252229414645,0.0385272807553167,0
1196.36666666667,-0.03,-0.0214453218912831,0.0054830217513728,0.0383374545631531,0
1196.36944444444,-0.035,-0.0269238897066175,0.00562308980817095,0.0381376081391583,0
1196.37222222222,-0.04,-0.0298657932335215,0.00588737889868941,0.0379302400629734,0
1196.375,-0.045,-0.0301104091890234,0.00628130780600417,0.0377175294621245,0
1196.37777777778,-0.02,-0.0277034225866385,0.00679996754340953,0.0375012108621069,0
1196.38055555556,-0.025,-0.0229013432990524,0.00742286206168421,0.0372825982607221,0
1196.38333333333,-0.005,-0.0161602491700252,0.00798980144683556,0.037062407588312,0
1196.38611111111,0.025,-0.0081090876178328,0.00845817461390424,0.0368431198311599,0
1196.38888888889,0.055,0.000491007804018559,0.00879165345270949,0.0366339916261624,0
1196.39166666667,0.055,0.00879886793611728,0.008962849075459,0.0364381914199776,0
1196.39444444444,0.06,0.0159534654729973,0.00895534794107696,0.0362591187483758,0
1196.39722222222,0.05,0.0211379673219728,0.00876496833529702,0.0361000797893098,0
1196.4,0.05,0.0236430688649753,0.00840012830891008,0.0359639336783946,0
1196.40277777778,0.04,0.0229248920677933,0.00819961092921834,0.0358527407101153,0
1196.40555555556,0.03,0.0186529451832301,0.00819627099923958,0.0357674440222122,0
1196.40833333333,0.04,0.0107441999805249,0.00839312261621069,0.0357076202368444,0
1196.41111111111,0.045,-0.000619780825235989,0.0087802968641737,0.0356705483172164,0
1196.41388888889,0.04,-0.0149945872564821,0.00933551961607382,0.0356520576385298,0
1196.41666666667,0.015,-0.0316941557223787,0.0100255230079491,0.0356465433943285,0
1196.41944444444,0.01,-0.0498305449699061,0.0106422942101796,0.0356541768547176,0
1196.42222222222,-0.005,-0.0683699821378778,0.0111388142970975,0.035674719786418,0
1196.425,0.005,-0.086201536332594,0.0114962473907082,0.0357064129273783,0
1196.42777777778,0.02,-0.102213670591868,0.0117088037405349,0.0357493446066857,0
1196.43055555556,0.01,-0.11537313849373,0.0117844347179863,0.0358092512606304,0
1196.43333333333,-0.025,-0.124800306769714,0.0117443941698073,0.0358910860368665,0
1196.43611111111,-0.065,-0.129835049854848,0.0116216593714535,0.0359987855318844,0
1196.43888888889,-0.045,-0.130087892253692,0.0114582985447822,0.0361332052544497,0
1196.44166666667,-0.03,-0.125472048647871,0.011441868402387,0.036293239844587,0
1196.44444444444,-0.02,-0.116213370988088,0.0115420682064974,0.0364767532659214,0
1196.44722222222,-0.04,-0.102836862853988,0.0115399816899865,0.0366808813258899,0
1196.45,-0.05,-0.0861302418477262,0.0113967700622202,0.036902360604516,0
1196.45277777778,-0.04,-0.0670868785157189,0.0110848207699679,0.037137855911379,0
1196.45555555556,0.005,-0.0468321641958345,0.0105908734174408,0.0373780887700172,0
1196.45833333333,0.045,-0.0265388127287652,0.0101119945325234,0.0376135608355889,0
1196.46111111111,0.045,-0.00733765092055884,0.00969264208634766,0.0378441274475646,0
1196.46388888889,0.04,0.00976900292317837,0.0093674351959716,0.0380693094914118,0
1196.46666666667,0.045,0.0239842986203445,0.00916201305193342,0.038288093402268,0
1196.46944444444,0.085,0.0347776923882879,0.00909118745819388,0.038498430414679,0
1196.47222222222,0.1,0.0419243766231943,0.00915800522815593,0.0386985252065384,0
1196.475,0.09,0.0455196650078152,0.00935379044572438,0.0388869761194154,0
1196.47777777778,0.08,0.0459667028833209,0.0096591554077645,0.0390627837502236,0
1196.48055555556,0.12,0.0439380754697768,0.010045888315451,0.0392255134032222,0
1196.48333333333,0.17,0.0403141043533927,0.0101612181511161,0.0393754192734765,0
1196.48611111111,0.205,0.0361026664476474,0.00996570576861633,0.039513518674005,0
1196.48888888889,0.2,0.0323470584501657,0.00955075135334946,0.0396416085576187,0
1196.49166666667,0.2,0.0300296071197206,0.00919787968728324,0.0397625979629723,0
1196.49444444444,0.235,0.0299792739117592,0.00893483105372292,0.0398813832041349,0
1196.49722222222,0.29,0.0327913547150509,0.00878078477880058,0.0400009183445836,0
1196.5,0.31,0.0387665230234811,0.00874488203862767,0.0401172896432206,0
1196.50277777778,0.32,0.047874960370547,0.00882568462781741,0.040226528688258,0
1196.50555555556,0.365,0.0597492723881561,0.00901161986597071,0.0403248479343135,0
1196.50833333333,0.42,0.073707464428983,0.0092823743444387,0.0404088696986508,0
1196.51111111111,0.49,0.0888046476597446,0.00961111347124826,0.0404761874793365,0
1196.51388888889,0.505,0.103909587245214,0.00996732719166824,0.0405266187890583,0
1196.51666666667,0.505,0.117799914229512,0.0103200416747913,0.0405608575064863,0
1196.51944444444,0.53,0.129268010951263,0.010641097796796,0.0405800467168437,0
1196.52222222222,0.58,0.137228419791371,0.0107682785138102,0.0405858298007577,0
1196.525,0.64,0.140817238358662,0.0107174895652812,0.0405805002259306,0
1196.52777777778,0.66,0.139474408267302,0.0105902489976549,0.0405724420167274,0
1196.53055555556,0.65,0.13300106557696,0.0105281468448261,0.0405647892196302,0
1196.53333333333,0.635,0.121586112618202,0.010514116886754,0.0405571262578054,0
1196.53611111111,0.62,0.105798740271066,0.0105223097969538,0.0405491030084671,0
1196.53888888889,0.63,0.0865465682690108,0.0105239833572352,0.0405404490475827,0
1196.54166666667,0.65,0.0650021313743022,0.0105704777706592,0.0405317687055071,0
1196.54444444444,0.675,0.0425033556241193,0.0106956801352475,0.0405236264414384,0
1196.54722222222,0.68,0.0204361800513813,0.0109282599887789,0.0405164818498969,0
1196.55,0.665,0.000109351605960747,0.0112876786362522,0.0405105794488861,0
1196.55277777778,0.65,-0.0173675305211251,0.0117807426707286,0.0405057524168336,0
1196.55555555556,0.625,-0.0311915389163161,0.0123990603444476,0.0405017203787246,0
1196.55833333333,0.615,-0.040949204329956,0.0131177013574992,0.0404983246782688,0
1196.56111111111,0.62,-0.0466660725369137,0.0138952739179851,0.0404954047338611,0
1196.56388888889,0.615,-0.0488171641459543,0.0146755236355325,0.0404928123843393,0
1196.56666666667,0.615,-0.0482957027013712,0.0153904350814144,0.0404904231163172,0
1196.56944444444,0.595,-0.0463410571359239,0.0158720793509618,0.0404881436345423,0
1196.57222222222,0.57,-0.0444304745895693,0.0157821534129728,0.0404858956996776,0
1196.575,0.595,-0.0441425469858136,0.0157159832141553,0.0404838225373859,0
1196.57777777778,0.605,-0.0470031610372649,0.0160017747438543,0.040482046454785,0
1196.58055555556,0.61,-0.0543266673349923,0.0166839346559838,0.0404805476633657,0
1196.58333333333,0.59,-0.0670659732551187,0.0177841996117002,0.0404792775836815,0
1196.58611111111,0.575,-0.0856851010251377,0.0192974459949705,0.0404781685300625,0
1196.58888888889,0.58,-0.110066433842692,0.0211891822738919,0.0404771501676634,0
1196.59166666667,0.62,-0.139462474073267,0.0233950338541195,0.0404762160281533,0
1196.59444444444,0.64,-0.172498626196587,0.025822394191545,0.0404756104030106,0
1196.59722222222,0.655,-0.207229542559382,0.0283542601324247,0.0404754769005919,0
1196.6,0.645,-0.241247243535224,0.0308551052759293,0.0404759026890894,0
1196.60277777778,0.615,-0.271834894184208,0.0331784849729666,0.0404769490370961,0
1196.60555555556,0.605,-0.296156144682075,0.0351759228315561,0.0404784744856448,0
1196.60833333333,0.63,-0.311466658590308,0.0366705499883777,0.0404802674158765,0
1196.61111111111,0.65,-0.315332149078969,0.0374758272488191,0.0404822776531249,0
1196.61388888889,0.655,-0.305836131885917,0.0375962846876566,0.0404844514290459,0
1196.61666666667,0.63,-0.281760805177511,0.0380951562576539,0.0404867376085644,0
1196.61944444444,0.59,-0.2427259957237,0.0391710198488462,0.040489092080142,0
1196.62222222222,0.555,-0.189273875113216,0.0406929162640123,0.0404914712166994,0
1196.625,0.555,-0.122890954248192,0.0425301316439936,0.040493828024477,0
1196.62777777778,0.58,-0.045963426586736,0.0445430788491376,0.0404961171957866,0
1196.63055555556,0.64,0.0383330976852874,0.0465944586290673,0.0404983883853438,0
1196.63333333333,0.71,0.126203429597712,0.0485599361567017,0.0405007620568132,0
1196.63611111111,0.8,0.213451550278414,0.050337469468524,0.0405032565382207,0
1196.63888888889,0.955,0.295733724853687,0.0518545414249901,0.0405058576723774,0
1196.64166666667,1.175,0.368828604274727,0.0530727235483508,0.040508510809391,0
1196.64444444444,1.455,0.428905393782862,0.0539892238314169,0.0405111567288183,0
1196.64722222222,1.695,0.472771042775272,0.0546353227208169,0.0405137346693704,0
1196.65,1.88,0.498078728893519,0.055071860965301,0.0405161852054784,0
1196.65277777778,1.99,0.503482577166162,0.0553821882741758,0.0405185355423154,0
1196.65555555556,1.9,0.488727374032484,0.0551011842004458,0.0405208481361592,0
1196.65833333333,1.63,0.454666715836457,0.0547491902126339,0.040523126123036,0
1196.66111111111,1.27,0.403208213498914,0.0542328505069243,0.0405252441659399,0
1196.66388888889,0.94,0.337189661559329,0.0534755279347536,0.0405272143814038,0
1196.66666666667,0.69,0.260195064840135,0.0524256060487458,0.0405290466223819,0
1196.66944444444,0.59,0.176323718404618,0.0510626177370448,0.0405307394260234,0
1196.67222222222,0.6,0.0899288298726454,0.0494006691075952,0.0405322799509869,0
1196.675,0.61,0.00534421170647847,0.0474888538724928,0.0405336366583468,0
1196.67777777778,0.62,-0.0733817913938331,0.045408604863489,0.0405348643285766,0
1196.68055555556,0.615,-0.142726773947137,0.0432681845143921,0.0405360641057904,0
1196.68333333333,0.605,-0.199892932805037,0.0411947539895578,0.0405373369137874,0
1196.68611111111,0.6,-0.242951051095504,0.0393246614920109,0.0405387780447363,0
1196.68888888889,0.575,-0.270921174093775,0.0378313681021024,0.0405404101179596,0
1196.69166666667,0.575,-0.283786156539805,0.0371572796920361,0.0405420579761418,0
1196.69444444444,0.6,-0.282439257484925,0.0372951440349139,0.0405436705130918,0
1196.69722222222,0.6,-0.268571756423063,0.0371757987735739,0.0405451993655512,0
1196.7,0.575,-0.24451079843483,0.0363945367019548,0.0405465719075503,0
1196.70277777778,0.545,-0.213021032417297,0.0349599188958544,0.040547705888724,0
1196.70555555556,0.505,-0.1770858462465,0.0329214942247339,0.0405485189369362,0
1196.70833333333,0.5,-0.139684979624371,0.0303671056759982,0.0405489329414844,0
1196.71111111111,0.525,-0.103584965606386,0.0275326668010859,0.0405489749332466,0
1196.71388888889,0.54,-0.0711572755119319,0.0247743383477761,0.0405488470522794,0
1196.71666666667,0.52,-0.0442363760923393,0.0222308943636368,0.0405487513936359,0
1196.71944444444,0.5,-0.024026391640877,0.0200174616818921,0.0405487740233744,0
1196.72222222222,0.485,-0.0110609974400309,0.0182200425798848,0.0405490286285265,0
1196.725,0.48,-0.00521689036075684,0.0168922858148313,0.0405496193700474,0
1196.72777777778,0.495,-0.00577703104581887,0.0160546066623943,0.0405506334209445,0
1196.73055555556,0.505,-0.0115361532721454,0.0156955864163457,0.0405520726168931,0
1196.73333333333,0.485,-0.0209380674882429,0.0157754234754437,0.0405538414006538,0
1196.73611111111,0.45,-0.0322322580430617,0.0161381833111126,0.0405558321547824,0
1196.73888888889,0.44,-0.0436363161621345,0.0159333393798794,0.0405579362578267,0
1196.74166666667,0.43,-0.053490902122766,0.0152316306769126,0.0405599512811731,0
1196.74444444444,0.43,-0.0603951385998568,0.0141602184378521,0.0405617981829257,0
1196.74722222222,0.415,-0.0633124674057167,0.0130632830416031,0.0405636241336303,0
1196.75,0.415,-0.0616398483426575,0.0120189461864109,0.0405655967175427,0
1196.75277777778,0.4,-0.0552364849566684,0.01109054573507,0.0405678914144368,0
1196.75555555556,0.405,-0.0444117423305432,0.0103234666217935,0.0405706884749048,0
1196.75833333333,0.43,-0.0298752870008275,0.00974362187492556,0.0405741697496203,0
1196.76111111111,0.435,-0.0126554584057355,0.0093575840065575,0.0405784805070769,0
1196.76388888889,0.44,0.00600575426561365,0.00915423890154908,0.0405837154457277,0
1196.76666666667,0.435,0.024771177135409,0.00910772259046828,0.0405899093583156,0
1196.76944444444,0.425,0.0423297129982701,0.00914268357069736,0.0405970317459405,0
1196.77222222222,0.43,0.0575099701581428,0.00899209813866666,0.0406050117682722,0
1196.775,0.425,0.06937690444742,0.00880939588343972,0.0406136118285954,0
1196.77777777778,0.44,0.0773039315035189,0.00863682183538727,0.0406225762110471,0
1196.78055555556,0.44,0.0810153371057159,0.00851018151554348,0.040631686332656,0
1196.78333333333,0.425,0.0805965260209386,0.00845590875731136,0.0406408430053005,0
1196.78611111111,0.4,0.076472466341361,0.0084892062384237,0.0406502226756342,0
1196.78888888889,0.39,0.0693573685198065,0.00861335517709902,0.040659974596002,0
1196.79166666667,0.395,0.0601809675907071,0.00870483314213192,0.0406692345870455,0
1196.79444444444,0.43,0.0499985717812719,0.00853463985696791,0.0406785855781615,0
1196.79722222222,0.445,0.0398931700208498,0.00822426948553723,0.0406888145214961,0
1196.8,0.43,0.0308782837520612,0.00790513190507693,0.0406987802565167,0
1196.80277777778,0.415,0.0238098975964592,0.00760867086577957,0.0407085239054353,0
1196.80555555556,0.41,0.0193147635385286,0.00736430706090824,0.0407181250099875,0
1196.80833333333,0.425,0.017740754426823,0.0071964668722277,0.0407276909949496,0
1196.81111111111,0.455,0.0191328991242592,0.00712218266934383,0.0407374048515606,0
1196.81388888889,0.46,0.0232364479387753,0.00714946589164062,0.0407475155911781,0
1196.81666666667,0.445,0.0295259911000731,0.00727657881344516,0.0407582436497644,0
1196.81944444444,0.42,0.0372574799436761,0.00749224707692754,0.0407686756096549,0
1196.82222222222,0.395,0.045538155915576,0.00777677017008655,0.040776385463851,0
1196.825,0.41,0.0534080193449247,0.00807502478296095,0.0407832094080832,0
1196.82777777778,0.445,0.0599256673723688,0.00813005674680086,0.0407926888185182,0
1196.83055555556,0.445,0.0642511474213821,0.00795958429904044,0.0408039568243377,0
1196.83333333333,0.435,0.065718905537615,0.00768843740493537,0.0408155841149382,0
1196.83611111111,0.42,0.0638949036829794,0.00749178420859361,0.0408257972638091,0
1196.83888888889,0.42,0.0586134381866123,0.00738827607729567,0.0408325901465512,0
1196.84166666667,0.415,0.0499909797311439,0.00738808883400315,0.0408338647755737,0
1196.84444444444,0.45,0.0384163174010633,0.00749197833448952,0.0408275335855833,0
1196.84722222222,0.425,0.0245182600030038,0.00769117779317857,0.0408116395508006,0
1196.85,0.405,0.00911396602377472,0.00796813794961175,0.0407846019757451,0
1196.85277777778,0.38,-0.00685750458270472,0.00820202755163472,0.0407453710168144,0
1196.85555555556,0.365,-0.0224107136043138,0.00827191194449784,0.0406935566545208,0
1196.85833333333,0.37,-0.0365921203014017,0.00818152679136549,0.0406295213992387,0
1196.86111111111,0.39,-0.0485546956052101,0.00794993174903214,0.0405544272652625,0
1196.86388888889,0.41,-0.0576228904633451,0.0077193323690889,0.04047058860506,0
1196.86666666667,0.395,-0.0633428770942799,0.00758349048986701,0.0403822508967003,0
1196.86944444444,0.355,-0.0655142739307822,0.0075586400138919,0.0402936083315599,0
1196.87222222222,0.315,-0.0642011329307299,0.0076521415025386,0.0402034826700729,0
1196.875,0.295,-0.0597216798152056,0.00786188140107551,0.0401079311387588,0
1196.87777777778,0.31,-0.0526180138624238,0.00805068308702604,0.0400030397529484,0
1196.88055555556,0.31,-0.0436085576491184,0.00808622511755745,0.0398860203497029,0
1196.88333333333,0.31,-0.0335273759794116,0.00795025845258534,0.0397559026537503,0
1196.88611111111,0.295,-0.0232554576194985,0.00763891427463395,0.0396125078902,0
1196.88888888889,0.325,-0.0136496039712306,0.0071630343673813,0.0394563511484643,0
1196.89166666667,0.355,-0.00547466081512833,0.00671641348321211,0.0392884942822816,0
1196.89444444444,0.385,0.000655535392418337,0.00633404492558743,0.0391103637034933,0
1196.89722222222,0.4,0.00432390911287806,0.00603852137928264,0.0389235492203822,0
1196.9,0.375,0.00533914172881384,0.00584501576431471,0.038729604529728,0
1196.90277777778,0.32,0.00374584777526801,0.00576018672314966,0.038529864669696,0
1196.90555555556,0.275,-0.000184601156646019,0.00578182003603975,0.038325297106389,0
1196.90833333333,0.29,-0.00598158538081187,0.00589922632423453,0.0381163991517156,0
1196.91111111111,0.31,-0.0130186086005795,0.00609435030252039,0.0379078807214313,0
1196.91388888889,0.315,-0.0205688237743829,0.00625292482668802,0.0377036689944658,0
1196.91666666667,0.28,-0.0278680745215836,0.00621995444543725,0.0375044015196614,0
1196.91944444444,0.245,-0.0341802589033618,0.00600457247886165,0.0373110719401113,0
1196.92222222222,0.23,-0.0388596840746388,0.00575832629972943,0.0371249071970014,0
1196.925,0.245,-0.0414053652441291,0.00556350738404156,0.0369472771484563,0
1196.92777777778,0.285,-0.0415029053318616,0.00543763211998541,0.03677958324681,0
1196.93055555556,0.3,-0.039050616993539,0.00539118495155243,0.0366230186901268,0
1196.93333333333,0.285,-0.0341678345581752,0.00542686066159618,0.0364784166332453,0
1196.93611111111,0.25,-0.0271848083794051,0.00553950621660647,0.0363459647100466,0
1196.93888888889,0.24,-0.018615064516387,0.00571675625978863,0.0362245282136703,0
1196.94166666667,0.255,-0.00911253140636518,0.00594029505529546,0.0361122200251122,0
1196.94444444444,0.26,0.000583029525582531,0.00607774042295426,0.0360064493994132,0
1196.94722222222,0.23,0.00970779851416571,0.00605321240162458,0.0359040286015805,0
1196.95,0.205,0.0175377907209582,0.00587475755013324,0.0358040331241538,0
1196.95277777778,0.165,0.0234495929218718,0.00570067477826775,0.0357189811235963,0
1196.95555555556,0.16,0.0269729049811237,0.00559161862477022,0.0356546193474304,0
1196.95833333333,0.15,0.0278304939032132,0.00555958728860555,0.0356159991859396,0
1196.96111111111,0.15,0.0259621768847423,0.00560987940577148,0.035607115150541,0
1196.96388888889,0.15,0.0215307437699836,0.00574081492828062,0.0356305061085114,0
1196.96666666667,0.145,0.0149092080676989,0.00594412211898069,0.035686158898034,0
1196.96944444444,0.14,0.00665032230398742,0.00620594828628748,0.0357722333644762,0
1196.97222222222,0.115,-0.00255921644338351,0.00633927011711452,0.0358851524391365,0
1196.975,0.1,-0.0119561337462286,0.00632554971603208,0.0360197971254624,0
1196.97777777778,0.11,-0.020764758718971,0.00616747381629682,0.0361660984702693,0
1196.98055555556,0.115,-0.0282626164046048,0.00588239464412515,0.0363114820434094,0
1196.98333333333,0.09,-0.033841826020256,0.00560821911856796,0.0364612865005744,0
1196.98611111111,0.06,-0.0370609623336093,0.00537467806825641,0.0366202996401068,0
1196.98888888889,0.04,-0.0376827558645263,0.0051844487844849,0.0367925115566546,0
1196.99166666667,0.04,-0.035694133028858,0.00503379162481915,0.0369809344813159,0
1196.99444444444,0.02,-0.0313065463064829,0.00491302246445993,0.0371873478990195,0
1196.99722222222,0.04,-0.0249362043080577,0.0048076494709674,0.0374119330154507,0
1197,0.03,-0.0171655485284674,0.00485607589708966,0.0376539912292952,0
1197.00277777778,0.01,-0.00868899320442541,0.00498441762863255,0.0379121066411443,0
1197.00555555556,0.005,-0.000247403504632931,0.00515074533506648,0.0381844703751125,0
1197.00833333333,-0.005,0.00744309543499632,0.00536858489720219,0.0384690329159814,0
1197.01111111111,0.03,0.0137617168673033,0.00564568715575955,0.0387637090263537,0
1197.01388888889,0.045,0.0182466076712764,0.00598240595113551,0.0390666190500314,0
1197.01666666667,0.055,0.0206454327577238,0.00637072610135502,0.0393753529543748,0
1197.01944444444,0.04,0.0209478806277635,0.00679407359393535,0.0396836310362581,0
1197.02222222222,0.025,0.0193964377589001,0.00722797247761597,0.0399858684280939,0
1197.025,-0.005,0.0164735672859874,0.00764153642961182,0.0402818113136595,0
1197.02777777778,-0.02,0.0128654475267781,0.00799970434401828,0.0405705059467998,0
1197.03055555556,-0.04,0.00940451295029243,0.00826605555363889,0.0408503753334986,0
1197.03333333333,-0.04,0.00699501639979606,0.00826883188699081,0.0411194008742234,0
1197.03611111111,-0.035,0.00652752115182759,0.00828488944201905,0.0413755146448408,0
1197.03888888889,-0.01,0.00878947643146264,0.00847837794880293,0.0416168136142196,0
1197.04166666667,0.035,0.0143797036646774,0.00886010447518423,0.041841821466788,0
1197.04444444444,0.055,0.0236346402660199,0.00942844812974452,0.0420497134166831,0
1197.04722222222,0.07,0.0365735232702402,0.0101685388717313,0.042240367306708,0
1197.05,0.045,0.0528683745321151,0.0110525295372007,0.042414638528419,0
1197.05277777778,0.05,0.0718427583453889,0.0120410008804808,0.0425761615020396,0
1197.05555555556,0.085,0.0925009600045996,0.0130854412594519,0.042730510021039,0
1197.05833333333,0.12,0.113586662262172,0.0141316447270347,0.0428833750105818,0
1197.06111111111,0.14,0.133667587574544,0.0151237822800393,0.0430384391016405,0
1197.06388888889,0.145,0.151240151798074,0.0159018329441108,0.0431905524084509,0
1197.06666666667,0.11,0.164846157629215,0.0164324085285099,0.0433344273382218,0
1197.06944444444,0.09,0.17319213623913,0.0167282749883339,0.0434649658724474,0
1197.07222222222,0.07,0.175261272742004,0.0168267919949535,0.043577583165127,0
1197.075,0.075,0.17040801692381,0.0167869520275617,0.0436701460596117,0
1197.07777777778,0.08,0.158426508228652,0.0168573429348852,0.0437426778954841,0
1197.08055555556,0.085,0.139585783184004,0.0169374422308604,0.043796191881886,0
1197.08333333333,0.06,0.114627261877714,0.0169079774342184,0.0438325477035542,0
1197.08611111111,0.035,0.0847230406603048,0.0166888619162657,0.0438541567157151,0
1197.08888888889,0.015,0.051396812422063,0.016269904199767,0.0438638658007227,0
1197.09166666667,0.015,0.0164125220346324,0.0159152397054795,0.0438649124218308,0
1197.09444444444,0.015,-0.0183611397595033,0.0156837639670041,0.0438641947488835,0
1197.09722222222,0,-0.0510998654058518,0.015623238547676,0.0438639825243548,0
1197.1,-0.03,-0.0801743023130246,0.0157649407642756,0.0438638650017471,0
1197.10277777778,-0.065,-0.104289214439962,0.0161193886637527,0.0438636319873484,0
1197.10555555556,-0.09,-0.122598776860448,0.0166735712050764,0.0438639966443434,0
1197.10833333333,-0.09,-0.134787023954552,0.0173900140886779,0.0438655355837755,0
1197.11111111111,-0.07,-0.141104951723007,0.0182078800211687,0.04386836448322,0
1197.11388888889,-0.075,-0.142359089219142,0.0190461476064383,0.043872431994691,0
1197.11666666667,-0.095,-0.139850257658792,0.019474039661676,0.0438775969575083,0
1197.11944444444,-0.14,-0.135265422795877,0.0192303471451902,0.043883808180175,0
1197.12222222222,-0.15,-0.130529674665281,0.01893222620498,0.0438909972046992,0
1197.125,-0.14,-0.127629088084566,0.0190146107436007,0.0438990956663184,0
1197.12777777778,-0.14,-0.128418197310324,0.0195562587741239,0.0439080414855965,0
1197.13055555556,-0.16,-0.134427778237861,0.0206105907919559,0.0439176048993715,0
1197.13333333333,-0.17,-0.146689365635348,0.0221989257507479,0.0439277362938158,0
1197.13611111111,-0.18,-0.165592330134045,0.0243056444357685,0.043938458190758,0
1197.13888888889,-0.185,-0.190787396673005,0.0268757687365911,0.0439497117857844,0
1197.14166666667,-0.19,-0.221147311070211,0.0298152872825701,0.0439613637045469,0
1197.14444444444,-0.175,-0.254791168992132,0.0329943677234005,0.0439732170556459,0
1197.14722222222,-0.175,-0.289174018447716,0.0362533869760514,0.0439850292748071,0
1197.15,-0.175,-0.321238109099864,0.0394114982709311,0.0439965327332263,0
1197.15277777778,-0.18,-0.347617005575556,0.0422772538242612,0.044007457064293,0
1197.15555555556,-0.175,-0.364879130995642,0.0446606299875171,0.044018061140603,0
1197.15833333333,-0.155,-0.369793556712712,0.0462126487821412,0.0440288293166752,0
1197.16111111111,-0.125,-0.35959833893416,0.0468136771869216,0.0440401790329436,0
1197.16388888889,-0.13,-0.332250666007871,0.0468159972125209,0.0440522420909726,0
1197.16666666667,-0.14,-0.286638651905287,0.0478024937252112,0.0440651118991449,0
1197.16944444444,-0.165,-0.222736795149919,0.0497296185190822,0.0440788363827321,0
1197.17222222222,-0.18,-0.141690790957519,0.0522454376983937,0.0440932771911878,0
1197.175,-0.155,-0.0458222872977878,0.0551754358058467,0.0441082354727435,0
1197.17777777778,-0.08,0.0614500430724163,0.0583361668495741,0.0441234835132357,0
1197.18055555556,-0.02,0.175770517812982,0.0615492933585049,0.0441387814462185,0
1197.18333333333,0.055,0.292078762723999,0.0646548454975144,0.0441538903846939,0
1197.18611111111,0.185,0.404899883471362,0.0675226360003455,0.0441685913740704,0
1197.18888888889,0.395,0.508673358116978,0.0700609179964026,0.0441827019415304,0
1197.19166666667,0.62,0.598098196932005,0.0722216002776655,0.0441963796580021,0
1197.19444444444,0.905,0.66847024316256,0.0740016197794072,0.0442097736515665,0
1197.19722222222,1.125,0.715987619767011,0.0754403906256453,0.044222947441815,0
1197.2,1.335,0.738002278368557,0.0766135765291628,0.0442357885113432,1
1197.20277777778,1.455,0.733199249495581,0.0769206228148681,0.0442481445606715,0
1197.20555555556,1.45,0.701690264046847,0.0759995297427358,0.044259835852712,0
1197.20833333333,1.235,0.645014535798831,0.0749596787525123,0.0442705647474257,0
1197.21111111111,0.85,0.566046198671258,0.0737356380809103,0.0442802791185375,0
1197.21388888889,0.44,0.468814666157636,0.072241079698613,0.0442890695374403,0
1197.21666666667,0.05,0.358250501390846,0.0704227572132225,0.0442970482948382,0
1197.21944444444,-0.185,0.239874766092892,0.0682677031087754,0.0443043408207446,0
1197.22222222222,-0.27,0.119453839664409,0.0658068589357839,0.0443110727212351,0
1197.225,-0.255,0.00264405716038737,0.0631147915132262,0.0443173632889278,0
1197.22777777778,-0.265,-0.105348970180854,0.0603054781137367,0.0443233186677292,0
1197.23055555556,-0.315,-0.200072846989627,0.0575244759984237,0.0443290258165487,0
1197.23333333333,-0.35,-0.278072309015825,0.054938098555141,0.0443345479354586,0
1197.23611111111,-0.34,-0.337058788976818,0.0527204757809226,0.0443396857392424,0
1197.23888888889,-0.305,-0.375995605895896,0.0511243317550729,0.0443442106807787,0
1197.24166666667,-0.295,-0.395095165959903,0.0506024121850363,0.0443480202518698,0
1197.24444444444,-0.31,-0.395731139794353,0.0507990033174282,0.0443513247031824,0
1197.24722222222,-0.32,-0.38027480440825,0.0501237548705053,0.0443542091491413,0
1197.25,-0.325,-0.351870127129341,0.0485547976917369,0.044356757892133,0
1197.25277777778,-0.335,-0.314166316023561,0.0461238798074864,0.044359067437892,0
1197.25555555556,-0.345,-0.271029164440155,0.0429156743234205,0.0443612415910607,0
1197.25833333333,-0.355,-0.226253403098916,0.0391431938933406,0.0443633861608167,0
1197.26111111111,-0.35,-0.183297409375106,0.0353037934298885,0.0443656040608296,0
1197.26388888889,-0.36,-0.145059119718261,0.0315942216761829,0.0443679903319966,0
1197.26666666667,-0.38,-0.113708087556093,0.028188895268624,0.0443706257449317,0
1197.26944444444,-0.395,-0.0905836742545541,0.0252310254203484,0.0443734043196252,0
1197.27222222222,-0.37,-0.0761637812947247,0.0228262838342729,0.0443761251294291,0
1197.275,-0.355,-0.0701027955165039,0.0210392854708296,0.0443785959180552,0
1197.27777777778,-0.335,-0.0713319953713122,0.0198929578260717,0.0443806730199439,0
1197.28055555556,-0.365,-0.0782109864417968,0.0193706629771092,0.0443822817320322,0
1197.28333333333,-0.37,-0.088715158154138,0.0194207544335787,0.0443834497564542,0
1197.28611111111,-0.38,-0.100641938642109,0.0199630984209544,0.0443841940241269,0
1197.28888888889,-0.395,-0.11181790870584,0.0198310242016868,0.0443846326239863,0
1197.29166666667,-0.375,-0.120289627190149,0.0190848408764116,0.0443849666303568,0
1197.29444444444,-0.365,-0.124483200665859,0.0178603477752899,0.044385475961899,0
1197.29722222222,-0.37,-0.123320968371385,0.0164324670446404,0.0443863638264371,0
1197.3,-0.385,-0.116287846513541,0.0150512985936575,0.0443876643301456,0
1197.30277777778,-0.415,-0.103444500942521,0.0137979946469765,0.0443894130190261,0
1197.30555555556,-0.415,-0.0853891842577095,0.0127322369042744,0.0443916371327299,0
1197.30833333333,-0.405,-0.0631743825164589,0.0118903678916951,0.0443943502150739,0
1197.31111111111,-0.4,-0.0381880117038749,0.0112854345495643,0.0443975457041002,0
1197.31388888889,-0.365,-0.0120115022175321,0.0109089831682517,0.0444011899343355,0
1197.31666666667,-0.37,0.0137314760454805,0.0107343238252367,0.0444052161069485,0
1197.31944444444,-0.36,0.0375217423446448,0.0107477567070197,0.0444095198788239,0
1197.32222222222,-0.36,0.0580739546462675,0.0106493778105007,0.0444138885766572,0
1197.325,-0.39,0.0744379041146156,0.0104922081468305,0.0444180101172609,0
1197.32777777778,-0.395,0.0860640871419574,0.0103278490329347,0.0444221315391968,0
1197.33055555556,-0.395,0.0928294479878861,0.0102020561753832,0.0444267079425122,0
1197.33333333333,-0.38,0.095022959161135,0.010151220682101,0.044432169242587,0
1197.33611111111,-0.385,0.0932943487665646,0.0101999681588606,0.0444388154618224,0
1197.33888888889,-0.395,0.0885724725038268,0.0102798271389124,0.044446908544878,0
1197.34166666667,-0.365,0.0819622932337685,0.0100648457666305,0.0444549019828826,0
1197.34444444444,-0.355,0.0746309781152849,0.00969768819298037,0.0444533018054128,0
1197.34722222222,-0.35,0.0676941473179161,0.0092560249645026,0.0444409326191911,0
1197.35,-0.38,0.0621128009381695,0.00876930182728869,0.0444172825208249,0
1197.35277777778,-0.38,0.0586099980364055,0.00827064049672579,0.044382514124341,0
1197.35555555556,-0.365,0.0576141332056198,0.00779356268073214,0.0443374304884263,0
1197.35833333333,-0.36,0.0592328866321361,0.00736890441052655,0.0442834852299051,0
1197.36111111111,-0.34,0.0632588897035697,0.00702217144762078,0.0442229099183893,0
1197.36388888889,-0.32,0.0692051411694757,0.00677153206564152,0.0441587575710424,0
1197.36666666667,-0.315,0.0763655073544674,0.00662657643970021,0.0440940556095628,0
1197.36944444444,-0.33,0.0838934845492054,0.00658789862364853,0.0440271012400207,0
1197.37222222222,-0.32,0.0908909737283299,0.00664748416539724,0.0439553065469264,0
1197.375,-0.3,0.0964982240300671,0.00678981985785638,0.0438766659148503,0
1197.37777777778,-0.285,0.0999763667460437,0.00687437255889073,0.0437898769830981,0
1197.38055555556,-0.275,0.100775028807714,0.00678889920316945,0.0436944509652324,0
1197.38333333333,-0.29,0.098579252872548,0.00658317529981069,0.0435904022305323,0
1197.38611111111,-0.3,0.0933321698135917,0.00634857587024036,0.0434781171165615,0
1197.38888888889,-0.285,0.0852323390515447,0.00615204218549088,0.0433584301193228,0
1197.39166666667,-0.29,0.0747071468252847,0.00601131541056302,0.0432324933122474,0
1197.39444444444,-0.29,0.0623658940027577,0.00593807991646933,0.0431016259065921,0
1197.39722222222,-0.28,0.0489380055757073,0.00593723234531101,0.0429671569201306,0
1197.4,-0.265,0.0352029952008102,0.00589509081670222,0.0428302745233263,0
1197.40277777778,-0.26,0.0219193249765861,0.00576383088666386,0.0426918949438898,0
1197.40555555556,-0.25,0.00975908866053593,0.00558503241541612,0.0425525620640872,0
1197.40833333333,-0.225,-0.000745437701307188,0.0053772803523437,0.0424148840008002,0
1197.41111111111,-0.22,-0.00923877925794856,0.00516196955508887,0.0422791218022196,0
1197.41388888889,-0.23,-0.0155600255125124,0.00496162320450537,0.0421458818963361,0
1197.41666666667,-0.25,-0.019740664237079,0.00479821520297451,0.0420162510552731,0
1197.41944444444,-0.26,-0.0219838131838995,0.00469162091644761,0.0418915822134598,0
1197.42222222222,-0.27,-0.0226279992565539,0.00466986095845327,0.0417732237728199,0
1197.425,-0.245,-0.0221000675956098,0.00461786718718829,0.0416623444816638,0
1197.42777777778,-0.25,-0.0208627136559761,0.0044735868645954,0.0415599453568509,0
1197.43055555556,-0.25,-0.0193624437491371,0.00423538560125337,0.041466648205394,0
1197.43333333333,-0.24,-0.0179834701760903,0.00390687469210352,0.0413825800175699,0
1197.43611111111,-0.245,-0.0170121849088959,0.00349649268644524,0.0413072946279504,0
1197.43888888889,-0.235,-0.0166155358120344,0.00305010585613467,0.0412397393105401,0
1197.44166666667,-0.205,-0.0168350009123556,0.00263599749590421,0.0411780989935169,0
1197.44444444444,-0.2,-0.0175960967120769,0.00228839549737675,0.0411186114635603,0
1197.44722222222,-0.21,-0.0187316530679685,0.00203437863653159,0.0410575741702712,0
1197.45,-0.22,-0.0200156171423166,0.00189122087926409,0.0409960723119681,0
1197.45277777778,-0.225,-0.0212030621545196,0.00186478845351574,0.0409370335846023,0
1197.45555555556,-0.21,-0.0220714804118619,0.00194913383789573,0.0408833967675841,0
1197.45833333333,-0.21,-0.0224583888185583,0.00212730456639614,0.0408379304884674,0
1197.46111111111,-0.19,-0.0222907655387244,0.00237325907951132,0.0408031020339341,0
1197.46388888889,-0.175,-0.0216028089702431,0.00265466959669892,0.0407845488076669,0
1197.46666666667,-0.155,-0.0205398552664807,0.00289989533118061,0.040779255885791,0
1197.46944444444,-0.15,-0.0193478611413525,0.00306188386516981,0.0407837436384265,0
1197.47222222222,-0.165,-0.0183494852804383,0.00314102823371114,0.0407948108584023,0
1197.475,-0.175,-0.0179093106220014,0.00314048525365238,0.0408055911752109,0
1197.47777777778,-0.18,-0.0183919809700454,0.00314814472994122,0.0408178861510651,0
1197.48055555556,-0.205,-0.0201178488982592,0.0032619120668558,0.0408333880346339,0
1197.48333333333,-0.235,-0.0233210611651868,0.00346027479356815,0.0408535966615892,0
1197.48611111111,-0.265,-0.0281148085167274,0.00370546699887223,0.0408797528283918,0
1197.48888888889,-0.27,-0.034467759917813,0.00398634534365354,0.0409127237911604,0
1197.49166666667,-0.285,-0.0421945611277523,0.00429146293000906,0.0409522995393041,0
1197.49444444444,-0.28,-0.0509618235293359,0.00460947661631401,0.0409976821097782,0
1197.49722222222,-0.3,-0.0603094133804144,0.00492952457104702,0.0410483907160255,0
1197.5,-0.325,-0.0696852432075751,0.00524156724986779,0.041104566707563,0
1197.50277777778,-0.35,-0.0784903342786698,0.00552512571264573,0.0411662268230242,0
1197.50555555556,-0.36,-0.086129812239583,0.00574832835067915,0.0412329545128343,0
1197.50833333333,-0.355,-0.0920648336649034,0.00591522309722952,0.0413043389050988,0
1197.51111111111,-0.34,-0.095860290259441,0.00603851395676419,0.0413800056691707,0
1197.51388888889,-0.355,-0.0972235174107837,0.00613800076236682,0.0414596359547196,0
1197.51666666667,-0.38,-0.0960301073312129,0.00623821431265589,0.0415429708515165,0
1197.51944444444,-0.41,-0.0923342054638287,0.00633222135472492,0.0416298002208933,0
1197.52222222222,-0.405,-0.0863622212888492,0.00639262007361363,0.0417199077399098,0
1197.525,-0.4,-0.0784905515353098,0.00642399716793595,0.0418128942623996,0
1197.52777777778,-0.395,-0.0692095231807602,0.00643241289759477,0.0419084408515542,0
1197.53055555556,-0.39,-0.0590771491021017,0.0064252065262154,0.0420061714191466,0
1197.53333333333,-0.4,-0.0486673071870552,0.00641076903263578,0.0421055926847692,0
1197.53611111111,-0.395,-0.0385174982424558,0.00639828534217211,0.0422060377564671,0
1197.53888888889,-0.405,-0.029081352149957,0.00639744658594682,0.04230662112512,0
1197.54166666667,-0.405,-0.0206905334495627,0.00641813133351468,0.0424062100691352,0
1197.54444444444,-0.395,-0.0135297003781125,0.00647005385326214,0.042503334066508,0
1197.54722222222,-0.375,-0.00762679902438931,0.00656237772608109,0.0426002898580728,0
1197.55,-0.36,-0.00285936997275556,0.00670329497438392,0.0427027139107873,0
1197.55277777778,-0.375,0.00102412325063488,0.00689957450581842,0.0428129678905417,0
1197.55555555556,-0.36,0.00437049086745487,0.00715608910422217,0.0429329163660455,0
1197.55833333333,-0.37,0.00757936543550086,0.0073930329926422,0.0430642844965748,0
1197.56111111111,-0.365,0.0110567962114872,0.00751978905378575,0.0432085233750257,0
1197.56388888889,-0.39,0.0151699442137621,0.00754839315859377,0.0433666758514264,0
1197.56666666667,-0.41,0.0202077477254084,0.00749766247644125,0.043539253725741,0
1197.56944444444,-0.425,0.0263517143564921,0.00739052156723872,0.0437261370860242,0
1197.57222222222,-0.41,0.0336598282526227,0.00725080264213437,0.043926505560345,0
1197.575,-0.385,0.0420650636307597,0.00709987885084527,0.0441388093975837,0
1197.57777777778,-0.385,0.0513883295513048,0.00695351846585244,0.044360762530772,0
1197.58055555556,-0.39,0.0613640170579336,0.00681933491176155,0.0445892583196127,0
1197.58333333333,-0.38,0.0716748612017046,0.00669515295772008,0.0448206889523401,0
1197.58611111111,-0.4,0.0819917314743672,0.00656851972751659,0.0450511758749068,0
1197.58888888889,-0.36,0.0920133531004698,0.00641746923461508,0.0452767893919275,0
1197.59166666667,-0.33,0.101500916106608,0.00629363732783573,0.0454947644094007,0
1197.59444444444,-0.295,0.110303066611659,0.00631863276156049,0.045707028066668,0
1197.59722222222,-0.295,0.118367849455411,0.00650315076469307,0.0459148981075094,0
1197.6,-0.27,0.125739677095958,0.00685069956266019,0.0461191068652084,0
1197.60277777778,-0.28,0.13254118031037,0.00735667805932591,0.0463198909164068,0
1197.60555555556,-0.28,0.138941660281486,0.00800791824842079,0.0465170642463895,0
1197.60833333333,-0.265,0.145115602269163,0.00878278809163171,0.0467102047022848,0
1197.61111111111,-0.245,0.151196127519795,0.00965191678728445,0.04689894986576,0
1197.61388888889,-0.24,0.157229179487458,0.0105795604438226,0.0470832076055771,0
1197.61666666667,-0.23,0.163134537267265,0.0115255748660739,0.0472634209895766,0
1197.61944444444,-0.23,0.168679360291128,0.0124479071911356,0.0474406616976105,0
1197.62222222222,-0.22,0.17346890232432,0.0133054639984424,0.0476166461660461,0
1197.625,-0.205,0.176957371719869,0.0140611652402718,0.0477937416775563,0
1197.62777777778,-0.19,0.178479808779448,0.0146849559014233,0.0479707465513788,0
1197.63055555556,-0.195,0.177303505024416,0.0151565252740617,0.0481434079029554,0
1197.63333333333,-0.17,0.172695144223007,0.0154674807973804,0.0483077268353976,0
1197.63611111111,-0.165,0.163997754515342,0.0156227419012831,0.0484602256532415,0
1197.63888888889,-0.15,0.15070996480625,0.0156409598695983,0.0485981051541229,0
1197.64166666667,-0.16,0.132559157626958,0.0155538311609168,0.0487193586992613,0
1197.64444444444,-0.155,0.109560044140931,0.0154042506837506,0.0488229622383037,0
1197.64722222222,-0.19,0.082051015176168,0.0152433431429647,0.0489087612669597,0
1197.65,-0.23,0.050702316371155,0.015126508101575,0.0489774184097012,0
1197.65277777778,-0.26,0.0164925364354177,0.0151087100511428,0.0490303220205651,0
1197.65555555556,-0.27,-0.0193471171880073,0.0152393302288765,0.0490694590183493,0
1197.65833333333,-0.28,-0.05541802053534,0.0155569639770493,0.0490972621321648,0
1197.66111111111,-0.28,-0.0902628554538684,0.0160845887963755,0.0491164428956506,0
1197.66388888889,-0.3,-0.122489035610689,0.0168255381598218,0.0491298169146104,0
1197.66666666667,-0.33,-0.150895835056746,0.017760691081999,0.0491400759263686,0
1197.66944444444,-0.35,-0.174592968489364,0.0188472265062593,0.0491496203663297,0
1197.67222222222,-0.345,-0.193098241671744,0.0199380724510412,0.0491594356869679,0
1197.675,-0.345,-0.206402964189973,0.0207911091940787,0.0491662244042137,0
1197.67777777778,-0.32,-0.214996068114864,0.0212583350120669,0.0491723206770867,0
1197.68055555556,-0.33,-0.21984116320365,0.0211925646427102,0.0491793733448453,0
1197.68333333333,-0.355,-0.22230483258024,0.0206732016430995,0.0491875162044074,0
1197.68611111111,-0.355,-0.224038993868566,0.0205935390042918,0.0491968220092346,0
1197.68888888889,-0.355,-0.226824719655942,0.0210465366062702,0.0492073062914154,0
1197.69166666667,-0.36,-0.232389101444039,0.0221008714298403,0.0492189264318723,0
1197.69444444444,-0.35,-0.242210138565979,0.0237930691031204,0.0492315907211164,0
1197.69722222222,-0.36,-0.257326875042799,0.026121244857251,0.0492450882280697,0
1197.7,-0.38,-0.278172817827121,0.0290410516485328,0.0492591440729413,0
1197.70277777778,-0.435,-0.304449891400257,0.0324643106799364,0.0492734935946294,0
1197.70555555556,-0.44,-0.335057795538942,0.0362606327004193,0.049287998325675,0
1197.70833333333,-0.45,-0.368089759902072,0.0402621375784344,0.0493025777356265,0
1197.71111111111,-0.43,-0.400900596055779,0.0442711582874381,0.0493171778119104,0
1197.71388888889,-0.43,-0.430247022405276,0.0480705894837431,0.0493317685970322,0
1197.71666666667,-0.445,-0.452493960834599,0.0514363273511469,0.0493463397576472,0
1197.71944444444,-0.45,-0.463874409832347,0.0541510632544358,0.0493608951680598,0
1197.72222222222,-0.445,-0.460785129641768,0.056018554431355,0.0493754469542059,0
1197.725,-0.43,-0.440096232681164,0.0568774131450805,0.0493898852853995,0
1197.72777777778,-0.43,-0.399450273259028,0.0570217887347305,0.0494041008364172,0
1197.73055555556,-0.425,-0.33752586457048,0.0582735261117767,0.0494179977712273,0
1197.73333333333,-0.45,-0.254242352109621,0.0605066310662282,0.0494314981739434,0
1197.73611111111,-0.445,-0.150885601616407,0.063545340768219,0.0494446111543492,0
1197.73888888889,-0.4,-0.0301403013219039,0.0671783544144142,0.049457352226936,0
1197.74166666667,-0.31,0.10397904550733,0.0711757021318216,0.0494697242260453,0
1197.74444444444,-0.155,0.246298564258154,0.0753068680450289,0.049481714678987,0
1197.74722222222,0.045,0.390749005166651,0.0793586621891102,0.04949329332731,0
1197.75,0.24,0.530707739160376,0.0831513425570842,0.0495044085900243,0
1197.75277777778,0.46,0.659396517035601,0.0865516244901068,0.0495149158123722,0
1197.75555555556,0.71,0.77030763770854,0.0894814699890574,0.0495246319512437,0
1197.75833333333,0.975,0.857628082828808,0.0919219038320356,0.0495335792901139,0
1197.76111111111,1.24,0.91663042204825,0.0939115271039822,0.049541795823773,0
1197.76388888889,1.425,0.944000994122881,0.0953268020307214,0.0495493313920036,1
1197.76666666667,1.42,0.938079940734705,0.0952961891607606,0.0495562424071776,0
1197.76944444444,1.185,0.89899383101299,0.0939781415340414,0.0495625876017744,0
1197.77222222222,0.835,0.828669405545799,0.0925766787866833,0.0495684307914747,0
1197.775,0.475,0.730725787066125,0.0909405685803558,0.0495738339850867,0
1197.77777777778,0.15,0.610251654849643,0.0889460574012658,0.0495788406116836,0
1197.78055555556,-0.12,0.473482628260508,0.0865116390062223,0.0495834731313532,0
1197.78333333333,-0.255,0.327401743204361,0.0836091007029376,0.0495875844375311,0
1197.78611111111,-0.3,0.179291808887318,0.0802698055151153,0.0495908478178272,0
1197.78888888889,-0.37,0.0362721138529411,0.0765855749304671,0.0495931890526244,0
1197.79166666667,-0.435,-0.0951468983584202,0.0727040029604211,0.049594714432466,0
1197.79444444444,-0.46,-0.209458844177484,0.0688185174832832,0.0495956020142255,0
1197.79722222222,-0.425,-0.302478364053174,0.0651539671121124,0.0495960900347664,0
1197.8,-0.415,-0.371557887937376,0.0623369239363178,0.04959645690245,0
1197.80277777778,-0.415,-0.415690141003392,0.0607806216399697,0.0495969963721661,0
1197.80555555556,-0.435,-0.435491264735131,0.060506370774376,0.0495979852181665,0
1197.80833333333,-0.42,-0.433068686487852,0.061056781765312,0.0495995749005239,0
1197.81111111111,-0.45,-0.411786697472688,0.0604395137849781,0.0496017186901158,0
1197.81388888889,-0.45,-0.375950380995327,0.0586193335499783,0.0496043114168453,0
1197.81666666667,-0.445,-0.330434454695723,0.0556358008444221,0.0496071348417533,0
1197.81944444444,-0.46,-0.280287287857481,0.0516026966183808,0.0496099557980018,0
1197.82222222222,-0.445,-0.230341551823504,0.0470714955854491,0.0496125642775645,0
1197.825,-0.44,-0.184861593519526,0.042528751173275,0.0496147947724381,0
1197.82777777778,-0.415,-0.147253839565826,0.038199854061863,0.0496165408116864,0
1197.83055555556,-0.43,-0.119860692703435,0.0342789714823778,0.0496178938107636,0
1197.83333333333,-0.445,-0.10385099366521,0.0309194557782884,0.0496190735772599,0
1197.83611111111,-0.435,-0.099211833756225,0.0282275771753894,0.0496202233025287,0
1197.83888888889,-0.43,-0.104838026778449,0.0262598224077435,0.0496212291783891,0
1197.84166666667,-0.41,-0.118707599403797,0.0250237330027789,0.0496219457828847,0
1197.84444444444,-0.385,-0.13812489637621,0.0244820027426195,0.0496224021176294,0
1197.84722222222,-0.38,-0.160007868501532,0.0245593318824859,0.0496226532027114,0
1197.85,-0.385,-0.181193206793562,0.0249842874158553,0.0496227765526705,0
1197.85277777778,-0.4,-0.19873240544576,0.0245001012802398,0.0496228654379806,0
1197.85555555556,-0.405,-0.210153575464304,0.0232723215069379,0.0496230208530507,0
1197.85833333333,-0.4,-0.213667685125589,0.0218976915442164,0.0496233504964257,0
1197.86111111111,-0.39,-0.208303488491473,0.0205100071329401,0.0496239526575421,0
1197.86388888889,-0.385,-0.193962191388378,0.0192083609141636,0.0496250430454336,0
1197.86666666667,-0.385,-0.171390273302282,0.0180677476927462,0.0496268480497594,0
1197.86944444444,-0.395,-0.142076173072975,0.0171361564649033,0.0496291184202242,0
1197.87222222222,-0.41,-0.108083116280206,0.0164340932158177,0.0496313472883675,0
1197.875,-0.405,-0.0718356499452128,0.0159563725084302,0.0496334726117426,0
1197.87777777778,-0.39,-0.0358810183312541,0.0159169577313801,0.0496357446655144,0
1197.88055555556,-0.38,-0.00264808719102641,0.0160442064505681,0.0496384652689783,0
1197.88333333333,-0.365,0.0257739883303668,0.016072741991758,0.0496419700266998,0
1197.88611111111,-0.375,0.0478176571182323,0.0160613368196415,0.0496450445341454,0
1197.88888888889,-0.385,0.0625639458332237,0.0160667726421938,0.0496388297987537,0
1197.89166666667,-0.385,0.0698045369155374,0.0161383998884109,0.0496214232654691,0
1197.89444444444,-0.39,0.0700352399671426,0.0163138647870708,0.0495912128905306,0
1197.89722222222,-0.375,0.0643835825864599,0.0166162845391112,0.0495471573439573,0
1197.9,-0.365,0.0544792636752329,0.0170530055648461,0.0494889185145264,0
1197.90277777778,-0.365,0.0422812679857738,0.0172459873850647,0.0494169563803157,0
1197.90555555556,-0.355,0.0298790931028988,0.0169242746681045,0.049332576939178,0
1197.90833333333,-0.35,0.019287484756644,0.0161850963356453,0.0492379252518835,0
1197.91111111111,-0.33,0.0122541721177365,0.0154137434731034,0.0491366927076879,0
1197.91388888889,-0.325,0.0100983735937474,0.0146528438668897,0.049033030464614,0
1197.91666666667,-0.315,0.0135945049682799,0.0139438761410781,0.0489294700683312,0
1197.91944444444,-0.335,0.0229109108469546,0.0133234338989338,0.0488216807361136,0
1197.92222222222,-0.355,0.0376080141668091,0.0128201883543052,0.0487055223673035,0
1197.925,-0.34,0.0566945611478452,0.0124527826825046,0.0485784153948567,0
1197.92777777778,-0.33,0.0787351721271823,0.0122287895915064,0.0484385510327832,0
1197.93055555556,-0.32,0.10199770055951,0.0121447561049218,0.0482849298649187,0
1197.93333333333,-0.32,0.124625381272844,0.0121872564948417,0.0481173443517514,0
1197.93611111111,-0.335,0.14481672410056,0.0123347850087019,0.0479363013492745,0
1197.93888888889,-0.335,0.160995743508157,0.0121704825811525,0.0477428878524084,0
1197.94166666667,-0.305,0.171956412928614,0.011896928594274,0.0475385976815966,0
1197.94444444444,-0.29,0.176968041239863,0.0116050441172013,0.0473251168230338,0
1197.94722222222,-0.29,0.175832294795084,0.0113218723300132,0.047103965153037,0
1197.95,-0.295,0.168887427579494,0.0110695969122394,0.0468766376421971,0
1197.95277777778,-0.305,0.156960459366922,0.0108640390530449,0.0466443537633849,0
1197.95555555556,-0.285,0.141273057080465,0.0108655078642365,0.0464110132534671,0
1197.95833333333,-0.26,0.12331125048869,0.0109586746922003,0.0461821359629916,0
1197.96111111111,-0.25,0.104672440142693,0.0109997387523287,0.0459583217811275,0
1197.96388888889,-0.23,0.0869051291035164,0.0109987506697637,0.0457404696028206,0
1197.96666666667,-0.26,0.0713572599545979,0.0109692764440699,0.0455297314595665,0
1197.96944444444,-0.26,0.0590479423505604,0.0109265452121477,0.0453273460417113,0
1197.97222222222,-0.275,0.0505748399605701,0.0108856160810643,0.0451346077550069,0
1197.975,-0.275,0.0460658100070187,0.0108597593809786,0.044952798327448,0
1197.97777777778,-0.26,0.045178923025268,0.010859212435569,0.0447828796417027,0
1197.98055555556,-0.26,0.0471501763170183,0.0108904196087274,0.0446253240524722,0
1197.98333333333,-0.265,0.0508835221713682,0.0109558068089046,0.0444799791176229,0
1197.98611111111,-0.29,0.055073715225789,0.0110540783950479,0.044345979550517,0
1197.98888888889,-0.3,0.058349336456603,0.0111026388151529,0.0442217168440127,0
1197.99166666667,-0.27,0.0594214711788706,0.0109532932385903,0.044104491027931,0
1197.99444444444,-0.26,0.0572230771303264,0.0107882746697816,0.043989688040139,0
1197.99722222222,-0.265,0.0510251077448431,0.0106137172916574,0.0438744052696722,0
1198,-0.285,0.0405178441224445,0.0104339785738326,0.0437624134169624,0
1198.00277777778,-0.285,0.0258493951969732,0.0102508070598923,0.0436575027747142,0
1198.00555555556,-0.3,0.00761760076105893,0.0100629097187948,0.0435633250728639,0
1198.00833333333,-0.285,-0.0131838044925359,0.00986597622058878,0.0434831717393872,0
1198.01111111111,-0.27,-0.0352593881234454,0.00965316331926007,0.0434194143872763,0
1198.01388888889,-0.285,-0.0571372245342925,0.00941598842231799,0.0433722445136342,0
1198.01666666667,-0.285,-0.0773127059451302,0.00937547604826218,0.0433410119846126,0
1198.01944444444,-0.28,-0.0943967333743216,0.00962602364555944,0.0433243299582845,0
1198.02222222222,-0.29,-0.107253631599917,0.00998463547278029,0.0433202165649686,0
1198.025,-0.27,-0.115115135909321,0.0103922114211592,0.0433262813794448,0
1198.02777777778,-0.235,-0.117659134537145,0.0108462932347072,0.0433343959991046,0
1198.03055555556,-0.215,-0.115045289041873,0.0113393762348058,0.043341713347297,0
1198.03333333333,-0.215,-0.107903859324751,0.0118588858661581,0.0433489354179155,0
1198.03611111111,-0.225,-0.0972786210038979,0.0122360688072045,0.0433564087342532,0
1198.03888888889,-0.235,-0.0845292372290407,0.0123260054971283,0.0433643127585361,0
1198.04166666667,-0.23,-0.0712024007873125,0.0120845012692816,0.0433719890130701,0
1198.04444444444,-0.205,-0.058884112639964,0.0116588635347513,0.043378864402207,0
1198.04722222222,-0.175,-0.0490473149390192,0.0113125282498149,0.0433846543289475,0
1198.05,-0.185,-0.0429095714735144,0.0110640399747681,0.0433894870069163,0
1198.05277777778,-0.21,-0.0413145410948443,0.0109270791793666,0.0433936935121094,0
1198.05555555556,-0.23,-0.0446487122007772,0.0109092313082574,0.0433972787234674,0
1198.05833333333,-0.24,-0.0528014795041484,0.0110112515888735,0.0434002428650132,0
1198.06111111111,-0.245,-0.0651724757853033,0.01122690268988,0.0434025777992305,0
1198.06388888889,-0.25,-0.0807255241426419,0.0115433879254002,0.0434042670939898,0
1198.06666666667,-0.27,-0.0980840897899553,0.0119423457543856,0.0434052889899593,0
1198.06944444444,-0.285,-0.115659118023627,0.0124013175230076,0.0434056229956948,0
1198.07222222222,-0.29,-0.131797032055114,0.0127152898965155,0.0434052791992315,0
1198.075,-0.275,-0.144933731394002,0.0127272251980784,0.0434041034135643,0
1198.07777777778,-0.255,-0.153739864787277,0.0124857191711445,0.0434020529703778,0
1198.08055555556,-0.27,-0.157243505802121,0.0120646069010553,0.0433996203674877,0
1198.08333333333,-0.29,-0.154918551178028,0.0116546065717641,0.0433974907424769,0
1198.08611111111,-0.305,-0.146730480005272,0.011301945169695,0.0433956203705474,0
1198.08888888889,-0.305,-0.133135234728032,0.0110095358652045,0.0433937691978511,0
1198.09166666667,-0.29,-0.115031514163766,0.0108215928463398,0.0433915956045798,0
1198.09444444444,-0.28,-0.0936712660150856,0.0108984680499749,0.0433905810110683,0
1198.09722222222,-0.295,-0.0705371964663825,0.0110496826487738,0.043396808782174,0
1198.1,-0.32,-0.0471992871080011,0.0111807591085446,0.0434125025856462,0
1198.10277777778,-0.34,-0.0251643170523212,0.0113082518826998,0.0434395589474068,0
1198.10555555556,-0.35,-0.00573303570234091,0.0114480533991291,0.0434793822404728,0
1198.10833333333,-0.34,0.0101211442155223,0.0116138621321126,0.0435327380955982,0
1198.11111111111,-0.33,0.0218401885425244,0.0118159565968626,0.0435996424799034,0
1198.11388888889,-0.35,0.0293277420049686,0.0120603854851194,0.0436792949197772,0
1198.11666666667,-0.37,0.032949305544739,0.0123486374671737,0.0437685216088895,0
1198.11944444444,-0.365,0.0334864334870095,0.0126778014446733,0.0438632058327135,0
1198.12222222222,-0.36,0.0320496065947249,0.013041174816064,0.0439592719515069,0
1198.125,-0.345,0.0299584991073816,0.013268887546326,0.0440537475485767,0
1198.12777777778,-0.355,0.0286015712366598,0.0131057693516833,0.0441507681399712,0
1198.13055555556,-0.335,0.029288967155088,0.0127021885800017,0.044254476030219,0
1198.13333333333,-0.355,0.0331133784391753,0.0123072879332342,0.0443685149203228,0
1198.13611111111,-0.37,0.0408327729102768,0.0119299555495309,0.0444936976004435,0
1198.13888888889,-0.36,0.0527867575470005,0.0115766670646719,0.0446300613027209,0
1198.14166666667,-0.34,0.0688550442786568,0.0112512941905811,0.0447769496755538,0
1198.14444444444,-0.32,0.0884623366124446,0.0109553640908173,0.044933133969414,0
1198.14722222222,-0.325,0.110629355516279,0.0106887402454652,0.0450970063951466,0
1198.15,-0.345,0.134065123227702,0.0104506419730259,0.0452667971569064,0
1198.15277777778,-0.36,0.157291475018636,0.0102408740557274,0.0454407124267681,0
1198.15555555556,-0.37,0.178787481837098,0.0100611052307369,0.0456171918709035,0
1198.15833333333,-0.38,0.197139370577863,0.00995642880174242,0.0457951481725208,0
1198.16111111111,-0.365,0.211180839363036,0.010021242995214,0.0459740702170586,0
1198.16388888889,-0.345,0.220109463164725,0.0100670627381411,0.0461540908537231,0
1198.16666666667,-0.35,0.223567106692845,0.0100399354846104,0.0463323352201415,0
1198.16944444444,-0.375,0.221675703794371,0.0100666647512946,0.046507509037727,0
1198.17222222222,-0.375,0.215024101986365,0.0103023480231976,0.046677900890633,0
1198.175,-0.37,0.204606492965077,0.0106756525169239,0.0468415591854096,0
1198.17777777778,-0.33,0.191717789477287,0.0112066134791764,0.0469963873957986,0
1198.18055555556,-0.315,0.177815693467537,0.0119105982658486,0.0471403968010286,0
1198.18333333333,-0.295,0.16436269630501,0.012795899799719,0.0472719579691394,0
1198.18611111111,-0.285,0.15266350647024,0.0138616231222795,0.0473899867260801,0
1198.18888888889,-0.245,0.143714176453115,0.0150961004876799,0.0474940904252752,0
1198.19166666667,-0.225,0.138078401727769,0.0164760370083034,0.0475846832028425,0
1198.19444444444,-0.23,0.13580414419005,0.0179665336484863,0.0476630287843221,0
1198.19722222222,-0.205,0.13639009128898,0.019522061770739,0.0477311803795339,0
1198.2,-0.215,0.138806830841927,0.0210883797385021,0.0477925385384341,0
1198.20277777778,-0.21,0.141572430279097,0.0226052948683544,0.047851357645242,0
1198.20555555556,-0.19,0.14287684741405,0.0240100915318242,0.0479109983851351,0
1198.20833333333,-0.18,0.140744770809485,0.0252413765171339,0.0479679252385227,0
1198.21111111111,-0.185,0.133222560005871,0.0261126014498874,0.0480187005827158,0
1198.21388888889,-0.175,0.118572318403722,0.0263788576986117,0.0480601917246054,0
1198.21666666667,-0.14,0.0954550560272955,0.026073932818578,0.0480897553059951,0
1198.21944444444,-0.13,0.0630855125770804,0.0259919226870523,0.0481053930142797,0
1198.22222222222,-0.14,0.0213434813631811,0.0262453852667096,0.0481067223448931,0
1198.225,-0.165,-0.02916978732486,0.026821931118307,0.048106257022394,0
1198.22777777778,-0.18,-0.0871366498253069,0.0276938111112531,0.048107820497214,0
1198.23055555556,-0.19,-0.150590576634811,0.0288200431804398,0.0481111320983074,0
1198.23333333333,-0.205,-0.217041330991048,0.0301495153807684,0.0481159159476039,0
1198.23611111111,-0.2,-0.28364765335484,0.0316248057988174,0.048121838602269,0
1198.23888888889,-0.23,-0.347422763160733,0.0331459804145023,0.0481285233439856,0
1198.24166666667,-0.26,-0.405454770711623,0.0345697884320327,0.0481355945677263,0
1198.24444444444,-0.3,-0.455122497753938,0.0359470246121404,0.0481426969986002,0
1198.24722222222,-0.31,-0.494287405856039,0.0373602618165589,0.0481497112058664,0
1198.25,-0.27,-0.521444331804365,0.0387677392331223,0.04815695157773,0
1198.25277777778,-0.245,-0.535817364825376,0.0400608136097337,0.0481646524202113,0
1198.25555555556,-0.21,-0.537392152325685,0.0412327340182705,0.0481729525883246,0
1198.25833333333,-0.165,-0.52688174265214,0.0422870888996723,0.0481818868600818,0
1198.26111111111,-0.11,-0.505629231832326,0.0432351075335059,0.0481914177015854,0
1198.26388888889,-0.065,-0.475456404973475,0.0440921225688438,0.0482014520936043,0
1198.26666666667,-0.035,-0.438472695343268,0.0448735506894465,0.048211861148353,0
1198.26944444444,0.025,-0.396862635319728,0.0455908084960957,0.0482225003890269,0
1198.27222222222,0.115,-0.352672166784853,0.0462476034507418,0.0482332037105455,0
1198.275,0.215,-0.307614487123715,0.0468370218127814,0.048243784003729,0
1198.27777777778,0.32,-0.262914476169922,0.0473397770799649,0.0482540706349912,0
1198.28055555556,0.37,-0.219207304108594,0.047723887387823,0.0482640337765057,0
1198.28333333333,0.415,-0.1765018554483,0.0479459259329601,0.0482737395025598,0
1198.28611111111,0.475,-0.13421355938521,0.0479538449678451,0.0482832305994696,0
1198.28888888889,0.545,-0.0912646377003072,0.0476912235267547,0.0482925274944126,0
1198.29166666667,0.64,-0.0462432699749616,0.0471026450649191,0.0483016166090849,0
1198.29444444444,0.755,0.00239266347475206,0.0470742596982177,0.0483104571627226,0
1198.29722222222,0.89,0.0560862174118331,0.0483377311029629,0.0483189993246937,0
1198.3,0.985,0.115948301243222,0.0501346567247772,0.0483271892682173,0
1198.30277777778,1.06,0.182543768481919,0.0523477538682863,0.0483351143461973,0
1198.30555555556,1.13,0.25571845266744,0.054940500343052,0.0483428607274733,0
1198.30833333333,1.21,0.334485791560713,0.0578468766475183,0.0483505067920676,0
1198.31111111111,1.255,0.416986772054953,0.0609719016903496,0.0483580563399611,0
1198.31388888889,1.265,0.500530658910339,0.0641944908862983,0.0483654285057318,0
1198.31666666667,1.275,0.581716884022453,0.0673725881494486,0.0483725336072816,0
1198.31944444444,1.255,0.65663119275623,0.070350335905391,0.0483792797776532,0
1198.32222222222,1.265,0.721102318116098,0.0729668712458323,0.0483855789261586,0
1198.325,1.32,0.770999697170076,0.0750661866517849,0.0483913524468186,0
1198.32777777778,1.435,0.802548583480557,0.0765073833852426,0.0483965355606667,0
1198.33055555556,1.525,0.812636734035648,0.0771745848045164,0.0484010787244025,1
1198.33333333333,1.555,0.799086876648975,0.0769857717470637,0.0484049459283756,0
1198.33611111111,1.59,0.760871418411057,0.0758998545547496,0.0484081123564816,0
1198.33888888889,1.625,0.698250165704899,0.0741753019506241,0.048410561032714,0
1198.34166666667,1.64,0.612817837723319,0.0728656724562261,0.0484122787977522,0
1198.34444444444,1.58,0.507455363096264,0.0718332248383345,0.0484133090002018,0
1198.34722222222,1.365,0.386186740636532,0.0709472682281922,0.0484137728156155,0
1198.35,1.035,0.253950954370885,0.0700988577325031,0.0484137857516094,0
1198.35277777778,0.69,0.116305399153497,0.0692128531503153,0.0484134654657878,0
1198.35555555556,0.405,-0.020917101138999,0.068256243840567,0.0484129254622107,0
1198.35833333333,0.165,-0.151971797015121,0.067241993919033,0.0484122683359368,0
1198.36111111111,-0.045,-0.271558493949248,0.0662280786855198,0.0484115792081176,0
1198.36388888889,-0.215,-0.375144089382167,0.0653118274923676,0.0484109202610492,0
1198.36666666667,-0.345,-0.459227090715529,0.0646201198257185,0.0484103276959032,0
1198.36944444444,-0.47,-0.521524853559371,0.0642963611759339,0.0484098108630301,0
1198.37222222222,-0.53,-0.561070642618588,0.0644854591845713,0.0484093685926087,0
1198.375,-0.565,-0.578214977491193,0.0643837294556342,0.0484089911576653,0
1198.37777777778,-0.6,-0.574533449073751,0.0633264758653977,0.0484086506869654,0
1198.38055555556,-0.63,-0.552650620579904,0.0613921152457456,0.048408311599563,0
1198.38333333333,-0.65,-0.515996134260062,0.0587006049497993,0.0484079390836009,0
1198.38611111111,-0.685,-0.468514191768668,0.0554052472473255,0.0484073903588793,0
1198.38888888889,-0.705,-0.41435075725038,0.0516827401388807,0.0484065246206718,0
1198.39166666667,-0.72,-0.357543909639587,0.0477221832757358,0.0484052186185984,0
1198.39444444444,-0.71,-0.3017416927669,0.0437137980156626,0.0484033795253203,0
1198.39722222222,-0.71,-0.249968715379272,0.0398381143435752,0.0484009572888192,0
1198.4,-0.745,-0.204457948417379,0.036256316505057,0.048397953558482,0
1198.40277777778,-0.795,-0.166558107658924,0.0331023300098771,0.0483944267327503,0
1198.40555555556,-0.82,-0.136720250937771,0.0304770850296965,0.0483904907424249,0
1198.40833333333,-0.815,-0.114560365471042,0.0284452177166572,0.0483863088411976,0
1198.41111111111,-0.8,-0.0989883726654657,0.0270342858048541,0.0483820828020364,0
1198.41388888889,-0.805,-0.0883886774179713,0.0262363926480992,0.0483780372160052,0
1198.41666666667,-0.82,-0.0808335732969086,0.0260119484479526,0.0483743997912679,0
1198.41944444444,-0.835,-0.0743087785606633,0.0260412623094276,0.0483713785646611,0
1198.42222222222,-0.865,-0.066930249161524,0.0253356748782861,0.0483691379924863,0
1198.425,-0.855,-0.0571331479062105,0.0243051079654169,0.0483676289352218,0
1198.42777777778,-0.84,-0.0438172315913781,0.0230516048050857,0.0483666548454885,0
1198.43055555556,-0.865,-0.0264375943569327,0.0216748338146923,0.0483659460693255,0
1198.43333333333,-0.895,-0.00503521168166798,0.0202659714957141,0.0483651466772753,0
1198.43611111111,-0.91,0.0197924621202942,0.0189028476840836,0.0483639797723102,0
1198.43888888889,-0.885,0.0469750206793883,0.0176465852113943,0.0483628455154501,0
1198.44166666667,-0.87,0.0750961092532987,0.0165398320375565,0.0483622214377311,0
1198.44444444444,-0.86,0.102549600260979,0.0156065522986455,0.0483625601126329,0
1198.44722222222,-0.88,0.127708449516202,0.0148532240969395,0.0483643068127078,0
1198.45,-0.895,0.149089186917754,0.0142711951422922,0.0483649481583531,0
1198.45277777778,-0.92,0.165496074431078,0.0138398790420899,0.0483527834194087,0
1198.45555555556,-0.95,0.176131527499432,0.013530438811362,0.0483255413371304,0
1198.45833333333,-0.94,0.180663157899651,0.0133096007215439,0.0482815393491606,0
1198.46111111111,-0.93,0.179242364908909,0.0131432687232582,0.0482198523902971,0
1198.46388888889,-0.94,0.172474319062275,0.0129996626298135,0.0481404465956717,0
1198.46666666667,-0.95,0.161343968220484,0.0128517753307412,0.0480443778073551,0
1198.46944444444,-0.965,0.147106892423606,0.0126790275619755,0.0479337160281664,0
1198.47222222222,-0.97,0.131157052063181,0.0124680847733689,0.0478114182981309,0
1198.475,-0.975,0.114885425727777,0.0122128813206632,0.0476812463281978,0
1198.47777777778,-0.975,0.0995440600481388,0.0119139655406695,0.0475476735463927,0
1198.48055555556,-0.995,0.0861291351275425,0.0115773298651745,0.0474138624254147,0
1198.48333333333,-1.01,0.0752944067975057,0.0112129196642941,0.0472748765258258,0
1198.48611111111,-1.03,0.0673030679258278,0.0108330219035572,0.0471263390015422,0
1198.48888888889,-1.03,0.0620220221438694,0.0104507210884095,0.046964654151595,0
1198.49166666667,-1.045,0.0589581962441609,0.010078578471271,0.0467871655820813,0
1198.49444444444,-1.045,0.0573322676877762,0.00972764578754711,0.0465922387895683,0
1198.49722222222,-1.045,0.0561814681714372,0.00940687255952689,0.0463792644171528,0
1198.5,-1.04,0.0544803013854764,0.00937830653907622,0.0461485840900892,0
1198.50277777778,-1.07,0.0512663486962358,0.00962093482159221,0.0459013386870112,0
1198.50555555556,-1.075,0.0457579791140163,0.00981941417177471,0.0456393480274954,0
1198.50833333333,-1.06,0.0374517480933899,0.00997203566550158,0.0453647511053285,0
1198.51111111111,-1.065,0.0261894517285361,0.0100775650659169,0.0450797306163591,0
1198.51388888889,-1.065,0.0121879691817373,0.0101346870236921,0.0447862521976244,0
1198.51666666667,-1.085,-0.00397114700040815,0.010141625205814,0.0444867849388373,0
1198.51944444444,-1.105,-0.0213912709701469,0.0100960063652174,0.0441876307714874,0
1198.52222222222,-1.11,-0.0389444637185253,0.00999499850760689,0.0438943565018592,0
1198.525,-1.095,-0.0553809196648362,0.00983571261051026,0.0436072368309666,0
1198.52777777778,-1.08,-0.0694530452807758,0.00961581865426605,0.0433272441909243,0
1198.53055555556,-1.065,-0.0800416467853119,0.0095331327227731,0.0430559090975792,0
1198.53333333333,-1.07,-0.0862714864706427,0.00966392453160564,0.0427951325776223,0
1198.53611111111,-1.075,-0.0876045159264096,0.00995060237044661,0.0425469563520365,0
1198.53888888889,-1.075,-0.0839013001192599,0.0103196388891094,0.0423133053274183,0
1198.54166666667,-1.055,-0.0754442869355539,0.0106896763708571,0.0420957229390147,0
1198.54444444444,-1.03,-0.0629203399336276,0.0109803280845658,0.0418951261891618,0
1198.54722222222,-1.015,-0.0473639657737572,0.011120791889778,0.0417116034290565,0
1198.55,-1.005,-0.0300665373648351,0.0110574180978644,0.0415442737627614,0
1198.55277777778,-1.01,-0.0124601602289311,0.0107594835205406,0.0413895818435732,0
1198.55555555556,-0.995,0.00401267338800907,0.0103307412977709,0.041241933420669,0
1198.55833333333,-0.98,0.0180310926903477,0.00996945306626251,0.0410954226309427,0
1198.56111111111,-0.95,0.028516789740238,0.00968972215504316,0.0409461786400186,0
1198.56388888889,-0.91,0.0347322270544727,0.00950111731374294,0.0407991997951879,0
1198.56666666667,-0.885,0.0363466411950683,0.00940776094228338,0.0406596671391227,0
1198.56944444444,-0.885,0.0334634874264055,0.00940782139180439,0.0405326229554967,0
1198.57222222222,-0.86,0.0266066990705534,0.00949347245782551,0.0404226490625352,0
1198.575,-0.84,0.0166671131877804,0.00965134067759108,0.0403319265182449,0
1198.57777777778,-0.8,0.00481425463022082,0.00986341572928284,0.0402605236700343,0
1198.58055555556,-0.755,-0.0076179991264238,0.00985296140899752,0.0402075499437387,0
1198.58333333333,-0.755,-0.0192608515132159,0.00959823641174153,0.0401712885718019,0
1198.58611111111,-0.735,-0.0288426714465899,0.00935679464255954,0.0401493703962525,0
1198.58888888889,-0.705,-0.0353110625017221,0.00914993818438717,0.040138974568288,0
1198.59166666667,-0.65,-0.0379332561241841,0.00899559249083122,0.0401370377572409,0
1198.59444444444,-0.6,-0.0363652980377044,0.00890697820203385,0.0401368532783302,0
1198.59722222222,-0.58,-0.0306835405693032,0.00889167703373465,0.0401363274878304,0
1198.6,-0.545,-0.0213756130249255,0.00895116758726693,0.040136015906837,0
1198.60277777778,-0.515,-0.00929196067425376,0.00908086408926946,0.0401362327978948,0
1198.60555555556,-0.495,0.00443716049973017,0.0092706456263986,0.0401363161280072,0
1198.60833333333,-0.46,0.018511039151779,0.00950581979540557,0.0401356804375654,0
1198.61111111111,-0.435,0.0315835215709276,0.0095695888308703,0.0401341403628241,0
1198.61388888889,-0.41,0.0423915396294599,0.00936704350392753,0.040131576592404,0
1198.61666666667,-0.39,0.0498747455842877,0.00910882132459219,0.040127925226146,0
1198.61944444444,-0.39,0.0532747861031631,0.00888115363647912,0.0401231771719099,0
1198.62222222222,-0.395,0.0522047978398806,0.00869972255637333,0.0401173729433243,0
1198.625,-0.38,0.0466826621442323,0.00857639541227338,0.040111557690457,0
1198.62777777778,-0.365,0.0371251252713604,0.00851854039217599,0.0401087767319242,0
1198.63055555556,-0.365,0.0243037219755609,0.00852875185640191,0.0401091210886589,0
1198.63333333333,-0.385,0.00926715921478056,0.00860498232674366,0.0401120031173948,0
1198.63611111111,-0.405,-0.00676194052148266,0.00863290506140937,0.0401144296894379,0
1198.63888888889,-0.415,-0.0225055858762575,0.00844656590513383,0.0401174049974843,0
1198.64166666667,-0.43,-0.0367524814842211,0.00822185957750137,0.0401231086969516,0
1198.64444444444,-0.435,-0.0484715833752009,0.00797199528328269,0.040134091414666,0
1198.64722222222,-0.425,-0.0569060484169986,0.00771042532195055,0.040153121190096,0
1198.65,-0.435,-0.0616385042141385,0.00744991193731949,0.0401829949775368,0
1198.65277777778,-0.45,-0.0626214780886505,0.00720178898171381,0.0402263274109842,0
1198.65555555556,-0.44,-0.0601703354066024,0.00697546595119132,0.0402850574991339,0
1198.65833333333,-0.44,-0.0549198398043219,0.00677818966697818,0.0403603269703097,0
1198.66111111111,-0.42,-0.0477490873707451,0.0067068471490598,0.0404525745332698,0
1198.66388888889,-0.43,-0.0396827221628518,0.00683273314533664,0.0405616074624213,0
1198.66666666667,-0.435,-0.0317786978123018,0.00691987497076695,0.040686257615687,0
1198.66944444444,-0.445,-0.0250141742946183,0.00696804627842472,0.0408243550221372,0
1198.67222222222,-0.46,-0.0201812970322454,0.00697793539797107,0.0409727695607553,0
1198.675,-0.435,-0.01780357964046,0.00695089856131815,0.0411275108307465,0
1198.67777777778,-0.42,-0.0180815015768706,0.00688886228051447,0.0412838917340294,0
1198.68055555556,-0.415,-0.020872945619907,0.00679439759793388,0.041442473083422,0
1198.68333333333,-0.405,-0.025710533438237,0.00667095780526374,0.0416082986525762,0
1198.68611111111,-0.425,-0.0318541257335889,0.00652323996809854,0.041785600415511,0
1198.68888888889,-0.44,-0.0383731162313368,0.0063576032284831,0.0419775960730994,0
1198.69166666667,-0.435,-0.0442500329379209,0.00620637308744977,0.0421860840057506,0
1198.69444444444,-0.41,-0.0484946831113009,0.00631251502393554,0.0424118812437128,0
1198.69722222222,-0.385,-0.0502568768239476,0.00647215659737651,0.0426548105976866,0
1198.7,-0.355,-0.0489257693247053,0.00660232242603628,0.0429138057122301,0
1198.70277777778,-0.34,-0.0442050871693944,0.0066863175503809,0.0431871271945283,0
1198.70555555556,-0.35,-0.0361558385362672,0.00670688421118251,0.0434726235389259,0
1198.70833333333,-0.335,-0.0252013337413199,0.0066474704583547,0.0437681239830434,0
1198.71111111111,-0.31,-0.0120931459786762,0.00649374129354646,0.0440715174923429,0
1198.71388888889,-0.295,0.00215934851916937,0.00641896743908392,0.0443809924800133,0
1198.71666666667,-0.325,0.0163893961121258,0.00662333905823483,0.0446953536701044,0
1198.71944444444,-0.38,0.0293935656720636,0.00709967416801465,0.0450084050334994,0
1198.72222222222,-0.395,0.0400607072925932,0.00767424839177077,0.0453171682766222,0
1198.725,-0.385,0.0474959919057821,0.00832890829982756,0.0456205036879434,0
1198.72777777778,-0.37,0.0511269914987322,0.00903723772628206,0.0459166445930167,0
1198.73055555556,-0.35,0.050780209791559,0.00976543233042553,0.04620338711447,0
1198.73333333333,-0.355,0.0467191197589595,0.0104739134216234,0.0464783358174431,0
1198.73611111111,-0.375,0.0396383714471234,0.0111196227208051,0.0467391830104925,0
1198.73888888889,-0.38,0.0306130668137097,0.0116588689668711,0.046983996421382,0
1198.74166666667,-0.36,0.0210064557741387,0.0119587320099092,0.0472114311810358,0
1198.74444444444,-0.345,0.0123436574029987,0.0118420174449071,0.0474209105608779,0
1198.74722222222,-0.355,0.00616263188445519,0.0118421739778756,0.0476130362747023,0
1198.75,-0.355,0.00385625414621067,0.0120657952427059,0.0477895388128914,0
1198.75277777778,-0.325,0.00652068962916975,0.0125136376244311,0.0479538044863543,0
1198.75555555556,-0.285,0.0148251839763318,0.0131717434131129,0.0481116034801563,0
1198.75833333333,-0.26,0.0289168240963572,0.0140115469000364,0.0482687100324014,0
1198.76111111111,-0.255,0.0483709206283207,0.0149911736715764,0.0484248629376736,0
1198.76388888889,-0.26,0.0721936457802978,0.0160579083492886,0.0485745150412856,0
1198.76666666667,-0.25,0.0988787914428302,0.0171517014752309,0.0487121955502731,0
1198.76944444444,-0.235,0.126515425460739,0.0182094862177939,0.0488331584231394,0
1198.77222222222,-0.215,0.15293829381206,0.019146073439552,0.0489356056161073,0
1198.775,-0.24,0.175908513661711,0.0196746666780286,0.0490187224098822,0
1198.77777777778,-0.225,0.19330884851027,0.0197999676226703,0.0490827289160141,0
1198.78055555556,-0.225,0.20333598425762,0.019568180940716,0.0491288192949318,0
1198.78333333333,-0.225,0.204671944027867,0.0194103595950109,0.0491590037377289,0
1198.78611111111,-0.235,0.196618155938653,0.0194756820151212,0.0491759126467197,0
1198.78888888889,-0.24,0.179178634463628,0.0197350963069685,0.0491824657013156,0
1198.79166666667,-0.225,0.153083017630952,0.0201420160138819,0.0491838921119749,0
1198.79444444444,-0.21,0.119745455261335,0.0204520121051812,0.0491857921516632,0
1198.79722222222,-0.215,0.0811611065475958,0.0203899603835473,0.0491875249628818,0
1198.8,-0.265,0.0397477606129993,0.0199355819057872,0.0491887046653707,0
1198.80277777778,-0.315,-0.00185468666118569,0.0196074640298583,0.0491896821494969,0
1198.80555555556,-0.33,-0.041009971926699,0.0194656670242308,0.0491911473390549,0
1198.80833333333,-0.34,-0.0753167290539763,0.0195541434156985,0.049193523265438,0
1198.81111111111,-0.335,-0.102824540192137,0.0198955481243052,0.0491969735017154,0
1198.81388888889,-0.34,-0.122214834140555,0.0204875584887522,0.0492015728459671,0
1198.81666666667,-0.37,-0.132929309847002,0.0213011037853668,0.0492073179579532,0
1198.81944444444,-0.37,-0.135232800703739,0.0222807665017702,0.0492141408261568,0
1198.82222222222,-0.395,-0.130203008689616,0.023347451923334,0.0492219248627379,0
1198.825,-0.395,-0.119645860135277,0.0244032410681172,0.0492303887992848,0
1198.82777777778,-0.39,-0.105941820153161,0.0247827253397867,0.0492391383656565,0
1198.83055555556,-0.39,-0.0918347709144279,0.0242802617808081,0.0492476204863556,0
1198.83333333333,-0.395,-0.0801804487837891,0.0239231048865358,0.0492554685151358,0
1198.83611111111,-0.385,-0.0736754543640109,0.0240028032050372,0.0492627729136976,0
1198.83888888889,-0.365,-0.0745901186289947,0.0245895557426153,0.0492696220114384,0
1198.84166666667,-0.365,-0.0845287967590191,0.0257223961897701,0.0492760710822562,0
1198.84444444444,-0.375,-0.104239408747798,0.0274034784035227,0.0492821768811606,0
1198.84722222222,-0.36,-0.133490369762895,0.0295948059627583,0.0492880897504126,0
1198.85,-0.365,-0.171027740330396,0.0322177850158453,0.0492938261381171,0
1198.85277777778,-0.37,-0.214618909250682,0.0351557789067388,0.0492996355230303,0
1198.85555555556,-0.38,-0.261181942702157,0.0382596213871736,0.0493055276537266,0
1198.85833333333,-0.38,-0.306992496326413,0.041355819329728,0.0493115056818201,0
1198.86111111111,-0.37,-0.347953509299114,0.0442569632214335,0.0493175614197098,0
1198.86388888889,-0.345,-0.379907354268075,0.0464267989625396,0.0493236725826408,0
1198.86666666667,-0.325,-0.398966186235703,0.0476523731155232,0.049329801521562,0
1198.86944444444,-0.32,-0.401834264500349,0.0479425045798721,0.0493359000439996,0
1198.87222222222,-0.31,-0.38609619760157,0.0475462332743972,0.0493419154352892,0
1198.875,-0.3,-0.350447383995412,0.0480650575424677,0.0493477954216952,0
1198.87777777778,-0.3,-0.294847211691909,0.0495236928041583,0.0493533723585189,0
1198.88055555556,-0.315,-0.220581492789821,0.0518285632262745,0.0493582917972161,0
1198.88333333333,-0.32,-0.130227661316811,0.0543344461179673,0.0493623181421711,0
1198.88611111111,-0.3,-0.0275238768334671,0.0568517445154641,0.0493654126810979,0
1198.88888888889,-0.25,0.0828492728333352,0.0592132611617753,0.0493676971365687,0
1198.89166666667,-0.16,0.195558906807406,0.0612871667538161,0.0493694197071184,0
1198.89444444444,-0.025,0.304960632688432,0.0629864862057103,0.0493706291336442,0
1198.89722222222,0.155,0.405464848728958,0.0642743617169907,0.0493712736775417,0
1198.9,0.375,0.491901512445155,0.0651647259911951,0.0493712922492748,0
1198.90277777778,0.615,0.559856540951356,0.0657184201550165,0.0493706210907974,0
1198.90555555556,0.86,0.605955339942221,0.0660351836583941,0.0493692009176547,0
1198.90833333333,1.07,0.628073192390453,0.0662422937295523,0.0493669847894137,1
1198.91111111111,1.215,0.625458011010491,0.0664809099849836,0.0493641898734582,0
1198.91388888889,1.225,0.598757785105808,0.0660704575469436,0.0493611192132128,0
1198.91666666667,1.005,0.549952368097004,0.0653631261921284,0.0493577833287422,0
1198.91944444444,0.635,0.48219646159065,0.0642620945737415,0.0493541110287107,0
1198.92222222222,0.255,0.399587179601535,0.0627090551570054,0.0493501039260064,0
1198.925,-0.02,0.306874914085346,0.0606909920897738,0.0493458612027574,0
1198.92777777778,-0.155,0.209139970327226,0.0582428884818077,0.0493414192089238,0
1198.93055555556,-0.195,0.111459337590542,0.0554461666757996,0.0493368250339045,0
1198.93333333333,-0.2,0.0185879045653249,0.0524230355815657,0.0493321864634111,0
1198.93611111111,-0.235,-0.0653235187132816,0.0493272681929566,0.0493278988738705,0
1198.93888888889,-0.275,-0.136954636289465,0.046332230180995,0.0493243286665296,0
1198.94166666667,-0.295,-0.193972780012989,0.0436172021742895,0.0493216930596693,0
1198.94444444444,-0.25,-0.235112766579898,0.0413531663500409,0.049320173128392,0
1198.94722222222,-0.18,-0.260177790611116,0.0398378520241976,0.049319901445126,0
1198.95,-0.17,-0.26996574028327,0.0392607695926051,0.0493209519030086,0
1198.95277777778,-0.18,-0.26613079408765,0.0394206020327997,0.0493233293734058,0
1198.95555555556,-0.185,-0.250994589771133,0.0387674536667753,0.0493269645503921,0
1198.95833333333,-0.185,-0.227324334400852,0.037326902570954,0.0493317200534277,0
1198.96111111111,-0.195,-0.198096758584111,0.0351725432826976,0.0493373662429143,0
1198.96388888889,-0.185,-0.166266756060816,0.0324202621545453,0.0493394557017567,0
1198.96666666667,-0.17,-0.134557976208489,0.0292271495252162,0.0493406142709164,0
1198.96944444444,-0.18,-0.105289758915922,0.0259644656801765,0.0493433228097801,0
1198.97222222222,-0.175,-0.0802509266746332,0.0228007004292068,0.0493465411500569,0
1198.975,-0.15,-0.0606264550632708,0.0198849878986013,0.0493487843865346,0
1198.97777777778,-0.14,-0.0469783413696326,0.017339722249909,0.049348675244454,0
1198.98055555556,-0.135,-0.0392774898478946,0.0152553714328847,0.0493449538155407,0
1198.98333333333,-0.16,-0.0369795002449044,0.0136876858463383,0.0493365360512268,0
1198.98611111111,-0.21,-0.0391341837863127,0.0126573239189855,0.0493225588343949,0
1198.98888888889,-0.25,-0.0445166457183652,0.0121517503033146,0.0493023697101044,0
1198.99166666667,-0.26,-0.0517669678639699,0.0121291160897845,0.0492756257128198,0
1198.99444444444,-0.26,-0.0595258911539454,0.0122592345572304,0.0492425944173743,0
1198.99722222222,-0.25,-0.0665553263839321,0.0119441624773899,0.0492034428311352,0
1199,-0.25,-0.0718348135308502,0.0112814978741405,0.0491579901298237,0
1199.00277777778,-0.245,-0.0746279428035477,0.0103801969625775,0.0491062455916541,0
1199.00555555556,-0.235,-0.0745159435379031,0.00935128142822011,0.0490487072055192,0
1199.00833333333,-0.22,-0.0713988312859343,0.00829917407917464,0.0489859079277254,0
1199.01111111111,-0.2,-0.0654673908273705,0.00731432900055751,0.0489183704331152,0
1199.01388888889,-0.205,-0.0571516211897137,0.00646766741587129,0.0488465737103377,0
1199.01666666667,-0.22,-0.0470529017231827,0.00580714014699133,0.0487709350861241,0
1199.01944444444,-0.24,-0.035867957840704,0.0053565308837709,0.0486918587868438,0
1199.02222222222,-0.25,-0.0243126961270251,0.00511641098577571,0.0486098417296659,0
1199.025,-0.255,-0.0130532054533486,0.00506697450505203,0.048525361693091,0
1199.02777777778,-0.255,-0.00264981627658489,0.00502373800181808,0.0484388559076443,0
1199.03055555556,-0.255,0.00648174120319481,0.00486598013359441,0.0483506927829963,0
1199.03333333333,-0.28,0.0140901229547435,0.00463558404381881,0.048261381667603,0
1199.03611111111,-0.28,0.0200892369558857,0.00437468457507561,0.0481716266049471,0
1199.03888888889,-0.27,0.0245422188319376,0.00414237601366462,0.0480823645047189,0
1199.04166666667,-0.26,0.0276320682133495,0.00398945118928661,0.0479947834138933,0
1199.04444444444,-0.25,0.029623520240281,0.00394188566140341,0.0479103222602553,0
1199.04722222222,-0.265,0.0308211869702884,0.00400524803054473,0.047826487390239,0
1199.05,-0.245,0.031528896982959,0.00398080743147426,0.0477373766004195,0
1199.05277777778,-0.235,0.0320145432683475,0.0038713874466401,0.0476404445979404,0
1199.05555555556,-0.22,0.032483724082191,0.00368747196470399,0.0475337892772926,0
1199.05833333333,-0.2,0.033064169142437,0.00344540675086086,0.0474157024118696,0
1199.06111111111,-0.18,0.0338015436223143,0.00316526484822426,0.0472847781587444,0
1199.06388888889,-0.165,0.0346658752843178,0.00286858476319471,0.0471400476251835,0
1199.06666666667,-0.17,0.0355667002319416,0.00257618426475624,0.0469811003131114,0
1199.06944444444,-0.2,0.0363741839855078,0.00230623089336271,0.0468082203449588,0
1199.07222222222,-0.195,0.0369430195276199,0.00207271573607105,0.0466223096815187,0
1199.075,-0.195,0.0371358582240425,0.00188443326222527,0.0464248561002675,0
1199.07777777778,-0.18,0.0368433712749746,0.00174452105717446,0.0462180251069716,0
1199.08055555556,-0.15,0.0359987040350185,0.0016505632812585,0.046004597370795,0
1199.08333333333,-0.135,0.0345849750709339,0.00159521455325057,0.0457878549921864,0
1199.08611111111,-0.135,0.0326354671001909,0.00156726016418521,0.0455714390340562,0
1199.08888888889,-0.12,0.030227132221266,0.0015529968179142,0.0453591773488504,0
1199.09166666667,-0.105,0.0274688713228928,0.0015377973616242,0.0451537636866064,0
1199.09444444444,-0.09,0.0244866506613832,0.00153438770535636,0.0449532345378427,0
1199.09722222222,-0.065,0.0214078223963029,0.00155876557523432,0.0447562750347505,0
1199.1,-0.055,0.0183469936902857,0.00161044250562008,0.0445621947601898,0
1199.10277777778,-0.05,0.0153954544424636,0.00169020924334736,0.0443708361809688,0
1199.10555555556,-0.045,0.0126155782235028,0.0017991689032799,0.0441824264236228,0
1199.10833333333,-0.03,0.0100408368171514,0.00193761571271391,0.0439974385695484,0
1199.11111111111,-0.015,0.00768121889882985,0.00210394909902063,0.0438164492040031,0
1199.11388888889,-0.005,0.0055330288888088,0.0022938081029372,0.0436397644403719,0
1199.11666666667,0.005,0.00359136883414009,0.00249958184543189,0.0434672241700841,0
1199.11944444444,-0.005,0.00186316245965095,0.00269023031240197,0.0432979281397826,0
1199.12222222222,0,0.000378426190469028,0.00283423298855762,0.0431300021642847,0
1199.125,0.015,-0.000802348553567016,0.0029150819822354,0.0429609394846249,0
1199.12777777778,0.06,-0.0015863782417152,0.00291940036124477,0.042791826610563,0
1199.13055555556,0.08,-0.00185330402197576,0.0028381375395665,0.0426268963162156,0
1199.13333333333,0.08,-0.00146653776835472,0.00281860341604903,0.0424700872754736,0
1199.13611111111,0.065,-0.000290398728050339,0.0028712059223189,0.0423272425569617,0
1199.13888888889,0.085,0.00178867731338278,0.00299713050122792,0.0422011701173536,0
1199.14166666667,0.085,0.00483928718735104,0.00319131031431771,0.0420936601335932,0
1199.14444444444,0.095,0.00886344898739813,0.00344248711838063,0.0420059923479352,0
1199.14722222222,0.1,0.0137792314086085,0.00373396938421668,0.0419390304647478,0
1199.15,0.1,0.0194103833650694,0.00404504707252005,0.0418933257590016,0
1199.15277777778,0.1,0.025485130020762,0.00435294285657238,0.0418678325207868,0
1199.15555555556,0.115,0.0316454072495306,0.00463511034398678,0.0418603100188921,0
1199.15833333333,0.11,0.037466699740731,0.00487163935307093,0.0418681791256225,0
1199.16111111111,0.11,0.0424874445892008,0.00504750302135515,0.0418887176244839,0
1199.16388888889,0.11,0.0462457943699411,0.00515438529993896,0.0419192387704295,0
1199.16666666667,0.11,0.048320535331956,0.00519186091784816,0.0419572390339352,0
1199.16944444444,0.105,0.0483722483822109,0.00516776059053591,0.0420005050429902,0
1199.17222222222,0.105,0.0461804770658443,0.00521947610521819,0.0420483022487592,0
1199.175,0.125,0.0416727837225084,0.00531377485938703,0.0421042737121216,0
1199.17777777778,0.155,0.0349421426690664,0.0054063064887605,0.0421663902626042,0
1199.18055555556,0.16,0.0262500993834454,0.00546982242428062,0.0422331283318965,0
1199.18333333333,0.14,0.0160144328177986,0.00547886007394032,0.0423042064158294,0
1199.18611111111,0.105,0.00478157088959238,0.00541282271477127,0.0423790490007699,0
1199.18888888889,0.07,-0.00681442347755688,0.00525871172812088,0.0424567209152742,0
1199.19166666667,0.075,-0.0181030191333958,0.00511587060729476,0.0425358920060912,0
1199.19444444444,0.075,-0.0284340662784345,0.00502634878898105,0.0426148305985185,0
1199.19722222222,0.06,-0.0372350675965438,0.00499646824974329,0.0426928090219105,0
1199.2,0.03,-0.0440633203512752,0.00502734844835623,0.0427745538474412,0
1199.20277777778,-0.02,-0.0486476426993876,0.00511507467574566,0.0428629470863492,0
1199.20555555556,-0.04,-0.0509152103627905,0.00525128530643438,0.0429609065505545,0
1199.20833333333,-0.055,-0.0510003305588834,0.00542411895013496,0.0430712133699881,0
1199.21111111111,-0.04,-0.0492336548528366,0.00561943023929231,0.043196331697014,0
1199.21388888889,-0.03,-0.0461122247283194,0.00567100181162068,0.0433382332623302,0
1199.21666666667,-0.075,-0.0422526684361844,0.00555568675140599,0.0434982373751738,0
1199.21944444444,-0.095,-0.0383316302646678,0.00538012207618278,0.043676877470781,0
1199.22222222222,-0.1,-0.035018928550568,0.00523457615265868,0.0438738070835072,0
1199.225,-0.07,-0.0329098501664235,0.00512555472049702,0.0440877528641585,0
1199.22777777778,-0.085,-0.0324632863580746,0.00505573866243847,0.0443165203807149,0
1199.23055555556,-0.1,-0.033952045810578,0.00502411243272359,0.0445570551649707,0
1199.23333333333,-0.11,-0.037430659735173,0.00502651589012408,0.0448055598544567,0
1199.23611111111,-0.145,-0.0427244013260468,0.00505656347400105,0.0450576677925404,0
1199.23888888889,-0.185,-0.0494412195770223,0.00510683511811147,0.0453086487901052,0
1199.24166666667,-0.195,-0.0570060250197857,0.0051702116960065,0.0455536439302182,0
1199.24444444444,-0.175,-0.0647144830904987,0.00524120752694592,0.0457896774965327,0
1199.24722222222,-0.175,-0.0718013997198304,0.00531714602215904,0.0460182953133961,0
1199.25,-0.195,-0.0775171401556485,0.00539903320669215,0.0462406678225028,0
1199.25277777778,-0.21,-0.0812044870695376,0.0053701678244448,0.0464578241164979,0
1199.25555555556,-0.22,-0.0823680436666479,0.005268170796578,0.0466705278314859,0
1199.25833333333,-0.225,-0.0807287781946791,0.00514825182399979,0.0468791737718922,0
1199.26111111111,-0.21,-0.0762575666912571,0.00507210066459038,0.0470841516476656,0
1199.26388888889,-0.215,-0.0691835216582985,0.00510169409530768,0.0472859809873229,0
1199.26666666667,-0.215,-0.05997532541379,0.00529271626517003,0.0474854358564775,0
1199.26944444444,-0.225,-0.0492964917083724,0.00568822442601245,0.0476836445271931,0
1199.27222222222,-0.24,-0.0379381957879192,0.00621052326947897,0.0478821505675073,0
1199.275,-0.255,-0.0267357687104484,0.00682796009951846,0.0480829369734812,0
1199.27777777778,-0.235,-0.016476889713137,0.0075313467998329,0.0482870340956573,0
1199.28055555556,-0.225,-0.0078107161994496,0.00830248281569891,0.048489311593726,0
1199.28333333333,-0.235,-0.00116751475409403,0.00911424092164532,0.0486850207904187,0
1199.28611111111,-0.235,0.00330226927048942,0.00993148650026229,0.0488699447100735,0
1199.28888888889,-0.245,0.00576211781804233,0.0107128254423156,0.0490405058201048,0
1199.29166666667,-0.235,0.00669169743891608,0.0114130978830043,0.049193916535093,0
1199.29444444444,-0.23,0.00685521375529593,0.0119864592763495,0.0493282828148376,0
1199.29722222222,-0.205,0.00723711984266283,0.0123898239557618,0.0494426570155166,0
1199.3,-0.21,0.00894977439130667,0.0124733432864814,0.0495370388976036,0
1199.30277777778,-0.19,0.013120685596208,0.0125107550021273,0.0496123252252066,0
1199.30555555556,-0.185,0.0207694069063606,0.0127969450295761,0.049670215310719,0
1199.30833333333,-0.175,0.03268570737914,0.0133323226402846,0.0497131586613905,0
1199.31111111111,-0.17,0.0493211332921723,0.014101956619757,0.0497442423285503,0
1199.31388888889,-0.125,0.0707054152879126,0.0150758061894814,0.0497668535680364,0
1199.31666666667,-0.1,0.0963973711879053,0.0162101963426812,0.0497844654774187,0
1199.31944444444,-0.11,0.125477133898995,0.017450489619223,0.0498004414122208,0
1199.32222222222,-0.12,0.156582924414204,0.0187347977157515,0.0498178614744022,0
1199.325,-0.095,0.18799150426481,0.0199984748408897,0.0498376183363796,0
1199.32777777778,-0.04,0.217737250213687,0.0211790498836939,0.0498559269721422,0
1199.33055555556,-0.01,0.243760891429477,0.0222211948250172,0.0498693980063001,0
1199.33333333333,0.025,0.264075718750378,0.0230812991859805,0.0498767234013123,0
1199.33611111111,0.04,0.276936851050444,0.0237312290167391,0.0498853002516636,0
1199.33888888889,0.045,0.280998177113281,0.0241608953479975,0.0498950850024518,0
1199.34166666667,0.06,0.275442025856128,0.024379339268849,0.0499059834626749,0
1199.34444444444,0.07,0.260068470027154,0.0244141537100587,0.0499178661122543,0
1199.34722222222,0.075,0.2353343230721,0.0243091974780552,0.0499305837140852,0
1199.35,0.055,0.202336103961981,0.0241207045596956,0.0499439820052948,0
1199.35277777778,0.02,0.162736170519523,0.0239120390387387,0.0499579144369683,0
1199.35555555556,-0.02,0.118636428999256,0.0237474803261814,0.0499722513891803,0
1199.35833333333,0,0.0724090449822338,0.0236855324393174,0.0499868813110647,0
1199.36111111111,0.005,0.0264979366692182,0.023772323929404,0.0500017146814704,0
1199.36388888889,0.005,-0.0167919014051436,0.0240356934566632,0.0500165407123596,0
1199.36666666667,-0.035,-0.0554983616710484,0.0244805350241297,0.0500311186422334,0
1199.36944444444,-0.1,-0.0881804135169771,0.02508590555227,0.0500454005952536,0
1199.37222222222,-0.125,-0.114053019605789,0.0258042790825076,0.050059432758396,0
1199.375,-0.15,-0.133064501014168,0.0265631738729368,0.0500732944309263,0
