time_s,raw_resp,bandpassed_resp,enhanced_resp,threshold,is_resp_peak
511.02,0.13196,-0.135769945681366,-0.0696767892000227,0.0047168873163034,0
511.03,0.14174,-0.136648294410045,-0.0707808919836695,0.00463743289073136,0
511.04,0.14956,-0.137340620246296,-0.0717943030450302,0.00455626283256347,0
511.05,0.15738,-0.137843898206236,-0.0727142615173019,0.00447354279207446,0
511.06,0.16325,-0.138155486173946,-0.073538403843605,0.0043894352907945,0
511.07,0.17009,-0.138273130802498,-0.0742647678299777,0.00430409961499118,0
511.08,0.17498,-0.138194972561564,-0.0748917920901989,0.00421769182062814,0
511.09,0.17986,-0.137919549921997,-0.0754183110934771,0.0041303648439161,0
511.1,0.18573,-0.137445802669729,-0.0758435461266671,0.00404226870777635,0
511.11,0.19159,-0.136773074343247,-0.0761670925688883,0.00395355081111815,0
511.12,0.19746,-0.135901113790846,-0.0763889039452779,0.00386435628495981,0
511.13,0.20332,-0.134830075845809,-0.0765092732762072,0.00377482839723282,0
511.14,0.20919,-0.133560521119609,-0.0765288122677616,0.00368510898669134,0
511.15,0.21603,-0.132093414915145,-0.0764484288988715,0.00359533890574936,0
511.16,0.2219,-0.130430125263997,-0.0762693039513733,0.00350565845228135,0
511.17,0.22874,-0.128572420093552,-0.0759928670035183,0.00341620777139993,0
511.18,0.23656,-0.126522463531781,-0.0756207723676792,0.00332712720987931,0
511.19,0.24438,-0.124282811359322,-0.0751548754023212,0.00323855760811206,0
511.2,0.25318,-0.121856405620371,-0.0745972095699584,0.00315064051713587,0
511.21,0.26197,-0.119246568405699,-0.073949964550038,0.00306351833120888,0
511.22,0.27077,-0.116456994822901,-0.0732154656515162,0.0029773343295085,0
511.23,0.28055,-0.113491745170761,-0.0723961547069612,0.00289223262365385,0
511.24,0.28935,-0.110355236336272,-0.0714945725705495,0.00280835801079304,0
511.25,0.29814,-0.107052232434571,-0.0705133432879922,0.00272585573485854,0
511.26,0.30694,-0.103587834713616,-0.069455159958392,0.0026448711611992,0
511.27,0.31574,-0.0999674707470321,-0.0683227722669433,0.00256554937208673,0
511.28,0.32454,-0.0961968829400316,-0.0671189756334385,0.00248803469252111,0
511.29,0.33236,-0.092282116374784,-0.065846601894555,0.00241247015729295,0
511.3,0.34018,-0.088229506022981,-0.0645085114174012,0.00233899693138146,0
511.31,0.34702,-0.0840456633546764,-0.0631075865271073,0.00226775369646589,0
511.32,0.35484,-0.0797374623737273,-0.0616467261215706,0.00219887601660917,0
511.33,0.36168,-0.0753120251113531,-0.0601288413409485,0.00213249569604825,0
511.34,0.36852,-0.0707767066104359,-0.0585568521573127,0.00206874014152208,0
511.35,0.37634,-0.0661390794342281,-0.0569336847502735,0.00200773174072131,0
511.36,0.38416,-0.0614069177340892,-0.0552622695366744,0.00194958726730146,0
511.37,0.39198,-0.0565881809117602,-0.0535455397261149,0.00189441732152043,0
511.38,0.40078,-0.0516909969124795,-0.0517864302786444,0.00184232581400594,0
511.39,0.4086,-0.0467236451859696,-0.0499878771461966,0.00179340949849813,0
511.4,0.4174,-0.0416945393529548,-0.0481528166850105,0.00174775755771637,0
511.41,0.42522,-0.0366122096154241,-0.0462841851323308,0.00170545124483436,0
511.42,0.43206,-0.0314852849493167,-0.0443849180470957,0.00166656358147488,0
511.43,0.43988,-0.0263224751186897,-0.0424579496211543,0.00163115911170588,0
511.44,0.44575,-0.0211325525507161,-0.0405062117749297,0.00159929371027312,0
511.45,0.45161,-0.0159243341110686,-0.0385326329594683,0.00157101444226768,0
511.46,0.4565,-0.0107066628193597,-0.0365401365956531,0.00154635947061433,0
511.47,0.46237,-0.00548838954434027,-0.0345316390911321,0.00152535800717846,0
511.48,0.46823,-0.000278354718497146,-0.0325100473863711,0.00150803030291857,0
511.49,0.47312,0.00491462988845094,-0.0304782559932772,0.0014943876723372,0
511.5,0.47996,0.010081799297895,-0.0284391435031484,0.00148443254748438,0
511.51,0.4868,0.0152144533135664,-0.0263955685553289,0.00147815855691441,0
511.52,0.49462,0.0203039743371113,-0.0243503652738875,0.00147555062526074,0
511.53,0.50342,0.0253418449699494,-0.0223063381968501,0.00147658508944715,0
511.54,0.51222,0.0303196653639259,-0.0202662567408761,0.00148122982796851,0
511.55,0.52199,0.0352291702839163,-0.0182328492636073,0.00148944440013079,0
511.56,0.53177,0.0400622458462695,-0.0162087968059359,0.00150118019261742,0
511.57,0.54252,0.044810945897784,-0.0141967266167778,0.00151638057123336,0
511.58,0.55327,0.0494675080007911,-0.0121992055830901,0.0015349810361606,0
511.59,0.56305,0.0540243689908737,-0.010218733707225,0.00155690937952987,0
511.6,0.57283,0.058474180074776,-0.00825773779151943,0.00158208584457209,0
511.61,0.58358,0.0628098214371518,-0.00631856550539638,0.00161042328605564,0
511.62,0.59335,0.0670244163259593,-0.00440348002221946,0.00164182733214328,0
511.63,0.60313,0.071111344587533,-0.00251465542061663,0.00167619654821525,0
511.64,0.61193,0.0750642556236443,-0.000654173046842837,0.00171342260360363,0
511.65,0.6217,0.0788770807442055,0.0011759809701251,0.00175339044256799,0
511.66,0.63245,0.082544044890661,0.00297391687171666,0.00179597846121223,0
511.67,0.64321,0.0860596777065573,0.00473784093336612,0.0018410586923968,0
511.68,0.65494,0.0894188239332736,0.00646605351138208,0.00188768864925335,0
511.69,0.66569,0.0926166531104296,0.0081569453859646,0.00193459619383769,0
511.7,0.6784,0.0956486685620643,0.00980899236265987,0.00198169819063744,0
511.71,0.6911,0.0985107156512911,0.0114207481525773,0.00202971923948039,0
511.72,0.70381,0.10119898928778,0.0129908356170455,0.00207893205942138,0
511.73,0.7175,0.103710040674092,0.0145179365331305,0.00212922275321587,0
511.74,0.72923,0.106040783278594,0.0160007801100457,0.00218047426624353,0
511.75,0.74096,0.1081884980244,0.0174381305598807,0.00223256662591904,0
511.76,0.75171,0.110150837685524,0.0188287740957203,0.00228537720642772,0
511.77,0.76149,0.111925830483194,0.0201715057923229,0.00233878102108561,0
511.78,0.77028,0.113511882877017,0.021465116795158,0.00239265104440704,0
511.79,0.78006,0.114907781547483,0.0227083823990058,0.00244685856565693,0
511.8,0.7869,0.116112694568049,0.0239000515341341,0.00250127357526136,0
511.81,0.79472,0.117126171766802,0.0250388381935628,0.00255576518494358,0
511.82,0.80156,0.11794814427951,0.026123415307279,0.00261020208183639,0
511.83,0.80743,0.118578923297557,0.0271524115177443,0.00266445301609609,0
511.84,0.81232,0.119019198016063,0.0281244112361395,0.0027183873207094,0
511.85,0.81818,0.119270032789169,0.0290379582623496,0.0027718754612495,0
511.86,0.82209,0.11933286350118,0.0298915631368168,0.00282478961231633,0
511.87,0.82698,0.119209493163959,0.0306837142634443,0.00287700425630833,0
511.88,0.83187,0.118902086752574,0.0314128927050479,0.00292839679904962,0
511.89,0.83675,0.118413165292842,0.0320775904125826,0.00297884819567416,0
511.9,0.84164,0.117745599215995,0.0326763315130408,0.00302824357909557,0
511.91,0.84751,0.116902600997234,0.0332076961551545,0.00307647288241948,0
511.92,0.85337,0.115887717096406,0.0336703463030971,0.00312343144584568,0
511.93,0.85924,0.11470481922056,0.0340630527818189,0.00316902059802045,0
511.94,0.86608,0.113358094929472,0.0343847228179412,0.00321314820149465,0
511.95,0.87195,0.111852037606626,0.0346344272903888,0.00325572915197473,0
511.96,0.87879,0.110191435819437,0.0348114269067101,0.00329668582146204,0
511.97,0.88563,0.108381362093731,0.0349151965542046,0.00333594843618585,0
511.98,0.89638,0.106427161128679,0.0349454471377689,0.00337345538145079,0
511.99,0.90714,0.104334437479534,0.0349021443054633,0.0034091534271175,0
512,0.92082,0.102109042736538,0.0347855235735419,0.00344299786936984,0
512.01,0.93548,0.0997570622293922,0.0345961014893982,0.00347495258661795,0
512.02,0.95308,0.0972848012875814,0.0343346826072202,0.00350499000974938,0
512.03,0.97067,0.0946987710877231,0.0340023621905175,0.00353309100935649,0
512.04,0.98534,0.0920056741198692,0.0336005246916191,0.00355924470491513,0
512.05,1,0.0892123893054168,0.0331308381848025,0.00358344820304499,0
512.06,1,0.0863259567999081,0.0325952450417976,0.00360570627383081,0
512.07,1,0.0833535625145657,0.0319959492320172,0.00362603097563127,0
512.08,1,0.0803025223908876,0.0313354007022438,0.00364444123977879,0
512.09,1,0.0771802664630352,0.0306162773402182,0.00366096242703971,0
512.1,1,0.073994322743075,0.0298414650535052,0.003675625867657,0
512.11,1,0.0707523009643817,0.0290140365001807,0.0036884683962648,0
512.12,1,0.0674618762186868,0.0281372289933514,0.00369953189200566,0
512.13,1,0.0641307725223416,0.027214422070087,0.00370886283287928,0
512.14,1,0.060766746347386,0.0262491151703475,0.00371651187180477,0
512.15,1,0.0573775701529426,0.0252449058165221,0.00372253344019256,0
512.16,1,0.053971015952318,0.024205468622854,0.00372698538310104,0
512.17,1,0.0505548389509724,0.0231345353997445,0.00372992862839066,0
512.18,1,0.0471367612902231,0.0220358765537396,0.00373142689076493,0
512.19,1,0.0437244559311748,0.0209132839225115,0.00373154641026143,0
512.2,1,0.0403255307129273,0.0197705551273548,0.00373035572366618,0
512.21,1,0.0369475126185893,0.0186114794751142,0.00372792546648866,0
512.22,1,0.0335978322820395,0.0174398253979368,0.00372432820255052,0
512.23,1,0.0302838087677136,0.0162593293832129,0.00371963827789241,0
512.24,1,0.0270126346549706,0.0150736863175152,0.00371393169556203,0
512.25,1,0.0237913614577937,0.01388654114689,0.00370728600787614,0
512.26,1,0.0206268854097253,0.0127014817408714,0.00369978022291264,0
512.27,1,0.017525933643012,0.0115220328382886,0.0036914947222458,0
512.28,1,0.0144950507899563,0.0103516509484159,0.00368251118725439,0
512.29,1,0.0115405860334325,0.00919372008036926,0.00367291253167681,0
512.3,1,0.00866868063243209,0.00805154817599886,0.00366267659758883,0
512.31,1,0.00588525594735642,0.00692836412604134,0.00365136713292562,0
512.32,1,0.00319600198858314,0.00582731525527792,0.00363910071151806,0
512.33,1,0.000606366510588368,0.0047514651692855,0.00362599676050691,0
512.34,1,-0.00187845532737664,0.00370379186259923,0.0036121774884275,0
512.35,1,-0.0042535307143814,0.00268718599536742,0.00359776780707415,0
512.36,1,-0.0065141983363747,0.00170444925263747,0.00358289524648743,0
512.37,1,-0.00865607690329286,0.000758292707127336,0.00356768986260946,0
512.38,1,-0.010675073039233,-0.000148664887329944,0.00355228413731119,0
512.39,1,-0.0125673885216622,-0.00101389893849536,0.00353681287061956,0
512.4,1,-0.0143295268571143,-0.00183498105567419,0.00352141306507037,0
512.41,1,-0.0159582991823251,-0.00260958134234972,0.00350622380219145,0
512.42,1,-0.0174508294812789,-0.00333547099120072,0.00349138611118744,0
512.43,1,-0.0188045591101674,-0.00401052522514666,0.00347704282995566,0
512.44,1,-0.0200172506238084,-0.00463272662146152,0.0034633384586162,0
512.45,1,-0.0210869908986207,-0.00520016884861143,0.00345041900578907,0
512.46,1,-0.0220121935488054,-0.00571106083707616,0.00343883627421062,0
512.47,1,-0.0227916006339375,-0.00616373139580319,0.00342897010922023,0
512.48,1,-0.0234242836577219,-0.00655663427494439,0.00342095384337249,0
512.49,1,-0.023909643859214,-0.00688835366301689,0.00341492041804796,0
512.5,1,-0.0242474117993343,-0.00715761009255425,0.00341100225235679,0
512.51,1,-0.0244376462470308,-0.00736326671269621,0.00340933110919995,0
512.52,1,-0.0244807323709431,-0.00750433587012845,0.00341003795868158,0
512.53,1,-0.0243773792439067,-0.0075799859215645,0.00341325283901207,0
512.54,1,-0.0241286166690948,-0.00758954818192646,0.00341910471495888,0
512.55,1,-0.023735791338028,-0.00753252389302837,0.00342772133379059,0
512.56,1,-0.023200562332087,-0.00740859107853893,0.00343922907851749,0
512.57,1,-0.0225248959805319,-0.00721761113306982,0.00345375281806101,0
512.58,1,-0.0217110600893701,-0.00695963497729486,0.00347141575378762,0
512.59,1,-0.0207616175567102,-0.00663490859803203,0.00349233926162345,0
512.6,1,-0.0196794193914956,-0.00624387778324436,0.00351586449281179,0
512.61,1,-0.0184675971537259,-0.005787191857958,0.00354197779900663,0
512.62,1,-0.0171295548354377,-0.00526570622911093,0.00357073240508048,0
512.63,1,-0.0156689602028388,-0.00468048355614228,0.00360217946146568,0
512.64,1,-0.0140897356210532,-0.00403279338030126,0.00363636797935603,0
512.65,1,-0.0123960483839512,-0.00332411006949126,0.0036733447570101,0
512.66,1,-0.0105923005724991,-0.00255610896690309,0.00371315429542722,0
512.67,1,-0.00868311846596434,-0.00173066067025378,0.00375583870161146,0
512.68,1,-0.00667334153115843,-0.000849823413215167,0.00380143757763034,0
512.69,1,-0.00456801101568305,8.41664297676292e-05,0.00384998789372186,0
512.7,1,-0.00237235817186996,0.00106890564136895,0.0039015238438093,0
512.71,1,-9.17921387636334e-05,0.00210183713440741,0.00395607668195459,0
512.72,1,0.00226811248990613,0.00318026442010307,0.00401367453851924,0
512.73,1,0.00470162838328401,0.0043013673431545,0.004074342215108,0
512.74,1,0.00720288844753708,0.00546221881292888,0.00413810095774357,0
512.75,1,0.00976589902724754,0.00665980222619487,0.00420496820815676,0
512.76,1,0.0123845533043747,0.00789102925325952,0.00427495733357115,0
512.77,1,0.0150526448648455,0.00915275764747632,0.00434807733590539,0
512.78,1,0.0177638814026351,0.01044180873866,0.00442433254190194,0
512.79,1,0.0205118985310708,0.0117549842841059,0.00450372227630601,0
512.8,1,0.0232902736710293,0.0130890823761269,0.00458624052085005,0
512.81,1,0.026092539985703,0.0144409121410986,0.00467187556243325,0
512.82,1,0.0289122003316843,0.0158073070101906,0.00476060963450692,0
512.83,1,0.0317427411962549,0.0171851363940566,0.004852418556268,0
512.84,1,0.0345776465909734,0.0185713156502436,0.00494727137480872,0
512.85,1,0.0374104118719222,0.0199628142903348,0.00504513001585134,0
512.86,1,0.0402345574573115,0.0213566624312279,0.00514594894909632,0
512.87,1,0.0430436424135319,0.0227499555490642,0.00524967487451282,0
512.88,1,0.0458312778812094,0.0241398576430425,0.00535624643608378,0
512.89,1,0.0485911403133317,0.0255236029579905,0.0054655939695706,0
512.9,1,0.0513169844980961,0.0268984964479243,0.00557763929076925,0
512.91,1,0.0540026563397618,0.028261913187193,0.00569229553048037,0
512.92,1,0.0566421053714805,0.0296112969509835,0.00580946702200316,0
512.93,1,0.0592293969748245,0.0309441581931783,0.00592904924638362,0
512.94,1,0.0617587242815253,0.032258071647451,0.00605092883990466,0
512.95,1,0.0642244197337823,0.0335506737679498,0.00617498366740671,0
512.96,1,0.0666209662803926,0.0348196602100885,0.00630108296398771,0
512.97,1,0.0689430081868924,0.0360627835310732,0.00642908754647271,0
512.98,1,0.0711853614388773,0.0372778512650996,0.00655885009479281,0
512.99,1,0.0733430237186938,0.0384627245009193,0.00669021550210483,0
513,1,0.0754111839367484,0.0396153170608228,0.00682302129115606,0
513.01,1,0.0773852312997759,0.0407335953510738,0.00695709809309303,0
513.02,1,0.0792607638995352,0.0418155789253304,0.00709227018367383,0
513.03,1,0.0810335968065528,0.0428593417753527,0.00722848422929566,0
513.04,1,0.082699769654721,0.0438630143379211,0.00736590611413745,0
513.05,1,0.084255553703759,0.0448247861838341,0.0075043472657992,0
513.06,1,0.0856974583677783,0.0457429093344693,0.00764361480695437,0
513.07,1,0.0870222371994341,0.0466157021339222,0.00778351230045055,0
513.08,1,0.0882268933204095,0.0474415535903326,0.00792384050337151,0
513.09,1,0.0893086842902514,0.0482189280887675,0.0080643981210156,0
513.1,1,0.0902651264068599,0.0489463703699601,0.0082049825521144,0
513.11,1,0.0910939984332236,0.0496225106642867,0.00834539061719041,0
513.12,1,0.0917933447462853,0.0502460698685008,0.00848541926270596,0
513.13,1,0.0923614779051178,0.0508158646538108,0.00862486623455257,0
513.14,1,0.0927969806368795,0.0513308123976966,0.00876353071543271,0
513.15,1,0.0930987072403073,0.0517899358381825,0.00890121392175366,0
513.16,1,0.0932657844077811,0.0521923673578403,0.0090377196567464,0
513.17,1,0.0932976114682638,0.0525373528152711,0.0091728548176029,0
513.18,1,0.0931938600546706,0.0528242548538517,0.009306429855459,0
513.19,1,0.0929544732004631,0.0530525556307418,0.0094382591880098,0
513.2,1,0.0925796638714773,0.053221858923141,0.00956816156540561,0
513.21,1,0.092069912940194,0.0533318915831311,0.00969596039082539,0
513.22,1,0.0914259666108297,0.0533825043267568,0.00982148399775019,1
513.23,1,0.0906488333047724,0.0533736718568801,0.00994456588645856,0
513.24,1,0.0897397800170004,0.0533054923324481,0.0100650449226417,0
513.25,1,0.0887003281552094,0.0531781862088232,0.0101827655012933,0
513.26,1,0.0875322488744184,0.0529920944844645,0.0102975776791803,0
513.27,1,0.0862375579208442,0.0527476763983335,0.0104093372792537,0
513.28,1,0.084818509999805,0.0524455066297513,0.0105179059703328,0
513.29,1,0.0832775926833538,0.0520862720579955,0.0106231513252996,0
513.3,1,0.0816175198742331,0.0516707681426528,0.0107249468608923,0
513.31,1,0.0798412248435931,0.0511998949876679,0.0108231720619945,0
513.32,1,0.077951852860722,0.0506746531522343,0.0109177123930976,0
513.33,1,0.0759527534337932,0.0500961392702745,0.0110084592993734,0
513.34,1,0.0738474721813438,0.0494655415374081,0.0110953101995405,0
513.35,1,0.0716397423548607,0.0487841351202013,0.0111781684724544,0
513.36,1,0.0693334760334585,0.0480532775373154,0.0112569434390918,0
513.37,1,0.0669327550121917,0.0472744040561507,0.0113315503413477,0
513.38,1,0.0644418214060487,0.0464490231419255,0.0114019103188185,0
513.39,1,0.0618650679921271,0.045578711989062,0.0114679503845066,0
513.4,1,0.0592070283128868,0.0446651121574702,0.0115296034001518,0
513.41,1,0.0564723665637212,0.0437099253290443,0.0115868080516804,0
513.42,1,0.0536658672883747,0.0427149091925889,0.0116395088250534,0
513.43,1,0.0507924249059661,0.0416818734586517,0.0116876559826016,0
513.44,1,0.0478570330935579,0.0406126759995103,0.0117312055397506,0
513.45,1,0.0448647740483294,0.0395092191039772,0.0117701192418723,0
513.46,1,0.0418208076534832,0.0383734458318599,0.0118043645408395,0
513.47,1,0.0387303605720217,0.037207336448938,0.011833914570724,0
513.48,1,0.0355987152924903,0.036012904920261,0.0118587481219545,0
513.49,1,0.032431199150687,0.034792195437475,0.0118788496131477,0
513.5,1,0.0292331733511853,0.0335472789547756,0.0118942090597447,0
513.51,1,0.0260100220123166,0.0322802497079537,0.0119048220385292,0
513.52,1,0.0227671412580029,0.030993221691827,0.0119106896470701,0
513.53,1,0.019509928379522,0.0296883250730881,0.0119118184571351,0
513.54,1,0.0162437710899356,0.0283677025181796,0.0119082204611476,0
513.55,1,0.0129740368935032,0.027033505419157,0.0118999130108296,0
513.56,0.99218,0.0097060625919539,0.0256878900045066,0.0118869187472709,0
513.57,0.98338,0.00644514394899182,0.02433301332646,0.011869265521808,0
513.58,0.95601,0.00319652553386623,0.0229710291213589,0.0118469863072733,0
513.59,0.92962,-3.46092357442889e-05,0.0216040835449522,0.0118201190993929,0
513.6,0.90323,-0.00324314783191245,0.0202343107900379,0.0117887068083682,0
513.61,0.87586,-0.00642405811675061,0.018863828599452,0.0117527971409629,0
513.62,0.85044,-0.00957239758655275,0.0174947336929461,0.0117124424737419,0
513.63,0.82502,-0.0126833223422742,0.0161290971318531,0.0116676997184482,0
513.64,0.80059,-0.0157520957696051,0.0147689596505044,0.0116176950939953,0
513.65,0.77615,-0.0187740969126965,0.0134163269880136,0.0115616057695938,0
513.66,0.75269,-0.0217448285264315,0.0120731652581812,0.0114995340401653,0
513.67,0.73021,-0.0246599247929925,0.0107413963987897,0.01143158793665,0
513.68,0.70772,-0.0275151586893617,0.00942289374435988,0.011357880977963,0
513.69,0.68622,-0.0303064489932985,0.00811947776843329,0.0112785319303363,0
513.7,0.66569,-0.0330298669162662,0.00683291204255029,0.0111936645788371,0
513.71,0.64516,-0.035681642352726,0.00556489945923152,0.0111034075159504,0
513.72,0.62659,-0.0382581697361785,0.00431707876538113,0.0110078939520417,0
513.73,0.60704,-0.0407560134933075,0.00309102145055931,0.0109072615522522,0
513.74,0.59042,-0.043171913088567,0.00188822903148501,0.0108016523039049,0
513.75,0.57283,-0.0455027876525482,0.000710130769910863,0.0106912124178112,0
513.76,0.55816,-0.0477457401884617,-0.000441918144330683,0.0105760922659594,0
513.77,0.54252,-0.0498980613520781,-0.00156663791974375,0.0104564463569574,0
513.78,0.53079,-0.0519572328014715,-0.00266282498113861,0.0103324333493047,0
513.79,0.52004,-0.0539209301139204,-0.00372935226962593,0.0102042161011289,0
513.8,0.51124,-0.0557870252683185,-0.00476516902427681,0.0100719617534749,0
513.81,0.50244,-0.0575535886924445,-0.00576930005487477,0.00993584184264141,0
513.82,0.4956,-0.0592188908754298,-0.00674084452537792,0.0097960324354839,0
513.83,0.48876,-0.0607814035467379,-0.00767897427806469,0.00965271428010998,0
513.84,0.48387,-0.0622398004239361,-0.00858293173858384,0.00950607296305847,0
513.85,0.47898,-0.0635929575324915,-0.00945202745197206,0.00935629906294396,0
513.86,0.4741,-0.0648399531017546,-0.0102856373088325,0.00920358828972984,0
513.87,0.47019,-0.0659800670422115,-0.0110831995289692,0.00904814159831845,0
513.88,0.46725,-0.0670127800099783,-0.011844211476542,0.00889016526506064,0
513.89,0.46334,-0.0679377720653833,-0.012568226385952,0.00872987091611233,0
513.9,0.46237,-0.0687549209333298,-0.0132548500809441,0.00856747549731141,0
513.91,0.46041,-0.0694642998739521,-0.0139037377706054,0.00840320117640222,0
513.92,0.45943,-0.0700661751728705,-0.0145145910048993,0.00823727516996393,0
513.93,0.45943,-0.0705610032611133,-0.0150871548690285,0.00806992948925406,0
513.94,0.46041,-0.0709494274755041,-0.0156212154902527,0.00790140060129037,0
513.95,0.46139,-0.0712322744710143,-0.016116597922888,0.00773192900378424,0
513.96,0.46237,-0.0714105502972418,-0.0165731644672326,0.00756175871491485,0
513.97,0.46432,-0.0714854361518074,-0.016990813466354,0.00739113668130334,0
513.98,0.46628,-0.0714582838240535,-0.0173694786113494,0.00722031210981321,0
513.99,0.46921,-0.0713306108429841,-0.0177091287712413,0.00704953573088147,0
514,0.47312,-0.0711040953439002,-0.0180097683485384,0.00687905900289302,0
514.01,0.47605,-0.0707805706686625,-0.0182714381461534,0.00670913326858558,0
514.02,0.47898,-0.070362019714951,-0.0184942167163237,0.00654000887556557,0
514.03,0.48192,-0.0698505690502819,-0.0186782221479256,0.00637193427369781,0
514.04,0.48485,-0.0692484828069019,-0.018823614235576,0.00620515510239535,0
514.05,0.4868,-0.068558156373988,-0.018930596962621,0.00603991328068957,0
514.06,0.4868,-0.0677821099038502,-0.0189994212208699,0.00587644611243427,0
514.07,0.4868,-0.0669229816490647,-0.0190303876830602,0.00571498541813269,0
514.08,0.48583,-0.0659835211476452,-0.0190238497397145,0.00555575670373012,0
514.09,0.48387,-0.0649665822735042,-0.0189802164103919,0.00539897837534931,0
514.1,0.48094,-0.063875116169553,-0.0188999551403358,0.00524486100742998,0
514.11,0.47898,-0.0627121640808472,-0.0187835943970793,0.00509360667013507,0
514.12,0.47703,-0.0614808501051942,-0.0186317259874945,0.00494540832027086,0
514.13,0.4741,-0.0601843738786163,-0.0184450070237765,0.00480044925839386,0
514.14,0.47214,-0.0588260032129899,-0.0182241614765973,0.00465890265329597,0
514.15,0.47019,-0.0574090667030699,-0.0179699812647426,0.00452093113371154,0
514.16,0.46823,-0.0559369463199628,-0.0176833268425272,0.00438668644590498,0
514.17,0.46628,-0.054413070007915,-0.0173651272587288,0.00425630917479595,0
514.18,0.46432,-0.0528409043010603,-0.0170163796732553,0.00412992852546893,0
514.19,0.46237,-0.0512239469765002,-0.0166381483298528,0.00400766216129591,0
514.2,0.45943,-0.049565719759789,-0.0162315629945222,0.00388961609446711,0
514.21,0.45748,-0.047869761098559,-0.0157978168796134,0.00377588462446078,0
514.22,0.4565,-0.0461396190196431,-0.0153381640825891,0.00366655031987199,0
514.23,0.45552,-0.0443788440846544,-0.0148539165759989,0.00356168403904012,0
514.24,0.45552,-0.0425909824585356,-0.0143464407911974,0.00346134498504365,0
514.25,0.4565,-0.0407795691051309,-0.0138171538427249,0.00336558079084683,0
514.26,0.4565,-0.0389481211233321,-0.0132675194430897,0.00327442763066439,0
514.27,0.4565,-0.0371001312368265,-0.012699043559021,0.00318791035393877,0
514.28,0.45552,-0.0352390614499273,-0.0121132698602282,0.0031060426386823,0
514.29,0.45552,-0.0333683368813895,-0.0115117750104761,0.00302882716131005,0
514.3,0.4565,-0.031491339787521,-0.0108961638485371,0.00295625578046614,0
514.31,0.45748,-0.0296114037852786,-0.0102680645035201,0.00288830973271838,0
514.32,0.45943,-0.0277318082854054,-0.00962912348538726,0.00282495983835631,0
514.33,0.46041,-0.0258557731450093,-0.00898100078735925,0.00276616671587179,0
514.34,0.46334,-0.0239864535483176,-0.00832536503254214,0.00271188100402666,0
514.35,0.46628,-0.0221269351236557,-0.00766388869265716,0.00266204359071711,0
514.36,0.47019,-0.0202802293040083,-0.00699824340234972,0.00261658584812931,0
514.37,0.47312,-0.0184492689378147,-0.00633009538831417,0.00257542987394578,0
514.38,0.47801,-0.0166369041559393,-0.00566110102848695,0.00253848873860831,0
514.39,0.48289,-0.0148458985000398,-0.00499290255290001,0.0025056667388708,0
514.4,0.48876,-0.0130789253168351,-0.0043271238944965,0.00247685965808679,0
514.41,0.49365,-0.0113385644220481,-0.00366536669531765,0.00245174173584443,0
514.42,0.49756,-0.00962729903707624,-0.00300920647098585,0.00242964539185376,0
514.43,0.50244,-0.00794751300071756,-0.00236018893433211,0.00241049042199857,0
514.44,0.5044,-0.00630148825756085,-0.0017198264773345,0.00239419124389261,0
514.45,0.50733,-0.00469140262393271,-0.00108959480922901,0.00238065709614396,0
514.46,0.50929,-0.00311932783158653,-0.000470929747702796,0.00236979224685202,0
514.47,0.51026,-0.00158722784861819,0.000134775840544073,0.00236149621232082,0
514.48,0.51026,-9.69574764041296e-05,0.000726174953903625,0.00235566398700401,0
514.49,0.51124,0.0013497387793203,0.00130196922871099,0.00235218628570511,0
514.5,0.51026,0.00275122756578842,0.0018609115747105,0.00235094979903799,0
514.51,0.50929,0.00410598727213061,0.00240180867656236,0.00235183746310388,0
514.52,0.50831,0.00541260835373093,0.00292352336415731,0.00235472874425923,0
514.53,0.50733,0.00666979339645346,0.00342497685365196,0.00235949993973017,0
514.54,0.50635,0.00787635692577454,0.00390515086010195,0.00236602449467181,0
514.55,0.5044,0.00903122496643108,0.00436308958137114,0.00237417333607239,0
514.56,0.50342,0.0101334343587466,0.004797901551651,0.0023838152236623,0
514.57,0.50244,0.0111821318383257,0.00520876136145599,0.00239481711770742,0
514.58,0.50049,0.0121765728863103,0.0055949112393929,0.00240704456324657,0
514.59,0.49951,0.0131161203578722,0.00595566248936661,0.00242036208997848,0
514.6,0.49658,0.0140002428970645,0.00629039677521557,0.00243463362662083,0
514.61,0.49462,0.014828513146583,0.00659856724311368,0.00244972292816007,0
514.62,0.49267,0.0156006057613829,0.00687969947047929,0.00246549401399672,0
514.63,0.48974,0.0163162952354631,0.00713339222865523,0.00248181161457865,0
514.64,0.4868,0.0169754535514709,0.00735931804532923,0.00249896738228532,0
514.65,0.48485,0.0175780476630832,0.007557223551619,0.00251732247479471,0
514.66,0.48094,0.0181241368204017,0.0077269295980223,0.00253674260629474,0
514.67,0.47703,0.0186138697488415,0.00786833112309792,0.00255709539103461,0
514.68,0.47116,0.0190474816922102,0.00798139675886839,0.00257825081105692,0
514.69,0.46628,0.0194252913308529,0.0080661681575778,0.00259958026263268,0
514.7,0.45846,0.0197476975858939,0.00812275902564931,0.00262057669734408,0
514.71,0.45161,0.0200151763207219,0.00815135385250364,0.0026410727979189,0
514.72,0.44282,0.0202282769509521,0.00815220632433771,0.00266090796354822,1
514.73,0.43304,0.0203876189741563,0.00812563741602134,0.00267992881797572,0
514.74,0.42424,0.0204938884306722,0.00807203315792009,0.00269798967189332,0
514.75,0.41447,0.0205478343067991,0.00799184207864363,0.00271495293603568,0
514.76,0.40469,0.0205502648916442,0.0078855723293728,0.00273068948225554,0
514.77,0.39492,0.0205020440988187,0.00775378850043075,0.00274507895082846,0
514.78,0.38807,0.0204040877640793,0.00759710814600995,0.00275801000324622,0
514.79,0.38025,0.0202573599298852,0.00741619803829982,0.00276938052077469,0
514.8,0.37439,0.020062869127681,0.00721177017751999,0.00277909775003762,0
514.81,0.36852,0.0198216646685309,0.00698457758938264,0.0027870783978066,0
514.82,0.36266,0.0195348329525158,0.0067354099461125,0.00279324867799555,0
514.83,0.35777,0.0192034938070666,0.00646508905117967,0.0027975443145498,0
514.84,0.35288,0.0188287968641413,0.00617446423119659,0.00279991050446205,0
514.85,0.34897,0.018411917985863,0.005864407680863,0.00280030184552806,0
514.86,0.34409,0.0179540557479254,0.0055358098083072,0.00279868223366707,0
514.87,0.3392,0.0174564279897346,0.00518957462859513,0.00279502473467736,0
514.88,0.33431,0.0169202684399015,0.00482661525252377,0.00278931143518549,0
514.89,0.3304,0.0163468234253206,0.00444784951608434,0.00278153327729317,0
514.9,0.32649,0.0157373486716782,0.00405419579321433,0.00277168988104901,0
514.91,0.32356,0.0150931062028179,0.0036465690307338,0.00275978935839692,0
514.92,0.3216,0.0144153613459653,0.00322587703979301,0.00274584812170482,0
514.93,0.31965,0.0137053798493663,0.00279301707288599,0.00272989068938249,0
514.94,0.31965,0.0129644251184409,0.0023488727096735,0.00271194949048247,0
514.95,0.31867,0.0121937555760833,0.00189431106868627,0.00269206466956588,0
514.96,0.31965,0.0113946221522582,0.00143018035563481,0.00267028389252751,0
514.97,0.32063,0.0105682659075585,0.00095730775271965,0.00264666215353013,0
514.98,0.3216,0.0097159157948905,0.000476497647196341,0.00262126158271016,0
514.99,0.32258,0.00883878656295138,-1.14698083345781e-05,0.00259415125389681,0
515,0.32356,0.00793807680465786,-0.000505839816727158,0.00256540699124235,0
515.01,0.32551,0.00701496715317366,-0.00100588375566069,0.00253511117339475,0
515.02,0.32747,0.00607061862767278,-0.00151089971702199,0.0025033525336583,0
515.03,0.32942,0.00510617113046328,-0.00202021279092994,0.00247022595447949,0
515.04,0.33236,0.00412274209658607,-0.0025331751214228,0.00243583225456274,0
515.05,0.33431,0.00312142529649533,-0.00304916576241567,0.00240027796695638,0
515.06,0.33724,0.0021032897919235,-0.00356759036334173,0.00236367510654832,0
515.07,0.3392,0.00106937904453608,-0.00408788071396297,0.00232614092556491,0
515.08,0.34213,2.07101764899582e-05,-0.00460949417723714,0.00228779765586805,0
515.09,0.34409,-0.00104172661847322,-0.00513191303793691,0.00224877223708489,0
515.1,0.34409,-0.00211696851524053,-0.00565464379302254,0.00220919602987469,0
515.11,0.34506,-0.00320408035115216,-0.0061772164076653,0.00216920451392733,0
515.12,0.34409,-0.00430215477619039,-0.00669918355839952,0.00212893697059112,0
515.13,0.34311,-0.00541031226272384,-0.00722011988224201,0.00208853615033392,0
515.14,0.34115,-0.00652770097841932,-0.00773962124784485,0.00204814792554375,0
515.15,0.34018,-0.00765349652634028,-0.00825730406192354,0.00200792092946517,0
515.16,0.33724,-0.0087869015566403,-0.00877280462139914,0.00196800618233914,0
515.17,0.33431,-0.009927145254632,-0.00928577851897074,0.0019285567060599,0
515.18,0.33138,-0.0110734827103652,-0.00979590010724562,0.00188972712887812,0
515.19,0.32747,-0.0122251941751815,-0.0103028620241383,0.00185167328186047,0
515.2,0.32454,-0.0133815842110265,-0.0108063747800351,0.00181455178895803,0
515.21,0.32063,-0.0145419807385913,-0.0113061664052304,0.00177851965263905,0
515.22,0.31672,-0.0157057339906283,-0.0118019821543815,0.00174373383710247,0
515.23,0.31281,-0.0168722153770305,-0.0122935842632105,0.00171035085110926,0
515.24,0.30792,-0.0180408162684909,-0.0127807517513949,0.0016785263324496,0
515.25,0.30401,-0.0192109467057588,-0.0132632802645334,0.00164841463600726,0
515.26,0.29912,-0.0203820340416868,-0.0137409819472306,0.00162016842729227,0
515.27,0.29521,-0.0215535215234167,-0.0142136853387077,0.0015939382831925,0
515.28,0.29032,-0.0227248668221774,-0.0146812352818945,0.00156987230154877,0
515.29,0.28641,-0.023895540518276,-0.01514349283668,0.0015481157209921,0
515.3,0.28446,-0.0250650245489373,-0.0156003351878715,0.00152881055230018,0
515.31,0.28152,-0.0262328106267032,-0.0160516555384321,0.00151209522233925,0
515.32,0.28055,-0.0273983986361316,-0.0164973629787018,0.00149810423146214,0
515.33,0.27957,-0.0285612950165347,-0.0169373823225674,0.00148696782503839,0
515.34,0.27957,-0.0297210111384809,-0.0173716539018975,0.00147881167960291,0
515.35,0.27859,-0.0308770616817319,-0.0178001333110106,0.0014737566039299,0
515.36,0.27859,-0.0320289630222225,-0.0182227910934776,0.00147191825517218,0
515.37,0.27761,-0.0331762316355903,-0.01863961236417,0.00147340687005627,0
515.38,0.27468,-0.0343183825246504,-0.0190505963601553,0.00147832701099244,0
515.39,0.27175,-0.0354549276780641,-0.0194557559147953,0.00148677732684915,0
515.4,0.26784,-0.0365853745672915,-0.019855116850228,0.0014988503280536,0
515.41,0.26393,-0.0377092246887289,-0.0202487172843026,0.00151463217561515,0
515.42,0.25904,-0.0388259721577282,-0.0206366068489886,0.00153420248362681,0
515.43,0.25415,-0.0399351023609673,-0.0210188458182873,0.0015576341347806,0
515.44,0.24829,-0.041036090673393,-0.0213955041447422,0.00158499310843518,0
515.45,0.2434,-0.0421284012456938,-0.0217666604047588,0.0016163383207966,0
515.46,0.23949,-0.0432114858679758,-0.0221324006541043,0.00165172147681415,0
515.47,0.23558,-0.0442847829150132,-0.0224928171961549,0.00169118693345071,0
515.48,0.23265,-0.0453477163781318,-0.0228480072666854,0.00173477157405794,0
515.49,0.22972,-0.0463996949884458,-0.0231980716402334,0.00178250469366925,0
515.5,0.22972,-0.0474401114358317,-0.0235431131643214,0.00183440789511421,0
515.51,0.22874,-0.0484683416876542,-0.0238832352290495,0.00189049499595438,0
515.52,0.23069,-0.0494837444108992,-0.0242185401807829,0.00195077194633946,0
515.53,0.23167,-0.0504856605009796,-0.0245491276898234,0.0020152367579812,0
515.54,0.23363,-0.0514734127200957,-0.0248750930830501,0.00208387944453824,0
515.55,0.23656,-0.0524463054476303,-0.0251965256535397,0.00215668197379445,0
515.56,0.23851,-0.0534036245446553,-0.0255135069600908,0.0022336182320949,0
515.57,0.24145,-0.0543446373342156,-0.0258261091303747,0.00231465400157449,0
515.58,0.2434,-0.0552685926986405,-0.0261343931820946,0.00239974695077251,0
515.59,0.24633,-0.0561747212947143,-0.0264384073770366,0.00248884663927018,0
515.6,0.24731,-0.0570622358871201,-0.0267381856232276,0.00258189453701666,0
515.61,0.24927,-0.0579303318001478,-0.0270337459405617,0.00267882405902011,0
515.62,0.25024,-0.0587781874872369,-0.0273250890052102,0.00277956061607401,0
515.63,0.2522,-0.0596049652175112,-0.0276121967878787,0.00288402168216446,0
515.64,0.2522,-0.0604098118780426,-0.0278950313005233,0.00299211687916094,0
515.65,0.25318,-0.061191859890174,-0.0281735334654744,0.00310374807933227,0
515.66,0.25318,-0.0619502282378278,-0.0284476221200582,0.0032188095261505,0
515.67,0.25415,-0.0626840236053259,-0.0287171931687464,0.00333718797374987,0
515.68,0.25415,-0.0633923416218622,-0.0289821188936309,0.00345876284529671,0
515.69,0.25415,-0.0640742682093836,-0.0292422474326092,0.00358340641040095,0
515.7,0.25513,-0.0647288810302715,-0.0294974024331168,0.00371098398156166,0
515.71,0.25709,-0.0653552510308534,-0.0297473828875547,0.00384054430414942,0
515.72,0.261,-0.0659524440764317,-0.0299919631547781,0.00397157951972906,0
515.73,0.26491,-0.0665195226731838,-0.0302308931701453,0.00410396028144485,0
515.74,0.26882,-0.0670555477719704,-0.0304638988447131,0.00423755270980605,0
515.75,0.2737,-0.0675595806487897,-0.0306906826522273,0.00437221860491253,0
515.76,0.27859,-0.0680306848563262,-0.0309109244006321,0.00450781567217324,0
515.77,0.28348,-0.0684679282407797,-0.0311242821829255,0.00464419776085467,0
515.78,0.28739,-0.0688703850179069,-0.0313303935003634,0.00478121511468546,0
515.79,0.29228,-0.0692371379019786,-0.0315288765492768,0.00491871463364208,0
515.8,0.29521,-0.0695672802811456,-0.0317193316611456,0.00505654014595105,0
515.81,0.29814,-0.0698599184325126,-0.0319013428840886,0.00519453268926914,0
515.82,0.30108,-0.0701141737700521,-0.0320744796926076,0.00533253079994518,0
515.83,0.30401,-0.0703291851183383,-0.0322382988112711,0.0054703708092284,0
515.84,0.30596,-0.0705041110049567,-0.032392346137066,0.00560788714527027,0
515.85,0.3089,-0.0706381319643363,-0.0325361587443825,0.005744912639769,0
515.86,0.30987,-0.0707304528456726,-0.0326692669560473,0.00588127883813047,0
515.87,0.31183,-0.0707803051175438,-0.0327911964634717,0.0060168163120645,0
515.88,0.31281,-0.0707869491617917,-0.0329014704788508,0.00615135497360069,0
515.89,0.31378,-0.0707496765492179,-0.0329996119024198,0.0062847243895913,0
515.9,0.31574,-0.070667812289659,-0.0330851454880484,0.00641675409586807,0
515.91,0.31769,-0.070540717049033,-0.0331575999909137,0.00654727391033142,0
515.92,0.32063,-0.0703677893260056,-0.0332165102816381,0.00667611424437154,0
515.93,0.32356,-0.0701484675810009,-0.0332614194120797,0.00680310641214641,0
515.94,0.32747,-0.0698822323103801,-0.0332918806189186,0.00692808293736836,0
515.95,0.33138,-0.0695686080587365,-0.0333074592522643,0.00705087785737321,0
515.96,0.33431,-0.0692071653623944,-0.0333077346177011,0.00717132702435997,0
515.97,0.33822,-0.0687975226173708,-0.0332923017214714,0.00728926840379094,0
515.98,0.34018,-0.068339347865239,-0.0332607729098464,0.00740454237002659,0
515.99,0.34311,-0.067832360490545,-0.033212779395136,0.007516991999335,0
516,0.34409,-0.0672763328236525,-0.0331479726622101,0.00762646336045784,0
516.01,0.34506,-0.0666710916431383,-0.0330660257508418,0.00773280580293317,0
516.02,0.34506,-0.0660165195721262,-0.0329666344106002,0.00783587224336782,0
516.03,0.34604,-0.0653125563632287,-0.0328495181264094,0.00793551944981916,0
516.04,0.34506,-0.0645592000670662,-0.0327144210142347,0.0080316083243888,0
516.05,0.34506,-0.0637565080796504,-0.0325611125876294,0.00812400418405053,0
516.06,0.34506,-0.0629045980642478,-0.0323893883970812,0.00821257703963426,0
516.07,0.34506,-0.0620036487436866,-0.0321990705452047,0.00829720187277118,0
516.08,0.34604,-0.0610539005594288,-0.0319900080818381,0.0083777589104756,0
516.09,0.34702,-0.0600556561941001,-0.031762077284005,0.00845413389690095,0
516.1,0.35093,-0.0590092809545536,-0.0315151818264921,0.00852621836166668,0
516.11,0.35386,-0.0579152030129353,-0.0312492528494603,0.00859390988401232,0
516.12,0.35875,-0.0567739135036226,-0.0309642489300553,0.00865711235190113,0
516.13,0.36364,-0.0555859664743139,-0.0306601559654098,0.00871573621507214,0
516.14,0.36852,-0.054351978689968,-0.0303369869747262,0.00876969873092932,0
516.15,0.37341,-0.05307262928871,-0.0299947818283167,0.00881892420206472,0
516.16,0.37732,-0.0517486592892487,-0.0296336069115349,0.00886334420413994,0
516.17,0.38123,-0.0503808709497797,-0.0292535547314896,0.00890289780280006,0
516.18,0.38514,-0.0489701269787787,-0.0288547434742737,0.00893889921292229,0
516.19,0.38807,-0.0475173495985225,-0.028437316520184,0.00897138714477379,0
516.2,0.39198,-0.0460235194626049,-0.0280014419240604,0.00900031887791844,0
516.21,0.39492,-0.0444896744291439,-0.0275473118674365,0.00902565794438505,0
516.22,0.3998,-0.0429169081918048,-0.0270751420886832,0.00904737426266101,0
516.23,0.40371,-0.0413063687711815,-0.0265851712967466,0.00906544425746932,0
516.24,0.4086,-0.0396592568694979,-0.026077660573443,0.00907985096432037,0
516.25,0.41251,-0.0379768240919974,-0.0255528927685882,0.00909058411793155,0
516.26,0.4174,-0.0362603710387918,-0.0250111718915065,0.00909764022372083,0
516.27,0.42131,-0.0345112452713308,-0.0244528225017133,0.00910102261170056,0
516.28,0.42522,-0.0327308391580356,-0.023878189100783,0.00910074147222345,0
516.29,0.42913,-0.03092058760401,-0.023287635526627,0.00909681387316058,0
516.3,0.43304,-0.0290819656700987,-0.0226815443506217,0.00908926375822003,0
516.31,0.43793,-0.0272164860869063,-0.0220603162772415,0.00907812192624174,0
516.32,0.44379,-0.0253256966697209,-0.021424369545098,0.00906342599142796,0
516.33,0.44966,-0.0234111776405957,-0.0207741393275523,0.00904522032458793,0
516.34,0.46139,-0.021474538864142,-0.0201100771303774,0.00902355597558913,0
516.35,0.4741,-0.0195174170038646,-0.0194326501833045,0.00899849057731388,0
516.36,0.49267,-0.0175414726061288,-0.0187423408217014,0.00897008823152012,0
516.37,0.51026,-0.0155483871190946,-0.0180396458541165,0.0089384193770961,0
516.38,0.53372,-0.0135398598541685,-0.0173250759109789,0.00890356064128239,0
516.39,0.55718,-0.0115176048977293,-0.0165991547693944,0.00886559467450881,0
516.4,0.58456,-0.00948334798106139,-0.0158624186487152,0.00882460996955972,0
516.41,0.61095,-0.00743882331658527,-0.015115415471407,0.00878070066583759,0
516.42,0.63539,-0.00538577040861241,-0.0143587040836895,0.00873396633954226,0
516.43,0.65982,-0.00332593084696217,-0.013592853430497,0.00868451178062204,0
516.44,0.68133,-0.00126104509186754,-0.0128184416794997,0.008632446757382,0
516.45,0.70283,0.000807150741337959,-0.0120360552892464,0.00857788576965551,0
516.46,0.71652,0.00287692808921891,-0.0112462880169387,0.00852054334514413,0
516.47,0.73021,0.00494656913037137,-0.0104497398619303,0.00846031135663705,0
516.48,0.73803,0.00701436995014723,-0.00964701594175736,0.00839733312812728,0
516.49,0.74585,0.00907864367145712,-0.00883872529834792,0.00833175685023595,0
516.5,0.75073,0.011137723543195,-0.00802547963302479,0.00826373523592724,0
516.51,0.7566,0.0131899659779071,-0.00720789196999971,0.00819342516789388,0
516.52,0.76051,0.0152337535304322,-0.00638657524924609,0.00812098733860724,0
516.53,0.76442,0.0172674978093677,-0.00556214085092314,0.00804658588399376,0
516.54,0.76931,0.0192896423133677,-0.00473519705488791,0.0079703880116665,0
516.55,0.77419,0.0212986651844525,-0.00390634744025756,0.00789256362460721,0
516.56,0.78104,0.0232930818707102,-0.00307618923144958,0.00781328494116163,0
516.57,0.7869,0.0252714476909864,-0.00224531159861116,0.00773272611218161,0
516.58,0.79472,0.0272323602944029,-0.00141429392182289,0.00765106283612053,0
516.59,0.80352,0.0291744620078098,-0.000583704029900557,0.00756847197286769,0
516.6,0.81329,0.0310964420645566,0.000245903574007862,0.00748513115709057,0
516.61,0.82307,0.032997038708276,0.00107398948655549,0.00740121841184442,0
516.62,0.83284,0.034875041165691,0.00190003116343318,0.0073169117632052,0
516.63,0.84262,0.036729291482805,0.00272352464808674,0.0072323888566856,0
516.64,0.85142,0.038558686219186,0.00354398625348123,0.00714782657620412,0
516.65,0.86119,0.0403621779954364,0.00436095417988047,0.00706340066639398,0
516.66,0.86901,0.042138776889328,0.00517399005124936,0.00697928535906064,0
516.67,0.87586,0.0438875516764905,0.00598268035278375,0.00689565300462393,0
516.68,0.8827,0.0456076309119549,0.00678663775224668,0.00681267370941049,0
516.69,0.88856,0.0472982038492929,0.00758550228825043,0.00673051497969414,0
516.7,0.89443,0.0489585211945262,0.00837894240937969,0.00664934137341351,0
516.71,0.90029,0.050587895692442,0.00916665584910153,0.00656931416052553,0
516.72,0.90714,0.0521857025434032,0.00994837032274708,0.00649059099297888,0
516.73,0.913,0.0537513796492183,0.0107238440344655,0.00641332558531023,0
516.74,0.91887,0.0552844276871056,0.0114928659839229,0.00633766740687649,0
516.75,0.92571,0.0567844100112698,0.0122552560646233,0.00626376138673627,0
516.76,0.93255,0.0582509523820922,0.0130108649480291,0.00619174763218104,0
516.77,0.94037,0.0596837425234206,0.0137595737501254,0.00612176116189013,0
516.78,0.94819,0.0610825295089351,0.0145012934796523,0.00605393165464232,0
516.79,0.95601,0.0624471229790489,0.0152359642698874,0.0059883832144592,0
516.8,0.96481,0.0637773921902936,0.0159635543985381,0.00592523415298212,0
516.81,0.97361,0.0650732648996166,0.0166840591029574,0.00586459678979491,0
516.82,0.98143,0.066334726086497,0.0173974992004698,0.00580657727130054,0
516.83,0.98925,0.0675618165162613,0.0181039195260405,0.00575127540864109,0
516.84,0.99511,0.0687546311484416,0.0188033872017933,0.00569878453502079,0
516.85,1,0.0699133173944781,0.0194959897549342,0.00564919138265223,0
516.86,1,0.0710380732295154,0.0201818331024283,0.00560257597939983,0
516.87,1,0.0721291451634754,0.0208610394222826,0.00555901156504484,0
516.88,1,0.0731868260770182,0.0215337449324677,0.00551856452694665,0
516.89,1,0.0742114529284074,0.0222000975993551,0.00548129435472862,0
516.9,1,0.0752034043376987,0.0228602547980454,0.00544725361347729,0
516.91,1,0.0761630980550455,0.0235143809471011,0.00541648793481453,0
516.92,1,0.0770909883202802,0.0241626451399924,0.00538903602508615,0
516.93,1,0.0779875631212789,0.0248052187950237,0.00536492968981068,0
516.94,1,0.0788533413589363,0.0254422733446436,0.00534419387345068,0
516.95,1,0.0796888699268922,0.0260739779838921,0.005326846713507,0
516.96,1,0.0804947207144293,0.0267004974963258,0.00531289960789678,0
516.97,1,0.0812714875412305,0.0273219901741236,0.00530235729455714,0
516.98,1,0.0820197830329227,0.0279386058472555,0.00529521794221974,0
516.99,1,0.0827402354465511,0.0285504840346302,0.00529147325132556,0
517,1,0.083433485455323,0.0291577522280729,0.00529110856409285,0
517.01,1,0.0841001829021274,0.0297605243178639,0.00529410298281269,0
517.02,1,0.0847409835314791,0.0303588991664276,0.00530042949552361,0
517.03,1,0.0853565457096558,0.0309529593346523,0.00530992694972271,0
517.04,1,0.0859475271428833,0.0315427699632682,0.00532220399499887,0
517.05,1,0.0865145816034922,0.0321283778097535,0.00533721356869637,0
517.06,1,0.0870583556740026,0.0327098104394105,0.00535490358810237,0
517.07,1,0.0875794855191054,0.0332870755675619,0.00537521707248065,0
517.08,1,0.0880785936954892,0.0338601605483082,0.0053980922701824,0
517.09,1,0.0885562860094161,0.0344290320039453,0.0054234627908405,0
517.1,1,0.0890131484318775,0.0349936355879999,0.00545125774272383,0
517.11,1,0.0894497440810587,0.0355538958738884,0.00548159095503808,0
517.12,1,0.0898666102817132,0.036109716360453,0.00551486524394523,0
517.13,1,0.0902642557108912,0.0366609795850576,0.00555096208763436,0
517.14,1,0.0906431576392848,0.0372075473345519,0.00558975753101,0
517.15,1,0.0910037592772422,0.0377492609441916,0.00563112240514096,0
517.16,1,0.0913464672342672,0.0382859416745561,0.00567492255716757,0
517.17,1,0.0916716491005581,0.0388173911565864,0.00572101909102735,0
517.18,1,0.0919796311588562,0.0393433918950789,0.00576926861931577,0
517.19,1,0.0922706962345565,0.0398637078212911,0.00581952352653912,0
517.2,1,0.0925450816917046,0.0403780848857155,0.00587163224394282,0
517.21,1,0.0928029775821403,0.0408862516825582,0.00592543953601065,0
517.22,1,0.0930445249546678,0.0413879200979845,0.00598078679863165,0
517.23,1,0.0932698143307335,0.0418827859747584,0.00603751236882261,0
517.24,1,0.0934788843526649,0.0423705297864895,0.00609545184577725,0
517.25,1,0.0936717206100831,0.0428508173152948,0.00615443842289202,0
517.26,1,0.0938482546496433,0.0433233003272723,0.00621430323029319,0
517.27,1,0.0940083631727742,0.0437876172407638,0.0062748756872654,0
517.28,1,0.0941518674255975,0.0442433937829408,0.00633598386385871,0
517.29,1,0.0942785327846975,0.0446902436307824,0.00639745485083301,0
517.3,1,0.0943880685418866,0.0451277690330191,0.0064591151369876,0
517.31,1,0.0944801278905805,0.0455555614100916,0.00652079099282177,0
517.32,1,0.0945543081158478,0.045973201929627,0.00658230885938211,0
517.33,1,0.0946101509896436,0.046380262055351,0.00664349574107487,0
517.34,1,0.0946471433721745,0.0467763040677636,0.00670417960115995,0
517.35,1,0.0946647180197684,0.0471608815552875,0.00676418975859699,0
517.36,1,0.0946622545990498,0.0475335398749776,0.00682335728488521,0
517.37,1,0.0946390809066394,0.0478938165822557,0.00688151539952796,0
517.38,1,0.094594474293016,0.0482412418295127,0.00693849986275954,0
517.39,1,0.0945276632885953,0.0485753387338205,0.00699414936419654,0
517.4,1,0.0944378294294985,0.0488956237144065,0.00704830590611768,0
517.41,1,0.0943241092799055,0.0492016068009925,0.00710081518013333,0
517.42,1,0.0941855966473079,0.0494927919145752,0.00715152693607802,0
517.43,1,0.0940213449864135,0.0497686771227469,0.00720089616253846,0
517.44,1,0.0938303699868831,0.0500287548722121,0.00724899095560118,0
517.45,1,0.0936116523395327,0.0502725122017639,0.00729571566200065,0
517.46,1,0.0933641406750847,0.0504994309396271,0.00734097845255756,0
517.47,1,0.0930867546690211,0.0507089878897656,0.00738469153877762,0
517.48,1,0.0927783883055716,0.0509006550124695,0.00742677137984044,0
517.49,1,0.0924379132933625,0.0510738996052842,0.00746713887961734,0
517.5,1,0.0920641826247649,0.0512281844911042,0.00750571957342571,0
517.51,1,0.0916560342705046,0.051362968221012,0.00754244380428966,0
517.52,1,0.0912122950006473,0.0514777053001879,0.00757724688853061,0
517.53,1,0.0907317843226341,0.0515718464459224,0.007610069270555,0
517.54,1,0.0902133185266328,0.0516448388874155,0.0076408566667386,0
517.55,1,0.0896557148280786,0.05169612671762,0.00766956019832618,0
517.56,1,0.0890577955969114,0.0517251513078574,0.00769613651327113,0
517.57,1,0.0884183926626763,0.0517313517962788,0.00772054789693189,1
517.58,0.99804,0.0877363516843346,0.0517141656614412,0.00774276237152009,0
517.59,0.99609,0.0870105365733479,0.0516730293922925,0.0077627537841609,0
517.6,0.99413,0.0862398339583298,0.0516073792656902,0.00778050188337916,0
517.61,0.99316,0.0854231576793341,0.0515166522421992,0.00779599238376865,0
517.62,0.99218,0.0845594532996367,0.051400286990311,0.00780921701853657,0
517.63,0.99022,0.0836477026227006,0.0512577250483837,0.0078201735795461,0
517.64,0.98925,0.0826869282018688,0.0510884121325204,0.00782886594440744,0
517.65,0.98827,0.0816761978302144,0.0508917995972815,0.00783530409009785,0
517.66,0.98631,0.0806146289979052,0.0506673460545623,0.00783950409252581,0
517.67,0.98436,0.0795013933043833,0.0504145191541847,0.00784148811139898,0
517.68,0.98143,0.0783357208126527,0.0501327975277608,0.00784128435971298,0
517.69,0.97947,0.0771169043329821,0.0498216728952132,0.00783892705715306,0
517.7,0.97654,0.075844303623381,0.0494806523310138,0.00783445636669628,0
517.71,0.97361,0.0745173494942929,0.0491092606847671,0.00782791831372143,0
517.72,0.97067,0.0731355478050648,0.0487070431482514,0.00781936468698039,0
517.73,0.96774,0.0716984833399049,0.0482735679584935,0.00780885292085926,0
517.74,0.96285,0.0702058235512206,0.0478084292239357,0.00779644595846124,0
517.75,0.95797,0.0686573221584481,0.0473112498583021,0.00778221209517698,0
517.76,0.95112,0.0670528225907306,0.0467816846044488,0.00776622480256862,0
517.77,0.94428,0.0653922612620851,0.0462194231283216,0.00774856253258102,0
517.78,0.93548,0.0636756706680068,0.0456241931612088,0.00772930850230222,0
517.79,0.92669,0.061903182292806,0.0449957636667994,0.00770855045972224,0
517.8,0.91691,0.0600750293173431,0.044333948008182,0.00768638043117787,0
517.81,0.90714,0.0581915491172315,0.0436386070888774,0.00766289445141626,0
517.82,0.89638,0.0562531855420089,0.0429096524413188,0.00763819227745442,0
517.83,0.88661,0.0542604909662372,0.0421470492358891,0.00761237708764795,0
517.84,0.87683,0.052214128103977,0.0413508191837114,0.00758555516760417,0
517.85,0.86706,0.050114871578596,0.0405210433068643,0.00755783558477426,0
517.86,0.8563,0.047963609240405,0.0396578645505479,0.00752932985373085,0
517.87,0.84555,0.0457613432251782,0.0387614902129511,0.00750015159427529,0
517.88,0.83382,0.043509190747196,0.0378321941701297,0.00747041618461862,0
517.89,0.82307,0.0412083846210525,0.0368703188750789,0.00744024041193825,0
517.9,0.80938,0.038860273507093,0.0358762771123213,0.00740974212262722,0
517.91,0.7957,0.0364663218759896,0.0348505534917014,0.00737903987452325,0
517.92,0.78006,0.0340281096886202,0.033793705667619,0.00734825259333244,0
517.93,0.76442,0.0315473317880913,0.0327063652726057,0.00731749923534891,0
517.94,0.74487,0.0290257970014305,0.0315892385568923,0.00728689845842081,0
517.95,0.7263,0.0264654269491781,0.0304431067283743,0.00725656830292971,0
517.96,0.70283,0.0238682545618103,0.0292688259901168,0.00722662588433962,0
517.97,0.68035,0.0212364223026542,0.0280673272751841,0.00719718709863995,0
517.98,0.65396,0.018572180097671,0.0268396156810982,0.00716836634176095,0
517.99,0.62854,0.0158778829732231,0.0255867696085771,0.00714027624378594,0
518,0.6002,0.0131559884036681,0.024309939611343,0.00711302741852975,0
518.01,0.57185,0.0104090533713649,0.0230103469656904,0.0070867282288035,0
518.02,0.54448,0.00763973114240833,0.0216892819701459,0.00706148456744676,0
518.03,0.51808,0.00485076776214541,0.0203481019869077,0.0070373996539862,0
518.04,0.49267,0.00204499827525537,0.0189882292378322,0.0070145738465778,0
518.05,0.46823,-0.0007746573240989,0.0176111483685117,0.00699310446871202,0
518.06,0.44868,-0.00360519840582363,0.0162184037944916,0.00697308565001022,0
518.07,0.42913,-0.00644354827421894,0.0148115968438964,0.00695460818031789,0
518.08,0.41447,-0.00928655898744575,0.0133923827107077,0.00693775937620651,0
518.09,0.3998,-0.0121310164178213,0.0119624672326775,0.00692262295893132,0
518.1,0.38807,-0.0149736455439597,0.0105236035074009,0.00690927894285623,0
518.11,0.37634,-0.0178111159651212,0.00907758835944468,0.00689780353334799,0
518.12,0.36755,-0.0206400476274981,0.00762625867067647,0.00688826903315749,0
518.13,0.35875,-0.023457016751549,0.0061714875850952,0.00688074375634522,0
518.14,0.34897,-0.0262585619489006,0.00471518059857714,0.00687529194886622,0
518.15,0.3392,-0.0290411905167638,0.00325927154306329,0.00687197371500647,0
518.16,0.32845,-0.0318013848972619,0.00180571847386696,0.00687084494895211,0
518.17,0.31867,-0.0345356092885538,0.000356499468016733,0.00687195727087488,0
518.18,0.30792,-0.0372403163941327,-0.00108639165908997,0.006875357967026,0
518.19,0.29814,-0.0399119542962263,-0.00252094971193029,0.00688108993344529,0
518.2,0.28837,-0.0425469734387792,-0.0039451625414967,0.00688919162300923,0
518.21,0.27957,-0.0451418337051054,-0.00535701553391547,0.00689969699565812,0
518.22,0.27273,-0.047693011574919,-0.006754496154472,0.00691263547175645,0
518.23,0.26588,-0.0501970073451208,-0.00813559854008071,0.00692803188864982,0
518.24,0.26197,-0.052650352398412,-0.00949832813260511,0.00694590646058442,0
518.25,0.25806,-0.0550496165035425,-0.0108407063445701,0.00696627474224956,0
518.26,0.25513,-0.057391415130768,-0.0121607752477313,0.00698914759628863,0
518.27,0.2522,-0.0596724167659009,-0.0134566022737061,0.00701453116519812,0
518.28,0.25024,-0.061889350206183,-0.0147262849144615,0.00704242684809702,0
518.29,0.24829,-0.0640390118210909,-0.0159679554089498,0.00707283128289938,0
518.3,0.24536,-0.0661182727611127,-0.0171797854006244,0.00710573633446016,0
518.31,0.2434,-0.0681240860974915,-0.0183599905490361,0.00714112908928861,0
518.32,0.23949,-0.070053493875939,-0.0195068350772422,0.00717903030525697,0
518.33,0.23656,-0.0719036340673628,-0.0206186362354496,0.0072211310682144,0
518.34,0.23363,-0.0736717473987355,-0.0216937686602049,0.00726740292222348,0
518.35,0.23069,-0.075355184047357,-0.0227306686076056,0.00731781007981657,0
518.36,0.22678,-0.0769514101819276,-0.0237278380385021,0.00737230946306081,0
518.37,0.22385,-0.0784580143340518,-0.0246838485335198,0.00743085075968621,0
518.38,0.21994,-0.0798727135840391,-0.0255973450160032,0.00749337649483643,0
518.39,0.21701,-0.0811933595451536,-0.0264670492616908,0.00755982211887455,0
518.4,0.21505,-0.0824179441307851,-0.0272917631750627,0.007630116111529,0
518.41,0.21212,-0.0835446050893813,-0.0280703718138802,0.00770418010249903,0
518.42,0.20919,-0.0845716312923776,-0.0288018461454042,0.00778192900845644,0
518.43,0.20626,-0.0854974677608041,-0.0294852455201203,0.00786327118618315,0
518.44,0.20235,-0.0863207204167193,-0.0301197198514449,0.00794810860137496,0
518.45,0.19941,-0.0870401605461377,-0.0307045114927763,0.00803633701242554,0
518.46,0.1955,-0.0876547289606567,-0.0312389568063113,0.00812784616828408,0
518.47,0.19159,-0.088163539845576,-0.0317224874211856,0.00822252001926307,0
518.48,0.18768,-0.0885658842829088,-0.0321546311816346,0.00832023693946315,0
518.49,0.18377,-0.0888612334383308,-0.032535012788919,0.00842086995928854,0
518.5,0.17986,-0.0890492414017869,-0.0328633541436348,0.00852428700635594,0
518.51,0.17595,-0.0891297476721765,-0.0331394743976684,0.00863035115295932,0
518.52,0.17204,-0.0891027792772697,-0.0333632897273829,0.00873892086815109,0
518.53,0.16813,-0.0889685525207606,-0.0335348128415977,0.00884985027244233,0
518.54,0.1652,-0.088727474349144,-0.0336541522395064,0.00896298939311887,0
518.55,0.16227,-0.0883801433319044,-0.0337215112348499,0.00907818441821919,0
518.56,0.15934,-0.087927350249326,-0.0337371867634227,0.0091952779473289,0
518.57,0.15738,-0.0873700782830766,-0.033701567991345,0.00931410923751483,0
518.58,0.15738,-0.0867095028055752,-0.0336151347415136,0.0094345144429491,0
518.59,0.15738,-0.0859469907650247,-0.0334784557552853,0.00955632684705559,0
518.6,0.15934,-0.0850840996638815,-0.0332921868057968,0.00967937708634151,0
518.61,0.16129,-0.0841225761294273,-0.0330570686784309,0.0098034933654467,0
518.62,0.16422,-0.0830643540760166,-0.0327739250328759,0.00992850166334115,0
518.63,0.16618,-0.0819115524594889,-0.032443660160029,0.0100542259310137,0
518.64,0.16911,-0.0806664726251503,-0.0320672566457464,0.0101800625228408,0
518.65,0.17204,-0.0793315952516522,-0.0316457729521823,0.0103053382513867,0
518.66,0.17302,-0.0779095768940192,-0.0311803409262378,0.0104298759683031,0
518.67,0.17498,-0.0764032461299947,-0.0306721632435064,0.0105534978449265,0
518.68,0.17595,-0.0748155993147957,-0.0301225107950797,0.0106760255189043,0
518.69,0.17693,-0.0731497959502758,-0.0295327200236953,0.0107972802402808,0
518.7,0.17693,-0.0714091536754024,-0.0289041902149835,0.0109170830195795,0
518.71,0.17693,-0.0695971428858469,-0.0282383807489998,0.011035254780455,0
518.72,0.17595,-0.0677173809913698,-0.0275368083168285,0.0111516165194368,0
518.73,0.17498,-0.06577362632055,-0.0268010441067823,0.0112659894751488,0
518.74,0.174,-0.0637697716832602,-0.0260327109646011,0.0113781953091628,0
518.75,0.17204,-0.0617098376021241,-0.0252334805320487,0.0114880563003435,0
518.76,0.17009,-0.0595979652250034,-0.0244050703683819,0.0115953955541794,0
518.77,0.16813,-0.0574384089313561,-0.0235492410593146,0.0117000372281739,0
518.78,0.1652,-0.0552355286460711,-0.0226677933182748,0.0118018067739199,0
518.79,0.16129,-0.0529937818751302,-0.0217625650849346,0.0119005311960041,0
518.8,0.15738,-0.0507177154781559,-0.0208354286261508,0.0119960393274123,0
518.81,0.15249,-0.0484119571935927,-0.0198882876445647,0.0120881621206393,0
518.82,0.14663,-0.0460812069329157,-0.0189230744001378,0.0121767329532716,0
518.83,0.13978,-0.0437302278608854,-0.0179417468498392,0.0122615879464122,0
518.84,0.13294,-0.0413638372794468,-0.0169462858105195,0.0123425662939749,0
518.85,0.1261,-0.0389868973334229,-0.0159386921496962,0.0124195106005901,0
518.86,0.12023,-0.036604305556661,-0.0149209840085253,0.0124922672256485,0
518.87,0.11437,-0.0342209852777626,-0.0138951940606346,0.0125606866308628,0
518.88,0.10948,-0.031841875904961,-0.0128633668097519,0.01262462372865,0
518.89,0.10557,-0.0294719231100976,-0.0118275559281636,0.0126839382286292,0
518.9,0.10166,-0.0271160689319979,-0.0107898216370166,0.0127384949795839,0
518.91,0.097752,-0.0247792418198522,-0.0097522281283151,0.012788164304352,0
518.92,0.094819,-0.0224663466374651,-0.0087168410272081,0.0128328223252636,0
518.93,0.090909,-0.0201822546494524,-0.00768572489181078,0.0128723512779528,0
518.94,0.086022,-0.0179317935106334,-0.00666094074640208,0.0129066398116006,0
518.95,0.082111,-0.0157197372799887,-0.00564454364240544,0.0129355832739169,0
518.96,0.076246,-0.0135507964806276,-0.00463858024013614,0.0129590839794425,0
518.97,0.070381,-0.011429608227239,-0.00364508640292094,0.0129770514600142,0
518.98,0.062561,-0.00936072644247728,-0.00266608479390461,0.0129894026965076,0
518.99,0.054741,-0.00734861218366942,-0.00170358246469878,0.0129960623312241,0
519,0.045943,-0.00539762410111161,-0.000759568424043167,0.0129969628605267,0
519.01,0.036168,-0.00351200904906145,0.000163988826117819,0.0129920448075488,0
519.02,0.028348,-0.00169589287031968,0.00106514380024635,0.0129812568749903,0
519.03,0.020528,4.67286249632946e-05,0.0019419765978208,0.0129645560781857,0
519.04,0.013685,0.00171199846592696,0.00279259554412654,0.0129419078587681,0
519.05,0.0068426,0.00329620709310961,0.00361513991591965,0.0129132861793648,0
519.06,0.0029325,0.00479580067644927,0.0044077827637786,0.0128786735998494,0
519.07,0,0.00620738916004266,0.00516873384168375,0.0128380613357366,0
519.08,0,0.00752775401501765,0.00589624265268676,0.0127914492993409,0
519.09,0,0.00875385568240639,0.00658860161745896,0.0127388461243423,0
519.1,0,0.00988284068848192,0.00724414937005805,0.0126802691743959,0
519.11,0,0.0109120484156373,0.00786127418245622,0.0126157445364041,0
519.12,0,0.0118390175125432,0.00843841751627109,0.0125453069990385,0
519.13,0,0.0126614919280164,0.00897407769678828,0.0124690000170497,0
519.14,0,0.0133774265537646,0.00946681370082204,0.0123868756618504,0
519.15,0,0.0139849924619432,0.00991524904630291,0.0122989945587918,0
519.16,0,0.0144825817242638,0.0103180757677873,0.0122054258114847,0
519.17,0,0.0148688118002321,0.0106740584584387,0.0121062469134438,0
519.18,0,0.0151425294829602,0.010982038355525,0.0120015436472542,0
519.19,0,0.0153028143918984,0.0112409374431959,0.0118914099713882,0
519.2,0,0.0153489820027528,0.0114497625433454,0.0117759478947177,0
519.21,0,0.0152805862058121,0.0116076093628021,0.0116552673386994,0
519.22,0,0.0150974213848747,0.0117136664630087,0.0115294859871355,0
519.23,0,0.0147995240099678,0.0117672191168224,0.0113993652826398,0
519.24,0,0.0143871737380636,0.0117676530161408,0.0112654572098208,1
519.25,0,0.0138608940170291,0.0117144577937901,0.011127863025614,0
519.26,0,0.0132214521890943,0.0116072303235305,0.0109866890866189,0
519.27,0,0.0124698590911823,0.0114456777631519,0.0108420467179566,0
519.28,0,0.011607368150516,0.0112296203074642,0.0106940520719823,0
519.29,0,0.0106354739749908,0.0109589936204997,0.010542825976629,0
519.3,0,0.00955591043888997,0.0106338509194218,0.010388493773183,0
519.31,0,0.00837064826560262,0.0102543646864158,0.0102311851433118,0
519.32,0,0.00708189211009318,0.00982082798916564,0.0100710339252141,0
519.33,0,0.00569207714495567,0.00933365539530769,0.00990817791880944,0
519.34,0,0.00420386515496832,0.00879338347141001,0.00974275867995941,0
519.35,0,0.00262014014613854,0.00820067086243937,0.0095749213037929,0
519.36,0,0.00094400347629445,0.00755629795323245,0.00940481419730779,0
519.37,0,-0.000821231484666344,0.00686116611905164,0.00923258884153362,0
519.38,0,-0.00267204515571883,0.00611629657774515,0.00905839954366584,0
519.39,0,-0.00460471799666672,0.00532282886120609,0.00888240317972006,0
519.4,0,-0.00661533719992942,0.00448201892859696,0.00870475892840188,0
519.41,0,-0.00869980380999048,0.00359523694803715,0.00852562799704291,0
519.42,0,-0.0108538402573753,0.00266396477701249,0.00834517334061148,0
519.43,0,-0.013072998293088,0.0016897931745371,0.00816355937496504,0
519.44,0,-0.0153526673085267,0.000674418779974854,0.00798095168566504,0
519.45,0,-0.0176880830250155,-0.000380359105677506,0.00779751673381903,0
519.46,0,-0.0200743365362414,-0.0014726419003954,0.00761342156054541,0
519.47,0,-0.0225063836860677,-0.00260043524920839,0.00742883349176593,0
519.48,0,-0.0249790547634159,-0.00376165262768616,0.00724391984511707,0
519.49,0,-0.0274870644951623,-0.00495411901217435,0.00705884764082762,0
519.5,0,-0.0300250223172913,-0.00617557459257613,0.00687378331843223,0
519.51,0,-0.0325874429038841,-0.00742367850887207,0.00668889246117623,0
519.52,0,-0.0351687569328971,-0.00869601259879852,0.00650433952991361,0
519.53,0,-0.0377633220671075,-0.00999008515101384,0.00632028760820578,0
519.54,0,-0.0403654341280699,-0.0113033346654908,0.00613689816019456,0
519.55,0,-0.0429693384404398,-0.0126331336305752,0.00595433080265064,0
519.56,0,-0.0455692413235803,-0.0139767923339084,0.00577274309239101,0
519.57,0,-0.0481593217069801,-0.0153315627319714,0.00559229033002086,0
519.58,0,-0.0507337428456645,-0.0166946424100996,0.00541312538069253,0
519.59,0,-0.0532866641114976,-0.0180631786711614,0.00523539851229387,0
519.6,0,-0.0558122528360274,-0.0194342727964105,0.00505925725118732,0
519.61,0,-0.0583046961803437,-0.0208049845260409,0.00488484625532857,0
519.62,0,-0.0607582130072825,-0.0221723368094395,0.00471230720430716,0
519.63,0,-0.0631670657312273,-0.0235333208758203,0.00454177870557878,0
519.64,0,-0.065525572120732,-0.0248849016746457,0.00437339621590887,0
519.65,0,-0.0678281170292136,-0.0262240237318648,0.00420729197682376,0
519.66,0,-0.0700691640290431,-0.0275476174624369,0.00404359496267722,0
519.67,0,-0.072243266924494,-0.028852605971869,0.0038824308397885,0
519.68,0,-0.0743450811191946,-0.0301359123696308,0.00372453021340596,0
519.69,0,-0.0763693748139688,-0.0313944676054947,0.00357034079379321,0
519.7,0,-0.0783110400112434,-0.0326252188262979,0.0034199890092053,0
519.71,0,-0.0801651033025401,-0.0338251382356839,0.0032735955230904,0
519.72,0,-0.0819267364159698,-0.0349912324234434,0.00313127524841944,0
519.73,0,-0.0835912665010925,-0.0361205521146196,0.00299313736716221,0
519.74,0,-0.0851541861289987,-0.0372102022721048,0.00285928535286782,0
519.75,0,-0.0866111629860197,-0.0382573524706044,0.00272981699449648,0
519.76,0,-0.087958049240062,-0.0392592474451703,0.002604824419864,0
519.77,0,-0.0891908905592034,-0.0402132177045998,0.00248439411729473,0
519.78,0,-0.0903059347628744,-0.0411166900893964,0.00236860695432418,0
519.79,0,-0.091299640086677,-0.041967198146205,0.00225753819254287,0
519.8,0,-0.092168683042663,-0.0427623921860571,0.00215125749792219,0
519.81,0,-0.092909965857712,-0.0435000488927063,0.00204982894620465,0
519.82,0,-0.0935206234734948,-0.0441780803499632,0.00195331102317151,0
519.83,0,-0.0939980300924027,-0.0447945423632985,0.00186175661981454,0
519.84,0,-0.0943398052547456,-0.0453476419609551,0.00177521302263474,0
519.85,0,-0.0945438194334799,-0.0458357439731458,0.00169372189946455,0
519.86,0,-0.0946081991337201,-0.046257376604223,0.00161731928136156,0
519.87,0,-0.094531331485305,-0.0466112359314806,0.00154603554124883,0
519.88,0,-0.0943118683177365,-0.046896189284878,0.00147989537008015,0
519.89,0,-0.0939487297078834,-0.0471112774837873,0.00141891775138696,0
519.9,0,-0.0934411069919351,-0.0472557159291354,0.00136311593511889,0
519.91,0,-0.0927884652342037,-0.0473288945713249,0.0013124974117224,0
519.92,0,-0.0919905451465119,-0.0473303767953597,0.0012670638874128,0
519.93,0,-0.0910473644530456,-0.0472598972840427,0.00122681126158644,0
519.94,0,-0.0899592186967168,-0.0471173589373755,0.00119172960729309,0
519.95,0,-0.0887266814842526,-0.0469028289409205,0.00116180315564631,0
519.96,0,-0.0873506041684071,-0.0466165340875349,0.00113701028499333,0
519.97,0,-0.0858321149668775,-0.0462588554653347,0.00111732351559886,0
519.98,0.012708,-0.0841726175186962,-0.0458303226299001,0.00110270951052108,0
519.99,0.026393,-0.0823737888800575,-0.0453316073806209,0.00109312908327564,0
520,0.040078,-0.0804375769627255,-0.0447635172598431,0.00108853721279718,0
520.01,0.054741,-0.0783661974193506,-0.044126988889348,0.00108888306612036,0
520.02,0.067449,-0.0761621299811959,-0.0434230812519925,0.00109411002911534,0
520.03,0.080156,-0.07382811425494,-0.042652969017443,0.00110415574552944,0
520.04,0.091887,-0.071367144986372,-0.0418179360002527,0.00111895216450756,0
520.05,0.10362,-0.0687824667999336,-0.0409193688265017,0.00113842559669293,0
520.06,0.11339,-0.0660775684241785,-0.0399587508722866,0.00116249677894575,0
520.07,0.12317,-0.0632561764143201,-0.0389376565239149,0.00119108094766387,0
520.08,0.13196,-0.0603222483841139,-0.037857745796144,0.00122408792064575,0
520.09,0.14076,-0.0572799657603718,-0.0367207593315507,0.00126142218740324,0
520.1,0.14761,-0.054133726074428,-0.0355285137914391,0.00130298300780949,0
520.11,0.15543,-0.0508881348058741,-0.0342828976368594,0.00134866451895593,0
520.12,0.16325,-0.0475479967948389,-0.0329858672875239,0.00139835585009033,0
520.13,0.17107,-0.0441183072400217,-0.0316394436368334,0.00145194124551513,0
520.14,0.17986,-0.0406042423005766,-0.0302457088929761,0.00150930019533993,0
520.15,0.18964,-0.0370111493208046,-0.0288068037091979,0.00157030757400264,0
520.16,0.20039,-0.0333445366974214,-0.0273249245608907,0.00163483378649842,0
520.17,0.21212,-0.0296100634099464,-0.0258023213230906,0.00170274492228299,0
520.18,0.22287,-0.0258135282354848,-0.0242412949992767,0.00177253546218805,0
520.19,0.2346,-0.0219608586698649,-0.0226441955509432,0.00184397929243643,0
520.2,0.24633,-0.0180580995777265,-0.0210134197771897,0.00191693598361912,0
520.21,0.25709,-0.0141114015947522,-0.0193514091944366,0.00199126345188098,0
520.22,0.26588,-0.0101270093057714,-0.0176606478682065,0.00206681815957984,0
520.23,0.27468,-0.00611124922296177,-0.0159436601515995,0.00214345531936906,0
520.24,0.28152,-0.00207051758880893,-0.0142030082885149,0.00222102910170605,0
520.25,0.28837,0.00198873197112318,-0.0124412898437184,0.00229939284577509,0
520.26,0.29423,0.00606000092022862,-0.0106611349264165,0.00237839927378827,0
520.27,0.3001,0.0101367583820378,-0.00886520317898673,0.00245790070859283,0
520.28,0.30499,0.0142124537846491,-0.0070561805078394,0.00253774929446775,0
520.29,0.31085,0.0182805295523554,-0.00523677553899045,0.00261779722093721,0
520.3,0.31672,0.0223344338182929,-0.00340971578674843,0.00269789694936602,0
520.31,0.32356,0.0263676331318827,-0.00157774352992809,0.00277790144203151,0
520.32,0.33138,0.0303736251348332,0.000256388603835664,0.00285766439329218,0
520.33,0.3392,0.0343459511795258,0.00208992233880508,0.00293704046239513,0
520.34,0.348,0.0382782088637189,0.00392009872361346,0.00301588550738543,0
520.35,0.35679,0.0421640644556691,0.0057441633557246,0.00309405681950289,0
520.36,0.36657,0.0459972651839931,0.00755937183155579,0.00317141335737707,0
520.37,0.37537,0.0497716513668702,0.00936299538938484,0.00324781598026263,0
520.38,0.38416,0.053481168355517,0.0111523267056728,0.00332312767949546,0
520.39,0.39394,0.057119878267252,0.0129246857991151,0.00339721380729789,0
520.4,0.40176,0.0606819714839062,0.0146774259907218,0.00346994230202025,0
520.41,0.41056,0.0641617778918265,0.016407939862694,0.00354118390887711,0
520.42,0.41935,0.0675537778402615,0.0181136651540153,0.00361081239522135,0
520.43,0.42717,0.0708526127955089,0.0197920905267546,0.00367870475939778,0
520.44,0.435,0.0740530956688456,0.0214407611343423,0.00374474143223173,0
520.45,0.44282,0.0771502207969481,0.0230572839218154,0.00380880647023591,0
520.46,0.44966,0.0801391735542443,0.024639332588505,0.00387078773966122,0
520.47,0.45748,0.083015339577414,0.0261846521461155,0.00393057709057343,0
520.48,0.46334,0.0857743135830765,0.0276910630098457,0.00398812087532184,0
520.49,0.47019,0.0884119077605608,0.0291564645672724,0.00404429834134669,0
520.5,0.47605,0.0909241597225583,0.0305788381792392,0.00409900915263436,0
520.51,0.48192,0.0933073399973858,0.0319562495789261,0.00415215590181465,0
520.52,0.48778,0.0955579590475646,0.0332868506494722,0.00420364425461426,0
520.53,0.49267,0.0976727738004203,0.0345688805766932,0.00425338308529956,0
520.54,0.49658,0.0996487936774416,0.0358006663911537,0.00430128460283213,0
520.55,0.49951,0.1014832861102,0.0369806229325714,0.00434726446754751,0
520.56,0.50147,0.103173781531719,0.0381072522885638,0.00439124189825451,0
520.57,0.5044,0.104718077833291,0.0391791427783384,0.00443313976973671,0
520.58,0.5044,0.106114244277876,0.0401949675692309,0.00447288470071971,0
520.59,0.50538,0.107360624862365,0.0411534830291796,0.00451040713244336,0
520.6,0.50538,0.108455841122151,0.042053526930439,0.00454564139804847,0
520.61,0.50538,0.109398794372655,0.0428940166283456,0.00457852578305014,0
520.62,0.50244,0.110188667383604,0.0436739473431191,0.00460900257722357,0
520.63,0.50049,0.11082492548311,0.0443923906720428,0.00463701811827369,0
520.64,0.49658,0.111307317089755,0.0450484934536785,0.00466252282769476,0
520.65,0.49169,0.111635873672134,0.0456414770949872,0.0046854712392519,0
520.66,0.48778,0.111810909136494,0.046170637456591,0.00470582202053131,0
520.67,0.48289,0.11183301864433,0.0466353453713724,0.00472353798801175,0
520.68,0.47801,0.111703076862978,0.0470350478478751,0.00473858611610552,0
520.69,0.4741,0.111422235653483,0.0473692699834405,0.00475093754060412,0
520.7,0.47019,0.110991921201153,0.0476376175837324,0.00476056755694285,0
520.71,0.46628,0.110413830595424,0.0478397804564479,0.00476745561366995,0
520.72,0.46334,0.109689927866794,0.0479755363187665,0.00477158530147146,0
520.73,0.46041,0.108822439489748,0.0480447552316596,0.00477294433806364,0
520.74,0.45943,0.10781384936168,0.0480474044506591,0.00477152454922157,1
520.75,0.45943,0.106666893268958,0.0479835535630476,0.00476732184616713,0
520.76,0.46041,0.105384552852315,0.0478533797664633,0.00476033619949335,0
520.77,0.46139,0.103970049084822,0.0476571731341776,0.00475057160975591,0
520.78,0.46334,0.102426835276691,0.047395341708117,0.00473803607481845,0
520.79,0.4653,0.100758589622159,0.0470684162621357,0.00472274155399687,0
520.8,0.46725,0.0989692073046506,0.0466770545849021,0.00470470392901022,0
520.81,0.46921,0.0970627921773192,0.04622204514364,0.00468394296171355,0
520.82,0.46921,0.0950436480369645,0.045704310006229,0.00466048224856099,0
520.83,0.46921,0.0929162695101458,0.0451249069190507,0.00463434917172726,0
520.84,0.46823,0.0906853325711132,0.0444850304605599,0.00460557484680174,0
520.85,0.46628,0.0883556847119303,0.0437860122149038,0.00457419406696277,0
520.86,0.4653,0.0859323347858724,0.0430293199350226,0.00454024524353965,0
520.87,0.46334,0.0834204425458419,0.0422165556895901,0.00450377034287681,0
520.88,0.46237,0.0808253079001638,0.0413494530120093,0.00446481481942722,0
520.89,0.46139,0.0781523599086816,0.0404298730916965,0.00442342754502069,0
520.9,0.46334,0.075407145542597,0.0394598000674219,0.00437966073427559,0
520.91,0.46432,0.0725953182319559,0.0384413354990418,0.00433356986614925,0
520.92,0.46725,0.0697226262250985,0.0373766921072246,0.0042852136016517,0
520.93,0.47116,0.0667949007847474,0.0362681868805739,0.00423465369777776,0
520.94,0.47898,0.0638180442457176,0.0351182336558607,0.00418195491774377,0
520.95,0.4868,0.0607980179594789,0.0339293352800177,0.00412718493764468,0
520.96,0.49658,0.0577408301510008,0.0327040754623432,0.00407041424967494,0
520.97,0.50733,0.05465252371345,0.0314451104223401,0.00401171606208105,0
520.98,0.51906,0.0515391639663972,0.0301551604331582,0.00395116619603349,0
520.99,0.53079,0.0484068264032203,0.0288370013531465,0.00388884297962063,0
521,0.54252,0.0452615844533655,0.0274934562290083,0.00382482713917681,0
521.01,0.55425,0.0421094972850483,0.0261273870439161,0.00375920168815959,0
521.02,0.56109,0.0389565976738411,0.0247416866731202,0.00369205181378813,0
521.03,0.56891,0.0358088799624025,0.0233392710984462,0.00362346476164556,0
521.04,0.57283,0.0326722881363617,0.0219230719219743,0.00355352971843268,0
521.05,0.57576,0.0295527040410701,0.0204960292083979,0.00348233769303975,0
521.06,0.57478,0.0264559357635842,0.0190610846753209,0.00340998139607815,0
521.07,0.5738,0.0233877062038393,0.0176211752412349,0.00333655511798417,0
521.08,0.56794,0.0203536418585204,0.016179226932248,0.00326215460577631,0
521.09,0.56305,0.0173592618406321,0.01473814914091,0.00318687693851373,0
521.1,0.55327,0.0144099671572167,0.0133008292237072,0.00311082040147113,0
521.11,0.54448,0.0115110302670699,0.011870127418024,0.00303389527936383,0
521.12,0.53177,0.00866758493965514,0.0104488720545406,0.00295571960999392,0
521.13,0.52004,0.00588461643572961,0.0090398550371391,0.00287642953314194,0
521.14,0.50831,0.0031669520294574,0.00764582755936679,0.00279616341430274,0
521.15,0.49756,0.000519251891011758,0.00626949602430555,0.00271506165828821,0
521.16,0.4868,-0.00205399965214736,0.00491351813326018,0.00263326651715936,0
521.17,0.47605,-0.00454850245798755,0.0035804991079594,0.00255092189227636,0
521.18,0.46823,-0.00696014850016555,0.00227298801091019,0.00246817313028369,0
521.19,0.45943,-0.00928502937031441,0.000993474129122588,0.00238516681288594,0
521.2,0.45357,-0.011519443337789,-0.00025561661240297,0.00230205054032121,0
521.21,0.4477,-0.0136599019532863,-0.00147192523928155,0.00221897270849966,0
521.22,0.44379,-0.0157031361837681,-0.00265316334798138,0.00213608227984625,0
521.23,0.44086,-0.0176461020671509,-0.00379711678435683,0.00205352854796595,0
521.24,0.43988,-0.019485985876285,-0.00490164940370645,0.00197146089633608,0
521.25,0.43891,-0.0212202087828272,-0.00596470693159255,0.00189002855132194,0
521.26,0.43891,-0.0228464310127065,-0.00698432094010197,0.00180938032990674,0
521.27,0.43891,-0.0243625554859954,-0.0079586129491098,0.00172966438262201,0
521.28,0.43891,-0.0257667309351279,-0.00888579865643477,0.00165102793225958,0
521.29,0.43988,-0.0270573544965394,-0.00976419229456674,0.0015736170090366,0
521.3,0.43988,-0.0282330737719485,-0.0105922111049351,0.00149757618297054,0
521.31,0.44086,-0.0292927883566536,-0.0113683799135266,0.00142304829429795,0
521.32,0.44184,-0.0302356508333663,-0.012091335784125,0.0013501741828377,0
521.33,0.44282,-0.0310610672312608,-0.0127598327176435,0.00127909241725496,0
521.34,0.44184,-0.0317686969510683,-0.0133727463580778,0.00120993902522295,0
521.35,0.44184,-0.032358452158192,-0.0139290786577031,0.00114284722550671,0
521.36,0.43988,-0.0328304966469582,-0.0144279624464594,0.00107794716300302,0
521.37,0.43891,-0.03318524418025,-0.0148686658432652,0.00101536564776482,0
521.38,0.43597,-0.0334233563098863,-0.01525059644051,0.000955225899015037,0
521.39,0.43402,-0.0335457396842141,-0.0155733051875081,0.000897647295114596,0
521.4,0.43109,-0.0335535428504652,-0.015836489894531,0.000842745130393402,0
521.41,0.42815,-0.0334481525605001,-0.016039998276473,0.000790630379681053,0
521.42,0.42424,-0.0332311895896027,-0.0161838304545372,0.000741409471288929,0
521.43,0.42131,-0.0329045040790144,-0.0162681408357986,0.000694583248602906,0
521.44,0.41838,-0.0324701704138883,-0.0162932392943224,0.000650039243262129,0
521.45,0.41544,-0.0319304816493161,-0.0162595915838127,0.000607828673290733,0
521.46,0.41056,-0.0312879434980114,-0.0161678189206075,0.000567999009829829,0
521.47,0.40567,-0.0305452678941432,-0.0160186966871519,0.000530593899126141,0
521.48,0.3998,-0.0297053661486801,-0.0158131522197292,0.000495653092065975,0
521.49,0.39394,-0.0287713417124416,-0.0155522616599197,0.000463212381125987,0
521.5,0.38612,-0.0277464825638498,-0.0152372458666061,0.000433303544537813,0
521.51,0.37732,-0.0266342532391318,-0.01486946540384,0.000405954297397408,0
521.52,0.36852,-0.0254382865234374,-0.0144504146389579,0.000381188249394575,0
521.53,0.35875,-0.0241623748220139,-0.0139817150042996,0.000359024868795409,0
521.54,0.34995,-0.0228104612312052,-0.0134651074940746,0.000339479452282379,0
521.55,0.34018,-0.0213866303296314,-0.0129024444846229,0.000322563100244849,0
521.56,0.33138,-0.0198950987104386,-0.0122956809808773,0.000308282697118191,0
521.57,0.32258,-0.0183402052760032,-0.0116468654036559,0.000296640896392958,0
521.58,0.31476,-0.0167264013169152,-0.0109581300410226,0.0002876361099569,0
521.59,0.30694,-0.0150582403974582,-0.0102316812919858,0.000281262501491603,0
521.6,0.3001,-0.0133403680701476,-0.00946978983207826,0.00027750998372107,0
521.61,0.29326,-0.0115775114421802,-0.00867478082784367,0.000276364219400048,0
521.62,0.28739,-0.00977446861689023,-0.00784902432108291,0.000277806626033026,0
521.63,0.28152,-0.00793609803349618,-0.00699492589419772,0.000281814384427702,0
521.64,0.27761,-0.00606730772856082,-0.00611491771554386,0.000288360451305945,0
521.65,0.2737,-0.00417304454267316,-0.00521145004893186,0.000297413576316933,0
521.66,0.27077,-0.00225828329589453,-0.00428698329492795,0.000308938323916859,0
521.67,0.26686,-0.000328015955493209,-0.00334398061409311,0.000322895100693022,0
521.68,0.26491,0.0016127591805777,-0.00238490116444671,0.000339240188812225,0
521.69,0.26197,0.00355904826112579,-0.00141219396791445,0.000357925786359953,0
521.7,0.26002,0.00550587259692736,-0.000428292403923536,0.000378900055402957,0
521.71,0.25904,0.00744827929075937,0.000564390686840434,0.000402107178650002,0
521.72,0.25709,0.00938135175959011,0.00156346731878425,0.00042748742559981,0
521.73,0.25611,0.0113002201265847,0.00256657813925123,0.000454977229049382,0
521.74,0.25513,0.0132000714609521,0.0035713957180085,0.000484509272787705,0
521.75,0.25513,0.0150761598440769,0.0045756274048654,0.000516012591219174,0
521.76,0.25513,0.0169238162408447,0.00557701781585488,0.000549412681547785,0
521.77,0.25513,0.0187384581555758,0.00657335101007756,0.000584631629009505,0
521.78,0.25611,0.0205155990525374,0.00756245241889279,0.000621588245468561,0
521.79,0.25806,0.0222508575215975,0.00854219058688648,0.000660198221498274,0
521.8,0.26002,0.0239399661702208,0.0095104787802319,0.000700374291853047,0
521.81,0.26197,0.0255787802236812,0.0104652765129854,0.000742026414011677,0
521.82,0.26393,0.0271632858160804,0.0114045910358239,0.00078506195923966,0
521.83,0.26588,0.0286896079555102,0.0123264788250254,0.000829385915386679,0
521.84,0.26784,0.0301540181474793,0.013229047102392,0.000874901100412578,0
521.85,0.27077,0.0315529416615444,0.0141104554095523,0.00092150838542748,0
521.86,0.27273,0.0328829644269279,0.0149689172528898,0.000969106925846422,0
521.87,0.27468,0.0341408395437832,0.0158027018283829,0.0010175943991016,0
521.88,0.27664,0.0353234933976697,0.0166101358290916,0.00106686724723135,0
521.89,0.27957,0.0364280313657236,0.017389605331979,0.00111682092257793,0
521.9,0.28055,0.0374517431039625,0.018139557755332,0.00116735013477882,0
521.91,0.2825,0.0383921074061276,0.0188585038732942,0.00121834909722964,0
521.92,0.28348,0.0392467966254548,0.0195450198700098,0.00126971177123072,0
521.93,0.28543,0.0400136806517676,0.0201977494126208,0.00132133210610207,0
521.94,0.28739,0.0406908304373007,0.0208154057198786,0.00137310427366064,0
521.95,0.28935,0.0412765210656878,0.021396773601427,0.00142492289559414,0
521.96,0.29228,0.0417692343595835,0.0219407114418735,0.00147668326243401,0
521.97,0.29521,0.0421676610234285,0.0224461531035604,0.00152828154301913,0
521.98,0.29814,0.0424707023189147,0.0229121097224553,0.00157961498354683,0
521.99,0.30205,0.0426774712717501,0.0233376713727394,0.00163058209552126,0
522,0.30694,0.0427872934093718,0.0237220085774403,0.00168108283212609,0
522.01,0.31183,0.0427997070302969,0.0240643736447604,0.00173101875276188,0
522.02,0.31672,0.0427144630068371,0.0243641018125218,0.00178029317569366,0
522.03,0.3216,0.0425315241239343,0.0246206121862926,0.00182881131894571,0
522.04,0.32747,0.0422510639578914,0.0248334084602007,0.00187648042975442,0
522.05,0.33333,0.0418734652997806,0.0250020794130638,0.00192320990304341,0
522.06,0.33822,0.0413993181293036,0.0251262991761825,0.00196891138951453,0
522.07,0.34409,0.0408294171458527,0.0252058272728464,0.00201349889405302,0
522.08,0.34897,0.0401647588644795,0.0252405084331838,0.00205688886522412,0
522.09,0.35484,0.0394065382854127,0.0252302721913544,0.00209900027669144,0
522.1,0.35875,0.038556145146679,0.0251751322751389,0.00213975470141503,0
522.11,0.36364,0.0376151597702696,0.025075185800633,0.00217907637949168,0
522.12,0.36755,0.0365853485131537,0.0249306122869438,0.00221689228048146,0
522.13,0.37146,0.0354686588352744,0.0247416725074368,0.00225313216102717,0
522.14,0.37439,0.0342672139974608,0.0245087071951661,0.00228772861851786,0
522.15,0.37732,0.0329833074029625,0.0242321356205977,0.00232061714147795,0
522.16,0.37928,0.0316193965970448,0.0239124540596099,0.00235173615728189,0
522.17,0.38123,0.0301780969397852,0.0235502341690343,0.00238102707770336,0
522.18,0.38221,0.0286621749678716,0.0231461212857152,0.00240843434271171,0
522.19,0.38221,0.0270745414618303,0.0227008326632723,0.00243390546282724,0
522.2,0.38123,0.0254182442356958,0.0222151556585129,0.00245739106024622,0
522.21,0.38025,0.0236964606666762,0.0216899458768431,0.00247884490884577,0
522.22,0.37732,0.0219124899828761,0.0211261252831642,0.00249822397308219,0
522.23,0.37439,0.0200697453275924,0.0205246802817228,0.00251548844570464,0
522.24,0.3695,0.0181717456191188,0.019886659765313,0.00253060178412071,0
522.25,0.36559,0.016222107225365,0.0192131731312261,0.00254353074517377,0
522.26,0.35973,0.014224535472922,0.0185053882585147,0.00255424541802349,0
522.27,0.35386,0.0121828160104874,0.0177645294385877,0.00256271925476285,0
522.28,0.348,0.0101008060467978,0.0169918752489765,0.00256892909835703,0
522.29,0.34115,0.00798242548340385,0.0161887563583898,0.00257285520745243,0
522.3,0.33138,0.005831647962764,0.0153565532499687,0.00257448127757805,0
522.31,0.32258,0.00365249185222839,0.0144966938490153,0.00257379445824685,0
522.32,0.3089,0.00144901118452958,0.0136106510414129,0.00257074691763838,0
522.33,0.29619,-0.000774713424601444,0.0126999400695045,0.00256361920306591,0
522.34,0.28055,-0.00301458386112318,0.0117661157933147,0.00255241013062595,0
522.35,0.26393,-0.00526649357919743,0.0108107698066729,0.00253712459774668,0
522.36,0.24536,-0.00752633662919035,0.00983552739995157,0.00251777356795567,0
522.37,0.22678,-0.00979001662700723,0.00884204436372485,0.00249437404371462,0
522.38,0.2043,-0.0120534556448371,0.00783200363058057,0.00246694902685224,0
522.39,0.1828,-0.0143126030036579,0.00680711175551259,0.00243552746624031,0
522.4,0.15934,-0.0165634439481712,0.00576909523867593,0.00240014419248771,0
522.41,0.13685,-0.0188020081851947,0.00471969669771502,0.00236083983957334,0
522.42,0.11339,-0.0210243782669453,0.00366067090028273,0.00231766075349826,0
522.43,0.090909,-0.0232266978010864,0.00259378067066578,0.00227076337272619,0
522.44,0.069404,-0.0254051794698964,0.00152079268754256,0.00222067174293321,0
522.45,0.048876,-0.0275561128414362,0.000443473192749197,0.00216743820686107,0
522.46,0.030303,-0.0296758719561501,-0.000636416366538348,0.0021111193988353,0
522.47,0.012708,-0.0317609226729296,-0.00171712373763568,0.00205177611966439,0
522.48,0.0058651,-0.033807829759293,-0.00279691027786547,0.00198947320531152,0
522.49,0,-0.0358132637109968,-0.00387405535810035,0.00192427939065194,0
522.5,0,-0.037774007287083,-0.00494686072579462,0.001856267169758,0
522.51,0,-0.0396869617470854,-0.00601365479853718,0.00178551265425395,0
522.52,0,-0.0415491527778673,-0.00707279685917869,0.00171209543134664,0
522.53,0,-0.0433577360983303,-0.00812268112404794,0.00163609842316109,0
522.54,0,-0.0451100027310354,-0.00916174065666183,0.00155760774898441,0
522.55,0,-0.0468033839305909,-0.0101884511006294,0.00147671259194557,0
522.56,0,-0.0484354557594999,-0.0112013342071324,0.00139350507152765,0
522.57,0,-0.0500039433030171,-0.0121989611344045,0.00130808012312443,0
522.58,0,-0.0515067245154333,-0.0131799554990036,0.00122053538561525,0
522.59,0,-0.0529418336910908,-0.0141429961613367,0.00113097109764531,0
522.6,0,-0.054307464554331,-0.0150868197308336,0.00103949000297006,0
522.61,0,-0.0556019729634785,-0.0160102227793178,0.000946197264860446,0
522.62,0,-0.0568238792248816,-0.0169120637544673,0.000851200389181825,0
522.63,0,-0.0579718700139444,-0.0177912645887329,0.000754609155367311,0
522.64,0,-0.059044799901011,-0.0186468120026501,0.000656535554118691,0
522.65,0,-0.0600416924808813,-0.0194777585050741,0.000557093730301859,0
522.66,0,-0.0609617411056608,-0.0202832230964465,0.000456399929172637,0
522.67,0,-0.0618043092215647,-0.0210623916846836,0.000354572443787854,0
522.68,0,-0.0625689303112099,-0.0218145172266148,0.000251731561238477,0
522.69,0,-0.0632553074438314,-0.0225389196110189,0.000147999505197051,0
522.7,0,-0.0638633124367587,-0.0232349853021444,4.35003722089986e-05,0
522.71,0,-0.0643929846323696,-0.0239021667650961,-6.16399408188235e-05,0
522.72,0,-0.0648445292956095,-0.0245399816965637,-0.000167293820367003,0
522.73,0,-0.0652183156380216,-0.0251480120860062,-0.000273332033526782,0
522.74,0,-0.0655148744750684,-0.0257259031335457,-0.000379623840656665,0
522.75,0,-0.0657348955243456,-0.0262733620514328,-0.000486037125082448,0
522.76,0,-0.0658792243530859,-0.0267901567759943,-0.000592438541042628,0
522.77,0,-0.065948858984124,-0.0272761146164659,-0.000698693680628021,0
522.78,0,-0.0659449461702468,-0.0277311208660391,-0.000804667259982349,0
522.79,0,-0.0658687773475723,-0.028155117398845,-0.0009102233245363,0
522.8,0.0068426,-0.065721784279302,-0.0285481012744853,-0.00101522547255803,0
522.81,0.014663,-0.0655055344018524,-0.0289101233691598,-0.00111953709583487,0
522.82,0.021505,-0.0652217258860125,-0.0292412870494817,-0.00122302163586894,0
522.83,0.029326,-0.0648721824263745,-0.0295417469018087,-0.00132554285358712,0
522.84,0.036168,-0.0644588477728573,-0.0298117075264152,-0.00142696511024377,0
522.85,0.043988,-0.063983780018677,-0.0300514224021945,-0.00152715365694128,0
522.86,0.051808,-0.0634491456596205,-0.030261192823903,-0.00162597493001407,0
522.87,0.059629,-0.0628572134399404,-0.0304413669103312,-0.00172329684941832,0
522.88,0.067449,-0.0622103480006161,-0.0305923386783156,-0.00181898911724199,0
522.89,0.076246,-0.0615110033461127,-0.030714547174279,-0.0019129235134941,0
522.9,0.081134,-0.0607617161461202,-0.030808475652082,-0.00200497418644385,0
522.91,0.086999,-0.059965098889058,-0.0308746507834684,-0.00209501793495071,0
522.92,0.090909,-0.0591238329044058,-0.0309136418853491,-0.00218293448044759,0
522.93,0.094819,-0.0582406612711401,-0.0309260601466332,-0.00226860672650074,0
522.94,0.096774,-0.0573183816297486,-0.0309125578363231,-0.0023519210041612,0
522.95,0.097752,-0.0563598389154333,-0.0308738274741436,-0.00243276730163356,0
522.96,0.098729,-0.0553679180302195,-0.0308106009450823,-0.00251103947710758,0
522.97,0.098729,-0.0543455364717439,-0.0307236485398472,-0.00258663545391793,0
522.98,0.099707,-0.0532956369365185,-0.0306137779043783,-0.00265945739750807,0
522.99,0.099707,-0.0522211799154389,-0.0304818328831175,-0.00272941187396874,0
523,0.10068,-0.051125136299245,-0.030328692242701,-0.00279640999019369,0
523.01,0.10264,-0.0500104800115326,-0.0301552682650123,-0.0028603675159402,0
523.02,0.10362,-0.0488801806867699,-0.0299625052010462,-0.00292120498829615,0
523.03,0.10557,-0.0477371964105862,-0.0297513775797147,-0.00297884779923671,0
523.04,0.1085,-0.0465844665393695,-0.0295228883684834,-0.00303322626710131,0
523.05,0.11046,-0.0454249046159491,-0.0292780669854889,-0.00308427569293482,0
523.06,0.11241,-0.044261391397831,-0.0290179671654878,-0.00313193640271706,0
523.07,0.11437,-0.0430967680141127,-0.0287436646845392,-0.00317615377655354,0
523.08,0.11535,-0.0419338292668289,-0.0284562549506956,-0.00321687826591903,0
523.09,0.11632,-0.0407753170920606,-0.0281568504700921,-0.00325406540003765,0
523.1,0.1173,-0.0396239141956974,-0.0278465781996691,-0.00328767578245026,0
523.11,0.1173,-0.0384822378782574,-0.0275265767992963,-0.00331767507876613,0
523.12,0.1173,-0.0373528340626565,-0.0271979937972744,-0.00334403399652291,0
523.13,0.1173,-0.0362381715382775,-0.0268619826840756,-0.00336672825799035,0
523.14,0.11828,-0.0351406364341119,-0.0265196999497385,-0.00338573856665208,0
523.15,0.11828,-0.0340625269331488,-0.0261723020805827,-0.00340105056798792,0
523.16,0.12023,-0.0330060482395567,-0.0258209425308661,-0.00341265480506019,0
523.17,0.12219,-0.0319733078095526,-0.0254667686847025,-0.00342054666928312,0
523.18,0.12317,-0.0309663108561743,-0.0251109188230242,-0.00342472634662728,0
523.19,0.12512,-0.0299869561374798,-0.0247545191096424,-0.00342519875938346,0
523.2,0.12708,-0.0290370320369749,-0.0243986806095687,-0.00342197350348417,0
523.21,0.12805,-0.02811821294434,-0.0240444963517497,-0.00341506478125843,0
523.22,0.12805,-0.0272320559437727,-0.023693038447269,-0.00340449132937906,0
523.23,0.12805,-0.0263799978164989,-0.0233453552729216,-0.00339091250094066,0
523.24,0.12708,-0.0255633523632259,-0.0230024687289027,-0.00337477514144909,0
523.25,0.1261,-0.024783308051522,-0.0226653715781942,-0.00335607241888531,0
523.26,0.12512,-0.02404092599231,-0.0223350248741203,-0.00333479975739135,0
523.27,0.12317,-0.0233371382488549,-0.022012355481486,-0.00331095481876189,0
523.28,0.12219,-0.0226727464808201,-0.0216982536957424,-0.00328453747970798,0
523.29,0.12023,-0.0220484209251478,-0.0213935709637458,-0.00325554980428627,0
523.3,0.12121,-0.0214646997147111,-0.0210991177089153,-0.00322399601088481,0
523.31,0.12219,-0.0209219885348666,-0.0208156612629496,-0.00318988243316968,0
523.32,0.12414,-0.0204205606172275,-0.0205439239057513,-0.00315321747442826,0
523.33,0.12708,-0.0199605570691719,-0.0202845810148252,-0.00311401155479384,0
523.34,0.13001,-0.0195419875367975,-0.0200382593251687,-0.00307227705090442,0
523.35,0.13196,-0.0191647311982449,-0.0198055353005632,-0.00302802822763574,0
523.36,0.13392,-0.018828538083529,-0.0195869336171914,-0.00298128116165514,0
523.37,0.13685,-0.0185330307162466,-0.0193829257606527,-0.00293205365666749,0
523.38,0.13685,-0.0182777060717739,-0.019193928737711,-0.0028803651503677,0
523.39,0.13783,-0.0180619378458258,-0.0190203039044825,-0.00282623661327311,0
523.4,0.13685,-0.0178849790265232,-0.0188623559132385,-0.00276969043978212,0
523.41,0.13587,-0.0177459647624122,-0.0187203317805486,-0.00271075033199026,0
523.42,0.13587,-0.0176439155181917,-0.0185944200801029,-0.00264944117698723,0
523.43,0.13587,-0.0175777405092429,-0.0184847502642056,-0.00258578891855503,0
523.44,0.13587,-0.0175462414054163,-0.0183913921186136,-0.00251982042438332,0
523.45,0.13685,-0.0175481162939122,-0.0183143553560634,-0.00245156335010832,0
523.46,0.13881,-0.0175819638905071,-0.0182535893544727,-0.00238104600166095,0
523.47,0.14076,-0.017646287987812,-0.0182089830463848,-0.00230829719757207,0
523.48,0.14467,-0.0177395021287182,-0.0181803649667194,-0.00223334613302335,0
523.49,0.14858,-0.0178599344926814,-0.0181675034662679,-0.00215622224754392,0
523.5,0.15445,-0.0180058329820231,-0.0181701070985998,-0.00207695509833318,0
523.51,0.16031,-0.0181753704949881,-0.0181878251881041,-0.00199557424123193,0
523.52,0.16813,-0.0183666503718882,-0.018220248586745,-0.00191210912136599,0
523.53,0.17498,-0.0185777120002878,-0.0182669106267503,-0.001826588975445,0
523.54,0.1828,-0.0188065365648497,-0.0183272882758551,-0.00173904274761343,0
523.55,0.19159,-0.0190510529271523,-0.0184008035008822,-0.00164949902062116,0
523.56,0.19941,-0.0193091436205215,-0.0184868248443514,-0.00155798596390835,0
523.57,0.20723,-0.0195786509446887,-0.0185846692174776,-0.00146453129998721,0
523.58,0.2131,-0.0198573831448906,-0.0186936039113513,-0.00136916229025489,0
523.59,0.21896,-0.0201431206598651,-0.0188128488263128,-0.00127190574109304,0
523.6,0.22385,-0.0204336224230806,-0.0189415789175672,-0.00117278803080569,0
523.61,0.22776,-0.0207266322014482,-0.0190789268529639,-0.00107183515762573,0
523.62,0.23265,-0.0210198849557214,-0.019223985876631,-0.000969072808687205,0
523.63,0.23754,-0.0213111132067792,-0.0193758128698535,-0.000864526449524269,0
523.64,0.24242,-0.0215980533920165,-0.0195334315982644,-0.000758221433323902,0
523.65,0.24829,-0.0218784521961324,-0.0196958361321272,-0.000650183128835954,0
523.66,0.25513,-0.0221500728407088,-0.0198619944242924,-0.000540437065536178,0
523.67,0.26197,-0.0224107013171126,-0.0200308520283405,-0.000429009094351731,0
523.68,0.26979,-0.0226581525474293,-0.0202013359375471,-0.00031653384040722,0
523.69,0.27761,-0.0228902764583487,-0.0203723585236559,-0.00020336707863192,0
523.7,0.28446,-0.023104963953169,-0.0205428215530616,-8.9547559370501e-05,0
523.71,0.2913,-0.0233001527673675,-0.0207116202569222,2.48872594651064e-05,0
523.72,0.29717,-0.023473833193501,-0.0208776474309593,0.000139900981769873,0
523.73,0.30303,-0.0236240536615449,-0.0210397975402778,0.000255458037264295,0
523.74,0.30792,-0.0237489261611636,-0.0211969708044556,0.000371523443491915,0
523.75,0.31281,-0.0238466314928103,-0.0213480772384083,0.000488062569081717,0
523.76,0.31769,-0.0239154243349994,-0.0214920406251195,0.000605040901465221,0
523.77,0.3216,-0.0239536381155612,-0.0216278023972162,0.000722423822096816,0
523.78,0.32845,-0.0239596896751873,-0.0217543254055477,0.000840176392042428,0
523.79,0.33431,-0.0239320837120963,-0.0218705975543497,0.00095826315057918,0
523.8,0.34115,-0.0238694169972013,-0.0219756352842205,0.00107664792919096,0
523.81,0.34897,-0.0237703823497289,-0.0220684868859558,0.00119529368305558,0
523.82,0.35582,-0.0236337723638375,-0.0221482356302495,0.00131416234180298,0
523.83,0.36266,-0.0234584828773957,-0.0222140027003245,0.00143321468098566,0
523.84,0.36852,-0.0232435161747177,-0.0222649499166748,0.0015524102153474,0
523.85,0.37537,-0.022987983915705,-0.0223002822452418,0.00167170711461042,0
523.86,0.38025,-0.022691109784512,-0.0223192500824701,0.00179106214213127,0
523.87,0.38612,-0.0223522318515391,-0.022321151312779,0.00191043061640761,0
523.88,0.39003,-0.0219708046432495,-0.0223053331359913,0.00202976639506016,0
523.89,0.39492,-0.0215464009150183,-0.0222711936641876,0.0021490218805725,0
523.9,0.3998,-0.0210787131229385,-0.0222181832892574,0.00226814804675336,0
523.91,0.40567,-0.0205675545912326,-0.022145805824097,0.00238709448459872,0
523.92,0.41056,-0.0200128603726546,-0.0220536194219453,0.00250580946597902,0
523.93,0.41642,-0.0194146877999998,-0.0219412372797393,0.00262424002336714,0
523.94,0.42326,-0.018773216727582,-0.0218083281326094,0.00274233204365745,0
523.95,0.43011,-0.0180887494622778,-0.0216546165477238,0.00286003037400921,0
523.96,0.43695,-0.0173617103844771,-0.0214798830266158,0.00297727893757989,0
523.97,0.44379,-0.0165926452600164,-0.021283963925911,0.0030940208569952,0
523.98,0.45161,-0.0157822202449075,-0.0210667512069955,0.00321019858343127,0
523.99,0.45943,-0.0149312205853983,-0.0208281920256498,0.00332575402925762,0
524,0.46725,-0.0140405490166275,-0.0205682881730163,0.00344062870230264,0
524.01,0.47605,-0.0131112238638416,-0.0202870953794721,0.00355476383995159,0
524.02,0.48387,-0.0121443768508473,-0.0199847224930598,0.00366810054146322,0
524.03,0.49169,-0.0111412506210598,-0.0196613305440799,0.00378057989708951,0
524.04,0.49853,-0.0101031959771797,-0.0193171317072915,0.00389214311279557,0
524.05,0.50635,-0.00903166884619522,-0.0189523881728887,0.00400273162959673,0
524.06,0.5132,-0.00792822697704298,-0.0185674109370509,0.00411228723675027,0
524.07,0.52004,-0.00679452637889062,-0.018162558522389,0.00422075217825351,0
524.08,0.5259,-0.00563231750860346,-0.0177382356380468,0.00432806925230266,0
524.09,0.53177,-0.0044434412165443,-0.0172948917885765,0.00443418190355235,0
524.1,0.5347,-0.0032298244604146,-0.0168330198399865,0.00453903430818157,0
524.11,0.53861,-0.00199347579738282,-0.016353154550579,0.00464257145191298,0
524.12,0.53959,-0.000736480665258231,-0.0158558710733554,0.00474473920124992,0
524.13,0.54154,0.000539003536044986,-0.0153417834358848,0.00484548436828589,0
524.14,0.54154,0.00183075255104924,-0.0148115430026109,0.00494475476950689,0
524.15,0.54154,0.0031364805511247,-0.0142658369236287,0.00504249927904816,0
524.16,0.54154,0.00445384558023194,-0.0137053865730105,0.00513866787688546,0
524.17,0.54154,0.00578045515108448,-0.0131309459788039,0.00523321169244011,0
524.18,0.54448,0.00711387197847798,-0.0125433002458883,0.00532608304405932,0
524.19,0.54643,0.00845161983622125,-0.011943263971963,0.00541723547480219,0
524.2,0.55132,0.00979118952382537,-0.0113316796560716,0.00550662378492038,0
524.21,0.55523,0.0111300449288605,-0.0107094160982545,0.00559420406137511,0
524.22,0.56012,0.0124656291706763,-0.0100773667881778,0.00567993370468075,0
524.23,0.565,0.0137953708110011,-0.00943644827992617,0.00576377145331391,0
524.24,0.57087,0.0151166901167896,-0.00878759854958584,0.00584567740587769,0
524.25,0.57576,0.0164270053605742,-0.00813177533178522,0.00592561304116564,0
524.26,0.58065,0.0177237391434978,-0.00746995443102774,0.00600354123623074,0
524.27,0.58553,0.0190043247261632,-0.0068031280034404,0.0060794262825329,0
524.28,0.58944,0.0202662123524186,-0.00613230280448987,0.00615323390021342,0
524.29,0.59335,0.0215068755512313,-0.00545849839828483,0.00622493125052791,0
524.3,0.59824,0.0227238174018513,-0.00478274532429413,0.00629448694645954,0
524.31,0.60313,0.0239145767475642,-0.00410608321766485,0.00636187106153049,0
524.32,0.60802,0.0250767343434572,-0.00342955887981915,0.00642705513683173,0
524.33,0.6129,0.0262079189237784,-0.00275422429663994,0.00649001218629638,0
524.34,0.61877,0.0273058131746641,-0.00208113460231287,0.00655071670025044,0
524.35,0.62463,0.0283681595982316,-0.00141134598776546,0.00660914464728297,0
524.36,0.63148,0.0293927662542878,-0.000745913553619215,0.00666527347448625,0
524.37,0.63832,0.0303775123661959,-8.58891086293883e-05,0.00671908210612215,0
524.38,0.64516,0.0313203537777521,0.000567681084288275,0.00677055094077326,0
524.39,0.65298,0.0322193282482759,0.00121375861117666,0.00681966184703564,0
524.4,0.6608,0.0330725605734888,0.00185131525484632,0.00686639815780273,0
524.41,0.66862,0.0338782675201605,0.00247933538173342,0.00691074466317759,0
524.42,0.67644,0.0346347625629285,0.00309681836100903,0.00695268760203266,0
524.43,0.68426,0.0353404604121548,0.00370278100803864,0.00699221465221376,0
524.44,0.69208,0.0359938813221581,0.0042962600432653,0.00702931491935793,0
524.45,0.6999,0.0365936551696671,0.00487631455666446,0.00706397892426529,0
524.46,0.70674,0.0371385252928618,0.00544202846711486,0.00709619858873398,0
524.47,0.71457,0.0376273520819174,0.00599251296536732,0.00712596721973726,0
524.48,0.72043,0.03805911631253,0.00652690892878556,0.00715322913667836,0
524.49,0.72727,0.0384329222144864,0.00704438929569499,0.00717700141093626,0
524.5,0.73118,0.038748000267943,0.00754416138701312,0.00719728646262863,0
524.51,0.73607,0.0390037097206927,0.00802546916285413,0.00721453044610349,0
524.52,0.73998,0.039199540820332,0.00848759540200022,0.00723014248101368,0
524.53,0.74291,0.0393351167558793,0.0089298637925088,0.00724412350922211,0
524.54,0.74585,0.0394101953040558,0.00935164092227003,0.00725647529340619,0
524.55,0.7478,0.0394246701760982,0.00975233815903037,0.00726720039413052,0
524.56,0.74976,0.0393785720616495,0.0101314134102396,0.00727630214492875,0
524.57,0.75171,0.0392720693669508,0.0104883727540426,0.00728378462544632,0
524.58,0.75367,0.0391054686452408,0.0108227719338003,0.00728965263276914,0
524.59,0.7566,0.0388792147179587,0.0111342177096666,0.00729391165114756,0
524.6,0.76051,0.0385938904860358,0.0114223690619401,0.00729656782041995,0
524.61,0.76344,0.0382502164312483,0.0116869382421349,0.00729762790354298,0
524.62,0.76833,0.0378490498082972,0.0119276916689372,0.00729709925374376,0
524.63,0.77224,0.0373913835289647,0.0121444506674257,0.00729498978191975,0
524.64,0.77615,0.0368783447403781,0.0123370920510949,0.00729130792502062,0
524.65,0.78104,0.0363111931000927,0.0125055485473267,0.00728606261624884,0
524.66,0.78397,0.0356913187513684,0.0126498090679819,0.0072792632580073,0
524.67,0.78788,0.035020240002682,0.0127699188277142,0.00727091969859827,0
524.68,0.78983,0.0342996007161628,0.01286597931344,0.00726104221373265,0
524.69,0.79179,0.0335311674102811,0.0129381481091157,0.00724964149393858,0
524.7,0.79374,0.0327168260827439,0.0129866385805735,0.0072367286389577,0
524.71,0.79472,0.0318585787601647,0.0130117194256548,0.00722231516018437,0
524.72,0.7957,0.0309585397816708,0.0130137140952463,0.00720641299213311,0
524.73,0.79765,0.0300189318241908,0.0129930000910828,0.00718903451381298,0
524.74,0.79961,0.029042081677726,0.0129500081463349,0.00717019258074241,0
524.75,0.80156,0.0280304157794519,0.0128852212950539,0.00714990056815778,0
524.76,0.8045,0.0269864555160177,0.0127991738365214,0.00712817242575409,0
524.77,0.80743,0.0259128123039122,0.0126924502004441,0.00710502274405392,0
524.78,0.81036,0.02481218245824,0.0125656837187686,0.00708046683223432,0
524.79,0.81427,0.0236873418607093,0.0124195553096729,0.0070545208069609,0
524.8,0.8172,0.0225411404380587,0.0122547920790328,0.00702720169148949,0
524.81,0.82111,0.0213764964625557,0.0120721658443716,0.00699852752401024,0
524.82,0.82307,0.0201963906865792,0.0118724915859995,0.00696851747393449,0
524.83,0.826,0.0190038603236456,0.0116566258297284,0.00693719196457156,0
524.84,0.82893,0.0178019928885644,0.0114254649652345,0.00690457280041993,0
524.85,0.83089,0.0165939199097034,0.0111799435038255,0.00687068329711268,0
524.86,0.83187,0.0153828105266081,0.0109210322790698,0.00683554841191768,0
524.87,0.83382,0.0141718649864603,0.0106497365934589,0.00679919487260423,0
524.88,0.83382,0.0129643080530633,0.0103670943140084,0.00676165130245257,0
524.89,0.83382,0.0117633823422226,0.0100741739194564,0.00672294833920236,0
524.9,0.8348,0.0105723415975348,0.00977207250150221,0.00668311874581011,0
524.91,0.83578,0.00939444392071389,0.00946191372232865,0.006642197511011,0
524.92,0.83675,0.00823294497067025,0.00914484573048849,0.00660022193785179,0
524.93,0.83871,0.00709109114561034,0.00882203903709399,0.00655723171857404,0
524.94,0.84164,0.00597211276245058,0.00849468435414024,0.006513268994471,0
524.95,0.8436,0.00487921724782968,0.00816399039671408,0.00646837839961049,0
524.96,0.84751,0.00381558235496677,0.00783118165079407,0.00642260708759947,0
524.97,0.85044,0.00278434942054357,0.00749749610833386,0.00637600474085562,0
524.98,0.85337,0.00178861667569028,0.00716418297134413,0.00632862356213805,0
524.99,0.8563,0.000831432625026034,0.00683250032674732,0.00628051824836434,0
525,0.85826,-8.42104924536572e-05,0.00650371279387748,0.00623174594699912,0
525.01,0.86119,-0.000955383147037276,0.00617908914663491,0.00618236619553215,0
525.02,0.86413,-0.00177922485311633,0.00585989991248366,0.00613244084476863,0
525.03,0.86804,-0.00255295038201794,0.00554741495069825,0.00608203396682682,0
525.04,0.87195,-0.00327385583997721,0.00524290101252554,0.00603121174887715,0
525.05,0.87683,-0.0039393245986736,0.00494761928622401,0.00598004237376136,0
525.06,0.8827,-0.00454683306607963,0.00466282293027607,0.00592859588870182,0
525.07,0.88954,-0.00509395628571934,0.00438975459843224,0.00587694406335097,0
525.08,0.89932,-0.00557837335280734,0.00412964396063603,0.00582516023844179,0
525.09,0.90811,-0.00599787263613612,0.00388370522428667,0.00577331916628594,0
525.1,0.91887,-0.00635035679499855,0.00365313466071554,0.00572149684433005,0
525.11,0.9306,-0.00663384758087327,0.00343910814217296,0.00566977034292699,0
525.12,0.9433,-0.00684649041406172,0.00324277869503239,0.00561821762841147,0
525.13,0.95601,-0.00698655872594596,0.00306527407531036,0.00556691738249246,0
525.14,0.97067,-0.00705245805803533,0.00290769437295894,0.00551594881889178,0
525.15,0.98534,-0.00704272990948558,0.00277110965170316,0.00546539149807273,0
525.16,0.99316,-0.00695605532530576,0.00265655763145582,0.00541532514081734,0
525.17,1,-0.00679125821801463,0.00256504142053694,0.00536582944132844,0
525.18,1,-0.00654730841606807,0.00249752730504416,0.00531698388045559,0
525.19,1,-0.00622332443295101,0.00245494260275508,0.00526886753957279,0
525.2,1,-0.0058185759514101,0.00243817358888708,0.00522155891557325,0
525.21,1,-0.00533248601789648,0.00244806350088804,0.00517513573739191,0
525.22,1,-0.00476463294288803,0.00248541062918065,0.0051296747844213,0
525.23,1,-0.00411475190336902,0.00255096650043199,0.0050852517071503,0
525.24,1,-0.00338273624435822,0.00264543415947024,0.00504194085032883,0
525.25,1,-0.0025686384769946,0.00276946655542381,0.00499981507894382,0
525.26,1,-0.00167267097131019,0.00292366503702069,0.00495894560728281,0
525.27,1,-0.000695206342442715,0.00310857796126226,0.00491940183136087,0
525.28,1,0.000363222470337179,0.00332469941888451,0.00488125116499314,0
525.29,1,0.00150192243178701,0.00357246807914826,0.00484455887980896,0
525.3,1,0.00272004094542571,0.0038522661555678,0.00480938794952345,0
525.31,1,0.00401656669360673,0.00416441849320334,0.00477579889880762,0
525.32,1,0.00539033078108799,0.00450919177711607,0.00474384965712795,0
525.33,1,0.00684000817965086,0.00488679386052551,0.0047135954179602,0
525.34,1,0.00836411947072319,0.00529737321012474,0.00468508850381859,0
525.35,1,0.00996103288237258,0.00574101846491126,0.00465837823758028,0
525.36,1,0.0116289666164577,0.00621775810378704,0.00463351082062406,0
525.37,1,0.0133659914611572,0.00672756021608154,0.00461052921834171,0
525.38,1,0.0151700336835414,0.00727033236806563,0.00458947305361774,0
525.39,1,0.0170388781963085,0.0078459215574651,0.00457037850890786,0
525.4,1,0.0189701719922788,0.00845411424696156,0.00455327823757709,0
525.41,1,0.0209614278397319,0.00909463646670344,0.00453820128518229,0
525.42,1,0.0230100282311688,0.00976715397495708,0.00452517302140041,0
525.43,1,0.0251132295776104,0.0104712724652316,0.00451421508331054,0
525.44,1,0.0272681666400762,0.0112065378075341,0.00450534533073295,0
525.45,1,0.0294718571894509,0.011972436310887,0.00449857781430995,0
525.46,1,0.0317212068855225,0.0127683949938955,0.00449392275697935,0
525.47,1,0.0340130143655771,0.0135937818500324,0.00449138654944037,0
525.48,1,0.0363439765325532,0.0144479060944458,0.00449097176014093,0
525.49,1,0.0387106940324057,0.0153300183795374,0.0044926771602249,0
525.5,1,0.0411096769099922,0.0162393109673459,0.0044964977637651,0
525.51,1,0.0435373504324843,0.0171749178479427,0.00450242488347305,0
525.52,1,0.0459900610690204,0.0181359147946518,0.00451044620191973,0
525.53,1,0.0484640826150519,0.0191213193489598,0.00452054585812289,0
525.54,1,0.0509556224495986,0.0201300907305303,0.0045327045491578,0
525.55,1,0.0534608279134142,0.0211611296707762,0.004546899646232,0
525.56,1,0.055975792795876,0.0222132781719825,0.00456310532443388,0
525.57,1,0.0584965639182503,0.0232853191979935,0.00458129270512397,0
525.58,1,0.0610191478008483,0.0243759763069373,0.00460143000969211,0
525.59,1,0.0635395174014769,0.0254839132413084,0.0046234827231596,0
525.6,1,0.0660536189125043,0.026607733495871,0.00464741376586932,0
525.61,1,0.0685573786037995,0.0277459798891848,0.00467318367128728,0
525.62,1,0.0710467096987747,0.0288971341699443,0.0047007507677434,0
525.63,1,0.07351751927075,0.0300596166946181,0.00473007136177612,0
525.64,1,0.075965715146878,0.031231786217889,0.00476109992062284,0
525.65,1,0.0783872128069125,0.032411939841936,0.0047937892513234,0
525.66,1,0.0807779422641694,0.033598313174455,0.00482809067388393,0
525.67,1,0.0831338549161263,0.0347890807482798,0.00486395418598798,0
525.68,1,0.0854509303522225,0.0359823567573187,0.00490132861684556,0
525.69,1,0.0877251831065629,0.037176196164078,0.00494016176793928,0
525.7,1,0.0899526693433978,0.038368596233115,0.00498040053866051,0
525.71,1,0.0921294934634346,0.0395574985422207,0.00502199103512349,0
525.72,1,0.094251814619253,0.0407407915188658,0.0050648786607975,0
525.73,1,0.0963158531283254,0.0419163135434115,0.00510900818799729,0
525.74,1,0.0983178967723993,0.0430818566528058,0.00515459786980285,0
525.75,1,0.100254306972273,0.0442351708690322,0.00520179890689947,0
525.76,1,0.102121524827289,0.0453739691656101,0.00525053588563607,0
525.77,1,0.103916077009191,0.0464959330731791,0.00530073365640474,0
525.78,1,0.105634581500305,0.0475987189119393,0.00535231727426381,0
525.79,1,0.107273753166374,0.0486799646247989,0.00540521191276032,0
525.8,1,0.108830409154731,0.0497372971709251,0.00545934275437622,0
525.81,1,0.110301474108875,0.0507683404254268,0.0055146348615364,0
525.82,1,0.111683985190923,0.0517707235175919,0.00557101303252706,0
525.83,1,0.112975096903794,0.0527420895279138,0.00562840164696793,0
525.84,1,0.114172085705452,0.0536801044535162,0.00568672450565396,0
525.85,1,0.115272354407913,0.0545824663429266,0.00574590466962721,0
525.86,1,0.116273436354208,0.0554469144947984,0.00580586430326023,0
525.87,1,0.117172999366943,0.0562712386114085,0.00586652452593303,0
525.88,1,0.117968849462542,0.0570532877967305,0.0059278052765771,0
525.89,1,0.118658934325751,0.0577909792906887,0.00598962519495545,0
525.9,1,0.119241346539461,0.0584823068357816,0.00605190152306251,0
525.91,1,0.11971432656538,0.059125348579508,0.00611455002948182,0
525.92,1,0.120076265471587,0.0597182744256702,0.00617748495894992,0
525.93,1,0.120325707403482,0.0602593527593562,0.00624061900876371,0
525.94,1,0.120461351795161,0.060746956483788,0.00630386333305251,0
525.95,1,0.120482055318725,0.0611795683218237,0.0063671275753353,0
525.96,1,0.120386833569537,0.0615557853502018,0.00643031992921199,0
525.97,1,0.120174862485955,0.0618743227501191,0.00649334722651026,0
525.98,1,0.119845479502525,0.0621340167729378,0.00655611505173668,0
525.99,0.99902,0.119398184436169,0.0623338269342473,0.00661852788127056,0
526,0.98925,0.118832640105346,0.062472837462767,0.00668048924539712,0
526.01,0.98045,0.118148672682675,0.0625502580422915,0.00674190191100469,0
526.02,0.97067,0.117346271781988,0.0625654238948057,0.00680266808256955,1
526.03,0.9609,0.116425590281249,0.0625177952608205,0.00686268961891877,0
526.04,0.95112,0.11538694388325,0.0624069563388237,0.0069218682631921,0
526.05,0.94233,0.114230810416455,0.0622326137494638,0.00698010588341316,0
526.06,0.93353,0.112957828878813,0.0619945945917667,0.00703730472112013,0
526.07,0.92473,0.111568798227791,0.061692844158444,0.00709336764559121,0
526.08,0.91789,0.110064675920346,0.0613274233753769,0.00714819841132055,0
526.09,0.91007,0.108446576206917,0.0608985060268783,0.00720170191654969,0
526.1,0.9042,0.106715768183988,0.0604063758236108,0.00725378446083037,0
526.11,0.89834,0.104873673610119,0.0598514233643409,0.00730435399977832,0
526.12,0.89345,0.102921864490758,0.0592341430363182,0.00735332039537066,0
526.13,0.88856,0.10086206043749,0.0585551298922587,0.00740059566033296,0
526.14,0.8827,0.0986961258077532,0.0578150765349268,0.00744609419535425,0
526.15,0.87781,0.096426066631378,0.057014770033386,0.00748973301805259,0
526.16,0.87195,0.0940540273306308,0.0561550888883155,0.00753143198278951,0
526.17,0.86706,0.0915822872407551,0.0552370000575336,0.00757111399059384,0
526.18,0.86022,0.0890132569382865,0.0542615560471488,0.00760870518860534,0
526.19,0.85435,0.0863494743846983,0.0532298920686803,0.00764413515858227,0
526.2,0.84653,0.083593600893185,0.0521432232580893,0.00767733709413636,0
526.21,0.83969,0.0807484169266339,0.0510028419489904,0.00770824796646223,0
526.22,0.82991,0.077816817735053,0.0498101149893457,0.00773680867841743,0
526.23,0.82111,0.0748018088409285,0.0485664810886793,0.00776296420688347,0
526.24,0.80938,0.0717065013811678,0.0472734481812337,0.00778666373340031,0
526.25,0.79863,0.0685341073144518,0.045932590789468,0.0078078607631154,0
526.26,0.78592,0.0652879345029671,0.0445455473718143,0.0078265132321271,0
526.27,0.77419,0.0619713816776181,0.0431140176385783,0.00784258360333076,0
526.28,0.76051,0.0585879332959288,0.041639759820235,0.00785603895089613,0
526.29,0.7478,0.0551411543019386,0.0401245878730482,0.0078668510335176,0
526.3,0.73412,0.0516346847974665,0.0385703686078683,0.00787499635658646,0
526.31,0.72141,0.0480722346341761,0.036979018729079,0.00788045622343646,0
526.32,0.7087,0.0444575779359083,0.0353525017719081,0.00788321677581336,0
526.33,0.69697,0.0407945475607696,0.0336928249276492,0.00788326902371524,0
526.34,0.68622,0.0370870295124635,0.0320020357477287,0.00788060886474552,0
526.35,0.67546,0.033338957310334,0.0302822187189576,0.00787523709311447,0
526.36,0.66667,0.0295543063275602,0.0285354917037359,0.0078671593984193,0
526.37,0.65787,0.0257370881068851,0.0267640022404038,0.00785638635432748,0
526.38,0.64809,0.0218913446631965,0.0249699237003812,0.00784298082933325,0
526.39,0.6393,0.0180211427821932,0.0231554513002172,0.00782732071650129,0
526.4,0.6305,0.0141305683242667,0.0213227979682016,0.00780943112147223,0
526.41,0.6217,0.010223720542617,0.0194741900668191,0.00778934104881066,0
526.42,0.61193,0.0063047064244866,0.0176118629740759,0.00776708334910174,0
526.43,0.60313,0.00237763506425245,0.0157380565286563,0.00774259017364092,0
526.44,0.59335,-0.00155338792304446,0.0138550103460056,0.00771543527471826,0
526.45,0.58358,-0.00548426593932443,0.0119649590148405,0.0076856731114271,0
526.46,0.5738,-0.00941091688402959,0.0100701271862914,0.0076533626323666,0
526.47,0.56403,-0.0133292785695976,0.00817272457092662,0.00761856716065759,0
526.48,0.55523,-0.0172353140640374,0.00627494086230742,0.00758135426921409,0
526.49,0.54545,-0.0211250169530183,0.00437894060949749,0.00754179564647551,0
526.5,0.53568,-0.024994416514114,0.00248685806508269,0.0074999669528396,0
526.51,0.52493,-0.0288395827960897,0.000600792039717928,0.00745594766807101,0
526.52,0.5132,-0.0326566315963666,-0.00127719920105024,0.00740982092999656,0
526.53,0.50147,-0.0364417293300648,-0.00314510295702322,0.00736167336483304,0
526.54,0.48387,-0.0401910977842889,-0.00500095698501418,0.00731159490952845,0
526.55,0.4653,-0.0439010187515996,-0.00684285421141499,0.00725967862653012,0
526.56,0.44184,-0.047567838536897,-0.00866894721054137,0.00720602051142465,0
526.57,0.4174,-0.0511879723322282,-0.0104774523895271,0.00715071929392334,0
526.58,0.38905,-0.0547579084543283,-0.01226665381718,0.00709387623269279,0
526.59,0.36168,-0.0582742124400007,-0.0140349066318698,0.00703559490455328,0
526.6,0.3304,-0.0617335309947465,-0.015780639962466,0.00697598098858739,0
526.61,0.3001,-0.0651325957903586,-0.0175023592968763,0.00691514204571685,0
526.62,0.27077,-0.0684682271075043,-0.0191986482350967,0.00685318729431847,0
526.63,0.24145,-0.0717373373196326,-0.0208681695681394,0.00679022738245818,0
526.64,0.2131,-0.0749369342148518,-0.0225096656309152,0.00672637415732737,0
526.65,0.18573,-0.0780641241527396,-0.0241219578862583,0.00666174043246679,0
526.66,0.16031,-0.0811161150533575,-0.0257039457088205,0.00659643975336106,0
526.67,0.13587,-0.0840902192160551,-0.0272546043514787,0.00653058616198145,0
526.68,0.11241,-0.0869838559659625,-0.0287729820930155,0.0064642939608462,0
526.69,0.089932,-0.0897945541263759,-0.0302581965838645,0.00639767747715595,0
526.7,0.066471,-0.0925199543155506,-0.0317094304262378,0.00633085082754908,0
526.71,0.043988,-0.0951578110667207,-0.0331259260454411,0.00626392768400529,0
526.72,0.021505,-0.0977059947704629,-0.0345069799299922,0.00619702104140906,0
526.73,0,-0.100162493438822,-0.0358519363385583,0.00613024298726562,0
526.74,0,-0.102525414290907,-0.0371601805909252,0.00606370447404249,0
526.75,0,-0.104792985159954,-0.0384311320773911,0.0059975150945892,0
526.76,0,-0.10696355572213,-0.0396642371353291,0.00593178286106723,0
526.77,0,-0.109035598547648,-0.040858961952437,0.00586661398780129,0
526.78,0,-0.111007709974996,-0.0420147856627331,0.00580211267844221,0
526.79,0,-0.112878610809392,-0.0431311938031487,0.00573838091781173,0
526.8,0,-0.114647146846789,-0.0442076722952749,0.00567551826877937,0
526.81,0,-0.116312289225042,-0.0452437021082985,0.00561362167450264,0
526.82,0,-0.117873134604066,-0.0462387547455133,0.00555278526634347,0
526.83,0,-0.119328905177048,-0.0471922886783163,0.00549310017775642,0
526.84,0,-0.120678948515018,-0.0481037468288488,0.00543465436442753,0
526.85,0,-0.121922737247283,-0.0489725551761537,0.00537753243092735,0
526.86,0,-0.123059868580443,-0.0497981225318083,0.00532181546412699,0
526.87,0,-0.124090063658908,-0.050579841500492,0.00526758087361234,0
526.88,0,-0.125013166770019,-0.0513170906099878,0.00521490223931884,0
526.89,0,-0.125829144397069,-0.0520092375648139,0.00516384916659753,0
526.9,0,-0.126538084123664,-0.0526556435491559,0.00511448714891138,0
526.91,0,-0.127140193393065,-0.0532556684790157,0.00506687743835116,0
526.92,0,-0.127635798126262,-0.0538086770813821,0.00502107692414983,0
526.93,0,-0.128025341202706,-0.0543140456604559,0.00497713801936515,0
526.94,0,-0.128309380807733,-0.0547711693979994,0.00493510855589184,0
526.95,0,-0.128488588650857,-0.0551794700269976,0.00489503168795535,0
526.96,0,-0.128563748059205,-0.0555384037150399,0.00485694580423186,0
526.97,0,-0.128535751950478,-0.0558474689959836,0.00482088444873022,0
526.98,0,-0.128405600689916,-0.0561062145951688,0.00478687625056394,0
526.99,0,-0.128174399835827,-0.0563142470041766,0.00475494486273281,0
527,0,-0.127843357778313,-0.0564712376752131,0.00472510891002513,0
527.01,0,-0.127413783275898,-0.0565769297218948,0.00469738194614288,0
527.02,0,-0.1268870828948,-0.0566311440317444,0.0046717724201425,0
527.03,0,-0.126264758355672,-0.0566337847152714,0.00464828365227409,0
527.04,0,-0.125548403792628,-0.0565848438363702,0.00462691381929085,0
527.05,0,-0.124739702929442,-0.0564844053882235,0.00460765594928897,0
527.06,0,-0.123840426177807,-0.0563326484973565,0.00459049792612547,0
527.07,0,-0.122852427662544,-0.0561298498554506,0.00457542250344739,0
527.08,0,-0.121777642178684,-0.0558763853936178,0.00456240732835104,0
527.09,0,-0.120618082085329,-0.0555727312267885,0.0045514249746733,0
527.1,0,-0.119375834141162,-0.0552194639065301,0.00454281154697133,0
527.11,0,-0.118053056286513,-0.0548172600289415,0.00453663688617884,0
527.12,0,-0.1166519743768,-0.0543668952502909,0.00453286305638662,0
527.13,0,-0.115174878872186,-0.0538692427669096,0.00453144671207618,0
527.14,0,-0.113624121488218,-0.0533252713176843,0.00453233918013969,0
527.15,0,-0.112002111812186,-0.0527360427675274,0.00453548655192842,0
527.16,0,-0.110311313889884,-0.0521027093286861,0.00454082978516501,0
527.17,0,-0.1085542427874,-0.0514265104739327,0.00454830481552846,0
527.18,0,-0.106733461132507,-0.0507087695918185,0.00455784267769288,0
527.19,0,-0.104851575640144,-0.0499508904295055,0.00456936963557302,0
527.2,0,-0.10291123362642,-0.0491543533634584,0.0045828073215021,0
527.21,0,-0.100915119515497,-0.0483207115326767,0.00459807288403908,0
527.22,0,-0.0988659513436199,-0.0474515868633603,0.00461507914407628,0
527.23,0,-0.09676647726448,-0.0465486660080916,0.00463373475889167,0
527.24,0,-0.0946194720600256,-0.0456136962168999,0.00465394439376588,0
527.25,0,-0.09242773366072,-0.0446484811520778,0.00467560890076107,0
527.26,0,-0.0901940796791753,-0.0436548766534016,0.00469862550423782,0
527.27,0,-0.0879213439609811,-0.0426347864555676,0.00472288799266836,0
527.28,0,-0.0856123731564582,-0.0415901578552176,0.00474828691628829,0
527.29,0,-0.0832700233169625,-0.0405229773209525,0.00477470979011677,0
527.3,0,-0.0808971565192647,-0.0394352660362536,0.00480204130186583,0
527.31,0,-0.0784966375214288,-0.0383290753622691,0.00483016352425347,0
527.32,0,-0.0760713304535082,-0.037206482205027,0.00485895613123326,0
527.33,0,-0.0736240955462718,-0.0360695842698215,0.00488829661765474,0
527.34,0,-0.0711577859010686,-0.0349204951843373,0.00491806052187473,0
527.35,0,-0.0686752443038324,-0.0337613394715518,0.00494812165084895,0
527.36,0,-0.0661793000861195,-0.0325942473536515,0.00497835230724731,0
527.37,0,-0.0636727660359704,-0.0314213493691481,0.00500862351815372,0
527.38,0,-0.0611584353612745,-0.0302447707871452,0.00503880526493298,0
527.39,0,-0.0586390787082145,-0.0290666258053405,0.00506876671387282,0
527.4,0.0097752,-0.0561174412372604,-0.027889011521894,0.00509837644723851,0
527.41,0.020528,-0.0535962397590763,-0.026714001675804,0.0051275026944103,0
527.42,0.029326,-0.0510781599326024,-0.0255436401559393,0.0051560135628102,0
527.43,0.039101,-0.0485658535274679,-0.0243799342853874,0.00518377726836403,0
527.44,0.047898,-0.0460619357527892,-0.0232248478953058,0.00521066236528629,0
527.45,0.056696,-0.0435689826543091,-0.0220802942109492,0.00523653797502005,0
527.46,0.063539,-0.0410895285817292,-0.0209481285819432,0.00526127401420962,0
527.47,0.071359,-0.0386260637279911,-0.0198301410990492,0.00528474142163056,0
527.48,0.077224,-0.0361810317421668,-0.018728049150475,0.00530681238404926,0
527.49,0.083089,-0.0337568274175196,-0.0176434899820073,0.00532736056102999,0
527.5,0.087977,-0.0313557944562059,-0.0165780133366118,0.00534626130875317,0
527.51,0.091887,-0.0289802233119946,-0.0155330742603463,0.00536339190294978,0
527.52,0.095797,-0.0266323491122919,-0.0145100261720811,0.00537863176109567,0
527.53,0.098729,-0.024314349660668,-0.0135101143041972,0.00539186266404166,0
527.54,0.10166,-0.0220283435209968,-0.0125344696296777,0.00540296897728145,0
527.55,0.10459,-0.0197763881842349,-0.0115841033973294,0.0054118378720766,0
527.56,0.10557,-0.0175604783187794,-0.0106599024007762,0.00541835954666555,0
527.57,0.10753,-0.0153825441052663,-0.00976262510786822,0.00542242744777951,0
527.58,0.10948,-0.0132444496565869,-0.00889289877480319,0.00542393849267133,0
527.59,0.11046,-0.0111479915238227,-0.00805121766317439,0.00542279329183214,0
527.6,0.11241,-0.00909489728872286,-0.00723794246804744,0.00541889637252417,0
527.61,0.11339,-0.00708682424327065,-0.00645330105085174,0.00541215640319531,0
527.62,0.1173,-0.00512535815681293,-0.00569739055231986,0.00540248641876106,0
527.63,0.12023,-0.00321201213115273,-0.00497018093805476,0.0053898040466433,0
527.64,0.12512,-0.00134822554393447,-0.00427152000286943,0.00537403173334203,0
527.65,0.13099,0.000464636919418935,-0.00360113983033609,0.00535509697118736,0
527.66,0.13587,0.00222528614502705,-0.00295866467170348,0.00533293252477653,0
527.67,0.14174,0.00393250938100798,-0.00234362017437069,0.00530747665644578,0
527.68,0.14663,0.00558517093901376,-0.00175544385548262,0.00527867334996321,0
527.69,0.15249,0.00718221280685454,-0.00119349668209312,0.00524647253145924,0
527.7,0.15543,0.00872265517228601,-0.000657075586967594,0.00521083028644057,0
527.71,0.15934,0.0102055968580983,-0.000145426719727387,0.00517170907156497,0
527.72,0.16129,0.0116302156687078,0.000342240792095527,0.00512907791969493,0
527.73,0.16325,0.0129957686485165,0.000806740817293679,0.00508291263660087,0
527.74,0.16422,0.0143015922523634,0.0012488961891392,0.00503319598755689,0
527.75,0.16618,0.0155471024284581,0.00166952493242438,0.004979917871968,0
527.76,0.16716,0.016731794614242,0.00206942701310195,0.0049230754840928,0
527.77,0.16911,0.0178552436456901,0.00244937186521011,0.00486267345788458,0
527.78,0.17107,0.0189171035806203,0.00281008693309083,0.00479872399397021,0
527.79,0.17302,0.0199171074366428,0.00315224744304083,0.00473124696682354,0
527.8,0.17498,0.0208550668444397,0.00347646758823979,0.00466027001026957,0
527.81,0.17791,0.021730871617125,0.00378329327512311,0.00458582857957904,0
527.82,0.17889,0.0225444892364981,0.0040731965395806,0.00450796598857846,0
527.83,0.18084,0.0232959642570604,0.00434657169891009,0.00442673342040734,0
527.84,0.18084,0.0239854176287281,0.00460373326187368,0.00434218991079745,0
527.85,0.18182,0.0246130459392345,0.00484491557605443,0.00425440230302514,0
527.86,0.1828,0.0251791205772736,0.00507027415049667,0.00416344517398975,0
527.87,0.18377,0.0256839868175012,0.00527988855371334,0.0040694007311927,0
527.88,0.18475,0.0261280628285685,0.00547376675374819,0.00397235868072503,0
527.89,0.18573,0.0265118386054251,0.00565185073904412,0.00387241606670706,0
527.9,0.18866,0.0268358748271916,0.0058140232370727,0.00376967708295473,0
527.91,0.19159,0.0271008016419617,0.00596011533241785,0.00366425285796412,0
527.92,0.19648,0.027307317379958,0.00608991477738237,0.00355626121460034,0
527.93,0.20039,0.0274561871965261,0.0062031747860288,0.00344582640614299,0
527.94,0.2043,0.0275482416465167,0.00629962310645889,0.00333307883057073,0
527.95,0.20821,0.0275843751916663,0.00637897117545514,0.00321815472515743,0
527.96,0.21114,0.0275655446426494,0.00644092317356927,0.00310119584359801,0
527.97,0.2131,0.0274927675375417,0.00648518481645398,0.00298234911798214,0
527.98,0.2131,0.0273671204584909,0.00651147173874536,0.00286176630798649,0
527.99,0.21408,0.0271897372884609,0.00651951734915509,0.00273960363966346,1
528,0.21212,0.026961807409972,0.0065090800587007,0.00261602143616788,0
528.01,0.21017,0.0266845738478267,0.00647994980733808,0.00249118374268678,0
528.02,0.20821,0.0263593313578697,0.00643195383691143,0.00236525794772566,0
528.03,0.20626,0.0259874244638937,0.00636496167967363,0.00223841440276329,0
528.04,0.20528,0.0255702454448632,0.00627888935115508,0.00211082604212172,0
528.05,0.20332,0.0251092322746889,0.00617370275350817,0.0019826680047154,0
528.06,0.2043,0.0246058665168453,0.00604942031039505,0.0018541172591492,0
528.07,0.2043,0.0240616711761811,0.00590611486690416,0.00172535223343632,0
528.08,0.20626,0.0234782085103318,0.00574391489787276,0.00159655245040874,0
528.09,0.20919,0.0228570778031985,0.00556300507544025,0.0014678981697006,0
528.1,0.21212,0.0221999131030124,0.00536362625181835,0.00133957003700331,0
528.11,0.21603,0.0215083809275579,0.00514607491634774,0.00121174874112341,0
528.12,0.21994,0.0207841779391801,0.00491070218716157,0.00108461467922409,0
528.13,0.22483,0.02002902859225,0.0046579123974604,0.00095834763049976,0
528.14,0.22972,0.0192446827558111,0.00438816133479057,0.0008331264384223,0
528.15,0.2346,0.0184329133141758,0.00410195418907449,0.000709128701607696,0
528.16,0.23949,0.0175955137482847,0.00379984326171794,0.000586530473282281,0
528.17,0.24536,0.0167342957006807,0.00348242548414447,0.00046550596927841,0
528.18,0.25122,0.0158510865269919,0.00315033978978559,0.000346227284458408,0
528.19,0.25709,0.0149477268368484,0.00280426437906235,0.000228864117451601,0
528.2,0.26295,0.0140260680271965,0.00244491391237607,0.000113583503590068,0
528.21,0.26979,0.0130879698109978,0.00207303666170335,5.49555942455128e-07,0
528.22,0.2737,0.0121352977443312,0.00168941164715436,-0.000110076785630506,0
528.23,0.27859,0.0111699207549367,0.0012948457808727,-0.000218137997442476,0
528.24,0.2825,0.0101937086752599,0.000890171036976669,-0.000323480206974629,0
528.25,0.28641,0.00920852978307225,0.00047624166289486,-0.000425953419856822,0
528.26,0.28739,0.0082162483527521,5.39314444456128e-05,-0.000525411738752416,0
528.27,0.28935,0.00721872222032171,-0.000375868965646883,-0.000621713574015815,0
528.28,0.28935,0.00621780036533722,-0.000812254648427665,-0.000714721845945666,0
528.29,0.29032,0.00521532051272865,-0.00125430894320401,-0.000804304178412423,0
528.3,0.2913,0.00421310675768175,-0.0017011058921819,-0.000890333083597371,0
528.31,0.29228,0.00321296721664394,-0.00215171260299376,-0.000972686137542009,0
528.32,0.29423,0.00221669170752252,-0.00260519152803745,-0.0010512461461726,0
528.33,0.29619,0.00122604946212421,-0.0030606026604943,-0.00112590130143483,0
528.34,0.29912,0.000242786873861638,-0.00351700564764421,-0.00119654532714847,0
528.35,0.30108,-0.000731374716276363,-0.00397346182267313,-0.0012630776141713,0
528.36,0.30499,-0.00169474119252709,-0.0044290361565964,-0.00132540334444612,0
528.37,0.30792,-0.00264564779300391,-0.00488279913222181,-0.0013834336034935,0
528.38,0.31183,-0.00358246119131231,-0.00533382854226943,-0.00143708548090696,0
528.39,0.31672,-0.00450358152829892,-0.00578121121386835,-0.00148628215840545,0
528.4,0.32063,-0.00540744439115428,-0.00622404466167925,-0.00153095298500167,0
528.41,0.32551,-0.00629252273714844,-0.0066614386718608,-0.00157103353885216,0
528.42,0.32942,-0.00715732875934269,-0.00709251681901856,-0.00160646567536887,0
528.43,0.33431,-0.00800041569168894,-0.00751641791815834,-0.00163719756118944,0
528.44,0.33822,-0.00882037955100296,-0.00793229741352074,-0.00166318369362831,0
528.45,0.34115,-0.00961586081337553,-0.00833932870600792,-0.00168438490526026,0
528.46,0.34409,-0.0103855460226703,-0.00873670442073369,-0.00170076835332614,0
528.47,0.34702,-0.0111281693288446,-0.00912363761604054,-0.00171230749369503,0
528.48,0.34897,-0.0118425139539248,-0.00949936293513566,-0.00171898203917138,0
528.49,0.35093,-0.0125274135835622,-0.00986313770130871,-0.00172077790199902,0
528.5,0.35191,-0.0131817536822033,-0.0102142429575087,-0.00171768712048846,0
528.51,0.35288,-0.0138044727300096,-0.0105519844508802,-0.00171014856395756,0
528.52,0.35288,-0.0143945633797781,-0.0108756935626941,-0.00169956711522374,0
528.53,0.35386,-0.0149510735322261,-0.0111847281839529,-0.00168594247018098,0
528.54,0.35484,-0.0154731073281244,-0.0114784735368172,-0.00166927807068124,0
528.55,0.35582,-0.0159598260558867,-0.0117563429418754,-0.00164958100790073,0
528.56,0.35777,-0.0164104489733489,-0.0120177785311803,-0.00162686191619901,0
528.57,0.35973,-0.0168242540426022,-0.0122622519068945,-0.00160113485804148,0
528.58,0.36168,-0.0172005785768786,-0.0124892647453224,-0.00157241720067597,0
528.59,0.36364,-0.0175388197986213,-0.0126983493460728,-0.00154072948537952,0
528.6,0.36559,-0.017838435308015,-0.0128890691260706,-0.00150609529022094,0
528.61,0.36852,-0.0180989434613892,-0.0130610190581452,-0.0014685410874154,0
528.62,0.37146,-0.018319923659053,-0.0132138260539433,-0.00142809609647617,0
528.63,0.37439,-0.0185010165422671,-0.0133471492909587,-0.00138479213449193,0
528.64,0.3783,-0.0186419240992023,-0.0134606804835327,-0.00133866346497161,0
528.65,0.38319,-0.0187424096798869,-0.0135541440977596,-0.00128974664679842,0
528.66,0.3871,-0.0188022979202919,-0.0136272975103246,-0.00123808038491506,0
528.67,0.39101,-0.0188214745758558,-0.0136799311114098,-0.00118370538441945,0
528.68,0.39492,-0.0187998862649012,-0.0137118683519222,-0.00112666420977846,0
528.69,0.3998,-0.0187375401225465,-0.0137229657354251,-0.00106700115086324,0
528.7,0.40371,-0.0186345033658687,-0.0137131127552831,-0.00100476209746903,0
528.71,0.40762,-0.0184909027712216,-0.0136822317776713,-0.000939994423902238,0
528.72,0.41056,-0.0183069240647674,-0.0136302778712286,-0.00087274688509632,0
528.73,0.41447,-0.0180828112274259,-0.0135572385842726,-0.000803069525554717,0
528.74,0.4174,-0.0178188657155932,-0.0134631336706177,-0.000731013602215152,0
528.75,0.42131,-0.0175154455991311,-0.0133480147651604,-0.000656631522086828,0
528.76,0.42522,-0.0171729646182672,-0.0132119650105069,-0.000579880913837218,0
528.77,0.42913,-0.0167918911611918,-0.013055098636017,-0.000500766826761459,0
528.78,0.43304,-0.0163727471642731,-0.0128775604907301,-0.000419350055830763,0
528.79,0.43695,-0.0159161069369512,-0.0126795255317083,-0.000335692548069857,0
528.8,0.44086,-0.0154225959135007,-0.0124611982693993,-0.000249857410347916,0
528.81,0.44477,-0.0148928893339825,-0.012222812171666,-0.000161908929953138,0
528.82,0.4477,-0.0143277108568303,-0.0119646290281635,-7.19126065607052e-05,0
528.83,0.44966,-0.0137278311056371,-0.0116869382767679,2.0064806085753e-05,0
528.84,0.45161,-0.0130940661528235,-0.0113900562937698,0.000113955250711503,0
528.85,0.45259,-0.0124272759429812,-0.011074325649544,0.000209689311405821,0
528.86,0.45455,-0.0117283626587907,-0.0107401143313992,0.000307196155167636,0
528.87,0.45552,-0.0109982690325142,-0.0103878149352915,0.000406403472490186,0
528.88,0.45748,-0.010237976606158,-0.0100178438280684,0.000507237419407522,0
528.89,0.45846,-0.0094485039434909,-0.00963064028187921,0.000609622563397857,0
528.9,0.46041,-0.00863090479718497,-0.00922666558236515,0.000713481835449991,0
528.91,0.46237,-0.00778626623442549,-0.00880640211221493,0.000818736490452856,0
528.92,0.46334,-0.00691570672440497,-0.00837035241164744,0.000925306077870249,0
528.93,0.4653,-0.0060203741911808,-0.00791903821736425,0.00103310842442029,0
528.94,0.46823,-0.00510144403543323,-0.00745299948149954,0.00114205963020068,0
528.95,0.47019,-0.00416011712870971,-0.00697279337208745,0.00125207407939637,0
528.96,0.47312,-0.00319761778378469,-0.00647899325656606,0.00136306446638525,0
528.97,0.47605,-0.0022151917047991,-0.00597218766984483,0.00147494183773132,0
528.98,0.47996,-0.00121410392087183,-0.00545297926847804,0.001587615650232,0
528.99,0.48387,-0.000195636706895757,-0.00492198377251081,0.00170099384487708,0
529,0.48778,0.000838912504756115,-0.00437982889659682,0.0018149829362887,0
529.01,0.49267,0.00188823321788407,-0.00382715327202628,0.00192948811695157,0
529.02,0.4956,0.00295100396774662,-0.00326460536134972,0.00204441337531581,0
529.03,0.49951,0.00402589441425931,-0.00269284236733546,0.0021596616266647,0
529.04,0.50342,0.00511156742940803,-0.00211252913805567,0.00227513485548876,0
529.05,0.50635,0.00620668117520298,-0.00152433706995653,0.00239073426799591,0
529.06,0.51026,0.00730989116853325,-0.000928943010829849,0.00250636045331519,0
529.07,0.51417,0.00841985232932281,-0.000327028164666158,0.00262191355191548,0
529.08,0.51808,0.0095352210084378,0.000280722999570208,0.00273729342975898,0
529.09,0.52199,0.0106546569918509,0.000893623833145637,0.00285239985673731,0
529.1,0.5259,0.0117768254776324,0.00151098658459045,0.00296713268799219,0
529.11,0.52981,0.0129003990224084,0.00213212346636386,0.00308139204679838,0
529.12,0.53275,0.0140240594540045,0.00275634770891594,0.00319507850777813,0
529.13,0.53666,0.015146499747078,0.00338297459988445,0.00330809327932108,0
529.14,0.53959,0.0162664258586344,0.00401132250614766,0.0034203383841947,0
529.15,0.54252,0.0173825585204209,0.00464071387645144,0.00353171683744643,0
529.16,0.54448,0.0184936349852941,0.00527047622233922,0.00364213282081373,0
529.17,0.54741,0.0195984107247728,0.00589994307513972,0.00375149185297081,0
529.18,0.54839,0.0206956610750984,0.00652845491680946,0.00385970095504774,0
529.19,0.55034,0.0217841828292528,0.00715536008248619,0.00396666881095641,0
529.2,0.55132,0.022862795772507,0.00778001563268594,0.00407230592214765,0
529.21,0.5523,0.0239303441592095,0.00840178819317092,0.00417652475650261,0
529.22,0.55327,0.0249856981286593,0.00902005476062736,0.00427923989112978,0
529.23,0.55425,0.0260277550580494,0.00963420347242239,0.00438036814889442,0
529.24,0.55523,0.0270554408506147,0.0102436343388557,0.00447982872855231,0
529.25,0.55718,0.0280677111572659,0.0108477599364851,0.00457754332839173,0
529.26,0.55914,0.0290635525301445,0.0114460060612834,0.00467343626330984,0
529.27,0.56109,0.0300419835066911,0.0120378123405767,0.00476743457526011,0
529.28,0.56305,0.0310020556229751,0.0126226328029194,0.0048594681370088,0
529.29,0.56598,0.0319428543551989,0.0131999364052759,0.0049494697491305,0
529.3,0.56794,0.0328634999884478,0.013769207517104,0.00503737523015629,0
529.31,0.56989,0.0337631484119254,0.014329946361164,0.00512312349976504,0
529.32,0.57087,0.0346409918400767,0.0148816694111127,0.00520665665487858,0
529.33,0.57185,0.0354962594591683,0.0154239097461738,0.005287920038487,0
529.34,0.57087,0.0363282179990614,0.0159562173634116,0.00536686230099166,0
529.35,0.57087,0.0371361722300799,0.0164781594483603,0.00544343545381289,0
529.36,0.56891,0.0379194653850403,0.0169893206049846,0.00551759491496651,0
529.37,0.56794,0.038677479506676,0.0174893030461514,0.00558929954627144,0
529.38,0.565,0.0394096357208525,0.0179777267459967,0.00565851168181042,0
529.39,0.56305,0.0401153944361289,0.0184542295557427,0.00572519714722841,0
529.4,0.56012,0.0407942554703849,0.018918467284689,0.00578932526942182,0
529.41,0.55718,0.041445758105384,0.0193701137482386,0.00585086887614665,0
529.42,0.55425,0.0420694810703046,0.019808860784937,0.00590980428505786,0
529.43,0.5523,0.0426650424554132,0.0202344182445973,0.00596611128168736,0
529.44,0.55132,0.043232099557208,0.0206465139496516,0.00601977308587657,0
529.45,0.55034,0.0437703486565008,0.0210448936319086,0.00607077630620266,0
529.46,0.54936,0.0442795247310423,0.0214293208469128,0.00611911088197836,0
529.47,0.54936,0.0447594011044337,0.0217995768680873,0.00616477001246477,0
529.48,0.54936,0.0452097890331922,0.0221554605628032,0.00620775007301693,0
529.49,0.54936,0.0456305372339635,0.0224967882524542,0.00624805051798398,0
529.5,0.55034,0.0460215313529909,0.0228233935585267,0.00628567377031084,0
529.51,0.55132,0.0463826933800624,0.0231351272365454,0.00632062509793643,0
529.52,0.55327,0.0467139810092624,0.0234318569996431,0.00635291247725437,0
529.53,0.55523,0.0470153869489527,0.0237134673333575,0.00638254644409515,0
529.54,0.55718,0.0472869381835001,0.0239798593030927,0.00640953993290088,0
529.55,0.55914,0.0475286951893514,0.024230950355512,0.00643390810499393,0
529.56,0.56012,0.0477407511081357,0.0244666741149436,0.00645566816708301,0
529.57,0.56207,0.047923230879542,0.0246869801756952,0.00647483918140174,0
529.58,0.56403,0.0480762903367843,0.0248918338909802,0.00649144186912809,0
529.59,0.56598,0.0482001152675197,0.0250812161589749,0.00650549840898258,0
529.6,0.56696,0.0482949204431323,0.0252551232063363,0.00651703223314081,0
529.61,0.56891,0.0483609486193352,0.0254135663693354,0.00652606782281337,0
529.62,0.56794,0.0483984695110713,0.0255565718725941,0.0065326305060361,0
529.63,0.56794,0.0484077787447189,0.0256841806052562,0.00653674626036593,0
529.64,0.56598,0.0483891967906199,0.0257964478942825,0.00653844152328503,0
529.65,0.56403,0.0483430678789565,0.025893443274437,0.00653774301317079,0
529.66,0.56305,0.0482697589019977,0.0259752502544193,0.00653467756368405,0
529.67,0.56207,0.0481696583057298,0.026041966078512,0.00652927197435861,0
529.68,0.56305,0.0480431749738625,0.0260937014830399,0.00652155288003718,0
529.69,0.56403,0.0478907371071793,0.0261305804468851,0.00651154664159124,0
529.7,0.56989,0.0477127911011632,0.026152739935273,0.00649927926008629,0
529.71,0.57478,0.0475098004247887,0.0261603296360255,0.00648477631621178,1
529.72,0.58456,0.0472822445033182,0.0261535116874869,0.00646806293639388,0
529.73,0.59335,0.0470306176078848,0.0261324603973438,0.00644916378655655,0
529.74,0.60704,0.0467554277545776,0.0260973619516025,0.00642782903391103,0
529.75,0.61975,0.0464571956156718,0.026048414113034,0.00640387496217877,0
529.76,0.63636,0.0461364534455683,0.0259858259084624,0.00637734362378848,0
529.77,0.652,0.045793744023919,0.0259098173043491,0.00634827605972636,0
529.78,0.6696,0.0454296196183221,0.0258206188702079,0.00631671246484269,0
529.79,0.68622,0.0450446409688721,0.0257184714294799,0.00628269238732838,0
529.8,0.70283,0.0446393762967434,0.0256036256975975,0.00624625495855215,0
529.81,0.72043,0.0442144003388769,0.0254763419070681,0.00620743914888296,0
529.82,0.73509,0.0437702934107211,0.0253368894195176,0.00616628404466133,0
529.83,0.74976,0.0433076404988588,0.0251855463247424,0.00612282914114076,0
529.84,0.76149,0.0428270303852242,0.0250225990269275,0.00607711464600392,0
529.85,0.77322,0.0423290548044853,0.0248483418182983,0.00602918178797188,0
529.86,0.7781,0.0418143076360332,0.0246630764405798,0.00597907312506671,0
529.87,0.78201,0.0412833841318798,0.0244671116347456,0.00592683284725378,0
529.88,0.78006,0.040736880181628,0.0242607626796369,0.00587250706846901,0
529.89,0.7781,0.0401753916155326,0.0240443509201329,0.00581614410341644,0
529.9,0.77028,0.0395995135465261,0.0238182032856496,0.00575779472498601,0
529.91,0.76246,0.0390098397519356,0.0235826517998298,0.00569751239867247,0
529.92,0.75171,0.0384069620954678,0.0233380330823793,0.00563535349095498,0
529.93,0.73998,0.0377914699898904,0.0230846878440771,0.00557137744920383,0
529.94,0.73118,0.0371639499006872,0.0228229603760723,0.00550564695129588,0
529.95,0.72141,0.0365249848908141,0.0225531980346433,0.0054382280237282,0
529.96,0.71457,0.0358751542065342,0.0222757507226681,0.00536919012760127,0
529.97,0.70674,0.0352150329041586,0.0219909703691112,0.00529860621238832,0
529.98,0.70283,0.0345451915173767,0.0216992104078923,0.005226552737903,0
529.99,0.69892,0.0338661957647076,0.0214008252575529,0.00515310966531624,0
530,0.69697,0.0331786062964662,0.0210961698031831,0.0050783604184499,0
530.01,0.69501,0.0324829784804927,0.020785598882114,0.00500239181688646,0
530.02,0.69306,0.0317798622257579,0.0204694667749158,0.00492529398268038,0
530.03,0.6911,0.0310698018428222,0.020148126703275,0.00484716022264086,0
530.04,0.68817,0.0303533359399939,0.0198219303363463,0.00476808688827983,0
530.05,0.68524,0.0296309973539086,0.0194912273071943,0.0046881732155898,0
530.06,0.68035,0.0289033131131283,0.0191563647409538,0.00460752114683881,0
530.07,0.67449,0.0281708044332415,0.0188176867963362,0.00452623513655149,0
530.08,0.66667,0.0274339867418371,0.0184755342221124,0.00444442194379324,0
530.09,0.65885,0.0266933697316172,0.018130243930183,0.00436219041279515,0
530.1,0.64809,0.0259494574398155,0.0177821485868292,0.00427965124385801,0
530.11,0.63832,0.0252027483519975,0.0174315762237014,0.00419691675636002,0
530.12,0.62561,0.0244537355282275,0.0170788498700609,0.00411410064557033,0
530.13,0.61388,0.0237029067495163,0.0167242872077334,0.00403131773484397,0
530.14,0.59922,0.0229507446823846,0.0163682002501641,0.00394868372464722,0
530.15,0.58553,0.022197727059318,0.0160108950468856,0.00386631493973833,0
530.16,0.56989,0.021444326872832,0.0156526714146106,0.00378432807571001,0
530.17,0.55523,0.0206910125808172,0.0152938226960588,0.00370283994598846,0
530.18,0.53959,0.0199382483207956,0.0149346355474979,0.00362196723027931,0
530.19,0.52395,0.019186494130686,0.0145753897558479,0.00354182622535575,0
530.2,0.50929,0.0184362061736568,0.0142163580860418,0.00346253259899627,0
530.21,0.49462,0.0176878369646255,0.0138578061591767,0.00338420114780059,0
530.22,0.48192,0.016941835595963,0.0134999923618057,0.00330694555954052,0
530.23,0.46921,0.016198647959961,0.0131431677865391,0.00323087818063748,0
530.24,0.45846,0.0154587169656329,0.0127875762039155,0.00315610978929992,0
530.25,0.44868,0.0147224827474412,0.0124334540652999,0.00308274937480011,0
530.26,0.43988,0.0139903828635715,0.0120810305363443,0.00301090392332069,0
530.27,0.43206,0.0132628524814119,0.0117305275603246,0.0029406782107561,0
530.28,0.42424,0.0125403245479448,0.0113821599504391,0.00287217460281159,0
530.29,0.4174,0.0118232299428113,0.0110361355099246,0.00280549286270282,0
530.3,0.41056,0.0111119976118747,0.0106926551786194,0.00274072996672109,0
530.31,0.40371,0.010407054679178,0.0103519132043745,0.00267797992789343,0
530.32,0.39785,0.00970882653527527,0.0100140973374986,0.00261733362793182,0
530.33,0.39101,0.00901773690000097,0.0096793890462109,0.00255887865763265,0
530.34,0.38514,0.0083342078578389,0.00934796375087854,0.002502699165855,0
530.35,0.37928,0.00765865986415585,0.00901999107462981,0.00244887571717549,0
530.36,0.37341,0.00699151172067489,0.00869563510777028,0.00239748515828697,0
530.37,0.36755,0.00633318051868111,0.00837505468327936,0.0023486004931799,0
530.38,0.36266,0.00568408154857637,0.00805840366054013,0.00230224333506792,0
530.39,0.35777,0.0050446281745301,0.00774583121435373,0.00225812103824666,0
530.4,0.35386,0.00441523167310893,0.00743748212621325,0.00221629437068835,0
530.41,0.34897,0.00379630103490988,0.00713349707476313,0.00217682068734718,0
530.42,0.34506,0.00318824272836853,0.00683401292234948,0.00213975384180746,0
530.43,0.34213,0.00259146042506476,0.00653916299457481,0.00210514410493756,0
530.44,0.3392,0.00200635468600449,0.0062490773498083,0.0020730380904765,0
530.45,0.33627,0.00143332260851549,0.00596388303566959,0.00204347868745959,0
530.46,0.33431,0.000872757433557785,0.0056837043295998,0.00201650499937172,0
530.47,0.33236,0.000325048113415147,0.00540866296075733,0.00199215228989985,0
530.48,0.3304,-0.000209421160097975,0.00513887831062646,0.00197045193514185,0
530.49,0.32942,-0.000730271466609618,0.00487446758990298,0.00195143138211522,0
530.5,0.32747,-0.001237129706868,0.00461554598941991,0.00193511411339798,0
530.51,0.32551,-0.001729629190476,0.00436222680309731,0.00192151961772407,0
530.52,0.32356,-0.00220741026086214,0.00411462152113903,0.00191066336634743,0
530.53,0.3216,-0.00267012095649595,0.00387283989195461,0.00190255679498264,0
530.54,0.31965,-0.00311741770718355,0.00363698995155323,0.00189720729112496,0
530.55,0.31769,-0.00354896606410988,0.00340717801943504,0.00189461818655005,0
530.56,0.31672,-0.00396444146212504,0.00318350866029152,0.00189478875479232,0
530.57,0.31574,-0.00436353001260686,0.00296608461111647,0.00189771421340169,0
530.58,0.31476,-0.00474592932506841,0.00275500667362085,0.00190338573078145,0
530.59,0.31378,-0.00511134935551993,0.00255037357213375,0.00191179043741476,0
530.6,0.31281,-0.00545951327943904,0.002352281777457,0.00192291144129414,0
530.61,0.31183,-0.00579015838705198,0.00216082529741793,0.00193672784737817,0
530.62,0.31183,-0.00610303699848291,0.00197609543513215,0.00195343924452337,0
530.63,0.31183,-0.00639791739618766,0.00179818051624335,0.00197396729392923,0
530.64,0.31183,-0.00667458477195397,0.00162716558664726,0.00199828378607573,0
530.65,0.31281,-0.00693284218562257,0.00146313208243121,0.00202635504703692,0
530.66,0.31281,-0.00717251153256237,0.0013061574739665,0.00205814195642467,0
530.67,0.31378,-0.00739343451681974,0.00115631488627752,0.00209359996995983,0
530.68,0.31574,-0.00759547362675642,0.00101367269797761,0.00213267914666369,0
530.69,0.31672,-0.00777851310989311,0.000878294121206146,0.00217532418070197,0
530.7,0.31769,-0.00794245994358777,0.000750236765124336,0.00222147443795428,0
530.71,0.31867,-0.00808724479809772,0.000629552185627547,0.00227106399742423,0
530.72,0.31867,-0.00821282298850514,0.000516285424010047,0.00232402169764737,0
530.73,0.31965,-0.00831917541192522,0.000410474537374099,0.00238027118829608,0
530.74,0.31965,-0.00840630946636613,0.00031215012360937,0.00243973098722087,0
530.75,0.32063,-0.00847425994757037,0.000221334843781482,0.00250231454320606,0
530.76,0.32063,-0.00852308992013819,0.000138042944760925,0.00256793030475209,0
530.77,0.3216,-0.00855289155921527,6.22797848963402e-05,0.00263648179522812,0
530.78,0.32258,-0.00856378695902024,-5.9586345094243e-06,0.0027078676947634,0
530.79,0.32356,-0.00855592890449156,-6.66861292250438e-05,0.00278198192926566,0
530.8,0.32551,-0.00852950160234889,-0.000119926781001586,0.00285871376696688,0
530.81,0.32845,-0.00848472136789144,-0.000165715372845224,0.00293794792290149,0
530.82,0.33138,-0.00842183726389426,-0.000204097808234828,0.00301956467171857,0
530.83,0.33431,-0.00834113168801417,-0.00023513151198524,0.00310343996921687,0
530.84,0.33822,-0.00824292090517872,-0.000258885810584603,0.00318944558297043,0
530.85,0.34213,-0.00812755552150572,-0.000275442289969898,0.00327744923238179,0
530.86,0.34506,-0.00799542089638594,-0.000284895128847135,0.00336731473846056,0
530.87,0.348,-0.00784693748945881,-0.000287351405809839,0.00345890218357715,0
530.88,0.34995,-0.00768256113931892,-0.000282931378659941,0.00355206808138563,0
530.89,0.35288,-0.00750278327091135,-0.000271768734487321,0.00364666555704639,0
530.9,0.35484,-0.00730813102870395,-0.00025401080921658,0.00374254453781035,0
530.91,0.35679,-0.00709916733286691,-0.000229818775480571,0.00383955195395149,0
530.92,0.35875,-0.00687649085584215,-0.000199367797828557,0.00393753194995659,0
530.93,0.3607,-0.0066407359168476,-0.000162847154421135,0.00403632610579984,0
530.94,0.36266,-0.00639257229203467,-0.000120460324503232,0.0041357736680476,0
530.95,0.36364,-0.00613270493819926,-7.24250410793738e-05,0.00423571179045688,0
530.96,0.36461,-0.00586187362813925,-1.89733083411804e-05,0.00433597578365004,0
530.97,0.36559,-0.00558085249595177,3.96486164851433e-05,0.00443639937337025,0
530.98,0.36559,-0.00529044949077346,0.000103180277094327,0.0045368149667484,0
530.99,0.36559,-0.00499150573768431,0.000171347107983402,0.00463705392594245,0
531,0.36461,-0.00468489480472099,0.000243860560290928,0.00473694684844705,0
531.01,0.36364,-0.00437152187517799,0.000320418263544782,0.00483632385331412,0
531.02,0.3607,-0.00405232282461369,0.00040070422319736,0.00493501487247519,0
531.03,0.35679,-0.00372826320222341,0.000484389053764454,0.00503284994631393,0
531.04,0.35191,-0.00340033711649204,0.000571130247330334,0.0051296595226023,0
531.05,0.34604,-0.00306956602529383,0.000660572477136194,0.00522527475788702,0
531.06,0.3392,-0.00273699743086662,0.000752347935931358,0.00531952782039376,0
531.07,0.33333,-0.00240370348035048,0.000846076708735652,0.00541225219350465,0
531.08,0.32551,-0.00207077947284685,0.000941367179636153,0.00550328297886066,0
531.09,0.31769,-0.00173934227422244,0.00103781647222101,0.00559245719814293,0
531.1,0.30987,-0.00141052864115155,0.00113501092323597,0.00567924553152462,0
531.11,0.30205,-0.00108549345616146,0.0012325265890343,0.00576338246084987,0
531.12,0.29326,-0.00076540787571582,0.0013299297843769,0.00584470813713734,0
531.13,0.28543,-0.000451457393641142,0.00142677765312445,0.00592306637213052,0
531.14,0.27664,-0.000144839822470473,0.00152261877034726,0.00599830491862046,0
531.15,0.26784,0.000153236804455167,0.00161699377535818,0.00607027574337067,0
531.16,0.25904,0.000441556407023063,0.00170943603514977,0.00613883529189516,0
531.17,0.25122,0.000718897105157701,0.00179947233768623,0.00620384474438535,0
531.18,0.24242,0.000984033534781191,0.00188662361446348,0.00626517026213013,0
531.19,0.2346,0.00123573922905286,0.00197040569170547,0.00632268322382351,0
531.2,0.22678,0.00147278906077036,0.00205033006951066,0.00637626045120787,0
531.21,0.21896,0.00169396174157541,0.00212590472819964,0.00642578442355511,0
531.22,0.21212,0.00189804237337576,0.00219663496104157,0.00647114348054392,0
531.23,0.2043,0.00208382504717093,0.00226202423245473,0.0065122320131478,0
531.24,0.19746,0.00225011548425367,0.00232157506068384,0.00654895064220488,0
531.25,0.19062,0.00239573371455341,0.0023747899238555,0.00658120638439647,0
531.26,0.18475,0.00251951678669127,0.00242117218820289,0.00660891280541598,0
531.27,0.17791,0.00262032150413105,0.00246022705713357,0.00663199016016296,0
531.28,0.17107,0.0026970271816356,0.00249146253969008,0.0066503655198479,0
531.29,0.1652,0.00274853841607588,0.00251439043682535,0.00666397288594131,0
531.3,0.1564,0.00277378786548912,0.00252852734378284,0.00667275329094549,0
531.31,0.14761,0.00277173903014568,0.0025333956667401,0.0066766548860083,0
531.32,0.13685,0.00274138902925989,0.00252852465174317,0.00667563301543543,0
531.33,0.1261,0.00268177136687036,0.0025134514238329,0.00666965027818978,0
531.34,0.11437,0.00259195868031976,0.00248772203414341,0.00665867657649481,0
531.35,0.10264,0.00247106546468344,0.0024508925126417,0.00664268915168156,0
531.36,0.089932,0.00231825076643073,0.00240252992407704,0.0066216726074372,0
531.37,0.077224,0.00213272083955338,0.00234221342462326,0.00659561892062671,0
531.38,0.063539,0.00191373175736162,0.00226953531662734,0.00656452743986773,0
531.39,0.049853,0.00166059197313104,0.00218410209882767,0.00652840487204337,0
531.4,0.035191,0.0013726648227828,0.00208553550937567,0.00648726525693814,0
531.41,0.021505,0.00104937096279524,0.0019734735589884,0.00644112993017917,0
531.42,0.010753,0.00069019073657841,0.00184757155157745,0.00639002747465886,0
531.43,0,0.000294666462592653,0.00170750308974316,0.00633399366060678,0
531.44,0,-0.000137595362440094,0.0015529610625931,0.00627307137446887,0
531.45,0,-0.000606921951799213,0.00138365861344016,0.00620731053674079,0
531.46,0,-0.00111357221496751,0.00119933008505833,0.00613681344929936,0
531.47,0,-0.00165773484811843,0.000999731940322804,0.00606288411081217,0
531.48,0,-0.00223952653509787,0.000784643656233164,0.00598558603799692,0
531.49,0,-0.00285899026495686,0.000553868589513849,0.00590498730498863,0
531.5,0,-0.00351609377192067,0.000307234812200399,0.00582116042987904,0
531.51,0,-0.00421072810349323,4.45959158519474e-05,0.00573418225454996,0
531.52,0,-0.0049427063221917,-0.000234168216724726,0.00564413381791315,0
531.53,0,-0.00571176234618662,-0.000529150673099899,0.00555110022267289,0
531.54,0,-0.00651754993388707,-0.000840416806795704,0.00545517049573272,0
531.55,0,-0.00735964181725949,-0.00116800356715352,0.00535643744237672,0
531.56,0,-0.00823752898840198,-0.00151191886358319,0.00525499749436728,0
531.57,0,-0.0091506201436157,-0.00187214096404142,0.0051509505521152,0
531.58,0,-0.0100982412889194,-0.00224861792736151,0.005044399821095,0
531.59,0,-0.011079635510645,-0.00264126706885539,0.00493545164269698,0
531.6,0,-0.0120939629144303,-0.00304997445843602,0.00482421531972857,0
531.61,0,-0.0131403007355909,-0.00347459445037194,0.00471080293679938,0
531.62,0,-0.0142176436235076,-0.00391494924368996,0.00459532917584757,0
531.63,0,-0.0153249041023105,-0.00437082847219425,0.00447791112708841,0
531.64,0,-0.0164609132097698,-0.00484198882307436,0.00435866809568876,0
531.65,0,-0.0176244213159327,-0.00532815368313722,0.00423772140449367,0
531.66,0,-0.0188140991226549,-0.00582901281182209,0.00411519419315195,0
531.67,0,-0.0200285388447852,-0.00634422204034728,0.00399121121400655,0
531.68,0,-0.021266255573361,-0.00687340299659507,0.00386589862513235,0
531.69,0,-0.0225256888207641,-0.00741614285566895,0.00373938378091805,0
531.7,0,-0.0238052042473773,-0.00797199411645526,0.00361179502060031,0
531.71,0,-0.0251030955688622,-0.00854047440498784,0.00348326145516647,0
531.72,0,-0.026417586642764,-0.00912106630594879,0.00335391275304806,0
531.73,0,-0.0277468337327208,-0.00971321722423436,0.00322387892503001,0
531.74,0,-0.029088927948137,-0.0103163392791692,0.00309329010880081,0
531.75,0,-0.0304418978567518,-0.0109298092346544,0.00296227635356743,0
531.76,0,-0.031803712267113,-0.0115529684692779,0.00283096740515494,0
531.77,0,-0.0331722831775421,-0.0121851229911863,0.00269949249200643,0
531.78,0,-0.034545468887758,-0.0128255435033022,0.00256798011249329,0
531.79,0,-0.0359210772689104,-0.0134734655252572,0.00243655782394023,0
531.8,0,-0.0372968691873614,-0.0141280895791748,0.00230535203376376,0
531.81,0,-0.0386705620771499,-0.0147885814471714,0.00217448779311811,0
531.82,0,-0.0400398336556704,-0.0154540725091118,0.0020440885934383,0
531.83,0,-0.0414023257767102,-0.0161236601697528,0.00191427616626686,0
531.84,0,-0.0427556484146026,-0.0167964083849027,0.001785170286749,0
531.85,0,-0.0440973837728815,-0.0174713482965919,0.00165688858117966,0
531.86,0,-0.0454250905104592,-0.0181474789874786,0.00152954633898602,0
531.87,0,-0.0467363080779993,-0.0188237683647722,0.00140325632952925,0
531.88,0,-0.0480285611568156,-0.0194991541838279,0.00127812862411006,0
531.89,0,-0.0492993641923038,-0.0201725452212392,0.0011542704235625,0
531.9,0,-0.0505462260136026,-0.0208428226067012,0.00103178589182009,0
531.91,0,-0.0517666545308825,-0.0215088413221436,0.000910775995836243,0
531.92,0,-0.0529581615013834,-0.0221694318756143,0.000791338352236823,0
531.93,0,-0.054118267355058,-0.0228234021561401,0.000673567081076425,0
531.94,0,-0.0552445060704343,-0.023469539474307,0.000557552667060479,0
531.95,0,-0.0563344300910814,-0.0241066127915832,0.000443381828582814,0
531.96,0,-0.0573856152728584,-0.0247333751394886,0.000331137394912263,0
531.97,0,-0.0583956658519375,-0.0253485662275993,0.000220898191842287,0
531.98,0,-0.0593622194234243,-0.0259509152371077,0.000112738936094436,0
531.99,0,-0.0602829519202545,-0.0265391437942565,6.73013873992009e-06,0
532,0,-0.0611555825819208,-0.0271119691154868,-9.70619821262248e-05,0
532.01,0,-0.0619778789024823,-0.0276681073136121,-0.000198575579256317,0
532.02,0,-0.0627476615472291,-0.0282062768518117,-0.00029775324449935,0
532.03,0,-0.0634628092273185,-0.0287252021297796,-0.000394542067297701,0
532.04,0,-0.0641212635216674,-0.0292236171840125,-0.000488893683338325,0
532.05,0,-0.0647210336353744,-0.0297002694820348,-0.000580764313303648,0
532.06,0,-0.065260201083962,-0.030153923788388,-0.000670114791705644,0
532.07,0,-0.0657369242927675,-0.0305833660785013,-0.000756910585824086,0
532.08,0,-0.0661494431008748,-0.0309874074751571,-0.000841121804806322,0
532.09,0,-0.0664960831590661,-0.0313648881812116,-0.000922723199020528,0
532.1,0,-0.066775260211388,-0.0317146813815404,-0.00100169414978705,0
532.11,0,-0.0669854842500587,-0.0320356970869024,-0.00107801864964249,0
532.12,0,-0.0671253635336084,-0.0323268858925329,-0.00115168527331885,0
532.13,0,-0.0671936084583288,-0.0325872426248215,-0.0012226871396447,0
532.14,0,-0.0671890352733153,-0.0328158098503722,-0.00129102186459726,0
532.15,0,-0.0671105696296224,-0.0330116812230847,-0.0013566915057536,0
532.16,0,-0.0669572499543077,-0.0331740046465928,-0.00141970249840524,0
532.17,0,-0.0667282306404172,-0.0333019852314293,-0.00148006558361466,0
532.18,0,-0.0664227850442738,-0.0333948880286058,-0.00153779572850352,0
532.19,0,-0.0660403082817487,-0.0334520405238486,-0.00159291203907189,0
532.2,0,-0.0655803198155459,-0.0334728348794767,-0.00164543766585519,0
532.21,0,-0.0650424658258978,-0.0334567299137723,-0.00169539970273148,0
532.22,0,-0.0644265213574552,-0.0334032528106335,-0.00174282907919604,0
532.23,0,-0.0637323922355662,-0.0333120005552418,-0.00178776044642342,0
532.24,0,-0.0629601167455623,-0.033182641094383,-0.00183023205743914,0
532.25,0,-0.0621098670691179,-0.0330149142228556,-0.00187028564172451,0
532.26,0,-0.0611819504722095,-0.0328086322000597,-0.0019079662745782,0
532.27,0,-0.0601768102396809,-0.0325636801033204,-0.00194332224155777,0
532.28,0,-0.0590950263519158,-0.032280015926744,-0.00197640489832309,0
532.29,0,-0.0579373158996265,-0.0319576704363881,-0.00200726852620143,0
532.3,0,-0.0567045332332903,-0.0315967467942465,-0.00203597018379091,0
532.31,0,-0.0553976698443031,-0.0311974199649786,-0.00206256955491539,0
532.32,0,-0.0540178539754603,-0.0307599359204556,-0.00208712879323855,0
532.33,0,-0.0525663499589368,-0.0302846106580524,-0.00210971236383913,0
532.34,0,-0.0510445572805017,-0.0297718290491931,-0.00213038688204205,0
532.35,0,-0.0494540093692749,-0.029222043534973,-0.00214922094979185,0
532.36,0,-0.047796372112916,-0.028635772685757,-0.00216628498984532,0
532.37,0,-0.0460734420987189,-0.0280135996415016,-0.00218165107804958,0
532.38,0.0029325,-0.0442871445816754,-0.027356170449212,-0.00219539277396056,0
532.39,0.0068426,-0.0424395311811641,-0.0266641923134289,-0.00220758495004404,0
532.4,0.012708,-0.0405327773085146,-0.0259384317749915,-0.0022183036196889,0
532.41,0.01955,-0.0385691793282884,-0.0251797128325538,-0.00222730534288199,0
532.42,0.02737,-0.0365511514567154,-0.0243889150204718,-0.00223466858166298,0
532.43,0.034213,-0.0344812224013092,-0.0235669714557569,-0.00224049945213719,0
532.44,0.041056,-0.032362031746276,-0.022714866865815,-0.0022449046746053,0
532.45,0.047898,-0.0301963260889087,-0.0218336356076908,-0.00224799132026538,0
532.46,0.052786,-0.0279869549327357,-0.0209243596885145,-0.00224986655722283,0
532.47,0.058651,-0.025736866343757,-0.0199881667958271,-0.00225063739605447,0
532.48,0.063539,-0.0234491023766609,-0.0190262283454346,-0.00225041043517092,0
532.49,0.067449,-0.0211267942784587,-0.018039757553427,-0.00224929160622399,0
532.5,0.072336,-0.018773157477511,-0.0170300075379847,-0.00224738591981375,0
532.51,0.077224,-0.0163914863664395,-0.0159982694555944,-0.00224479721176317,0
532.52,0.083089,-0.0139851488879281,-0.0149458706752929,-0.00224162789024725,0
532.53,0.088954,-0.0115575809329047,-0.0138741729935586,-0.0022379786840885,0
532.54,0.094819,-0.00911228056107267,-0.0127845708914592,-0.00223394839256091,0
532.55,0.10068,-0.00665280205421683,-0.0116784898346502,-0.00222963363708078,0
532.56,0.10753,-0.00418274981314466,-0.0105573846157814,-0.00222512861520267,0
532.57,0.11535,-0.00170577210954172,-0.00942273773782003,-0.00222052485738367,0
532.58,0.12219,0.000774445295585202,-0.00827605783572702,-0.0022159109870264,0
532.59,0.12903,0.00325418565483054,-0.00711887813283507,-0.00221137248436039,0
532.6,0.13685,0.00572970784628241,-0.00595275492717322,-0.00220699145477125,0
532.61,0.1437,0.00819725308166429,-0.0047792661018752,-0.00220284640223646,0
532.62,0.14956,0.0106530516977061,-0.00360000965270318,-0.00219901200857282,0
532.63,0.1564,0.0130933300174512,-0.00241660222463397,-0.00219555891924434,0
532.64,0.16129,0.0155143172679601,-0.00123067764840696,-0.00219255353651692,0
532.65,0.16618,0.0179122525406529,-4.388546694551e-05,-0.00219005782077803,0
532.66,0.17009,0.020283391780343,0.00114211055933974,-0.00218812910086331,0
532.67,0.17498,0.0226240147888529,0.00232563398014811,-0.00218681989424717,0
532.68,0.17889,0.0249304322289722,0.00350499722821767,-0.00218617773795964,0
532.69,0.1828,0.0271989926144182,0.00467850325049333,-0.00218614253305477,0
532.7,0.18768,0.0294260892713846,0.0058444472107153,-0.00218659518977177,0
532.71,0.19257,0.0316081672572303,0.00700111827665077,-0.00218756425459949,0
532.72,0.19844,0.0337417302218469,0.0081468015049742,-0.00218907453235626,0
532.73,0.20332,0.0358233471972687,0.00927977983630345,-0.00219114701279002,0
532.74,0.20723,0.0378496593011441,0.0103983362121015,-0.00219379880706789,0
532.75,0.21114,0.0398173863397732,0.0115007558240464,-0.00219704309453741,0
532.76,0.2131,0.0417233332965335,0.0125853285050529,-0.00220098496149101,0
532.77,0.21505,0.043564396691668,0.0136503512693989,-0.00220567913904775,0
532.78,0.21603,0.0453375707995891,0.0146941310073931,-0.00221112164161696,0
532.79,0.21603,0.0470399537100663,0.0157149873377256,-0.00221730435045106,0
532.8,0.21505,0.0486687532199073,0.0167112556181211,-0.0022242150215506,0
532.81,0.21408,0.0502212925420202,0.0176812901121971,-0.00223183730549362,0
532.82,0.2131,0.0516950158190459,0.0186234673075682,-0.00224015077913261,0
532.83,0.21212,0.0530874934290873,0.0195361893773011,-0.00224913098903019,0
532.84,0.21212,0.0543964270714244,0.0204178877738628,-0.00225874950643283,0
532.85,0.21114,0.0556196546204986,0.021267026941794,-0.00226897399351213,0
532.86,0.2131,0.056755154736869,0.0220821081325451,-0.00227976828053536,0
532.87,0.21408,0.0578010512242932,0.0228616733023045,-0.0022910924535632,0
532.88,0.21701,0.0587556171225567,0.0236043090712829,-0.00230290295221233,0
532.89,0.21994,0.0596172785261794,0.0243086507208627,-0.00231515267696551,0
532.9,0.22385,0.0603846181196468,0.0249733862033172,-0.00232779110546245,0
532.91,0.22776,0.0610563784203669,0.0255972601374965,-0.00234076441716148,0
532.92,0.23167,0.0616314647211196,0.0261790777629884,-0.00235401562572584,0
532.93,0.23656,0.0621089477243606,0.0267177088248146,-0.00236748471845916,0
532.94,0.24145,0.0624880658613521,0.0272120913607131,-0.00238110880209389,0
532.95,0.24633,0.0627682272897237,0.02766123536348,-0.00239482225422283,0
532.96,0.25024,0.0629490115637153,0.0280642262916747,-0.00240855687965933,0
532.97,0.25513,0.0630301709720194,0.0284202284032075,-0.0024222420710154,0
532.98,0.25904,0.0630116315388185,0.0287284878878704,-0.0024358049727989,0
532.99,0.26197,0.0628934936843062,0.0289883357767204,-0.00244917064835175,0
533,0.26491,0.0626760325416886,0.0291991906082965,-0.00246226224897985,0
533.01,0.26784,0.0623596979283741,0.0293605608339246,-0.00247500118466239,0
533.02,0.27175,0.0619451139697865,0.0294720469467591,-0.00248730729577242,0
533.03,0.27468,0.0614330783749692,0.0295333433216913,-0.00249909902529272,0
533.04,0.27761,0.0608245613638835,0.0295442397557708,-0.00250995178568271,1
533.05,0.28152,0.0601207042470483,0.0295046227012862,-0.00251953384702026,0
533.06,0.28446,0.059322817658912,0.0294144761861155,-0.00252771932851439,0
533.07,0.28837,0.0584323794470943,0.0292738824183346,-0.00253438173702745,0
533.08,0.29032,0.0574510322203774,0.0290830220743604,-0.00253939422688093,0
533.09,0.29326,0.0563805805590748,0.0288421742720665,-0.00254262985730961,0
533.1,0.29521,0.0552229878921361,0.0285517162323518,-0.00254396184752215,0
533.11,0.29619,0.0539803730460881,0.0282121226345403,-0.00254326382944799,0
533.12,0.29619,0.0526550064716311,0.0278239646727516,-0.00254041009836871,0
533.13,0.29521,0.0512493061544291,0.027387908822003,-0.00253527586174678,0
533.14,0.29423,0.0497658332173401,0.0269047153242799,-0.00252773748667108,0
533.15,0.29423,0.0482072872220218,0.0263752364061492,-0.00251767274643704,0
533.16,0.29228,0.046576501178534,0.0258004142406871,-0.00250496106686475,0
533.17,0.2913,0.0448764362722185,0.0251812786675454,-0.00248948377303057,0
533.18,0.29032,0.0431101763177875,0.0245189446858965,-0.00247112433714239,0
533.19,0.28935,0.0412809219511808,0.0238146097357559,-0.00244976862832422,0
533.2,0.28837,0.0393919845703596,0.0230695507838043,-0.00242530516508965,0
533.21,0.28837,0.0374467800367948,0.0222851212302848,-0.00239762537127272,0
533.22,0.28837,0.035448822149969,0.0214627476538573,-0.00236662383614753,0
533.23,0.28837,0.0334017159077567,0.0206039264114243,-0.00233219857940234,0
533.24,0.28837,0.031309150566058,0.0197102201099161,-0.00229425132153726,0
533.25,0.28837,0.0291748925115516,0.0187832539668195,-0.00225268776012757,0
533.26,0.28837,0.0270027779618935,0.0178247120758695,-0.00220741785223448,0
533.27,0.28739,0.0247967055081171,0.0168363335937882,-0.00215835610305336,0
533.28,0.28543,0.0225606285143924,0.0158199088632634,-0.00210542186066602,0
533.29,0.28348,0.0202985473906713,0.0147772754865215,-0.00204853961651058,0
533.3,0.28055,0.0180145017540837,0.0137103143628734,-0.0019876393109025,0
533.31,0.27761,0.0157125624952506,0.0126209457025184,-0.00192265664263742,0
533.32,0.2737,0.0133968237659538,0.0115111250277048,-0.0018535333813858,0
533.33,0.26979,0.0110713949048345,0.0103828391710818,-0.00178021768125688,0
533.34,0.26588,0.00874039231799249,0.00923810227976362,-0.00170266439357338,0
533.35,0.26197,0.00640793133152415,0.00807895183230206,-0.00162083537656714,0
533.36,0.25904,0.0040781180331595,0.00690744467443714,-0.00153469979938871,0
533.37,0.25611,0.00175504112025327,0.00572565307821989,-0.00144423443753273,0
533.38,0.25415,-0.000557236228566116,0.00453566082788865,-0.00134942395652478,0
533.39,0.2522,-0.00285468444076944,0.00333955933477091,-0.00125026118050773,0
533.4,0.25122,-0.00513331557902523,0.00213944378250055,-0.00114674734221517,0
533.41,0.25024,-0.00738919129478898,0.000937409303010818,-0.00103889231073866,0
533.42,0.25024,-0.00961843068924745,-0.000264452816889902,-0.000926714793490838,0
533.43,0.25024,-0.0118172180646202,-0.00146405889901201,-0.000810242508847532,0
533.44,0.25024,-0.0139818105489956,-0.00265933660825262,-0.000689512326121846,0
533.45,0.25024,-0.0161085455780929,-0.00384822865897763,-0.0005645703697848,0
533.46,0.25122,-0.01819384821759,-0.00502869649407509,-0.000435472085199673,0
533.47,0.25122,-0.0202342383099474,-0.0061987239370401,-0.000302282263575999,0
533.48,0.25122,-0.02222633742998,-0.00735632081684987,-0.000165075024366754,0
533.49,0.2522,-0.0241668756337901,-0.00849952656459991,-2.3933753917509e-05,0
533.5,0.2522,-0.0260526979860701,-0.00962641377992204,0.000121049000185198,0
533.51,0.25318,-0.027880770851212,-0.0107350917641222,0.000269771678944263,0
533.52,0.25415,-0.029648187934127,-0.0118237100157972,0.000422123905147345,0
533.53,0.25513,-0.0313521760571716,-0.0128904616834568,0.00057798671842508,0
533.54,0.25611,-0.03299010066011,-0.0139335869684308,0.000737232850006661,0
533.55,0.25709,-0.0345594710105958,-0.0149513764701357,0.000899727034389392,0
533.56,0.25709,-0.0360579451132512,-0.0159421744646476,0.00106532635458614,0
533.57,0.25806,-0.0374833343060353,-0.0169043821065368,0.00123388061714424,0
533.58,0.25806,-0.038833607533241,-0.0178364605430948,0.00140523275275583,0
533.59,0.25806,-0.0401068952851285,-0.0187369339294767,0.00157921923801346,0
533.6,0.25709,-0.0413014931949019,-0.0196043923329128,0.00175567053371201,0
533.61,0.25709,-0.042415865284452,-0.0204374945140399,0.00193441153506148,0
533.62,0.25611,-0.0434486468510304,-0.0212349705735758,0.00211526202925143,0
533.63,0.25611,-0.044398646987779,-0.0219956244530146,0.00229803715599138,0
533.64,0.25513,-0.0452648507318207,-0.0227183362787368,0.00248254786693018,0
533.65,0.25513,-0.0460464208344098,-0.0234020645398942,0.00266860138022001,0
533.66,0.25513,-0.0467426991484553,-0.0240458480916058,0.00285600162691802,0
533.67,0.25415,-0.0473532076295506,-0.0246488079763434,0.00304454968639635,0
533.68,0.25415,-0.0478776489474836,-0.0252101490578457,0.00323404420843807,0
533.69,0.25415,-0.0483159067060436,-0.0257291614634176,0.00342428182021643,0
533.7,0.25513,-0.048668045269796,-0.0262052218319829,0.00361505751686902,0
533.71,0.25611,-0.0489343091973573,-0.0266377943667093,0.00380616503487204,0
533.72,0.25806,-0.0491151222815647,-0.0270264316923474,0.00399739720787953,0
533.73,0.26002,-0.0492110861978014,-0.0273707755185756,0.00418854630510624,0
533.74,0.26197,-0.0492229787626064,-0.0276705571115692,0.00437940435269428,0
533.75,0.26491,-0.0491517518055611,-0.0279255975766911,0.00456976343880551,0
533.76,0.26784,-0.0489985286583076,-0.0281358079556062,0.00475941600342315,0
533.77,0.27077,-0.048764601265408,-0.0283011891412578,0.00494815511402543,0
533.78,0.27468,-0.0484514269226045,-0.028421831614013,0.00513577472841488,0
533.79,0.27859,-0.0480606246488787,-0.0284979150019235,0.00532206994605213,0
533.8,0.28152,-0.047593971199535,-0.0285297074674881,0.00550683724925834,0
533.81,0.28543,-0.0470533967283498,-0.0285175649226053,0.00568987473562273,0
533.82,0.28935,-0.0464409801076283,-0.0284619300726172,0.00587098234288705,0
533.83,0.29423,-0.0457589439157913,-0.0283633312895519,0.00604996206748578,0
533.84,0.29814,-0.0450096491028817,-0.0282223813139179,0.00622661817780534,0
533.85,0.30205,-0.0441955893451232,-0.0280397757837797,0.00640075742309581,0
533.86,0.30596,-0.0433193851003853,-0.0278162915893845,0.00657218923882964,0
533.87,0.31085,-0.0423837773771069,-0.0275527850513885,0.00674072594916059,0
533.88,0.31476,-0.041391621229905,-0.0272501899207708,0.0069061829669961,0
533.89,0.31965,-0.0403458789957371,-0.0269095151988538,0.00706837899206278,0
533.9,0.32356,-0.0392496132851067,-0.0265318427764833,0.00722713620721987,0
533.91,0.32845,-0.038105979743385,-0.0261183248923451,0.00738228047316198,0
533.92,0.33236,-0.0369182195978792,-0.0256701814115907,0.00753364152155194,0
533.93,0.33724,-0.0356896520067986,-0.0251886969273721,0.00768105314653717,0
533.94,0.34018,-0.0344236662267593,-0.0246752176895017,0.00782435339452962,0
533.95,0.34409,-0.0331237136159206,-0.0241311483661903,0.00796338475206848,0
533.96,0.34604,-0.0317932994902621,-0.0235579486466159,0.00809799433153689,0
533.97,0.34897,-0.0304359748508902,-0.0229571296938716,0.00822803405446591,0
533.98,0.35093,-0.0290553280006021,-0.0223302504595596,0.00835336083213066,0
533.99,0.35288,-0.0276549760682376,-0.0216789138728802,0.00847383674312262,0
534,0.35386,-0.0262385564596065,-0.0210047629184571,0.00858932920756608,0
534.01,0.35484,-0.0248097182540042,-0.0203094766182832,0.0086997111576348,0
534.02,0.35484,-0.0233721135654995,-0.0195947659340495,0.00880486120401415,0
534.03,0.35484,-0.0219293888883205,-0.0188623696066836,0.00890466379794346,0
534.04,0.35386,-0.0204851764457539,-0.0181140499501911,0.00899900938846071,0
534.05,0.35288,-0.0190430855620246,-0.017351588616837,0.00908779457445685,0
534.06,0.35191,-0.0176066940766295,-0.0165767823503657,0.0091709222511278,0
534.07,0.35093,-0.0161795398205635,-0.0157914387433408,0.00924830175038906,0
534.08,0.34897,-0.0147651121737937,-0.0149973720138342,0.0093198489747907,0
534.09,0.348,-0.0133668437232191,-0.0141963988156498,0.00938548652443902,0
534.1,0.34604,-0.0119881020401808,-0.0133903340950694,0.00944514381639721,0
534.11,0.34506,-0.0106321815963837,-0.0125809870058075,0.00949894882613576,0
534.12,0.34213,-0.00930229583683418,-0.0117701568925097,0.00954894121665881,0
534.13,0.3392,-0.00800156942810608,-0.0109596293517655,0.00959506753303269,0
534.14,0.33724,-0.00673303069991032,-0.0101511723782766,0.00963727846439642,0
534.15,0.33431,-0.00549960429756504,-0.00934653260256378,0.0096755289260021,0
534.16,0.33138,-0.00430410406254618,-0.00854743162543326,0.00970977813583224,0
534.17,0.32942,-0.00314922615784003,-0.00775556245339035,0.00973998968521609,0
534.18,0.32747,-0.00203754245432267,-0.00697258603828821,0.00976613160287128,0
534.19,0.32551,-0.000971494193857113,-0.00620012792374741,0.00978817641181508,0
534.2,0.32356,4.66140557724727e-05,-0.00543977500027481,0.0098061011786244,0
534.21,0.3216,0.00101462013957666,-0.00469307237054138,0.00981988755457495,0
534.22,0.32063,0.00193050973385517,-0.0039615203259348,0.00982952180825817,0
534.23,0.31965,0.00279242143127213,-0.00324657143526666,0.00983499484935874,0
534.24,0.31867,0.00359865148002062,-0.00254962774636433,0.00983630224337363,0
534.25,0.31769,0.0043476581653204,-0.00187203810118989,0.00983344421716359,0
534.26,0.31574,0.00503806582225757,-0.00121509556507943,0.00982642565534499,0
534.27,0.31476,0.00566866846976641,-0.000580034970661371,0.00981525608765066,0
534.28,0.31281,0.00623843305637018,3.19694230296716e-05,0.00979994966750626,0
534.29,0.31183,0.0067465023091385,0.000619806155794703,0.00978052514217918,0
534.3,0.31183,0.00719219717818064,0.00118242867552657,0.00975700581495324,0
534.31,0.31183,0.00757501886987645,0.00171885733129612,0.00972941949985921,0
534.32,0.31281,0.00789465046294663,0.00222818125029254,0.00969779846954326,0
534.33,0.31476,0.00815095810237999,0.00270956009890046,0.00966217939687847,0
534.34,0.31965,0.00834399176716583,0.00316222572849511,0.00962260329091618,0
534.35,0.32551,0.00847398560872149,0.0035854837068609,0.00957911542773239,0
534.36,0.33431,0.00854135785785735,0.00397871473646878,0.0095317652766515,0
534.37,0.34311,0.00854671029908158,0.00434137596115797,0.00948060642222731,0
534.38,0.35679,0.00849082731201259,0.00467300216303161,0.00942569648223538,0
534.39,0.37146,0.00837467448063663,0.00497320685156225,0.0093670970217875,0
534.4,0.38905,0.00819939677211826,0.00524168324698355,0.00930487346352787,0
534.41,0.40665,0.00796631628784231,0.00547820515998817,0.00923909499371961,0
534.42,0.42522,0.00767692959033211,0.00568262776953491,0.00916983446389159,0
534.43,0.44379,0.00733290461065158,0.00585488830016794,0.00909716828759699,0
534.44,0.46237,0.00693607714185338,0.00599500659965344,0.00902117633174807,0
534.45,0.47996,0.0064884469249807,0.00610308561693727,0.00894194180194157,0
534.46,0.49462,0.00599217333506442,0.00617931177942239,0.00885955112118367,0
534.47,0.51026,0.0054495706754777,0.00622395526736855,0.00877409380146399,0
534.48,0.52102,0.00486310308991442,0.0062373701818509,0.00868566230771574,0
534.49,0.53275,0.00423537910214511,0.00621999460120862,0.00859435191383074,0
534.5,0.53959,0.0035691457945705,0.00617235051931191,0.00850026055056805,0
534.51,0.54741,0.00286728263743833,0.00609504365732311,0.00840348864539563,0
534.52,0.55034,0.00213279498141033,0.00598876313898273,0.00830413895452573,0
534.53,0.55425,0.00136880722696179,0.00585428101787401,0.0082023163876351,0
534.54,0.55718,0.000578555684864546,0.0056924516436749,0.00809812782598976,0
534.55,0.55914,-0.000234618857257115,0.00550421085315917,0.00799168193490802,0
534.56,0.56109,-0.00106727884660041,0.00529057497072059,0.00788308897168544,0
534.57,0.56403,-0.00191589793871545,0.00505263960252455,0.00777246059026161,0
534.58,0.56696,-0.00277686921588116,0.00479157820809138,0.00765990964402403,0
534.59,0.57087,-0.00364651363270788,0.00450864043322626,0.00754554998821459,0
534.6,0.57576,-0.00452108867078125,0.00420515018876341,0.00742949628342674,0
534.61,0.58065,-0.0053967971836334,0.00388250346060406,0.00731186380165697,0
534.62,0.58553,-0.00626979641283821,0.00354216583800473,0.00719254377269203,0
534.63,0.59042,-0.00713620715558025,0.0031856697490023,0.00707070163792874,0
534.64,0.59629,-0.00799212306364129,0.00281461139422422,0.00694644884565492,0
534.65,0.60215,-0.00883362005338646,0.00243064737308676,0.00681989830776428,0
534.66,0.60606,-0.00965676580601433,0.00203549099948428,0.00669116425633974,0
534.67,0.61095,-0.0104576293370623,0.00163090830745794,0.00656036210761972,0
534.68,0.61486,-0.0112322906139328,0.00121871375093594,0.0064276083336871,0
534.69,0.61877,-0.011976850200023,0.000800765605386026,0.00629302034200764,0
534.7,0.62268,-0.0126874389039118,0.000378961083037795,0.00615671636274039,0
534.71,0.62659,-0.0133602274119662,-4.47688228612344e-05,0.00601881534355222,0
534.72,0.6305,-0.0139914358826963,-0.000468464745571555,0.00587943685149591,0
534.73,0.63539,-0.0145773434811936,-0.000890144581425399,0.00573870098135992,0
534.74,0.63832,-0.0151142978320493,-0.00130780932935205,0.00559672826976815,0
534.75,0.64223,-0.015598724369251,-0.00171944910424603,0.00545363961420258,0
534.76,0.64516,-0.0160271355617135,-0.00212304929235998,0.00530955619603908,0
534.77,0.64809,-0.0163961399932987,-0.00251659681459286,0.00516459940662721,0
534.78,0.652,-0.016702451276431,-0.00289808646165722,0.00501889077540742,0
534.79,0.65591,-0.016942896778709,-0.00326552726367391,0.00487255189904206,0
534.8,0.6608,-0.0171144261422563,-0.00361694885577846,0.00472570437053885,0
534.81,0.66471,-0.0172141195759469,-0.00395040780083928,0.00457846970736517,0
534.82,0.6696,-0.0172391959010683,-0.0042639938303895,0.00443096927758742,0
534.83,0.67351,-0.0171870203314682,-0.00455583596535608,0.00428332422311972,0
534.84,0.67742,-0.0170551119697501,-0.00482410847912366,0.00413565537922981,0
534.85,0.68231,-0.0168411510016466,-0.00506703666688165,0.00398808318952476,0
534.86,0.68622,-0.0165429855713037,-0.0052829023870512,0.00384072761572494,0
534.87,0.69013,-0.0161586383208552,-0.00547004934285229,0.00369370804162972,0
534.88,0.69404,-0.0156863125783485,-0.00562688807472035,0.00354714317078157,0
534.89,0.69892,-0.0151243981788039,-0.00575190063729009,0.00340115091744631,0
534.9,0.70186,-0.0144714769039458,-0.00584364493799326,0.00325584829064395,0
534.91,0.70577,-0.0137263275269331,-0.00590075871793499,0.00311135127108733,0
534.92,0.7087,-0.0128879304492416,-0.00592196315957693,0.00296777468101251,0
534.93,0.71163,-0.0119554719177013,-0.00590606610982499,0.00282523204701491,0
534.94,0.71359,-0.0109283478105752,-0.0058519649113491,0.00268383545613793,0
534.95,0.71554,-0.00980616698247622,-0.0057586488393051,0.00254369540559431,0
534.96,0.7175,-0.00858875415885102,-0.00562520114503564,0.00240492064663466,0
534.97,0.71848,-0.00727615237171885,-0.00545080071274659,0.00226761802321027,0
534.98,0.72043,-0.00586862492933014,-0.00523472333953467,0.00213189230620852,0
534.99,0.72141,-0.00436665691340797,-0.0049763426534288,0.0019978460241661,0
535,0.72336,-0.00277095619864842,-0.00467513068824585,0.00186557929148873,0
535.01,0.72532,-0.00108245399018467,-0.00433065813799864,0.00173518963532216,0
535.02,0.72727,0.000697695124239867,-0.00394259431727504,0.00160677182232904,0
535.03,0.73021,0.00256811360959359,-0.00351070685737963,0.00148041768672582,0
535.04,0.73314,0.00452720190751985,-0.0030348611710411,0.00135621596102357,0
535.05,0.73607,0.00657313984902337,-0.00251501972108916,0.00123425211099257,0
535.06,0.73803,0.00870388855489566,-0.00195124113064544,0.00111460817643182,0
535.07,0.73998,0.0109171928218278,-0.0013436791740059,0.000997362619369131,0
535.08,0.73998,0.0132105839910927,-0.000692581688473238,0.000882590181341139,0
535.09,0.74096,0.0155813832956193,1.71055211820534e-06,0.000770361751404711,0
535.1,0.74096,0.0180267056802225,0.000738764961595451,0.000660744246507934,0
535.11,0.74096,0.0205434640887096,0.0015180582235997,0.000553800505797722,0
535.12,0.73998,0.0231283742105472,0.00233897729348649,0.000449589200359747,0
535.13,0.739,0.0257779596787497,0.00320082028405633,0.000348164759772643,0
535.14,0.73803,0.0284885577096448,0.00410279720227527,0.000249577316710093,0
535.15,0.73803,0.0312563251741842,0.00504403050802787,0.000153872670641036,0
535.16,0.73803,0.034077245089497,0.00602355547065545,6.10922714589252e-05,0
535.17,0.73803,0.0369471335184387,0.00704032030458168,-2.87267763829646e-05,0
535.18,0.73803,0.0398616468639674,0.00809318607171605,-0.000115551688939863,0
535.19,0.73803,0.0428162895442831,0.0091809263455407,-0.000199353957073072,0
535.2,0.739,0.0458064220337982,0.0103022266397952,-0.000280109280342358,0
535.21,0.73998,0.0488272692541759,0.0114556836134259,-0.000357300887473804,0
535.22,0.74096,0.0518739292988628,0.0126398040728799,-0.000430943716518589,0
535.23,0.74194,0.0549413824737799,0.013853003802791,-0.000501072252821348,0
535.24,0.74389,0.058024500636097,0.0150936062664819,-0.000567724403467639,0
535.25,0.74682,0.0611180568123243,0.0163598412283075,-0.000630941178515868,0
535.26,0.74878,0.0642167350762955,0.0176498433604719,-0.000690766361677041,0
535.27,0.75073,0.067315140667005,0.0189616509072934,-0.000747246174627063,0
535.28,0.75367,0.0704078103256844,0.0202932044896682,-0.000800428939403307,0
535.29,0.7566,0.0734892228309778,0.0216423461413445,-0.000850364743503277,0
535.3,0.75855,0.0765538097105891,0.023006818676189,-0.000897105112356806,0
535.31,0.76051,0.0795959661073356,0.0243842654915076,-0.000940702693776155,0
535.32,0.76149,0.0826100617771519,0.0257722309162612,-0.000981210958796852,0
535.33,0.76246,0.085590452196244,0.0271681612142817,-0.00101868392300712,0
535.34,0.76442,0.0885314897542986,0.0285694063509738,-0.00105317589203168,0
535.35,0.7654,0.0914275350104081,0.0299732226271375,-0.00108474123429755,0
535.36,0.76637,0.0942729679881763,0.0313767762752005,-0.00111343418358149,0
535.37,0.76735,0.0970621994863279,0.0327771481011456,-0.00113930867314049,0
535.38,0.76833,0.0997896823810474,0.0341713392396884,-0.00116241820248239,0
535.39,0.76931,0.102449922896237,0.0355562780709079,-0.00118281573706754,0
535.4,0.76931,0.105037491817891,0.0369288283237898,-0.00120055364047171,0
535.41,0.77028,0.107547035628841,0.0382857983664358,-0.00121568363781085,0
535.42,0.77028,0.109973287540249,0.0396239516545983,-0.00122825680855328,0
535.43,0.77126,0.112311078396387,0.0409400182804879,-0.00123832360624742,0
535.44,0.77126,0.114555347429449,0.0422307075333631,-0.0012459339021887,0
535.45,0.77224,0.116701152841421,0.0434927213532896,-0.00125113704965341,0
535.46,0.77419,0.118743682190347,0.0447227685307559,-0.00125402740545283,0
535.47,0.77517,0.12067826255869,0.0459175794787091,-0.00125589384344553,0
535.48,0.77713,0.122500370481912,0.0470739213811627,-0.00125677779379857,0
535.49,0.78006,0.124205641615855,0.0481886135048794,-0.0012565866682859,0
535.5,0.78299,0.125789880122018,0.0492585424486682,-0.00125519029602464,0
535.51,0.78592,0.127249067750374,0.0502806770992697,-0.00125262483783676,0
535.52,0.78886,0.128579372599997,0.0512520830641183,-0.00124892637475579,0
535.53,0.79277,0.129777157538379,0.0521699363596429,-0.00124413096201192,0
535.54,0.7957,0.130838988261032,0.0530315361490878,-0.00123827467698347,0
535.55,0.79765,0.131761640973703,0.0538343163456572,-0.00123139365992602,0
535.56,0.79961,0.132542109680253,0.0545758559243779,-0.00122352414657506,0
535.57,0.80156,0.13317761306013,0.0552538878184205,-0.00121470249199491,0
535.58,0.80352,0.133665600920137,0.0558663063114861,-0.00120496518530893,0
535.59,0.80547,0.134003760206113,0.0564111728758705,-0.00119434885518667,0
535.6,0.80645,0.134190020561045,0.0568867204444693,-0.00118289026617863,0
535.61,0.80841,0.134222559417069,0.0572913561428146,-0.0011706263061751,0
535.62,0.81036,0.134099806609759,0.0576236625428112,-0.00115759396542116,0
535.63,0.81232,0.133820448504156,0.0578823975319073,-0.00114383030764458,0
535.64,0.81525,0.133383431622932,0.0580664929189159,-0.00112937243394772,0
535.65,0.8172,0.132787965768181,0.0581750519197889,-0.00111425744018088,0
535.66,0.82014,0.132033526629368,0.058207345682812,-0.00109852236855441,1
535.67,0.82307,0.131119857871027,0.0581628090226775,-0.00108220415426358,0
535.68,0.826,0.130046972694924,0.0580410355367812,-0.00106533956789675,0
535.69,0.82893,0.128815154872472,0.0578417722751684,-0.00104796515437664,0
535.7,0.83089,0.127424959244325,0.0575649141283801,-0.00103011716915031,0
535.71,0.83382,0.125877211685178,0.0572104980857421,-0.00101183151229864,0
535.72,0.83578,0.124173008532946,0.0567786975012461,-0.000993143661183323,0
535.73,0.83871,0.122313715482619,0.0562698164860184,-0.00097408860219274,0
535.74,0.83969,0.120300965946207,0.0556842845264028,-0.000954700762088275,0
535.75,0.84164,0.118136658881344,0.0550226514058127,-0.000935013939393696,0
535.76,0.84164,0.115822956092223,0.0542855824875754,-0.000915061236213053,0
535.77,0.84262,0.113362279007655,0.0534738543957579,-0.000894874990809265,0
535.78,0.84164,0.110757304942165,0.052588351112029,-0.000874486711227509,0
535.79,0.84066,0.108010962847115,0.0516300604894905,-0.000853927010205845,0
535.8,0.83871,0.105126428559944,0.0506000711694354,-0.000833225541580719,0
535.81,0.83675,0.102107119560664,0.0494995698743881,-0.00081241093836811,0
535.82,0.83284,0.0989566892458146,0.0483298390406557,-0.000791510752681625,0
535.83,0.82796,0.0956790207310786,0.0470922547459488,-0.000770551397637445,0
535.84,0.82209,0.092278220194797,0.0457882848823309,-0.000749558091391755,0
535.85,0.8172,0.0887586097755613,0.0444194875216489,-0.000728554803458901,0
535.86,0.80938,0.0851247200380345,0.0429875094194724,-0.000707564203467167,0
535.87,0.80254,0.0813812820220588,0.0414940846041678,-0.00068660761252258,0
535.88,0.79472,0.0775332188909958,0.0399410329997844,-0.000665704957368693,0
535.89,0.78788,0.0735856371960979,0.0383302590346548,-0.000644874727550184,0
535.9,0.77908,0.0695438177745252,0.0366637501917428,-0.000624133935809609,0
535.91,0.77126,0.0654132062994001,0.0349435754615369,-0.000603498081967665,0
535.92,0.76344,0.0611994035010329,0.0331718836634656,-0.000582537369862846,0
535.93,0.75562,0.0569081550791479,0.0313509016071621,-0.000561233113019293,0
535.94,0.74682,0.0525453413265971,0.0294829320702622,-0.000539577439759957,0
535.95,0.739,0.0481169664856592,0.0275703515745945,-0.000517561578407695,0
535.96,0.73021,0.0436291478585895,0.0256156079475013,-0.000495175885326,0
535.97,0.72239,0.0390881046946057,0.0236212176594841,-0.000472409877218005,0
535.98,0.71261,0.0345001468759671,0.0215897629333261,-0.000449252267973992,0
535.99,0.70283,0.0298716634262292,0.0195238886232504,-0.000425691010341258,0
536,0.6911,0.0252091108641289,0.0174262988654859,-0.000401713342664444,0
536.01,0.67937,0.0205190014268799,0.0152997535038349,-0.000377305840909534,0
536.02,0.66373,0.0158078911869305,0.0131470642954742,-0.000352454476141023,0
536.03,0.64907,0.0110823680864563,0.0109710909033252,-0.000327144677569829,0
536.04,0.62952,0.0063490399140293,0.00877473668193954,-0.000301361401230048,0
536.05,0.61095,0.00161452224802009,0.00656094426406804,-0.000275089204277048,0
536.06,0.58749,-0.00311457360864581,0.00433269095499194,-0.00024831232482844,0
536.07,0.56305,-0.00783165267774781,0.00209298394142418,-0.000221014767194829,0
536.08,0.53568,-0.0125301483144587,-0.00015514467853958,-0.000193180392270304,0
536.09,0.50733,-0.0172035341509704,-0.0024086430381856,-0.000164793012774777,0
536.1,0.47703,-0.0218453359507137,-0.00466444481144524,-0.000135836492963468,0
536.11,0.44673,-0.0264491433490313,-0.00691947468208698,-0.000106294852344189,0
536.12,0.41544,-0.0310086214564132,-0.00917065396541037,-7.61523728725058e-05,0
536.13,0.38416,-0.0355175223007117,-0.0114149063735374,-4.53937090296895e-05,0
536.14,0.35777,-0.0399696960851047,-0.0136491639132078,-1.40040001299115e-05,0
536.15,0.33138,-0.044359102238982,-0.0158703729020334,1.80310158471577e-05,0
536.16,0.3089,-0.0486798202393847,-0.0180755000854406,5.07248876434885e-05,0
536.17,0.28641,-0.0529260601811257,-0.0202615388320888,8.40903361058794e-05,0
536.18,0.26588,-0.0570921730742717,-0.0224255153804913,0.000118139140361977,0
536.19,0.24536,-0.0611726608482585,-0.0245644951040833,0.000152882025595165,0
536.2,0.22678,-0.0651621860425516,-0.0266755887563048,0.000188328553222045,0
536.21,0.20821,-0.0690555811644435,-0.0287559586517288,0.000224487014262435,0
536.22,0.19062,-0.072847857695304,-0.0308028247342213,0.000261364326666491,0
536.23,0.17302,-0.0765342147273602,-0.0328134704789813,0.000298965937327474,0
536.24,0.15738,-0.0801100472138846,-0.0347852485725173,0.000337295729461906,0
536.25,0.14174,-0.0835709538165057,-0.0367155863135749,0.00037635593598278,0
536.26,0.12903,-0.0869127443342265,-0.0386019906791363,0.000416147059426566,0
536.27,0.11632,-0.0901314466996415,-0.0404420530031683,0.000456667798922451,0
536.28,0.10557,-0.0932233135287739,-0.042233453221997,0.000497914984613652,0
536.29,0.094819,-0.0961848282119209,-0.0439739636490946,0.000539883519857092,0
536.3,0.086022,-0.0990127105338796,-0.0456614522535617,0.000582566331440779,0
536.31,0.078201,-0.101703921812943,-0.0472938854303677,0.00062595432796913,0
536.32,0.072336,-0.104255669549086,-0.0488693302659853,0.000670036366476926,0
536.33,0.066471,-0.106665411572821,-0.0503859563197256,0.000714799227243787,0
536.34,0.060606,-0.108930859687269,-0.0518420369580242,0.000760227596694681,0
536.35,0.055718,-0.111049982797075,-0.0532359502951655,0.00080630405818912,0
536.36,0.050831,-0.113021009518911,-0.0545661798084601,0.00085300909042381,0
536.37,0.045943,-0.114842430269401,-0.0558313147076834,0.000900321073101586,0
536.38,0.041056,-0.116512998827424,-0.0570300501467297,0.000948216299454633,0
536.39,0.037146,-0.118031733368875,-0.0581611873691618,0.000996668995153085,0
536.4,0.033236,-0.119397916973094,-0.0592236338781131,0.00104565134308179,0
536.41,0.028348,-0.120611097601278,-0.0602164037146035,0.00109481309206237,0
536.42,0.025415,-0.121671087548327,-0.0611386179168356,0.00114412312085029,0
536.43,0.022483,-0.122577962370703,-0.061989505216904,0.00119357540338964,0
536.44,0.021505,-0.123332059293951,-0.0627684030113404,0.00124316217609163,0
536.45,0.01955,-0.123933975104682,-0.0634747586191,0.00129287390481041,0
536.46,0.020528,-0.124384563532868,-0.0641081308162604,0.00134269925348926,0
536.47,0.020528,-0.124684932131382,-0.0646681916122891,0.00139262505398664,0
536.48,0.02346,-0.124836438660786,-0.0651547282096912,0.00144263627662239,0
536.49,0.025415,-0.124840686988385,-0.0655676450685897,0.00149271600102444,0
536.5,0.029326,-0.124699522511606,-0.0659069659815333,0.00154284538690643,0
536.51,0.034213,-0.124415027116721,-0.0661728360525318,0.00159300364446472,0
536.52,0.039101,-0.123989513684935,-0.0663655234686445,0.00164316800414949,0
536.53,0.044966,-0.123425520158778,-0.0664854209526393,0.00169331368563765,0
536.54,0.049853,-0.122725803182641,-0.0665330467912184,0.00174341386591329,0
536.55,0.054741,-0.121893331332198,-0.0665090453445804,0.00179343964644476,0
536.56,0.059629,-0.120931277948273,-0.0664141869588982,0.00184336001953246,0
536.57,0.063539,-0.119843013591544,-0.0662493672226031,0.00189314183398888,0
536.58,0.067449,-0.118632098135211,-0.0660156055289926,0.00194274976039872,0
536.59,0.072336,-0.117302272513526,-0.0657140429303747,0.00199214625629217,0
536.6,0.075269,-0.115857450144746,-0.0653459392914748,0.00204129153164534,0
536.61,0.079179,-0.114301708047719,-0.0649126697710393,0.00209014351519853,0
536.62,0.082111,-0.112639277671944,-0.0644157206794835,0.00213865782215232,0
536.63,0.084066,-0.11087453546146,-0.0638566847763112,0.00218678772386324,0
536.64,0.086999,-0.109011993173493,-0.0632372560833502,0.00223448412021294,0
536.65,0.089932,-0.107056287973192,-0.0625592242983474,0.00228169551536684,0
536.66,0.093842,-0.105012172326268,-0.0618244688981158,0.00232836799766852,0
536.67,0.098729,-0.102884503711669,-0.0610349530214198,0.00237444522443496,0
536.68,0.10557,-0.100678234176778,-0.0601927172194719,0.0024198684124236,0
536.69,0.11241,-0.0983983997578779,-0.0592998731567948,0.00246447383670416,0
536.7,0.12023,-0.0960501097888576,-0.0583585973378382,0.00250804162498083,0
536.71,0.12708,-0.0936385361212899,-0.0573711249257427,0.00255050252847616,0
536.72,0.1349,-0.091168902279145,-0.0563397437096054,0.00259178668238503,0
536.73,0.14174,-0.0886464725714617,-0.0552667882660881,0.00263182366529571,0
536.74,0.14761,-0.0860765411863166,-0.054154634350709,0.00267054256283538,0
536.75,0.15347,-0.0834644212893966,-0.0530056935440822,0.00270787203580834,0
536.76,0.15738,-0.0808154341503933,-0.0518224081690326,0.00274374039304507,0
536.77,0.16129,-0.0781348983202965,-0.0506072464861423,0.00277807566912559,0
536.78,0.16325,-0.075428118882483,-0.0493626981680048,0.00281080570708466,0
536.79,0.16618,-0.0727003768002491,-0.0480912700463433,0.00284185824614717,0
536.8,0.16813,-0.0699569183831566,-0.0467954821211597,0.00287116101448386,0
536.81,0.17009,-0.0672029448942187,-0.0454778638171649,0.00289864182691806,0
536.82,0.17204,-0.064443602319573,-0.0441409504697896,0.00292422868745701,0
536.83,0.174,-0.0616839713218543,-0.0427872800209536,0.00294784989646523,0
536.84,0.17693,-0.0589290573980062,-0.0414193899033326,0.00296943416224468,0
536.85,0.17889,-0.0561837812617469,-0.0400398140909607,0.00298891071673635,0
536.86,0.18182,-0.0534529694703413,-0.0386510802934882,0.00300699560797391,0
536.87,0.18377,-0.0507413453147258,-0.0372557072711582,0.00302380527929034,0
536.88,0.18671,-0.0480535199913821,-0.0358562022474364,0.00303926699476723,0
536.89,0.18964,-0.0453939840736753,-0.0344550583961507,0.00305330759396634,0
536.9,0.19257,-0.0427670992996422,-0.0330547523798665,0.00306585363774159,0
536.91,0.1955,-0.0401770906924639,-0.0316577419160127,0.00307683155806129,0
536.92,0.19746,-0.0376280390290564,-0.0302664633469252,0.00308616781126311,0
536.93,0.20039,-0.0351238736713958,-0.0288833291894938,0.00309378903414814,0
536.94,0.20137,-0.032668365774334,-0.0275107256394848,0.00309962220231097,0
536.95,0.20137,-0.0302651218827807,-0.026151010004901,0.0031035947901,0
536.96,0.20039,-0.0279175779302201,-0.024806508041978,0.0031056349316054,0
536.97,0.19941,-0.0256289936495941,-0.0234795111666732,0.00310567158208222,0
536.98,0.19648,-0.0234024474066339,-0.0221722735138627,0.00310363467923242,0
536.99,0.19257,-0.0212408314647444,-0.0208870088160341,0.00309945530379132,0
537,0.18768,-0.0191468476895572,-0.0196258870731577,0.00309306583889243,0
537.01,0.18377,-0.0171230037002604,-0.0183910309857797,0.00308440012771758,0
537.02,0.17889,-0.0151716094737955,-0.0171845121243507,0.00307339362897802,0
537.03,0.174,-0.0132947744069813,-0.0160083468095314,0.00305998356981532,0
537.04,0.17009,-0.011494404840589,-0.0148644916808753,0.0030437672903723,0
537.05,0.16618,-0.00977220204834973,-0.0137548389350175,0.00302443810673933,0
537.06,0.16422,-0.00812966069282725,-0.0126812112194642,0.00300189827443895,0
537.07,0.16227,-0.00656806774904587,-0.0116453561743945,0.00297605249613824,0
537.08,0.16227,-0.00508850189571415,-0.0106489406226645,0.00294680814789663,0
537.09,0.16227,-0.00369183337284569,-0.00969354441750198,0.00291407550032992,0
537.1,0.16325,-0.00237872430354193,-0.00878065396820382,0.00287776793464626,0
537.11,0.16325,-0.0011496294766755,-0.00791165547643639,0.00283780215361417,0
537.12,0.16422,-4.79758619590457e-06,-0.00708782792935589,0.00279409838762402,0
537.13,0.16422,0.00105572707822274,-0.0063103359104753,0.00274658059610326,0
537.14,0.16422,0.00203210249546063,-0.00558022230468022,0.00269517666463897,0
537.15,0.16422,0.00292468633939615,-0.00489840098960319,0.00263981859824767,0
537.16,0.16325,0.00373403297570333,-0.00426564962116894,0.00258044271130915,0
537.17,0.16227,0.00446089003812035,-0.00368260263589197,0.0025169898147476,0
537.18,0.16325,0.00510619459421094,-0.00314974460573363,0.00244940540109523,0
537.19,0.16422,0.00567106891151944,-0.00266740409224644,0.00237763982811037,0
537.2,0.16618,0.00615681583587125,-0.00223574815456362,0.00230164850164054,0
537.21,0.16813,0.00656491379439189,-0.00185477766976575,0.00222139205841834,0
537.22,0.17009,0.00689701143660775,-0.00152432362357412,0.00213683654945354,0
537.23,0.17302,0.00715492192774848,-0.0012440445235962,0.00204795362463382,0
537.24,0.17693,0.00734061690909283,-0.00101342507606655,0.00195472071907018,0
537.25,0.17986,0.00745622014088586,-0.000831776249983113,0.00185712124161676,0
537.26,0.18377,0.00750400084400292,-0.000698236829791208,0.00175514476586004,0
537.27,0.18671,0.00748636675714499,-0.000611776529656292,0.0016487872237065,0
537.28,0.19062,0.00740585692691815,-0.000571200709534609,0.00153805110150316,0
537.29,0.19355,0.0072651342486767,-0.000575156696638129,0.00142294563840114,0
537.3,0.19648,0.00706697777649382,-0.000622141676706614,0.0013034870264224,0
537.31,0.20039,0.00681427482106382,-0.000710512079182366,0.00117969861141642,0
537.32,0.20332,0.0065100128547361,-0.000838494340528344,0.00105161109380147,0
537.33,0.20626,0.00615727124323157,-0.00100419689221252,0.000919262727680449,0
537.34,0.21017,0.00575921282389687,-0.00120562318595947,0.000782699516610922,0
537.35,0.2131,0.00531907535060998,-0.00144068554029001,0.000641975404000769,0
537.36,0.21701,0.00484016282566171,-0.00170721957046589,0.000497152455805029,0
537.37,0.22092,0.00432583673910185,-0.0020029989497705,0.000348301032925389,0
537.38,0.22581,0.0037795072361546,-0.00232575024426108,0.000195499950472654,0
537.39,0.22972,0.003204624233377,-0.00267316756598883,3.88366208551811e-05,0
537.4,0.23363,0.00260466850425475,-0.0030429268010333,-0.000121592822486208,0
537.41,0.23754,0.00198314275490355,-0.00343269918795061,-0.000285683423954125,0
537.42,0.24047,0.00134356271047007,-0.00384016404842194,-0.000453321330542302,0
537.43,0.24438,0.000689448232705829,-0.00426302050372204,-0.000624383745638713,0
537.44,0.24633,2.43144890197689e-05,-0.00469899804658102,-0.000798738914904033,0
537.45,0.24927,-0.000648336806898033,-0.00514586587642291,-0.000976246146992927,0
537.46,0.25122,-0.00132502606304822,-0.00560144094512466,-0.00115675587154514,0
537.47,0.25415,-0.00200230436615959,-0.00606359469870679,-0.00134010973644865,0
537.48,0.25709,-0.00267676190860948,-0.00653025853624395,-0.00152614074587573,0
537.49,0.25904,-0.00334503626643483,-0.0069994280394977,-0.00171467344002511,0
537.5,0.26295,-0.00400382051007327,-0.007469166054327,-0.00190552411688409,0
537.51,0.26784,-0.00464987112994665,-0.0079376047271347,-0.00209850109566919,0
537.52,0.27273,-0.00528001575951099,-0.00840294661608688,-0.00229340502093256,0
537.53,0.27761,-0.00589116067894731,-0.00886346500752916,-0.00249002920565383,0
537.54,0.28348,-0.00648029808325452,-0.00931750357312609,-0.00268816001099384,0
537.55,0.28837,-0.00704451309912751,-0.00976347550320774,-0.00288757725978933,0
537.56,0.29423,-0.00758099053565938,-0.0101998622472412,-0.0030880546803347,0
537.57,0.29912,-0.00808702135459425,-0.0106252119839997,-0.00328936037654585,0
537.58,0.30401,-0.00856000884657514,-0.0110381379326945,-0.0034912573202461,0
537.59,0.3089,-0.00899747450057779,-0.0114373166028915,-0.00369350386106565,0
537.6,0.31378,-0.00939706355449447,-0.0118214860662717,-0.00389585424931039,0
537.61,0.31965,-0.00975655021562953,-0.0121894443179412,-0.00409805916713547,0
537.62,0.32454,-0.0100738425406894,-0.0125400477797151,-0.00429986626345046,0
537.63,0.3304,-0.0103469869656907,-0.0128722099831359,-0.00450102068818112,0
537.64,0.33627,-0.0105741724770716,-0.0131849004563671,-0.00470126562180561,0
537.65,0.34213,-0.0107537344161668,-0.0134771438268571,-0.00490034279645832,0
537.66,0.348,-0.0108841579100993,-0.0137480191409955,-0.0050979930053352,0
537.67,0.35288,-0.0109640809230466,-0.0139966593930074,-0.00529395659762385,0
537.68,0.35875,-0.0109922969227521,-0.0142222512480711,-0.00548797395670073,0
537.69,0.36364,-0.0109677571580741,-0.0144240349390709,-0.00567905396333918,0
537.7,0.36755,-0.0108895725442973,-0.0146013043124054,-0.00586675196728474,0
537.71,0.37146,-0.0107570151538578,-0.0147534069957409,-0.00605081056037284,0
537.72,0.37439,-0.0105695193110719,-0.0148797446593599,-0.00623097490660995,0
537.73,0.37732,-0.0103266822903861,-0.0149797733426452,-0.00640699308978981,0
537.74,0.37928,-0.0100282646186031,-0.0150530038180747,-0.00657861643985639,0
537.75,0.38123,-0.00967418998245424,-0.015099001966707,-0.00674559983901728,0
537.76,0.38123,-0.00926454474381598,-0.0151173891413532,-0.00690770200886976,0
537.77,0.38221,-0.00879957706576911,-0.0151078424962882,-0.00706468578000071,0
537.78,0.38319,-0.00827969565360032,-0.015070095265328,-0.00721631834566132,0
537.79,0.38319,-0.00770546811572774,-0.0150039369732505,-0.00736237150120259,0
537.8,0.38319,-0.00707761895039993,-0.0149092135687628,-0.00750262187099366,0
537.81,0.38416,-0.00639702716486835,-0.0147858274704173,-0.00763685112453749,0
537.82,0.38416,-0.00566472353456382,-0.014633737519975,-0.00776484618345552,0
537.83,0.38416,-0.0048818875106168,-0.0144529588406334,-0.00788639942093997,0
537.84,0.38416,-0.00404984378484772,-0.0142435626002276,-0.00800130885517884,0
537.85,0.38416,-0.00317005852211428,-0.0140056756819211,-0.00810937833814824,0
537.86,0.38416,-0.0022441352706373,-0.0137394802670028,-0.00821041774104811,0
537.87,0.38514,-0.00127381056163271,-0.0134452133361584,-0.00830424313753399,0
537.88,0.38612,-0.000260949210252912,-0.0131231660969766,-0.00839067698577461,0
537.89,0.38612,0.00079246066951368,-0.0127736833464625,-0.00846954831024642,0
537.9,0.3871,0.00188431292272539,-0.0123971627779655,-0.008540692884063,0
537.91,0.38807,0.00301238887031419,-0.0119940542421764,-0.00860395341253348,0
537.92,0.38807,0.00417436307047683,-0.0115648589717237,-0.00865917971854814,0
537.93,0.38807,0.00536780930974462,-0.0111101287784117,-0.00870622893030294,0
537.94,0.3871,0.00659020680837776,-0.0106304652313112,-0.00874496567179665,0
537.95,0.38514,0.00783894662430114,-0.0101265188227673,-0.00877526225646321,0
537.96,0.38221,0.00911133823940813,-0.00959898812795582,-0.00879699888423629,0
537.97,0.38025,0.0104046163117093,-0.00904861896193847,-0.00881006384228081,0
537.98,0.3783,0.0117159475764943,-0.00847620353628355,-0.00881435370956489,0
537.99,0.37634,0.0130424378794071,-0.00788257961527945,-0.00880977356538268,0
538,0.37537,0.0143811393241108,-0.00726862966962545,-0.00879623720187174,0
538.01,0.37537,0.0157290575170335,-0.00663528002329781,-0.00877366734049475,0
538.02,0.37634,0.0170831588915478,-0.00598349998711656,-0.00874199585237292,0
538.03,0.3783,0.0184403780938385,-0.00531430097044196,-0.00870116398226493,0
538.04,0.38221,0.0197976254126572,-0.00462873556047072,-0.00865112257587904,0
538.05,0.38514,0.0211517942351534,-0.00392789655684177,-0.00859183231008654,0
538.06,0.38905,0.0224997685109995,-0.00321291594775658,-0.00852326392547026,0
538.07,0.39394,0.0238384302071016,-0.00248496381262332,-0.00844539846049435,0
538.08,0.39883,0.0251646667353044,-0.00174524713539541,-0.00835822748641991,0
538.09,0.40371,0.0264753783356539,-0.000995008512331555,-0.00826175334191835,0
538.1,0.40958,0.0277674853979799,-0.0002355247378878,-0.00815598936615257,0
538.11,0.41447,0.0290379357047997,0.000531894747117637,-0.00804115175904222,0
538.12,0.42033,0.0302837115788231,0.00130590956004025,-0.00791937283333034,0
538.13,0.4262,0.031501836918653,0.00208515024728073,-0.00779069633501476,0
538.14,0.43109,0.0326893841066354,0.00286822033335112,-0.00765517483290946,0
538.15,0.43695,0.0338434807732011,0.00365369855780918,-0.00751286992842444,0
538.16,0.44184,0.0349613164024712,0.00444014130717859,-0.00736385245851452,0
538.17,0.4477,0.0360401487643602,0.00522608524609741,-0.00720820268949844,0
538.18,0.45259,0.0370773101589081,0.0060100501488018,-0.00704601049934418,0
538.19,0.45748,0.0380702134590981,0.00679054192872653,-0.00687737554594372,0
538.2,0.46237,0.0390163579389783,0.00756605586056148,-0.00670240741886551,0
538.21,0.46725,0.0399133348744916,0.00833507998562474,-0.0065212257720788,0
538.22,0.47116,0.0407588329050353,0.00909609868797872,-0.00633396043519316,0
538.23,0.47605,0.0415506431444113,0.00984759642540687,-0.0061407515008508,0
538.24,0.47996,0.0422866640304946,0.0105880615962641,-0.00594174938604717,0
538.25,0.48289,0.0429649059036386,0.0113159905203871,-0.00573711486533645,0
538.26,0.4868,0.0435834953045392,0.0120298915097682,-0.00552701907409884,0
538.27,0.49071,0.0441406789830158,0.0127282890026161,-0.00531164348030053,0
538.28,0.49462,0.0446348276099048,0.0134097277327964,-0.00509117982346031,0
538.29,0.49853,0.0450644391850282,0.0140727769055,-0.00486583001983947,0
538.3,0.50244,0.0454281421349706,0.0147160343493508,-0.00463580603318662,0
538.31,0.50733,0.0457246980951836,0.0153381306150489,-0.00440132971068785,0
538.32,0.51124,0.0459530043717333,0.0159377329910418,-0.00416263258408478,0
538.33,0.51515,0.0461120960788056,0.0165135494076183,-0.00391995563622157,0
538.34,0.51808,0.046201147948896,0.017064332202192,-0.00367354903355855,0
538.35,0.52199,0.046219475813416,0.017588881720345,-0.00342367182543843,0
538.36,0.52493,0.0461665377522666,0.0180860497293965,-0.00317059161110719,0
538.37,0.52884,0.0460419349117361,0.0185547426237775,-0.00291458417567281,0
538.38,0.53079,0.0458454119908913,0.0189939244042777,-0.00265593309633089,0
538.39,0.53372,0.0455768573974359,0.0194026194162101,-0.00239492932029917,0
538.4,0.53666,0.0452363030748051,0.0197799148346465,-0.00213187071598634,0
538.41,0.53959,0.0448239240030577,0.0201249628880381,-0.0018670615989801,0
538.42,0.54154,0.0443400373769048,0.0204369828146854,-0.00160081223448265,0
538.43,0.5435,0.0437851014649797,0.0207152625495856,-0.00133343831785399,0
538.44,0.54448,0.0431597141552079,0.0209591601421181,-0.00106526043495463,0
538.45,0.54545,0.0424646111918703,0.021168104907752,-0.000796603504013505,0
538.46,0.54643,0.0417006641106737,0.0213415983194489,-0.000527796200790853,0
538.47,0.54741,0.0408688778788382,0.0214792146466367,-0.000259170368863182,0
538.48,0.54839,0.0399703882478937,0.0215806013515179,8.93958307140053e-06,0
538.49,0.54839,0.0390064588275279,0.0216454792540362,0.000276197294883714,0
538.5,0.54839,0.0379784778894623,0.0216736424780342,0.00054226507762004,1
538.51,0.54936,0.0368879549109373,0.0216649581920076,0.000806804542842644,0
538.52,0.54936,0.0357365168679635,0.0216193661583888,0.00106947723642058,0
538.53,0.54936,0.0345259042890478,0.0215368781055021,0.00132994527439325,0
538.54,0.54936,0.0332579670806215,0.0214175769362458,0.00158787197845116,0
538.55,0.55034,0.031934660135886,0.0212616157871918,0.00184292250852373,0
538.56,0.55034,0.0305580387392483,0.0210692169512043,0.0020947644899398,0
538.57,0.55132,0.0291302537789427,0.0208406706758849,0.00234306863263784,0
538.58,0.55132,0.0276535467808239,0.0205763338492035,0.00258750933995416,0
538.59,0.55132,0.02613024477667,0.0202766285826158,0.0028277653046093,0
538.6,0.55034,0.0245627550206572,0.0199420407008302,0.00306352008964642,0
538.61,0.54936,0.0229535595679445,0.0195731181462281,0.00329446269224641,0
538.62,0.54839,0.021305209729558,0.0191704693047797,0.00352028808855051,0
538.63,0.54643,0.0196203204179712,0.0187347612591897,0.00374069775785477,0
538.64,0.54545,0.0179015643979468,0.0182667179739688,0.00395540018479589,0
538.65,0.5435,0.0161516664573415,0.0177671184161949,0.00416411133841689,0
538.66,0.54154,0.0143733975126689,0.0172367946149226,0.00436655512727605,0
538.67,0.53959,0.0125695686642719,0.0166766296615376,0.00456246383003586,0
538.68,0.53666,0.0107430252159738,0.0160875556528476,0.00475157850123342,0
538.69,0.5347,0.00889664067406154,0.0154705515783571,0.00493364935218443,0
538.7,0.53275,0.00703331074039069,0.0148266411530001,0.00510843610720382,0
538.71,0.52981,0.00515594731431298,0.0141568905965836,0.00527570833553363,0
538.72,0.52688,0.00326747251799045,0.0134624063613391,0.00543524575955176,0
538.73,0.52493,0.00137081275949366,0.0127443328092531,0.00558683853999024,0
538.74,0.52004,-0.000531107152124812,0.0120038498412625,0.00573028753902043,0
538.75,0.51613,-0.00243536982583041,0.0112421704809091,0.00586540456216502,0
538.76,0.50929,-0.0043390710280046,0.0104605384156572,0.00599201258007378,0
538.77,0.50342,-0.00623932532887407,0.00966022549974489,0.00611198459707926,0
538.78,0.49658,-0.00813327164294677,0.00884252922315244,0.0062251981686062,0
538.79,0.48876,-0.010018078650804,0.00800877015200113,0.00633153618917704,0
538.8,0.48094,-0.0118909500900026,0.00716028934642099,0.00643089132029147,0
538.81,0.47214,-0.0137491299032763,0.00629844576262056,0.00652316609420905,0
538.82,0.4653,-0.0155899072326866,0.00542461364653669,0.00660827300609178,0
538.83,0.45846,-0.0174106212488654,0.00454017992701352,0.0066861345953569,0
538.84,0.45357,-0.0192086658050054,0.00364654161694049,0.00675668351704249,0
538.85,0.4477,-0.020981493905795,0.00274510323115043,0.00681986260393196,0
538.86,0.44282,-0.0227266219820582,0.00183727423012718,0.00687562492012115,0
538.87,0.43695,-0.0244416339624406,0.000924466498685426,0.00692393380664162,0
538.88,0.43206,-0.0261241851340901,8.09186875343365e-06,0.00696476291967733,0
538.89,0.4262,-0.0277720057848998,-0.000910440304792807,0.00699809626182792,0
538.9,0.41935,-0.0293829046205183,-0.00182972550663207,0.00702392820678152,0
538.91,0.41251,-0.0309547719499868,-0.00274836635371548,0.00704226351766132,0
538.92,0.40371,-0.0324855826345253,-0.00366497481071869,0.00705311735920481,0
538.93,0.39589,-0.0339733987946679,-0.00457817432153321,0.00705651530382162,0
538.94,0.38612,-0.03541637227163,-0.00548660185102001,0.00705249333145578,0
538.95,0.37732,-0.0368127468394873,-0.00638890983228845,0.0070410978230526,0
538.96,0.36755,-0.0381608601654378,-0.00728376801590639,0.00702238554729902,0
538.97,0.35777,-0.0394591455161266,-0.00816986521867547,0.00699642364017238,0
538.98,0.35093,-0.0407061332087112,-0.00904591097089481,0.00696328957669674,0
538.99,0.34311,-0.0419004518060506,-0.00991063706236257,0.00692307113417257,0
539,0.33822,-0.0430408290561033,-0.0107627989887005,0.00687586634601544,0
539.01,0.33431,-0.0441260925763139,-0.0116011773009024,0.00682178344521882,0
539.02,0.33138,-0.0451551702844625,-0.0124245788622741,0.00676094079634581,0
539.03,0.32942,-0.0461270905781336,-0.0132318380181181,0.00669346681486115,0
539.04,0.32942,-0.0470409822656355,-0.0140218176845922,0.00661949987254043,0
539.05,0.32845,-0.047896074251866,-0.0147934103641061,0.0065391881876424,0
539.06,0.32747,-0.0486916949832702,-0.0155455390953896,0.00645268969850663,0
539.07,0.32649,-0.0494272716566722,-0.0162771583469414,0.00636017191924387,0
539.08,0.32454,-0.050102329197383,-0.0169872548629331,0.00626181177622445,0
539.09,0.32258,-0.0507164890125881,-0.0176748484707769,0.00615779542414029,0
539.1,0.31769,-0.0512694675266016,-0.0183389928594613,0.00604831804051999,0
539.11,0.31378,-0.0517610745051357,-0.0189787763374099,0.00593358359771288,0
539.12,0.30792,-0.0521912111762714,-0.0195933225780213,0.00581380461152432,0
539.13,0.30205,-0.0525598681563353,-0.0201817913602213,0.00568920186587902,0
539.14,0.29912,-0.0528671231893749,-0.0207433793103024,0.00556000411310618,0
539.15,0.29521,-0.0531131387093893,-0.0212773206500746,0.0054264477496769,0
539.16,0.29521,-0.053298159234909,-0.021782887954925,0.00528877646747352,0
539.17,0.29521,-0.0534225086059265,-0.0222593929238176,0.00514724088092859,0
539.18,0.3001,-0.0534865870735555,-0.0227061871615973,0.00500209813063076,0
539.19,0.30499,-0.0534908682531451,-0.0231226629722357,0.00485361146425274,0
539.2,0.31476,-0.0534358959518907,-0.0235082541599159,0.00470204979590596,0
539.21,0.32454,-0.0533222808822651,-0.023862436833142,0.0045471906515227,0
539.22,0.33822,-0.0531506972728452,-0.0241847302054297,0.00438934397385764,0
539.23,0.35288,-0.0529218793883234,-0.0244746973846235,0.00422883958554282,0
539.24,0.36852,-0.0526366179706771,-0.0247319461415419,0.00406601068901089,0
539.25,0.38514,-0.0522957566136155,-0.0249561296475092,0.00390119317356787,0
539.26,0.40274,-0.0519001880825347,-0.0251469471694225,0.00373472491209616,0
539.27,0.41935,-0.0514508505922892,-0.0253041447103511,0.00356694505125306,0
539.28,0.43597,-0.050948724055131,-0.0254275155832944,0.00339819329919026,0
539.29,0.45259,-0.0503948263111689,-0.0255169009056351,0.0032288092149184,0
539.3,0.46823,-0.0497902093536756,-0.0255721900020288,0.00305913150347039,0
539.31,0.48387,-0.049135955561501,-0.0255933207039552,0.00288949732097433,0
539.32,0.49853,-0.0484331739507532,-0.0255802795349093,0.00272024159362728,0
539.33,0.5132,-0.0476829964577694,-0.0255331017712133,0.00255169635436387,0
539.34,0.5259,-0.0468865742652335,-0.0254518713696443,0.00238419010074022,0
539.35,0.53861,-0.0460450741830897,-0.0253367207544851,0.00221804717720789,0
539.36,0.55034,-0.0451596750956669,-0.0251878304581512,0.00205358718454181,0
539.37,0.56109,-0.0442315644861567,-0.0250054286112126,0.00189112441872017,0
539.38,0.57087,-0.0432619350492885,-0.0247897902793545,0.00173096734104684,0
539.39,0.58065,-0.0422519814027097,-0.0245412366465708,0.00157341808077214,0
539.4,0.58944,-0.0412028969072178,-0.0242601340456179,0.00141877197092355,0
539.41,0.59824,-0.0401158706055978,-0.0239468928384346,0.00126731711752174,0
539.42,0.60606,-0.0389920842893997,-0.0236019661508206,0.00111933400184614,0
539.43,0.61388,-0.0378327097025408,-0.0232258484671314,0.000975095114945951,0
539.44,0.6217,-0.0366389058901489,-0.0228190740920685,0.000834864623180186,0
539.45,0.62952,-0.0354118167005603,-0.022382215487792,0.000698898063227237,0
539.46,0.63636,-0.0341525684478709,-0.02191588149556,0.000567442064737998,0
539.47,0.64418,-0.0328622677418953,-0.0214207154518726,0.00044073409862237,0
539.48,0.65103,-0.0315419994918252,-0.0208973932096963,0.000319002248857208,0
539.49,0.65787,-0.0301928250893021,-0.0203466210757377,0.000202333157622858,0
539.5,0.66373,-0.0288157807760201,-0.0197691336749567,9.07681407674409e-05,0
539.51,0.6696,-0.0274118762003607,-0.0191656917535592,-1.54932028045077e-05,0
539.52,0.67449,-0.0259820931669407,-0.0185370799315995,-0.000116259691026657,0
539.53,0.67937,-0.0245273845823114,-0.0178841044160873,-0.000211348775398734,0
539.54,0.68328,-0.0230486735994034,-0.0172075906851334,-0.000300586745106139,0
539.55,0.68719,-0.0215468529626537,-0.0165083811532256,-0.000383808918932944,0
539.56,0.6911,-0.0200227845550911,-0.015787332827207,-0.000460859825251896,0
539.57,0.69404,-0.0184772991479877,-0.0150453149619688,-0.000531593370262219,0
539.58,0.69501,-0.0169111963530161,-0.0142832067242849,-0.000595872994543931,0
539.59,0.69697,-0.0153252447761802,-0.0135018948726286,-0.000653571817910555,0
539.6,0.69599,-0.0137201823721214,-0.0127022714602494,-0.00070457277247441,0
539.61,0.69599,-0.0120967169967306,-0.0118852315682564,-0.000748768723791821,0
539.62,0.69306,-0.0104555271553408,-0.0110516710749842,-0.000786062579931143,0
539.63,0.6911,-0.00879726294311598,-0.010202484467513,-0.000816367388304214,0
539.64,0.68719,-0.00712254717360601,-0.00933856270089304,-0.000839606420121011,0
539.65,0.68426,-0.00543197669080466,-0.00846079111038885,-0.000855713242365982,0
539.66,0.68035,-0.00372612385941924,-0.0075700473819302,-0.00086463177725065,0
539.67,0.67742,-0.0020055382274536,-0.00666719958591948,-0.000866316349167595,0
539.68,0.67351,-0.000270748354610627,-0.0057531042796218,-0.000860731719252676,0
539.69,0.67058,0.00147773620055664,-0.00482860468353905,-0.000847853107751853,0
539.7,0.66862,0.00323942274237384,-0.00389452893744709,-0.000827666204482425,0
539.71,0.66667,0.00501383315682035,-0.00295168844214849,-0.000800167167772018,0
539.72,0.66667,0.00680050149603188,-0.00200087629345467,-0.000765362612348448,0
539.73,0.66569,0.00859897143770357,-0.00104286581545064,-0.000723269586735225,0
539.74,0.66373,0.0104087936290326,-7.84092007008843e-05,-0.000673915540777057,0
539.75,0.66276,0.0122295229252794,0.000891763734288338,-0.00061495298343021,0
539.76,0.65982,0.0140607155334385,0.00186694666934397,-0.000545354977638341,0
539.77,0.65689,0.0159019260718927,0.00284645776692525,-0.000465176599020928,0
539.78,0.65494,0.0177527045572762,0.00382964051403255,-0.000374487650776325,0
539.79,0.652,0.0196125933300956,0.0048158644086391,-0.000273372617740924,0
539.8,0.64907,0.0214811239309424,0.00580452547893988,-0.000161930612108634,0
539.81,0.64614,0.0233578139393904,0.0067950466231738,-4.02753113564963e-05,0
539.82,0.64418,0.0252421637878897,0.00778687775734608,9.14651113476661e-05,0
539.83,0.64223,0.0271336535631552,0.00877949575788666,0.00023314806431199,0
539.84,0.6393,0.0290317398076997,0.00977240418615867,0.000384616622512838,0
539.85,0.63734,0.0309358523342738,0.0107651327818085,0.000545699621717723,0
539.86,0.63539,0.032845391066054,0.011757236712257,0.00071621176295113,0
539.87,0.63343,0.03475972291546,0.0127482955661994,0.000895953729265508,0
539.88,0.6305,0.0366781787144848,0.0137379120798388,0.00108471231735843,0
539.89,0.62854,0.0386000502093882,0.0147257105857496,0.00128226058716535,0
539.9,0.62659,0.0405245871325287,0.0157113351757778,0.0014883580331322,0
539.91,0.62561,0.0424509943640037,0.016694447571254,0.00170275078140576,0
539.92,0.62463,0.0443784291956146,0.0176747246960342,0.00192472806694633,0
539.93,0.62366,0.0463059987094934,0.0186518559505055,0.00215397893099842,0
539.94,0.62463,0.048232757283501,0.0196255401876997,0.00239019225460438,0
539.95,0.62463,0.0501577042352521,0.0205954823960374,0.00263304541380339,0
539.96,0.62561,0.0520797816163236,0.021561390096973,0.00288220472409956,0
539.97,0.62757,0.0539978721678753,0.0225229694698943,0.0031373259400599,0
539.98,0.62854,0.0559107974485426,0.0234799212210231,0.00339805481414486,0
539.99,0.62952,0.057817316145066,0.0244319362177143,0.00366402771798459,0
540,0.63148,0.0597161225756841,0.0253786909144135,0.0039348723281778,0
540.01,0.63245,0.0616058453958547,0.0263198426015336,0.00421020837732953,0
540.02,0.63441,0.0634850465153712,0.0272550245135756,0.00448964846949505,0
540.03,0.63539,0.0653522202354148,0.0281838408378642,0.00477279895751072,0
540.04,0.63636,0.0672057926135275,0.0291058616701886,0.00505926087793282,0
540.05,0.63832,0.0690441210639072,0.0300206179683395,0.0053486309375454,0
540.06,0.64027,0.070865494199819,0.0309275965588932,0.00564050254371912,0
540.07,0.64223,0.0726681319242811,0.0318262352564972,0.00593446686938535,0
540.08,0.64516,0.0744501857745265,0.0327159181582431,0.0062301139421128,0
540.09,0.64907,0.0762097395250659,0.033595971178348,0.00652703374580472,0
540.1,0.65396,0.0779448100534749,0.034465657890182,0.0068248173229303,0
540.11,0.65885,0.0796533484723155,0.0353241757435786,0.00712305786499864,0
540.12,0.66471,0.0813332415298667,0.0361706527252303,0.00742135177919504,0
540.13,0.67058,0.0829823132815935,0.0370041445287278,0.00771929971971871,0
540.14,0.67742,0.0845983270335208,0.0378236322983665,0.00801650757335985,0
540.15,0.68524,0.0861789875579125,0.0386280210071795,0.00831258739018194,0
540.16,0.69306,0.0877219435808709,0.0394161385247262,0.0086071582517654,0
540.17,0.70088,0.0892247905406906,0.0401867354239831,0.00889984707124205,0
540.18,0.7087,0.0906850736150068,0.0409384855692748,0.00919028932122038,0
540.19,0.71652,0.0921002910139855,0.0416699875186158,0.00947812968758187,0
540.2,0.72434,0.0934678975360094,0.042379766764212,0.00976302264893615,0
540.21,0.73216,0.094785308381519,0.0430662788243197,0.0100446329831837,0
540.22,0.73998,0.0960499032198823,0.0437279131883527,0.0103226362040896,0
540.23,0.7478,0.097259030503379,0.0443629981052563,0.0105967189319744,0
540.24,0.75562,0.0984100120216128,0.0449698061929539,0.0108665792035549,0
540.25,0.76344,0.099500147688899,0.0455465608343657,0.0111319267266018,0
540.26,0.76931,0.100526720556418,0.0460914433133539,0.0113924830854378,0
540.27,0.77517,0.101487002040191,0.046602600632243,0.0116479819033879,0
540.28,0.78006,0.1023782573552,0.0470781539415591,0.0118981689681533,0
540.29,0.78495,0.103197751145285,0.0475162075026035,0.0121428023257424,0
540.3,0.78886,0.103942753297745,0.0479148580946583,0.0123816523481043,0
540.31,0.79374,0.10461054493092,0.0482722047712551,0.0126145017790137,0
540.32,0.79668,0.105198424542388,0.0485863588641987,0.0128411457620948,0
540.33,0.80059,0.105703714304791,0.0488554541300927,0.0130613918541835,0
540.34,0.8045,0.106123766495716,0.049077656932056,0.0132750600265505,0
540.35,0.80841,0.106455970047512,0.049251176349224,0.0134819826558647,0
540.36,0.81134,0.106697757202382,0.0493742741084751,0.0136820045061905,0
540.37,0.81427,0.106846610257589,0.0494452742365948,0.0138749827028066,0
540.38,0.81525,0.106900068385179,0.0494625723366508,0.0140607866981966,1
540.39,0.8172,0.106855734510166,0.049424644399583,0.0142392982302247,0
540.4,0.8172,0.106711282230765,0.0493300550706954,0.014410411272243,0
540.41,0.8172,0.106464462763868,0.0491774653006544,0.0145740319746969,0
540.42,0.81427,0.1061131118987,0.0489656393214821,0.0147300785976837,0
540.43,0.81232,0.105655156941259,0.0486934508996072,0.0148784814338689,0
540.44,0.80841,0.105088623631964,0.0483598888300034,0.0150191827211701,0
540.45,0.8045,0.104411643018707,0.0479640616475268,0.0151521365446604,0
540.46,0.79765,0.103622458267393,0.0475052015434589,0.0152773087272239,0
540.47,0.79179,0.102719431391914,0.0469826674867311,0.0153946767085949,0
540.48,0.78299,0.101701049885478,0.0463959475600918,0.0155042294125283,0
540.49,0.77517,0.10056593323518,0.0457446605313885,0.0156059671019781,0
540.5,0.76637,0.0993128393017239,0.0450285566890064,0.0156999012222851,0
540.51,0.75855,0.0979406705463304,0.0442475179781991,0.0157860542325059,0
540.52,0.74976,0.096448480086914,0.0434015574814978,0.0158644594251394,0
540.53,0.74194,0.0948354775658479,0.0424908182915358,0.0159351607346219,0
540.54,0.73509,0.0931010348118105,0.0415155718284885,0.0159982125350729,0
540.55,0.72825,0.0912446912784775,0.0404762156569363,0.0160536794278709,0
540.56,0.72336,0.0892661592431313,0.0393732708583696,0.0161016360197303,0
540.57,0.71945,0.0871653287486015,0.0382073790158855,0.0161421666920243,0
540.58,0.71554,0.0849422722723488,0.0369792988669677,0.0161753653621713,0
540.59,0.71163,0.0825972491069395,0.035689902678749,0.0162013352379529,0
540.6,0.7087,0.080130709436637,0.0343401723979497,0.0162201885656808,0
540.61,0.70674,0.0775432980953614,0.0329311956249291,0.0162320463731594,0
540.62,0.70283,0.0748358579918276,0.0314641614581009,0.0162370382084122,0
540.63,0.6999,0.0720094331882794,0.0299403562515056,0.0162353018751478,0
540.64,0.69501,0.0690652716198766,0.0283611593247081,0.0162269831659352,0
540.65,0.69013,0.0660048274424733,0.0267280386605252,0.016212235594036,0
540.66,0.68231,0.0628297629972414,0.0250425466224652,0.0161912201248085,0
540.67,0.67546,0.059541950381346,0.0233063157202795,0.0161641049075433,0
540.68,0.66471,0.0561434726146603,0.0215210544487221,0.0161310650085237,0
540.69,0.65494,0.0526366243933293,0.0196885432215529,0.0160922821460146,0
540.7,0.64418,0.0490239124218332,0.0178106304200137,0.0160479444277808,0
540.71,0.63245,0.0453080553160788,0.0158892285724737,0.015998246091607,0
540.72,0.62072,0.0414919830709478,0.0139263106796727,0.0159433872491456,0
540.73,0.60899,0.0375788360866544,0.0119239066979701,0.0158846121557152,0
540.74,0.59629,0.0335719637492164,0.00988410019120522,0.0158233162717247,0
540.75,0.58358,0.0294749225613074,0.0078090251601503,0.0157596703557425,0
540.76,0.56989,0.0252914738207474,0.00570086305704714,0.0156938472947471,0
540.77,0.55621,0.0210255808448899,0.00356183999130554,0.0156260219083792,0
540.78,0.53861,0.0166814057401798,0.0013942241310536,0.0155563707563159,0
540.79,0.52199,0.0122633057171835,-0.00079967669619135,0.0154850719479502,0
540.8,0.50147,0.00777582895242882,-0.00301751720197382,0.0154123049533552,0
540.81,0.48094,0.00322370999943621,-0.00525691663437034,0.0153382504142985,0
540.82,0.4565,-0.00138813524763182,-0.00751546057622073,0.0152630899538591,0
540.83,0.43304,-0.00605461503322485,-0.00979070254793865,0.0151870059829929,0
540.84,0.40665,-0.0107704676570376,-0.0120801654210558,0.0151101815021961,0
540.85,0.38123,-0.0155302678214505,-0.0143813426512673,0.015032799896246,0
540.86,0.35582,-0.0203284334021684,-0.016691699342638,0.0149542585469023,0
540.87,0.3304,-0.025159232633413,-0.0190086731577799,0.0148745551509462,0
540.88,0.30596,-0.0300167916980088,-0.0213296750921887,0.0147938771813844,0
540.89,0.28152,-0.034895102711688,-0.0236520901344659,0.0147124130061051,0
540.9,0.26002,-0.0397880320899516,-0.0259732778377718,0.0146303515996244,0
540.91,0.23949,-0.0446893292848479,-0.0282905728314479,0.0145478822326373,0
540.92,0.2219,-0.0495926358780728,-0.0306012853051787,0.01446519413792,0
540.93,0.2043,-0.0544914950158674,-0.0329027015011847,0.014382476151587,0
540.94,0.19062,-0.0593793611702792,-0.0351920842525745,0.0142999163292702,0
540.95,0.17791,-0.0642496102104732,-0.0374666736079579,0.0142177015374564,0
540.96,0.16716,-0.0690955497669299,-0.0397236875835392,0.0141360170209713,0
540.97,0.1564,-0.0739104298705466,-0.0419603230839935,0.0140550459484168,0
540.98,0.14858,-0.0786874538478745,-0.0441737570323163,0.0139749689382218,0
540.99,0.13978,-0.0834197894529735,-0.0463611477463879,0.013895963568816,0
541,0.13294,-0.088100580215655,-0.0485196365961328,0.0138182038772536,0
541.01,0.1261,-0.0927229569852106,-0.0506463499698462,0.0137418598513427,0
