time_s,raw_ecg,filtered_ecg,diff_envelope,threshold,is_r_peak
1098.48611111111,-0.165,-0.280468232424693,0.0269170060240621,0.063539810135264,0
1098.48888888889,-0.195,-0.296540142321321,0.0269850198970001,0.0635449049498854,0
1098.49166666667,-0.205,-0.309888756348108,0.0274698492424798,0.0635510005787096,0
1098.49444444444,-0.215,-0.322159844113483,0.028452333975257,0.0635580702481822,0
1098.49722222222,-0.235,-0.335043183206077,0.0299911779034368,0.063565984100293,0
1098.5,-0.22,-0.350059689717202,0.0321151421828176,0.0635745612079182,0
1098.50277777778,-0.215,-0.368348683977348,0.0348166687571992,0.0635835834496412,0
1098.50555555556,-0.2,-0.390475953976846,0.0380475588485147,0.0635927631819734,0
1098.50833333333,-0.195,-0.416282640611024,0.041717221802736,0.0636018360925155,0
1098.51111111111,-0.19,-0.444792451189785,0.0456938517894214,0.0636105699831582,0
1098.51388888889,-0.195,-0.474190453689802,0.0498086935638651,0.0636187940172585,0
1098.51666666667,-0.19,-0.501881021137816,0.0538633369260627,0.063626460613982,0
1098.51944444444,-0.185,-0.52462583206449,0.0576397485735842,0.0636335881528285,0
1098.52222222222,-0.195,-0.538755743584381,0.0609125272351523,0.0636402273546894,0
1098.525,-0.19,-0.540443451788607,0.0634626710014202,0.0636465705570982,0
1098.52777777778,-0.18,-0.526017758961466,0.0650919911604631,0.0636528749411266,0
1098.53055555556,-0.185,-0.492295548273865,0.0656372085522307,0.06365917917465,0
1098.53333333333,-0.185,-0.436904691822389,0.0653710863865357,0.0636655244025739,0
1098.53611111111,-0.16,-0.358570408520945,0.0664363454644311,0.0636719507462854,0
1098.53888888889,-0.095,-0.257339186758911,0.0687082209230309,0.0636784919302238,0
1098.54166666667,0.005,-0.134718238807749,0.0720043613131375,0.0636851538938663,0
1098.54444444444,0.14,0.00628569131048331,0.0761000842612569,0.0636919172427714,0
1098.54722222222,0.325,0.161236918307377,0.0807465621105794,0.0636987418671636,0
1098.55,0.525,0.324451135725448,0.0856904166055188,0.0637055729342839,0
1098.55277777778,0.735,0.489277059896989,0.0906930791683,0.0637123473231882,0
1098.55555555556,0.91,0.648462659694324,0.0955482921711926,0.0637189999793603,0
1098.55833333333,1.085,0.794582009764241,0.100096286383007,0.0637254683345325,0
1098.56111111111,1.255,0.92049331360463,0.10423345756068,0.0637316945697625,0
1098.56388888889,1.415,1.01979537569762,0.107916756646705,0.0637376253798305,0
1098.56666666667,1.555,1.08724907250091,0.11116246955088,0.063743209173277,0
1098.56944444444,1.655,1.1191322867588,0.113044678572053,0.0637483157279407,1
1098.57222222222,1.685,1.11350121553717,0.113337633742053,0.0637527066198103,0
1098.575,1.645,1.07033761451282,0.112013931655975,0.0637563035318103,0
1098.57777777778,1.54,0.991569887120835,0.109495145951793,0.0637590614418544,0
1098.58055555556,1.385,0.880965309296619,0.106818968841307,0.0637609413715775,0
1098.58333333333,1.16,0.743900349541012,0.103877456986079,0.0637619188509279,0
1098.58611111111,0.875,0.587025221911159,0.100604423740138,0.0637619440465984,0
1098.58888888889,0.57,0.417846754923739,0.0969862551598378,0.0637610933268525,0
1098.59166666667,0.3,0.244259730024323,0.0930677745942947,0.0637594342286463,0
1098.59444444444,0.085,0.0740605504404216,0.0889525610850936,0.0637570219283178,0
1098.59722222222,-0.035,-0.0855218491502219,0.0847976161661303,0.0637538965470711,0
1098.6,-0.105,-0.228244624229394,0.0808027741570646,0.0637500814719883,0
1098.60277777778,-0.135,-0.349190209244028,0.0771957187083695,0.0637455827898994,0
1098.60555555556,-0.14,-0.445003591669316,0.0742138620328696,0.0637403898458621,0
1098.60833333333,-0.145,-0.514013346110474,0.0720846282744026,0.0637344859153202,0
1098.61111111111,-0.155,-0.556231256728068,0.0710058336938313,0.0637281123276561,0
1098.61388888889,-0.185,-0.573234752683281,0.0708838069447233,0.063721523729431,0
1098.61666666667,-0.235,-0.567945254803098,0.0694724901462559,0.0637149668260973,0
1098.61944444444,-0.295,-0.544323169245176,0.0667575376770544,0.0637086627218,0
1098.62222222222,-0.355,-0.507006065095625,0.0630935050062326,0.0637028097188718,0
1098.625,-0.37,-0.460920099109671,0.0587172170805369,0.0636975145139377,0
1098.62777777778,-0.38,-0.410895760941481,0.0538862254112742,0.0636925560191314,0
1098.63055555556,-0.37,-0.361317479924162,0.0488627374988222,0.0636877259718506,0
1098.63333333333,-0.36,-0.315832747519453,0.0438982470570847,0.0636828463166276,0
1098.63611111111,-0.36,-0.277140550372052,0.0392198286025517,0.0636777836479253,0
1098.63888888889,-0.355,-0.24687161856504,0.0350188972842826,0.0636724600169284,0
1098.64166666667,-0.355,-0.22556492273681,0.0314430223147849,0.0636668582228972,0
1098.64444444444,-0.36,-0.212736704233312,0.0285911377311934,0.0636610205153193,0
1098.64722222222,-0.355,-0.207030786425571,0.0265122369867252,0.0636550402213597,0
1098.65,-0.385,-0.20643261500425,0.0252073877830292,0.0636491215614871,0
1098.65277777778,-0.395,-0.208524910501747,0.0246346790170659,0.0636435275932025,0
1098.65555555556,-0.39,-0.210760324370537,0.0247165284195764,0.0636383786868148,0
1098.65833333333,-0.38,-0.210726218585393,0.0249838562768297,0.0636337716576554,0
1098.66111111111,-0.385,-0.206378588215011,0.024416001998966,0.0636297600829868,0
1098.66388888889,-0.385,-0.196225978304578,0.0232047726586651,0.0636260823986082,0
1098.66666666667,-0.38,-0.179449609083343,0.0216668698456271,0.0636223887678949,0
1098.66944444444,-0.375,-0.15595229155703,0.0200684425547845,0.0636180277552593,0
1098.67222222222,-0.37,-0.126335489468001,0.0185075688678336,0.0636128879997878,0
1098.675,-0.365,-0.0918104450655567,0.0170610372657034,0.063607054614021,0
1098.67777777778,-0.375,-0.0540550537047167,0.0157821427401256,0.0636006413450724,0
1098.68055555556,-0.375,-0.015032652740979,0.0147761977747248,0.0635937878879887,0
1098.68333333333,-0.39,0.0232082793495004,0.0141831647262732,0.0635791708748806,0
1098.68611111111,-0.41,0.0587335401852103,0.0139803938939142,0.0635560398868131,0
1098.68888888889,-0.41,0.0899026677191862,0.0140992647626356,0.0635325480489147,0
1098.69166666667,-0.415,0.115512024123844,0.0144349966887483,0.0635075645337012,0
1098.69444444444,-0.42,0.134889152751862,0.0147149410830766,0.0634799497122036,0
1098.69722222222,-0.415,0.147931158492391,0.0149357250781771,0.0634485959213268,0
1098.7,-0.405,0.155085469992265,0.0151284668953889,0.0634124700371919,0
1098.70277777778,-0.41,0.15727692327309,0.0150241840576301,0.0633706569390521,0
1098.70555555556,-0.395,0.155790138865239,0.014811069154808,0.0633220774503453,0
1098.70833333333,-0.4,0.152120192131485,0.0145728503780785,0.0632641870485531,0
1098.71111111111,-0.385,0.147807248035742,0.0143109181615899,0.0631968638975188,0
1098.71388888889,-0.405,0.144271932092808,0.0140340180517429,0.0631296969756696,0
1098.71666666667,-0.42,0.142667676187163,0.0137559797531685,0.0630731232889202,0
1098.71944444444,-0.435,0.143764203997551,0.0134930594213543,0.0630286012139663,0
1098.72222222222,-0.44,0.147872941420685,0.0132612156977192,0.0629960806080359,0
1098.725,-0.46,0.154820805785773,0.0130736227794725,0.0629755849154807,0
1098.72777777778,-0.455,0.163973978786434,0.0129386786253557,0.0629671065406542,0
1098.73055555556,-0.455,0.174308376065024,0.0128586991314974,0.0629704711989203,0
1098.73333333333,-0.46,0.184519058998039,0.0128294073907482,0.062984870983574,0
1098.73611111111,-0.475,0.193157208724745,0.0128402395212696,0.0630087384085522,0
1098.73888888889,-0.475,0.198780827209031,0.0128754036572274,0.0630405314484281,0
1098.74166666667,-0.475,0.200104255284409,0.0129155544699144,0.0630786636314793,0
1098.74444444444,-0.49,0.196131977555819,0.0129398885579814,0.0631198749857991,0
1098.74722222222,-0.51,0.186263952859739,0.0129513463239761,0.0631600091687281,0
1098.75,-0.53,0.170362669611593,0.0130155065919188,0.0631940450633491,0
1098.75277777778,-0.54,0.14877597070813,0.0131442577203913,0.0632202455601957,0
1098.75555555556,-0.56,0.122314036964343,0.0133429801682592,0.0632381278362919,0
1098.75833333333,-0.575,0.0921833352261125,0.0136096750420712,0.0632484679425395,0
1098.76111111111,-0.585,0.0598844022477954,0.0138591626867652,0.0632601612307057,0
1098.76388888889,-0.595,0.0270836647864686,0.0139427357258785,0.063276826514289,0
1098.76666666667,-0.605,-0.00452821557985234,0.0138498747015424,0.0633004538559748,0
1098.76944444444,-0.595,-0.0333779377919397,0.0135976697187157,0.0633331652205938,0
1098.77222222222,-0.61,-0.0581378337148703,0.0132545939199118,0.0633771659082174,0
1098.775,-0.62,-0.0778290941280091,0.0129760605186302,0.0634346739303614,0
1098.77777777778,-0.62,-0.0918908598113124,0.0127882659504143,0.063507831674606,0
1098.78055555556,-0.625,-0.100209544879111,0.0127130214871231,0.0635986063246198,0
1098.78333333333,-0.63,-0.103106686713878,0.012766118877991,0.0637086845592909,0
1098.78611111111,-0.645,-0.10128762709218,0.0126822475220776,0.0638393752563299,0
1098.78888888889,-0.65,-0.0957570325880866,0.012354256134826,0.063991522335192,0
1098.79166666667,-0.65,-0.0877103057666408,0.0118950889829926,0.0641636645266031,0
1098.79444444444,-0.64,-0.0784120388355374,0.0113185458170369,0.0643448361681992,0
1098.79722222222,-0.625,-0.0690736315893452,0.0106443996591126,0.0645234846329058,0
1098.8,-0.605,-0.0607419620828314,0.00989693906868304,0.0646973095708279,0
1098.80277777778,-0.595,-0.0542096065254109,0.00910328314651075,0.0648657671829286,0
1098.80555555556,-0.58,-0.049954711866072,0.00829161965300203,0.0650284198498932,0
1098.80833333333,-0.55,-0.0481154833673853,0.00748951169679034,0.0651849339388475,0
1098.81111111111,-0.535,-0.0485006824806632,0.00672240042161975,0.0653350779321662,0
1098.81388888889,-0.51,-0.0506338967765118,0.00601240259771866,0.0654787216380665,0
1098.81666666667,-0.5,-0.0538260040249582,0.005377466508382,0.0656158368595286,0
1098.81944444444,-0.465,-0.0572675330737964,0.00495424507003696,0.0657465010881327,0
1098.82222222222,-0.45,-0.0601307854843459,0.00483011854009639,0.0658708980011835,0
1098.825,-0.425,-0.0616707938914473,0.00497879786558891,0.0659893191548555,0
1098.82777777778,-0.4,-0.0613145194256632,0.0052260675902612,0.0661024780821252,0
1098.83055555556,-0.38,-0.0587290835806876,0.00537534234718308,0.0662018545187736,0
1098.83333333333,-0.345,-0.0538621364899378,0.00543243827473769,0.0662924658692843,0
1098.83611111111,-0.32,-0.0469504413259559,0.00540503861861638,0.0663807502247716,0
1098.83888888889,-0.295,-0.0384960967101837,0.00530203912392146,0.0664719694491759,0
1098.84166666667,-0.275,-0.029213185474863,0.00513302026561768,0.0665630898234568,0
1098.84444444444,-0.255,-0.0199506893252891,0.00490787182988163,0.0666507089557036,0
1098.84722222222,-0.23,-0.011599939689107,0.00488573223496539,0.0667317743754255,0
1098.85,-0.225,-0.00499644445696677,0.0050663713557398,0.0668040108846286,0
1098.85277777778,-0.22,-0.000826485427167685,0.00540006737112547,0.0668660349769411,0
1098.85555555556,-0.22,0.000451628395207892,0.00574997175137909,0.0669170790263201,0
1098.85833333333,-0.21,-0.00133671557608933,0.0061060101261465,0.066956915901494,0
1098.86111111111,-0.2,-0.00605573127561177,0.00645806539712909,0.0669857630397954,0
1098.86388888889,-0.19,-0.0132645735496609,0.00679609747455337,0.0670041755674141,0
1098.86666666667,-0.19,-0.0222544551868553,0.00711037450786165,0.0670129377145191,0
1098.86944444444,-0.185,-0.0321140176416828,0.00736724333068921,0.0670129674670547,0
1098.87222222222,-0.16,-0.0418165263622123,0.00742953555618283,0.0670101166294095,0
1098.875,-0.18,-0.0503202032657978,0.00728719456488633,0.0670086137402425,0
1098.87777777778,-0.185,-0.0566716251658373,0.0071455839029562,0.0670084810312357,0
1098.88055555556,-0.18,-0.0601017477815414,0.00705763464285168,0.0670097063031764,0
1098.88333333333,-0.18,-0.0601047987026166,0.00702255705729606,0.0670121993178187,0
1098.88611111111,-0.2,-0.0564919522958488,0.00703667342545343,0.0670157932747471,0
1098.88888888889,-0.21,-0.0494141892947041,0.00709347758133749,0.0670203707087411,0
1098.89166666667,-0.205,-0.0393518057352418,0.00718390333067867,0.0670258255352351,0
1098.89444444444,-0.22,-0.0270713644120382,0.00729679199061148,0.0670320515039012,0
1098.89722222222,-0.19,-0.0135541442953369,0.00741952719358966,0.0670389036073336,0
1098.9,-0.18,9.69876119963294e-05,0.00741545181095412,0.0670462355080769,0
1098.90277777778,-0.165,0.0127631702678501,0.00731289723973268,0.0670539113187649,0
1098.90555555556,-0.16,0.0234172126408916,0.00723939743904769,0.0670617968303614,0
1098.90833333333,-0.15,0.031222682968675,0.00720573595549146,0.0670698026811236,0
1098.91111111111,-0.155,0.0356145933529655,0.0072205915165916,0.0670780347007932,0
1098.91388888889,-0.165,0.0363536516961169,0.00729019723748487,0.0670866040601708,0
1098.91666666667,-0.16,0.0335486657281089,0.00741821897217095,0.0670956238968456,0
1098.91944444444,-0.17,0.0276448496553676,0.00760584981136163,0.0671052001778757,0
1098.92222222222,-0.17,0.0193791884011601,0.00785209242493363,0.067115422921334,0
1098.925,-0.175,0.0097073175750223,0.00815417861077263,0.0671263573729022,0
1098.92777777778,-0.185,-0.000290752581797426,0.00825889702907895,0.0671380396957749,0
1098.93055555556,-0.17,-0.00951659454483183,0.00817160271084306,0.0671505664458524,0
1098.93333333333,-0.165,-0.0169603247126824,0.00792017813983067,0.0671639284847762,0
1098.93611111111,-0.165,-0.0217977594214253,0.00755211211410817,0.0671781188034436,0
1098.93888888889,-0.16,-0.0234679172962918,0.00712963345911275,0.0671931331889302,0
1098.94166666667,-0.16,-0.0217229841621912,0.006723148336299,0.0672089703458927,0
1098.94444444444,-0.16,-0.0166456361080068,0.00640362180572785,0.067225631509371,0
1098.94722222222,-0.16,-0.0086319374939428,0.00623466420447296,0.0672431196219446,0
1098.95,-0.165,0.00165843623278871,0.00626512831902545,0.0672614314777825,0
1098.95277777778,-0.16,0.0133795108592228,0.0065229885859649,0.0672805516855299,0
1098.95555555556,-0.155,0.0255958180687047,0.00701116083568586,0.0673004520380948,0
1098.95833333333,-0.165,0.0373885343052739,0.00751229301747594,0.0673210331475019,0
1098.96111111111,-0.155,0.047959692714566,0.00795629675004821,0.0673421959288764,0
1098.96388888889,-0.135,0.0567232430249721,0.00832180740486518,0.0673638026967296,0
1098.96666666667,-0.135,0.0633729235626232,0.00858609057601934,0.0673856783559799,0
1098.96944444444,-0.115,0.067919151334927,0.00872630412053268,0.0674075748793462,0
1098.97222222222,-0.09,0.0706902223350302,0.00872108059006906,0.0674292257407049,0
1098.975,-0.065,0.0722967489122811,0.00855231828583272,0.0674503737573283,0
1098.97777777778,-0.045,0.0735620880341153,0.0085639902776922,0.0674708260424815,0
1098.98055555556,-0.02,0.07542515137985,0.0089767647879493,0.0674904317555054,0
1098.98333333333,-0.015,0.0788250646491403,0.00968527293321872,0.0675090760637712,0
1098.98611111111,-0.02,0.0845793365857901,0.0105630195616073,0.0675267225357398,0
1098.98888888889,-0.02,0.0932682662355955,0.0115892147714007,0.0675434290331724,0
1098.99166666667,-0.005,0.10513812436113,0.0127340567036997,0.067559303854648,0
1098.99444444444,0.03,0.120034177946189,0.013959994943247,0.0675744996203353,0
1098.99722222222,0.055,0.13737199718611,0.0152237641311238,0.0675892019512522,0
1099,0.1,0.156151921503447,0.0164790832933121,0.0676036210127736,0
1099.00277777778,0.14,0.175017391747346,0.0176798416722993,0.0676180013324273,0
1099.00555555556,0.155,0.192353474536955,0.0187835274132032,0.0676326595473992,0
1099.00833333333,0.15,0.206417737484662,0.0197546084913021,0.0676479081064667,0
1099.01111111111,0.125,0.215492097064251,0.0205675518290611,0.0676638723317704,0
1099.01388888889,0.105,0.218041720409248,0.0212091708924801,0.0676805370532873,0
1099.01666666667,0.085,0.21286579793658,0.0216800261001138,0.0676978384919345,0
1099.01944444444,0.07,0.199225179264257,0.0219946653674679,0.0677157026091435,0
1099.02222222222,0.08,0.176933509917344,0.0221805805002818,0.0677340511393543,0
1099.025,0.09,0.146401509639891,0.0222758627545305,0.0677527988416187,0
1099.02777777778,0.1,0.108628149941817,0.0223256592684724,0.0677718515326675,0
1099.03055555556,0.085,0.0651373601784159,0.0223776512037986,0.0677911052614297,0
1099.03333333333,0.07,0.017864076605111,0.0224768834815251,0.0678104508590552,0
1099.03611111111,0.05,-0.0310015370527981,0.0226603642884771,0.0678298870777195,0
1099.03888888889,0.015,-0.0791985089928308,0.0229519105198627,0.0678493962571992,0
1099.04166666667,-0.005,-0.12459166039275,0.0233577355372779,0.0678689386362728,0
1099.04444444444,-0.035,-0.16536209718937,0.0238632534507197,0.0678885362201859,0
1099.04722222222,-0.075,-0.200173128991888,0.0244315084216527,0.0679082757989957,0
1099.05,-0.1,-0.228294713559202,0.0250035308381186,0.0679282283480923,0
1099.05277777778,-0.1,-0.249672737398458,0.0255007809929563,0.0679484457934518,0
1099.05555555556,-0.12,-0.264934064997085,0.0258296748774273,0.0679689604805762,0
1099.05833333333,-0.15,-0.275323942872189,0.0257713413382639,0.0679897859049844,0
1099.06111111111,-0.155,-0.282578545069527,0.0260864294789278,0.0680109563581787,0
1099.06388888889,-0.17,-0.288741643712028,0.0268694754499985,0.0680325718964297,0
1099.06666666667,-0.2,-0.295940014552996,0.0281973345233502,0.0680546699808817,0
1099.06944444444,-0.195,-0.306136710327261,0.0301201817183007,0.0680772147178259,0
1099.07222222222,-0.195,-0.320884304506862,0.0326536275830753,0.0681001445430933,0
1099.075,-0.195,-0.34110130149353,0.0357726776006603,0.0681233735304516,0
1099.07777777778,-0.19,-0.366893961443632,0.0394081726188886,0.0681467868488972,0
1099.08055555556,-0.195,-0.39744281126601,0.0434461997914189,0.0681702621092075,0
1099.08333333333,-0.185,-0.430968300999722,0.047730767463142,0.0681936548407928,0
1099.08611111111,-0.195,-0.464783777946387,0.0520698062875947,0.0682168245423015,0
1099.08888888889,-0.19,-0.495436690971606,0.0562443091331802,0.0682397130078029,0
1099.09166666667,-0.2,-0.518931305041489,0.0600201727853859,0.0682622632447251,0
1099.09444444444,-0.195,-0.531018851036145,0.0631620746740682,0.0682844291571462,0
1099.09722222222,-0.2,-0.527534601199217,0.0654485267099915,0.0683062085121784,0
1099.1,-0.195,-0.504756426447642,0.0666871123896214,0.0683276070777227,0
1099.10277777778,-0.18,-0.459756423939677,0.0667288455202275,0.0683486340635647,0
1099.10555555556,-0.175,-0.390716510535024,0.0675520524736355,0.0683693064967487,0
1099.10833333333,-0.14,-0.297180582183386,0.0696215851099362,0.0683896529508606,0
1099.11111111111,-0.075,-0.180219862341521,0.0727585898495929,0.0684096963096443,0
1099.11388888889,0.015,-0.042494128258252,0.076739761944043,0.068429446263179,0
1099.11666666667,0.16,0.111800840928276,0.0813157971289215,0.0684487898682158,0
1099.11944444444,0.35,0.27710060087169,0.0862312797954875,0.0684676203106334,0
1099.12222222222,0.56,0.446746214751577,0.091244349799207,0.0684858473604651,0
1099.125,0.775,0.613348777457325,0.0961445173167699,0.068503405723233,0
1099.12777777778,0.98,0.769220391781824,0.100767161061354,0.0685202605372415,0
1099.13055555556,1.165,0.906842022263103,0.105003535663584,0.0685364071530881,0
1099.13333333333,1.35,1.01933520087415,0.10880550434133,0.0685518664097291,0
1099.13611111111,1.52,1.10090363751455,0.112184669686323,0.0685666758707273,0
1099.13888888889,1.625,1.14721250009892,0.114965766203555,0.0685808779275059,0
1099.14166666667,1.68,1.15567736308383,0.116165790806175,0.0685944682981479,1
1099.14444444444,1.65,1.1256412627925,0.115717519108063,0.0686073426896416,0
1099.14722222222,1.575,1.05842644549881,0.113640323149659,0.0686193896823511,0
1099.15,1.43,0.957256612274504,0.110790495032635,0.0686304985782467,0
1099.15277777778,1.225,0.82705502735585,0.107663835681188,0.0686405561721444,0
1099.15555555556,0.965,0.674133010007706,0.104189624630838,0.0686494481940121,0
1099.15833333333,0.665,0.50579135272719,0.100348855788064,0.0686573601476272,0
1099.16111111111,0.38,0.329863472796947,0.0961807162142157,0.0686645325277036,0
1099.16388888889,0.17,0.15423312505391,0.091783663800951,0.0686712355584485,0
1099.16666666667,0.01,-0.0136390204856811,0.0873109460485985,0.0686776845679224,0
1099.16944444444,-0.08,-0.167146796975569,0.0829608835593874,0.0686840126587708,0
1099.17222222222,-0.12,-0.300898502700094,0.0789626956095712,0.0686903483411014,0
1099.175,-0.135,-0.410981843699563,0.0755590324731932,0.0686968017965158,0
1099.17777777778,-0.15,-0.495117892536223,0.0729866670591993,0.0687034588523759,0
1099.18055555556,-0.17,-0.552696780763769,0.0714569625471593,0.0687103748344366,0
1099.18333333333,-0.22,-0.584696904026478,0.071192382035477,0.0687175669815524,0
1099.18611111111,-0.28,-0.593498134637424,0.070191928851141,0.0687249654489734,0
1099.18888888889,-0.33,-0.582607221679498,0.0679160795488412,0.0687324598340755,0
1099.19166666667,-0.345,-0.556319623029573,0.0646218984126527,0.0687399256865225,0
1099.19444444444,-0.355,-0.519346009406471,0.0605377012214213,0.0687472388423893,0
1099.19722222222,-0.355,-0.476433336660371,0.0559177948939304,0.0687542833382074,0
1099.2,-0.35,-0.432009624358572,0.051025964040284,0.068760960035009,0
1099.20277777778,-0.355,-0.38987853046336,0.0461193773395538,0.0687671945197574,0
1099.20555555556,-0.35,-0.352984782575836,0.0414339566087192,0.0687729454846552,0
1099.20833333333,-0.35,-0.323264980438458,0.037172098635951,0.0687782086226756,0
1099.21111111111,-0.355,-0.301590800501849,0.0334934294391663,0.0687830178962693,0
1099.21388888889,-0.36,-0.287803852845768,0.0305090204650926,0.0687874433222307,0
1099.21666666667,-0.36,-0.280834013211188,0.0282792266925747,0.0687915850431924,0
1099.21944444444,-0.375,-0.278886581475979,0.0268150387537698,0.0687955637591155,0
1099.22222222222,-0.385,-0.279678609622107,0.0260825952436213,0.0687995079228504,0
1099.225,-0.4,-0.280701567567695,0.0260102950907072,0.0688035390213005,0
1099.22777777778,-0.385,-0.279486380040699,0.0264977971605987,0.0688077552441763,0
1099.23055555556,-0.385,-0.273847799765858,0.026675006889879,0.0688122097241163,0
1099.23333333333,-0.385,-0.262087933392913,0.0261038707178503,0.0688169008527713,0
1099.23611111111,-0.385,-0.243143199542006,0.0249834549037017,0.0688217643963564,0
1099.23888888889,-0.375,-0.216664637017235,0.0235254373230649,0.068826377132491,0
1099.24166666667,-0.365,-0.183027771408168,0.0220507023701551,0.0688309230558143,0
1099.24444444444,-0.365,-0.143274624859334,0.0206797189352783,0.0688357372884737,0
1099.24722222222,-0.36,-0.0989963605300212,0.0194652877086421,0.0688412056464214,0
1099.25,-0.37,-0.0521699907468908,0.0184451889729504,0.0688477467748438,0
1099.25277777778,-0.385,-0.0049661452705005,0.0177894380993572,0.0688508630479597,0
1099.25555555556,-0.39,0.0404531763259493,0.0175007606169163,0.0688420260987187,0
1099.25833333333,-0.415,0.0821277749372653,0.0175336806400202,0.0688188552187186,0
1099.26111111111,-0.42,0.118465801370507,0.0178021627529399,0.0687793691739946,0
1099.26388888889,-0.425,0.148369220198706,0.0181359006199713,0.0687221763480046,0
1099.26666666667,-0.425,0.171308010836505,0.0184413638879865,0.0686466894630643,0
1099.26944444444,-0.415,0.18733800594356,0.0186703233325662,0.0685532140288621,0
1099.27222222222,-0.41,0.197062655604654,0.0186287935761994,0.0684430350712022,0
1099.275,-0.405,0.201544210617444,0.0182297473486944,0.068318448596703,0
1099.27777777778,-0.405,0.202174373525079,0.0177724998441736,0.0681827311173119,0
1099.28055555556,-0.42,0.200517974857665,0.0172604858190011,0.0680400444663199,0
1099.28333333333,-0.44,0.198145400573879,0.0167053355209563,0.0678952275447578,0
1099.28611111111,-0.445,0.196470158258806,0.016124419215488,0.0677518458760107,0
1099.28888888889,-0.465,0.196607097061124,0.015538012877213,0.067603934126501,0
1099.29166666667,-0.485,0.199264501663531,0.014966442898564,0.0674460765003399,0
1099.29444444444,-0.5,0.204679802328826,0.0144275439159882,0.0672736656797038,0
1099.29722222222,-0.5,0.21260432263342,0.0139347070606971,0.0670830940275492,0
1099.3,-0.5,0.2223377356433,0.0134957132039639,0.0668718637696115,0
1099.30277777778,-0.495,0.23280816193334,0.0131124464369494,0.0666386096490008,0
1099.30555555556,-0.51,0.242689554651369,0.0127814777558112,0.0663830348901652,0
1099.30833333333,-0.525,0.250544566071175,0.0124954086241726,0.0661057685882935,0
1099.31111111111,-0.545,0.254978783411379,0.0122447788751041,0.0658081592242464,0
1099.31388888889,-0.545,0.254791257636078,0.0120202816688421,0.0654920243185515,0
1099.31666666667,-0.57,0.249106701416272,0.0119164947748868,0.0651593798126689,0
1099.31944444444,-0.585,0.237476545621507,0.0120616856543725,0.064812174282684,0
1099.32222222222,-0.6,0.219939038655738,0.0122305025051054,0.064456474077697,0
1099.325,-0.615,0.197032464965485,0.0123698152214628,0.064099348947582,0
1099.32777777778,-0.63,0.169759984446148,0.0124636295968233,0.063747988197417,0
1099.33055555556,-0.625,0.139509144043837,0.0124812031217931,0.063407703430933,0
1099.33333333333,-0.615,0.107933369062144,0.0125457703235247,0.0630792013540316,0
1099.33611111111,-0.62,0.0768063162691383,0.0127277561614737,0.0627636746818137,0
1099.33888888889,-0.61,0.0478625395030847,0.0130512092344625,0.0624626156429051,0
1099.34166666667,-0.6,0.0226392493132641,0.0135354667814994,0.0621775812160382,0
1099.34444444444,-0.595,0.00233392223807097,0.0141924473823511,0.0619099339393902,0
1099.34722222222,-0.59,-0.0123088635822079,0.0150244652416927,0.0616605818183101,0
1099.35,-0.58,-0.0210705959662779,0.016022826033093,0.0614297423100487,0
1099.35277777778,-0.585,-0.024284826645771,0.0171673933622625,0.061216753541046,0
1099.35555555556,-0.57,-0.0228130915576838,0.0184142895747444,0.0610199520296531,0
1099.35833333333,-0.56,-0.0179723931449619,0.0193572805764144,0.0608366305800385,0
1099.36111111111,-0.545,-0.0114203058062933,0.0199188860243047,0.0606630831686036,0
1099.36388888889,-0.535,-0.00500766274814482,0.0200520737373469,0.0604947693923545,0
1099.36666666667,-0.5,-0.000611803547615546,0.0197449543951886,0.0603273438092594,0
1099.36944444444,-0.47,3.47674788259142e-05,0.0190222107538451,0.0601664285340075,0
1099.37222222222,-0.435,-0.00449508597379545,0.0180150615360134,0.0600176989374335,0
1099.375,-0.42,-0.0151879759396131,0.0171843807615853,0.0598852505277912,0
1099.37777777778,-0.385,-0.0324926353608827,0.0165428302557199,0.0597721336727301,0
1099.38055555556,-0.355,-0.0562695172348333,0.0160895454752358,0.0596802669394027,0
1099.38333333333,-0.33,-0.0857923809495712,0.0158107802309957,0.0596104215808626,0
1099.38611111111,-0.335,-0.119802291588507,0.0156818796109323,0.059562273591024,0
1099.38888888889,-0.32,-0.156609765958921,0.0156704461915644,0.0595345154848108,0
1099.39166666667,-0.295,-0.194236435845039,0.015740440518992,0.0595250164620645,0
1099.39444444444,-0.275,-0.230583951782315,0.0158568512921359,0.0595307592461668,0
1099.39722222222,-0.255,-0.263615247050551,0.0158889953315983,0.0595341233245027,0
1099.4,-0.245,-0.291531960834137,0.0157570293143037,0.0595357462504437,0
1099.40277777778,-0.23,-0.312931911478129,0.0156317536497913,0.0595362836521246,0
1099.40555555556,-0.21,-0.326932024245791,0.0155019196045895,0.0595363710216056,0
1099.40833333333,-0.205,-0.333244939166166,0.0153614342883723,0.0595365876367066,0
1099.41111111111,-0.195,-0.332201426080973,0.0155566559410709,0.0595371589884118,0
1099.41388888889,-0.185,-0.324715393557695,0.015931012071933,0.0595375272055909,0
1099.41666666667,-0.185,-0.312193305434788,0.0165057906245135,0.0595372388484901,0
1099.41944444444,-0.2,-0.296394787302773,0.0173492180086117,0.0595360339883387,0
1099.42222222222,-0.2,-0.279255689195915,0.0185246933482953,0.0595338073597454,0
1099.425,-0.205,-0.26268848010256,0.0200831153107173,0.0595304904092312,0
1099.42777777778,-0.195,-0.248377263443951,0.0220553474196205,0.0595260434653049,0
1099.43055555556,-0.19,-0.237585695564479,0.0244454943069684,0.0595204486236102,0
1099.43333333333,-0.185,-0.230995552463814,0.0272256423793368,0.0595137615061897,0
1099.43611111111,-0.165,-0.228591640231315,0.0303326440098162,0.0595061523220845,0
1099.43888888889,-0.155,-0.229605324142493,0.0336673981775312,0.0594978019453512,0
1099.44166666667,-0.14,-0.2325244172103,0.0370969104061454,0.0594888843064098,0
1099.44444444444,-0.145,-0.235171872957599,0.0404592126919894,0.0594795713223055,0
1099.44722222222,-0.155,-0.23485008792737,0.0435710046560681,0.0594701923079139,0
1099.45,-0.15,-0.228542088972669,0.0462376570870851,0.059461174675525,0
1099.45277777778,-0.14,-0.213155907725046,0.0481930492327182,0.0594524205947608,0
1099.45555555556,-0.13,-0.185794439734395,0.0488840278432674,0.0594433946836753,0
1099.45833333333,-0.115,-0.144030386174277,0.048651250334634,0.0594336376397952,0
1099.46111111111,-0.1,-0.0861647194495014,0.0495085203644053,0.0594240019043428,0
1099.46388888889,-0.07,-0.0114476188245249,0.0515218413970344,0.0594227199253803,0
1099.46666666667,-0.02,0.0797570229726033,0.0546993655951154,0.0594324978812169,0
1099.46944444444,0.015,0.185878757076105,0.0589862890262608,0.0594558748402006,0
1099.47222222222,0.065,0.304129721060907,0.0642634493792855,0.0594950481014863,0
1099.475,0.14,0.430580284282085,0.0703499114237742,0.0595516913124625,0
1099.47777777778,0.175,0.560319450414058,0.0770095616246246,0.0596267848755714,0
1099.48055555556,0.235,0.687692018827454,0.0838915505771728,0.0597204734204436,0
1099.48333333333,0.3,0.806598735760922,0.0906222061763036,0.0598319627034485,0
1099.48611111111,0.35,0.910840815486866,0.0970243460895215,0.0599594672336115,0
1099.48888888889,0.42,0.994486650906736,0.102936983183113,0.0601002159388841,0
1099.49166666667,0.505,1.05223653621529,0.107873307139796,0.0602505205607005,0
1099.49444444444,0.61,1.07976094844449,0.111567186056863,0.0604059045949889,1
1099.49722222222,0.695,1.07398940807195,0.113806327182194,0.0605612902716017,0
1099.5,0.735,1.03333005907657,0.114445267590238,0.0607165025917383,0
1099.50277777778,0.705,0.957804651023466,0.113414763054976,0.060876624370768,0
1099.50555555556,0.57,0.849089240185763,0.11094967481944,0.0610462406701022,0
1099.50833333333,0.34,0.710457244023938,0.108910744754049,0.0612292530162271,0
1099.51111111111,-0.03,0.546628025906749,0.107234348390811,0.0614287482654501,0
1099.51388888889,-0.47,0.363530483515912,0.105871507017246,0.061646873093696,0
1099.51666666667,-0.955,0.167996715458753,0.104795144018142,0.0618847923305973,0
1099.51944444444,-1.36,-0.0325946480763242,0.104004681105058,0.0621428544625943,0
1099.52222222222,-1.675,-0.230702753518925,0.103527578178282,0.0624207276833,0
1099.525,-1.87,-0.419012266749541,0.103417685484642,0.0627175962800089,0
1099.52777777778,-2.005,-0.590800527493922,0.103750550129714,0.0630324110212577,0
1099.53055555556,-2.085,-0.740261921192436,0.104616078658024,0.0633639898714911,0
1099.53333333333,-2.17,-0.862770591035,0.106109182450945,0.0637073757847551,0
1099.53611111111,-2.23,-0.955067151660247,0.108319205223767,0.0640559728481514,0
1099.53888888889,-2.27,-1.01536047705366,0.110921001168021,0.0644026920050284,0
1099.54166666667,-2.3,-1.04334151225582,0.111952732575602,0.0647404245024812,0
1099.54444444444,-2.305,-1.04011197046138,0.111426631886985,0.0650645951091876,0
1099.54722222222,-2.29,-1.00803630056061,0.109427135201768,0.0653746017519127,0
1099.55,-2.24,-0.950530060990986,0.106103416956278,0.0656695914366023,0
1099.55277777778,-2.18,-0.871801496839569,0.101658684164524,0.0659485991187654,0
1099.55555555556,-2.105,-0.776565460592409,0.0963370027518461,0.0662107267903845,0
1099.55833333333,-1.99,-0.669749718939888,0.0904085502899915,0.066455339827359,0
1099.56111111111,-1.865,-0.556213135402985,0.0841542479377157,0.0666822606696272,0
1099.56388888889,-1.72,-0.440493306585095,0.0778507179815628,0.0668919411840631,0
1099.56666666667,-1.57,-0.32659815215206,0.0717564450432788,0.0670855956120303,0
1099.56944444444,-1.455,-0.217851989411177,0.066099896001234,0.0672652802347586,0
1099.57222222222,-1.365,-0.11680209410793,0.0610701867665062,0.0674340003467808,0
1099.575,-1.305,-0.0251870214668909,0.056880813020472,0.0675956250946255,0
1099.57777777778,-1.28,0.0560366012890106,0.0539104806869449,0.0677547843578185,0
1099.58055555556,-1.24,0.126616161104245,0.0522375971630435,0.0679121763789393,0
1099.58333333333,-1.18,0.186884649187465,0.0518849315567433,0.0680625963960508,0
1099.58611111111,-1.07,0.237614656153865,0.0525967062471678,0.0682008411587224,0
1099.58888888889,-0.94,0.279858823196497,0.0525205852397465,0.0683220837659053,0
1099.59166666667,-0.81,0.314790790352806,0.0517601103352078,0.068423559488023,0
1099.59444444444,-0.69,0.343559571775986,0.0504360246361683,0.0685036363714539,0
1099.59722222222,-0.6,0.367168218439364,0.0486773267172618,0.0685618079596698,0
1099.6,-0.555,0.386384813758441,0.0466129170305827,0.0685988110478011,0
1099.60277777778,-0.53,0.401690550472607,0.0443643308306922,0.0686163135919225,0
1099.60555555556,-0.53,0.413266148492986,0.0420399297352337,0.0686167144260243,0
1099.60833333333,-0.515,0.42101448701807,0.0397307845023039,0.0686028825825671,0
1099.61111111111,-0.48,0.424614312909476,0.0375083363143414,0.0685780386614212,0
1099.61388888889,-0.405,0.423597481701901,0.0354237841589037,0.0685455400997166,0
1099.61666666667,-0.295,0.417440558748941,0.0335090220161559,0.0685114580596257,0
1099.61944444444,-0.15,0.405660855548673,0.0317788498744571,0.0684776311308899,0
1099.62222222222,-0.025,0.387907122929214,0.0302341130670446,0.0684435845592679,0
1099.625,0.085,0.364036115112463,0.0288653882810114,0.0684091612351752,0
1099.62777777778,0.165,0.334167954426911,0.0276568322165604,0.0683748214575361,0
1099.63055555556,0.205,0.29871548708891,0.0265898379351369,0.0683410522039424,0
1099.63333333333,0.225,0.258385408209642,0.0256461997161321,0.0683081496815386,0
1099.63611111111,0.235,0.214151611610768,0.0248105631637281,0.0682761779474827,0
1099.63888888889,0.225,0.167203750871942,0.0240720255594058,0.0682451298608359,0
1099.64166666667,0.215,0.118876167131862,0.0234248437093016,0.0682149419647866,0
1099.64444444444,0.245,0.0705639700822695,0.0229258247231665,0.0681855106762345,0
1099.64722222222,0.27,0.0236340274041982,0.0225899910417057,0.0681567091084836,0
1099.65,0.29,-0.0206611378857735,0.0224178600918359,0.0681284012153407,0
1099.65277777778,0.315,-0.0612590206813269,0.0224243914100956,0.0681002082291928,0
1099.65555555556,0.335,-0.0973459911826794,0.0225653560268948,0.0680717886419065,0
1099.65833333333,0.33,-0.128394621829314,0.0225885962370162,0.068042972071407,0
1099.66111111111,0.35,-0.154176814229588,0.0224940687769509,0.0680138352916987,0
1099.66388888889,0.37,-0.174752283517845,0.0222864561285024,0.0679844335464682,0
1099.66666666667,0.39,-0.190434164615165,0.0219754700465938,0.0679548035648692,0
1099.66944444444,0.405,-0.201735497496515,0.0215755570544076,0.0679249841935373,0
1099.67222222222,0.43,-0.209301956301686,0.0211050436180529,0.0678952577033373,0
1099.675,0.44,-0.213837277705149,0.0205848165544402,0.067865816960513,0
1099.67777777778,0.47,-0.216028333843182,0.0200366806745973,0.0678367326775245,0
1099.68055555556,0.475,-0.216476655509234,0.0194815668283252,0.0678078761720462,0
1099.68333333333,0.49,-0.215642469392985,0.0189377770226995,0.0677791070791869,0
1099.68611111111,0.515,-0.213806048134969,0.0184194484341254,0.0677502874731642,0
1099.68888888889,0.525,-0.211049507156109,0.0179353958897368,0.0677212969448959,0
1099.69166666667,0.55,-0.207260273035171,0.0174884552547467,0.0676920463298712,0
1099.69444444444,0.58,-0.202155467940422,0.0170754018817152,0.0676624879120168,0
1099.69722222222,0.59,-0.19532457889394,0.0166874634987485,0.067632621653006,0
1099.7,0.61,-0.186286172035565,0.0163113907358133,0.0676024969574869,0
1099.70277777778,0.64,-0.174553206221114,0.0159309960092975,0.0675722088843726,0
1099.70555555556,0.665,-0.159700794779712,0.0155290273569483,0.0675418886146202,0
1099.70833333333,0.7,-0.141430110867559,0.0150892118537996,0.0675116894682447,0
1099.71111111111,0.725,-0.119622533183845,0.0148007353247202,0.0674816261435049,0
1099.71388888889,0.735,-0.0943790391493436,0.0148293662642927,0.0674517705353781,0
1099.71666666667,0.765,-0.0660411830659147,0.0151286777393486,0.0674222473301774,0
1099.71944444444,0.775,-0.0351916238689809,0.0156461268107835,0.0673929201088175,0
1099.72222222222,0.805,-0.00263394449204399,0.0163274116137025,0.0673636197928719,0
1099.725,0.82,0.030646723488898,0.0170630832348853,0.0673341518862627,0
1099.72777777778,0.835,0.0635391423797007,0.0177956058599855,0.0673043051884833,0
1099.73055555556,0.86,0.0948730292549583,0.0184934307437096,0.0672741279182142,0
1099.73333333333,0.87,0.123492364232599,0.0191220587741366,0.06724399740157,0
1099.73611111111,0.875,0.148329121627917,0.0196463503513868,0.0672142363886082,0
1099.73888888889,0.88,0.168471642149431,0.020032990461812,0.0671850638518381,0
1099.74166666667,0.89,0.183222387480746,0.0202529226248016,0.0671566573834473,0
1099.74444444444,0.88,0.192140765850876,0.0202835673577729,0.0671291338468495,0
1099.74722222222,0.885,0.195067997356884,0.0201106572848119,0.0671025357419714,0
1099.75,0.87,0.192132483818837,0.0197295504390816,0.0670768246181513,0
1099.75277777778,0.855,0.183735727766063,0.0191459231016332,0.0670518822238174,0
1099.75555555556,0.835,0.170520373585978,0.0183757903308389,0.0670276622999293,0
1099.75833333333,0.82,0.153323294376335,0.0174448523411671,0.0670042113811147,0
1099.76111111111,0.795,0.13311771342563,0.0163872141085798,0.0669815532905219,0
1099.76388888889,0.77,0.110949050295079,0.0152855008111547,0.0669596895915171,0
1099.76666666667,0.75,0.0878694729091576,0.0141748689442887,0.0669386026515306,0
1099.76944444444,0.71,0.0648760103022993,0.0130849966280991,0.0669182609798255,0
1099.77222222222,0.685,0.0428565632989777,0.0120502927064755,0.0668986262615087,0
1099.775,0.65,0.0225473024639734,0.0111073079398684,0.0668796607944706,0
1099.77777777778,0.6,0.00450385021516051,0.0102918707509406,0.0668613342363486,0
1099.78055555556,0.565,-0.0109125893699135,0.00963621029317567,0.0668436293636917,0
1099.78333333333,0.51,-0.0235342524405314,0.00916632515783377,0.0668265457861576,0
1099.78611111111,0.48,-0.0333722717660651,0.00889982859455841,0.0668100054424233,0
1099.78888888889,0.455,-0.0405908571520391,0.00884445384231334,0.0667938427303755,0
1099.79166666667,0.41,-0.0454732420497517,0.00879489166793014,0.066777907943994,0
1099.79444444444,0.39,-0.0483828857312182,0.0085636187727911,0.0667620725880976,0
1099.79722222222,0.345,-0.049723540114163,0.00817207133162612,0.0667462643981962,0
1099.8,0.305,-0.0499015905660649,0.00764717249809368,0.066730615308121,0
1099.80277777778,0.265,-0.049293596814455,0.00701954463897178,0.0667152189828889,0
1099.80555555556,0.225,-0.0482212529726285,0.0063216559566034,0.0667001139714233,0
1099.80833333333,0.2,-0.0469351312513226,0.00558602413116956,0.0666852702101935,0
1099.81111111111,0.18,-0.0456076581031509,0.00484358593016692,0.0666704938328196,0
1099.81388888889,0.14,-0.0443348813571145,0.00412232105729864,0.066656150548164,0
1099.81666666667,0.115,-0.0431458024407047,0.0034461929334843,0.0666426702506981,0
1099.81944444444,0.095,-0.0420174351943717,0.00283444096543274,0.0666303803669114,0
1099.82222222222,0.065,-0.0408933587879719,0.00230444863990053,0.0666195958544363,0
1099.825,0.02,-0.0397033807528276,0.00187957873389923,0.0666106685792752,0
1099.82777777778,-0.005,-0.0383820170619269,0.00155478694953834,0.0665935273593047,0
1099.83055555556,-0.02,-0.0368838065809929,0.00131875437259374,0.0665600997164964,0
1099.83333333333,-0.055,-0.0351939644872506,0.00115554810823484,0.0665086203399527,0
1099.83611111111,-0.07,-0.0333334861009508,0.00106391669713183,0.0664380625190821,0
1099.83888888889,-0.065,-0.0313584730637477,0.00104574637995433,0.0663482905792946,0
1099.84166666667,-0.07,-0.0293541000275785,0.00109138416014897,0.0662401669302606,0
1099.84444444444,-0.085,-0.0274242086857105,0.00114869324037471,0.066115576212745,0
1099.84722222222,-0.11,-0.0256779542373704,0.00121738183732985,0.0659772650992852,0
1099.85,-0.095,-0.0242151994595886,0.00130496272384818,0.0658289607657799,0
1099.85277777778,-0.115,-0.0231124337694469,0.00141427104079957,0.0656752460724929,0
1099.85555555556,-0.13,-0.0224108885250585,0.00154373933873715,0.0655213709516245,0
1099.85833333333,-0.14,-0.0221082433497409,0.0016880891449099,0.0653638017964555,0
1099.86111111111,-0.155,-0.0221549054943807,0.00183934245366305,0.0651969502477297,0
1099.86388888889,-0.15,-0.0224553412909609,0.00198803213031056,0.0650160350514422,0
1099.86666666667,-0.16,-0.0228743988700288,0.0021244783818426,0.0648173805709173,0
1099.86944444444,-0.17,-0.0232480395246093,0.00223999967624935,0.0645985415219671,0
1099.87222222222,-0.145,-0.0233974427559139,0.0023279400421741,0.0643581783986114,0
1099.875,-0.13,-0.0231451099964346,0.00238441869492155,0.0640958229982583,0
1099.87777777778,-0.13,-0.0223313948116374,0.00240873966597469,0.0638119320737846,0
1099.88055555556,-0.14,-0.020829848734091,0.00240343522006827,0.0635076870925194,0
1099.88333333333,-0.13,-0.0185598916559346,0.0023739537316574,0.0631847498438363,0
1099.88611111111,-0.145,-0.015495578502409,0.00232803686101771,0.0628449969811063,0
1099.88888888889,-0.15,-0.0116696110720716,0.00227485923729808,0.0624902580403477,0
1099.89166666667,-0.155,-0.00717219673230941,0.00222481480715186,0.0621231487881135,0
1099.89444444444,-0.165,-0.00214483934608326,0.00218826779497102,0.0617506632826373,0
1099.89722222222,-0.155,0.00323038394933614,0.00216748133753716,0.0613801050257291,0
1099.9,-0.15,0.00874509714951073,0.00217038441494348,0.0610188523888084,0
1099.90277777778,-0.165,0.0141811741786881,0.00219572151096113,0.0606705248159001,0
1099.90555555556,-0.15,0.0193280935082615,0.00222786285272719,0.0603365052107055,0
1099.90833333333,-0.15,0.0239995747369582,0.00227148365194864,0.0600184409948094,0
1099.91111111111,-0.15,0.0280480558297099,0.00233026634237864,0.0597180002259775,0
1099.91388888889,-0.165,0.0313757788531283,0.00240651409174955,0.0594366161800482,0
1099.91666666667,-0.175,0.0339415653999692,0.00248343942101119,0.0591752257743234,0
1099.91944444444,-0.18,0.0357627495058861,0.00253845752670859,0.0589340329814604,0
1099.92222222222,-0.18,0.0369121593781401,0.00255963212625609,0.0587123216729666,0
1099.925,-0.175,0.037510461471457,0.00253634169710741,0.0585083637486326,0
1099.92777777778,-0.185,0.0377145648319279,0.00246013875267022,0.0583195295602908,0
1099.93055555556,-0.18,0.0377030985283867,0.00233098809082616,0.0581421403037422,0
1099.93333333333,-0.175,0.0376601961914891,0.00221632804592919,0.0579715840452127,0
1099.93611111111,-0.175,0.0377589341702954,0.00212471843689601,0.0578022700557048,0
1099.93888888889,-0.175,0.0381457685903963,0.00206410871847804,0.0576375146357527,0
1099.94166666667,-0.175,0.038927206519548,0.00204119019482394,0.0574830490581923,0
1099.94444444444,-0.18,0.040159741227344,0.00206081256730068,0.0573434816362329,0
1099.94722222222,-0.185,0.0418438019838341,0.00212551635864798,0.0572224210953482,0
1099.95,-0.185,0.0439221406608844,0.00223522549410404,0.057122358834122,0
1099.95277777778,-0.195,0.0462827286239455,0.00238713292160134,0.0570443163626536,0
1099.95555555556,-0.2,0.0487658959320125,0.00257579744229505,0.0569882115240047,0
1099.95833333333,-0.205,0.0511751361820341,0.00279345304115291,0.0569529019814081,0
1099.96111111111,-0.205,0.053290745646458,0.0030305143237655,0.056936346958059,0
1099.96388888889,-0.205,0.0548852802793028,0.00327624466407317,0.0569358060746422,0
1099.96666666667,-0.205,0.0557397080441498,0.00351953882356446,0.0569361013183185,0
1099.96944444444,-0.195,0.0556591098072901,0.00374976045502295,0.0569343685091432,0
1099.97222222222,-0.195,0.0544868367695399,0.0039567773582316,0.0569311031113227,0
1099.975,-0.19,0.0521161580452759,0.00413191257507178,0.0569268135750282,0
1099.97777777778,-0.19,0.0484986165839777,0.00427563867180503,0.056921995396516,0
1099.98055555556,-0.19,0.0436485405697721,0.00438339502824552,0.056917108851379,0
1099.98333333333,-0.195,0.0376434147387692,0.00445680245783433,0.0569120046855971,0
1099.98611111111,-0.2,0.0306200854601242,0.00450061667120237,0.0569062372250779,0
1099.98888888889,-0.215,0.0227670393032018,0.00452238159121324,0.0568995269795759,0
1099.99166666667,-0.225,0.0143132428130284,0.00453184406768941,0.0568917571256014,0
1099.99444444444,-0.225,0.00551424868949221,0.00454017049656581,0.056883037421296,0
1099.99722222222,-0.225,-0.00336355022422642,0.00455902324132201,0.0568735445664497,0
1100,-0.22,-0.0120595115259086,0.00459956782719445,0.0568634641633844,0
1100.00277777778,-0.23,-0.0203351012670851,0.00467148941181355,0.0568529744913451,0
1100.00555555556,-0.235,-0.0279889339856494,0.00478209824351174,0.0568423428898318,0
1100.00833333333,-0.225,-0.0348694646584162,0.00493559842756965,0.0568318042465722,0
1100.01111111111,-0.225,-0.0408844211550085,0.00512702411085748,0.0568215317838516,0
1100.01388888889,-0.235,-0.0460062447802713,0.005283393065985,0.0568116173283388,0
1100.01666666667,-0.225,-0.0502730395643419,0.00539030761819961,0.05680202243842,0
1100.01944444444,-0.23,-0.0537848083212167,0.00543396169658483,0.056792651633652,0
1100.02222222222,-0.235,-0.056695061708444,0.00540208008763537,0.0567834026205305,0
1100.025,-0.24,-0.0591982086039132,0.00528479645452201,0.0567740743826158,0
1100.02777777778,-0.235,-0.0615134520407185,0.00507540207692118,0.0567644602816848,0
1100.03055555556,-0.225,-0.0638662025355778,0.0048383131071577,0.0567546443979666,0
1100.03333333333,-0.225,-0.0664682569360545,0.00465387200090222,0.0567448218376055,0
1100.03611111111,-0.235,-0.0694981538420511,0.00453463013207828,0.0567346987657737,0
1100.03888888889,-0.23,-0.0730831870823736,0.00449012178108056,0.0567239246014663,0
1100.04166666667,-0.215,-0.0772845225007514,0.00452630113970715,0.0567150103664091,0
1100.04444444444,-0.21,-0.0820867132528437,0.00464526539813585,0.0567143021376877,0
1100.04722222222,-0.205,-0.08739264635537,0.00484528324233666,0.0567244306575845,0
1100.05,-0.215,-0.0930245894075769,0.0051211210101519,0.0567479073928825,0
1100.05277777778,-0.22,-0.0987315621440251,0.00546463193369382,0.0567869237486665,0
1100.05555555556,-0.225,-0.104202762882513,0.00586554977242439,0.0568431501052834,0
1100.05833333333,-0.25,-0.109086272616982,0.00631240899048647,0.0569175501787927,0
1100.06111111111,-0.255,-0.113011781971654,0.0067935013556555,0.0570102261073431,0
1100.06388888889,-0.26,-0.115615682442369,0.00729777477864067,0.0571203083615372,0
1100.06666666667,-0.26,-0.11656657477059,0.00781558501028113,0.0572459021152369,0
1100.06944444444,-0.245,-0.115589108736808,0.00833922432018104,0.0573841734211998,0
1100.07222222222,-0.23,-0.112484104328044,0.00886317253315805,0.057531450454681,0
1100.075,-0.22,-0.107143124400402,0.00938404308134472,0.0576830996811589,0
1100.07777777778,-0.21,-0.099556067665617,0.00990022768691491,0.0578338649969072,0
1100.08055555556,-0.21,-0.0898109049637638,0.0104112751218313,0.0579894209408114,0
1100.08333333333,-0.22,-0.078085351728155,0.0109170691829247,0.0581547795209347,0
1100.08611111111,-0.22,-0.0646310015277673,0.0114168956137119,0.058334177750433,0
1100.08888888889,-0.215,-0.0497511755883586,0.011908504569195,0.0585308809027324,0
1100.09166666667,-0.2,-0.0337744023090504,0.0123872823164283,0.0587470747041801,0
1100.09444444444,-0.185,-0.0170259613606011,0.0128456419606989,0.0589838761484718,0
1100.09722222222,-0.16,0.000199750747269677,0.0132727278199501,0.0592414249502375,0
1100.1,-0.135,0.0176631980940465,0.0136545024182239,0.0595190446579165,0
1100.10277777778,-0.12,0.0351973807478436,0.0139742507438202,0.0598154568648426,0
1100.10555555556,-0.105,0.0527170243608862,0.014213496155392,0.060129027828253,0
1100.10833333333,-0.08,0.0702178077847889,0.0143532795820867,0.0604580148893666,0
1100.11111111111,-0.07,0.0877650564559815,0.0143308467973568,0.0608005468109877,0
1100.11388888889,-0.055,0.105472356753872,0.014440881884792,0.0611531993426456,0
1100.11666666667,-0.055,0.123471607221404,0.0146940334939048,0.0615086582965034,0
1100.11944444444,-0.045,0.1418770160743,0.0150949545310301,0.0618594309543766,0
1100.12222222222,-0.035,0.160746379264387,0.0156411105180928,0.0621989657712261,0
1100.125,-0.02,0.180043536509308,0.0163220726442555,0.0625259656425896,0
1100.12777777778,0.01,0.199606129320846,0.0171194128902473,0.0628390569039723,0
1100.13055555556,0.055,0.219122627042817,0.018007273138078,0.0631366561883891,0
1100.13333333333,0.075,0.238122029463113,0.0189536241666927,0.0634171982386705,0
1100.13611111111,0.11,0.255978720119885,0.019922168189074,0.0636793812283337,0
1100.13888888889,0.105,0.271933693204296,0.0208747752951554,0.0639224069783471,0
1100.14166666667,0.095,0.28513190400126,0.0217742854846391,0.0641461937356358,0
1100.14444444444,0.085,0.294673921407557,0.0225874595597953,0.0643515413678729,0
1100.14722222222,0.06,0.299678533109926,0.0232878291526794,0.0645402327322287,0
1100.15,0.03,0.299351617833311,0.0238581827435527,0.0647149850690355,0
1100.15277777778,0.04,0.293055595888926,0.0242924334213414,0.0648794270711931,0
1100.15555555556,0.035,0.280373219297014,0.0245966463142039,0.0650382739539469,0
1100.15833333333,0.055,0.261159452485594,0.0247890580837913,0.0651976152248068,0
1100.16111111111,0.055,0.235575766158924,0.024898994622781,0.0653518980780301,0
1100.16388888889,0.045,0.204102311264598,0.0249646812256247,0.0654957839547777,0
1100.16666666667,0.04,0.167525093930448,0.0250300355278387,0.0656244187993243,0
1100.16944444444,0.02,0.126897320803949,0.0251406297971015,0.065734740312558,0
1100.17222222222,-0.01,0.0834763676948147,0.0253390975101252,0.0658248630082504,0
1100.175,-0.04,0.0386401500973057,0.0256603314551155,0.0658941002560229,0
1100.17777777778,-0.07,-0.00621116808692538,0.026126869537181,0.0659429115278243,0
1100.18055555556,-0.1,-0.0497604109287282,0.0267448841616282,0.0659727828422078,0
1100.18333333333,-0.13,-0.090876641762057,0.027501177693286,0.0659860517715233,0
1100.18611111111,-0.155,-0.128707003568739,0.0283615386911633,0.0659917772670749,0
1100.18888888889,-0.16,-0.162748041127966,0.029270732804115,0.0659857769118086,0
1100.19166666667,-0.175,-0.192888559455032,0.0301317467204239,0.0659664817028942,0
1100.19444444444,-0.19,-0.219418033645933,0.0304653847640521,0.0659329104970671,0
1100.19722222222,-0.205,-0.242997225431501,0.0301425220133415,0.0658848310533086,0
1100.2,-0.22,-0.264590793915099,0.0299106169232124,0.0658228825887788,0
1100.20277777778,-0.24,-0.285365068587653,0.0300980047092033,0.0657487670785488,0
1100.20555555556,-0.255,-0.30655750059678,0.0307912733955602,0.065666224055945,0
1100.20833333333,-0.26,-0.329327327216939,0.032055803126995,0.0655813276047965,0
1100.21111111111,-0.265,-0.354599388616598,0.0339280673379885,0.0654984982680779,0
1100.21388888889,-0.275,-0.382914575441612,0.0364092563764228,0.0654129296061541,0
1100.21666666667,-0.27,-0.414300870478282,0.0394608124338827,0.0653194472573,0
1100.21944444444,-0.26,-0.448178267671664,0.0430023660015959,0.065212785506482,0
1100.22222222222,-0.26,-0.483308990886703,0.0469124220866439,0.0650878847008513,0
1100.225,-0.27,-0.517801477231442,0.0510319673882281,0.0649401950432637,0
1100.22777777778,-0.275,-0.54917271820941,0.0551709689767526,0.0647659262179333,0
1100.23055555556,-0.27,-0.574469037058982,0.0591175245531854,0.0645622683438771,0
1100.23333333333,-0.265,-0.590440562268584,0.0626492193299336,0.0643280058786264,0
1100.23611111111,-0.255,-0.593759919089888,0.0655460605142785,0.0640636651939301,0
1100.23888888889,-0.255,-0.581271399892212,0.0676042119645672,0.0637707655530138,0
1100.24166666667,-0.24,-0.550253467771806,0.0686496514659299,0.0634515086964794,0
1100.24444444444,-0.24,-0.498675220973128,0.0685508307917057,0.063110230775363,0
1100.24722222222,-0.21,-0.42542664142737,0.0684106746433808,0.0627524830529352,0
1100.25,-0.185,-0.330503206182058,0.0694013192435378,0.0623849333491192,0
1100.25277777778,-0.115,-0.21512777095833,0.0714100245836271,0.0620147442721655,0
1100.25555555556,-0.01,-0.0817964276944832,0.0742837165052168,0.0616493866111976,0
1100.25833333333,0.155,0.065759943953429,0.0778411096807289,0.0612952811584397,0
1100.26111111111,0.355,0.222700813261625,0.0818865253485278,0.060950567580507,0
1100.26388888889,0.565,0.383283857840895,0.0862243080815673,0.0606136541228193,0
1100.26666666667,0.78,0.541145265714787,0.0906726918009653,0.0602831519208504,0
1100.26944444444,0.98,0.689636414990567,0.0950760054894698,0.0599577792979398,0
1100.27222222222,1.16,0.822196081843331,0.099314241803671,0.059636246601508,0
1100.275,1.335,0.932733950380233,0.103309227346612,0.0593171352396907,0
1100.27777777778,1.475,1.01599953422417,0.107026914865794,0.0589987844252984,0
1100.28055555556,1.575,1.06791084824729,0.109614365131997,0.0586791984142959,0
1100.28333333333,1.625,1.08581932336734,0.110700099858801,0.0583559864786664,1
1100.28611111111,1.605,1.06869141965964,0.110217068529695,0.0580263435153016,0
1100.28888888889,1.515,1.01719289963493,0.108178156677232,0.0576870763753798,0
1100.29166666667,1.39,0.933668383372675,0.105133904585446,0.057336382204524,0
1100.29444444444,1.2,0.822016130821561,0.101975019550834,0.0569812299558599,0
1100.29722222222,0.945,0.687465433695039,0.0986406498453761,0.0566285278599198,0
1100.3,0.655,0.53627098213549,0.0951026061929922,0.0562848072314015,0
1100.30277777778,0.39,0.375344559662303,0.0913727933517839,0.0559559389721505,0
1100.30555555556,0.17,0.211848945455022,0.0875069210476049,0.0556468978090048,0
1100.30833333333,0.03,0.0527816075104265,0.0836040741395189,0.0553616261909356,0
1100.31111111111,-0.06,-0.0954235644509818,0.0798020749997309,0.0551029599386374,0
1100.31388888889,-0.11,-0.227249670405866,0.076268934522773,0.0548724895986568,0
1100.31666666667,-0.13,-0.338381965283469,0.0731910310535823,0.0546705631354571,0
1100.31944444444,-0.16,-0.425906542201026,0.0707589493726307,0.0544962598078504,0
1100.32222222222,-0.195,-0.48841078139875,0.0691521291946212,0.0543476252200782,0
1100.325,-0.255,-0.525981119653349,0.0685455960217264,0.0542218472660137,0
1100.32777777778,-0.315,-0.540101255477672,0.0680831349287393,0.054115148801325,0
1100.33055555556,-0.36,-0.533461130894151,0.066468620127311,0.0540220678998065,0
1100.33333333333,-0.4,-0.509693361674171,0.0637004116683097,0.0539369758096126,0
1100.33611111111,-0.425,-0.473058739868603,0.05986089967433,0.0538541523934094,0
1100.33888888889,-0.435,-0.428105634139824,0.0554116470586319,0.0537690097439366,0
1100.34166666667,-0.42,-0.37932933722667,0.0506051745658712,0.0536851275710894,0
1100.34444444444,-0.41,-0.33085658946859,0.045693585076057,0.0536055865661176,0
1100.34722222222,-0.41,-0.286177741929193,0.0409142330809959,0.0535329186964686,0
1100.35,-0.405,-0.247944567707265,0.0364772076896758,0.0534690689834996,0
1100.35277777778,-0.425,-0.217845974686279,0.0325553392112614,0.0534153942736601,0
1100.35555555556,-0.45,-0.196567306755906,0.0292772325344374,0.0533726965724635,0
1100.35833333333,-0.46,-0.183832091659561,0.0267235971657863,0.0533412833285775,0
1100.36111111111,-0.475,-0.178518562798721,0.0249269019036378,0.0533209657951011,0
1100.36388888889,-0.475,-0.178837575904824,0.0238741497452359,0.0533112049663051,0
1100.36666666667,-0.47,-0.182554107915904,0.0235123624548492,0.0533112303181025,0
1100.36944444444,-0.46,-0.187231698699192,0.0237561983819213,0.0533201402503018,0
1100.37222222222,-0.47,-0.190478169650406,0.024039072524568,0.0533321718288341,0
1100.375,-0.46,-0.190171764924704,0.0235155108825846,0.0533432848352155,0
1100.37777777778,-0.46,-0.184649393653427,0.0223533097579093,0.0533536696644734,0
1100.38055555556,-0.46,-0.172842644383938,0.020861212158611,0.0533635002291332,0
1100.38333333333,-0.465,-0.154352317115363,0.0193495870415754,0.0533729307980589,0
1100.38611111111,-0.46,-0.129457910764852,0.017908128856401,0.0533820937199718,0
1100.38888888889,-0.475,-0.09906430916854,0.0166041912640284,0.0533910991656797,0
1100.39166666667,-0.465,-0.0645933230811509,0.0154811434579813,0.0534000145193555,0
1100.39444444444,-0.47,-0.02783231075416,0.0145587934611251,0.0534087610077435,0
1100.39722222222,-0.475,0.00924455843256089,0.01383564259833,0.0534173042689483,0
1100.4,-0.475,0.0446649727478103,0.0135003866091011,0.0534257293398476,0
1100.40277777778,-0.475,0.0766393993518784,0.0135287846559349,0.0534341289259622,0
1100.40555555556,-0.485,0.103717906185262,0.013814969828324,0.0534426118126869,0
1100.40833333333,-0.47,0.124909283894677,0.0140343411573564,0.053451260683429,0
1100.41111111111,-0.47,0.139752758614954,0.0142262543794013,0.0534599805334594,0
1100.41388888889,-0.46,0.148337240217415,0.0144235861627826,0.0534686887811166,0
1100.41666666667,-0.46,0.151268029407398,0.0146287342064092,0.0534773179185041,0
1100.41944444444,-0.465,0.149585754058271,0.0145157001140846,0.0534858176969084,0
1100.42222222222,-0.49,0.144646585539148,0.0142049609049959,0.0534942043748355,0
1100.425,-0.505,0.137976125151126,0.013860178696487,0.0535023904322842,0
1100.42777777778,-0.5,0.131111467790533,0.0134984971004087,0.0535102998828573,0
1100.43055555556,-0.51,0.125446679943971,0.0131425724769552,0.0535178745302528,0
1100.43333333333,-0.51,0.122096236831815,0.0128173842518458,0.0535250752424611,0
1100.43611111111,-0.515,0.121788943922499,0.0125469561245216,0.0535318828580263,0
1100.43888888889,-0.53,0.124801735331207,0.0123513224234094,0.0535382975330537,0
1100.44166666667,-0.535,0.130938807550225,0.0122440315904462,0.0535444179647387,0
1100.44444444444,-0.56,0.139557190655612,0.0122304121541266,0.053550382057611,0
1100.44722222222,-0.565,0.149635491208633,0.012306742831642,0.0535562458421609,0
1100.45,-0.585,0.159878565431221,0.0124603760054202,0.0535619798185466,0
1100.45277777778,-0.585,0.168847658100493,0.0126707715321642,0.0535675369463407,0
1100.45555555556,-0.605,0.175103356091367,0.012911314013851,0.0535728533912611,0
1100.45833333333,-0.625,0.177347738685229,0.0131517184792958,0.0535778509378282,0
1100.46111111111,-0.63,0.174552426479314,0.0132447633371344,0.0535824409263524,0
1100.46388888889,-0.64,0.166060783257494,0.0130963270312572,0.0535866784613538,0
1100.46666666667,-0.665,0.151655143193256,0.013033237216835,0.0535907485030776,0
1100.46944444444,-0.67,0.131583355677095,0.0130734096233178,0.0535948112367975,0
1100.47222222222,-0.685,0.106542828117879,0.0132263279573535,0.0535990192480118,0
1100.475,-0.705,0.0776242314832895,0.0134921492260855,0.0536036237179775,0
1100.47777777778,-0.715,0.0462207396288223,0.0138616004285949,0.0536087891805042,0
1100.48055555556,-0.725,0.0139117594695072,0.0141088728250607,0.0536146178922355,0
1100.48333333333,-0.74,-0.0176677034812948,0.0142008571570862,0.0536211583910268,0
1100.48611111111,-0.765,-0.0469597999626242,0.0141510066231463,0.0536283969789409,0
1100.48888888889,-0.775,-0.072606539711608,0.0139956981167078,0.0536362514363147,0
1100.49166666667,-0.8,-0.0935514847074611,0.0137894780113104,0.0536445706576855,0
1100.49444444444,-0.82,-0.109111698278838,0.013598514246126,0.0536531412993983,0
1100.49722222222,-0.805,-0.119014216966722,0.0134929350452945,0.0536617005817049,0
1100.5,-0.82,-0.123394793193168,0.013538832712885,0.0536699543746022,0
1100.50277777778,-0.825,-0.122760277544487,0.0135979525695263,0.0536775974263629,0
1100.50555555556,-0.805,-0.117919421774708,0.0135068619133904,0.053684472277366,0
1100.50833333333,-0.81,-0.109889764626114,0.013264805362283,0.0536904421802672,0
1100.51111111111,-0.805,-0.099790345092516,0.0128785169612413,0.0536953999876791,0
1100.51388888889,-0.8,-0.0887310851871334,0.0123613537600475,0.0536992784966313,0
1100.51666666667,-0.795,-0.0777097074050432,0.0117320800073015,0.0537020900727927,0
1100.51944444444,-0.8,-0.0675260164988298,0.0110134346860454,0.0537038942651641,0
1100.52222222222,-0.79,-0.0587213986510708,0.0102306193906489,0.0537047951859479,0
1100.525,-0.765,-0.0515486810299406,0.0094098341798142,0.0537049447679017,0
1100.52777777778,-0.75,-0.0459743271636368,0.00857696804115479,0.0537044381996469,0
1100.53055555556,-0.735,-0.0417116359975738,0.00775652105125034,0.0537032354393953,0
1100.53333333333,-0.69,-0.0382804925186476,0.00709776213542448,0.0537013110138101,0
1100.53611111111,-0.67,-0.0350865913518882,0.00675604270157849,0.0536986567274868,0
1100.53888888889,-0.625,-0.0315111763979019,0.00673356980673185,0.0536952825442566,0
1100.54166666667,-0.58,-0.0270013883493889,0.00700739353284073,0.0536912166311829,0
1100.54444444444,-0.545,-0.0211513741555096,0.00748815212133997,0.0536863559850995,0
1100.54722222222,-0.5,-0.0137653740733857,0.00786586936694578,0.053680487134662,0
1100.55,-0.485,-0.00489595018743371,0.00813529071532227,0.0536734472276203,0
1100.55277777778,-0.465,0.0051468445371631,0.00829365677832219,0.0536651352294205,0
1100.55555555556,-0.435,0.0158165023421179,0.00834066714986085,0.0536555151487176,0
1100.55833333333,-0.435,0.0263792798801574,0.00827853420167029,0.053644614029726,0
1100.56111111111,-0.42,0.0359866164729741,0.00811210999837826,0.0536325155234548,0
1100.56388888889,-0.39,0.0437633083095696,0.00784904697738812,0.0536193489681294,0
1100.56666666667,-0.355,0.0489022867697761,0.00770348743619359,0.0536052800630814,0
1100.56944444444,-0.32,0.050756063811531,0.00774062607194021,0.0535904962829843,0
1100.57222222222,-0.295,0.0489151273746279,0.00792421794671062,0.0535751894302556,0
1100.575,-0.275,0.0432647773847852,0.00820209121604983,0.0535595424156492,0
1100.57777777778,-0.27,0.0340139726474536,0.00851215148514808,0.0535437245279397,0
1100.58055555556,-0.265,0.0216925083638493,0.00878935685874786,0.0535278640535881,0
1100.58333333333,-0.25,0.00711599364868993,0.00897295831834518,0.053512040842408,0
1100.58611111111,-0.25,-0.00867866224365745,0.00901327411523728,0.0534962837891081,0
1100.58888888889,-0.25,-0.0245215384951697,0.00887731305718783,0.0534805855451631,0
1100.59166666667,-0.25,-0.0392135738557656,0.00859026621617424,0.0534649140457003,0
1100.59444444444,-0.255,-0.0516361345357693,0.00840100373351013,0.0534492167401113,0
1100.59722222222,-0.245,-0.0608556568203333,0.00831541057649226,0.0534334042388663,0
1100.6,-0.235,-0.0662130458310777,0.00833325576111692,0.0534174034250736,0
1100.60277777778,-0.23,-0.0673888360701226,0.00844800836546569,0.0534011806160719,0
1100.60555555556,-0.22,-0.0644373451436339,0.00864710069135747,0.0533847543354095,0
1100.60833333333,-0.205,-0.0577859708406779,0.00891264278586147,0.0533684005798909,0
1100.61111111111,-0.21,-0.048199115306273,0.00922255091096267,0.0533527304434054,0
1100.61388888889,-0.205,-0.0367096470165098,0.00942505130343053,0.0533376083157203,0
1100.61666666667,-0.215,-0.0245239980459011,0.00935853478721478,0.0533227233323781,0
1100.61944444444,-0.225,-0.0129096272575211,0.00906678534379726,0.0533076921097499,0
1100.62222222222,-0.24,-0.003075396880686,0.00882911109528229,0.0532920769528886,0
1100.625,-0.245,0.00394377542306406,0.00866421540046044,0.053276921619818,0
1100.62777777778,-0.245,0.00738690482175419,0.00858567861129268,0.0532739487739308,0
1100.63055555556,-0.245,0.00684183932519646,0.00860123687044362,0.0532858171658706,0
1100.63333333333,-0.235,0.00228765659785894,0.00871256595710777,0.0533148031564721,0
1100.63611111111,-0.235,-0.00589979965357784,0.0089155843668047,0.0533626064944528,0
1100.63888888889,-0.22,-0.0169800875457323,0.00920123969300913,0.0534301746454771,0
1100.64166666667,-0.215,-0.0299152496646634,0.0095566946765815,0.0535175601615352,0
1100.64444444444,-0.215,-0.0434656189521206,0.00996678891027675,0.0536238228866802,0
1100.64722222222,-0.215,-0.0563053181529431,0.0102120723540318,0.0537469832766062,0
1100.65,-0.22,-0.0671464308226326,0.0102258352264296,0.0538840367582247,0
1100.65277777778,-0.225,-0.0748598786411038,0.0100478345844997,0.0540310440729772,0
1100.65555555556,-0.23,-0.0785812496606899,0.00973946151024228,0.0541832775322729,0
1100.65833333333,-0.24,-0.0777911787824665,0.00937772009494086,0.0543354203000007,0
1100.66111111111,-0.24,-0.0723622677057963,0.00904747106723447,0.0544908533791923,0
1100.66388888889,-0.235,-0.0625677281404707,0.00883266285448028,0.0546542147305309,0
1100.66666666667,-0.24,-0.0490506391339884,0.00880738706527996,0.0548294480248401,0
1100.66944444444,-0.235,-0.0327565733670987,0.00902763066038756,0.0550196744285105,0
1100.67222222222,-0.235,-0.0148359944932426,0.00948695795368023,0.0552271397546432,0
1100.675,-0.2,0.00347410006797223,0.00994828019443819,0.0554532394595046,0
1100.67777777778,-0.185,0.0209776268124645,0.0104081856744489,0.055698597262435,0
1100.68055555556,-0.175,0.0366432103468078,0.0108584228612314,0.0559631950466096,0
1100.68333333333,-0.175,0.049711733363015,0.0112853587972977,0.0562465436642444,0
1100.68611111111,-0.155,0.0597764441584015,0.0116700686482506,0.056547918039518,0
1100.68888888889,-0.15,0.0668269417608914,0.0119891080758409,0.0568665022531945,0
1100.69166666667,-0.15,0.0712517786793302,0.012215949661687,0.057201552721251,0
1100.69444444444,-0.13,0.0737984278156281,0.0123229918434844,0.0575474740985083,0
1100.69722222222,-0.105,0.0754935757424955,0.0122839810367581,0.057897549332704,0
1100.7,-0.085,0.0775307247273901,0.0124913301210948,0.0582448361445768,0
1100.70277777778,-0.08,0.0811355169343538,0.0128827681878924,0.0585825227747892,0
1100.70555555556,-0.075,0.0874216913512946,0.0134652653343282,0.0589042775468029,0
1100.70833333333,-0.07,0.0972518850081053,0.0142353395710504,0.0592085821401192,0
1100.71111111111,-0.04,0.11111744201015,0.0151781759053348,0.0594944399762962,0
1100.71388888889,-0.005,0.129049969719469,0.0162676896639709,0.0597609877404324,0
1100.71666666667,0.025,0.150574684891217,0.0174676060112879,0.0600076758926085,0
1100.71944444444,0.065,0.174711851200064,0.018733533345128,0.0602344414382351,0
1100.72222222222,0.08,0.200028155464918,0.0200159098488514,0.0604418564566477,0
1100.725,0.095,0.224735110430007,0.0212636092182285,0.0606312370480304,0
1100.72777777778,0.075,0.246826953030951,0.0224279127647854,0.0608047020428929,0
1100.73055555556,0.065,0.264246471690176,0.0234664991567882,0.0609651792307447,0
1100.73333333333,0.045,0.275064142780772,0.0243470767298412,0.0611163403629716,0
1100.73611111111,0.035,0.277654200405294,0.0250502908963741,0.0612624834006493,0
1100.73888888889,0.05,0.270851006081306,0.0255715820780929,0.0614083622900933,0
1100.74166666667,0.07,0.254070391067504,0.0259217459283269,0.0615499621627432,0
1100.74444444444,0.095,0.227383434255541,0.0261260523410787,0.0616819953119662,0
1100.74722222222,0.095,0.191534192384116,0.0262219048926199,0.0617999156851076,0
1100.75,0.09,0.147897872922976,0.0262551576396726,0.0619001029491441,0
1100.75277777778,0.05,0.098381395048673,0.0262753398162763,0.0619799850114196,0
1100.75555555556,0.01,0.0452737264152665,0.0263301586366078,0.0620380955184039,0
1100.75833333333,-0.04,-0.00894169301058881,0.026459744412884,0.0620740675044818,0
1100.76111111111,-0.095,-0.0617961951529098,0.0266911604895948,0.0620885661795066,0
1100.76388888889,-0.135,-0.111047999881053,0.0270337156755168,0.0620846185421496,0
1100.76666666667,-0.13,-0.15487751352659,0.0274755849528301,0.0620836109062356,0
1100.76944444444,-0.15,-0.19204701649716,0.0279821652367172,0.0620850265104614,0
1100.77222222222,-0.145,-0.222008603034138,0.0284964709671914,0.0620882768083779,0
1100.775,-0.15,-0.24494846299989,0.0289417174303435,0.062092736888294,0
1100.77777777778,-0.16,-0.261761055196601,0.029226059476544,0.062097779295654,0
1100.78055555556,-0.175,-0.273952955838282,0.0292028550634283,0.0621028055123918,0
1100.78333333333,-0.21,-0.283482634015047,0.0295412082167081,0.0621073247162729,0
1100.78611111111,-0.24,-0.292548532426683,0.0303325604579382,0.0621109846740715,0
1100.78888888889,-0.235,-0.303343055748023,0.0316499345285555,0.0621141948732433,0
1100.79166666667,-0.265,-0.317793895871575,0.0335389810933077,0.0621173666957962,0
1100.79444444444,-0.27,-0.337316169370506,0.0360102902133506,0.062120807823059,0
1100.79722222222,-0.245,-0.362598872054264,0.0390336979241425,0.0621247177002284,0
1100.8,-0.24,-0.393447104587724,0.0425352087712808,0.0621291913459357,0
1100.80277777778,-0.23,-0.428697509244316,0.0463969893259775,0.0621342305399321,0
1100.80555555556,-0.22,-0.466218673251492,0.050460676150216,0.062139760962585,0
1100.80833333333,-0.22,-0.50300134408516,0.054533999204797,0.0621456533199145,0
1100.81111111111,-0.215,-0.535335728928138,0.0584004661911378,0.0621517465081663,0
1100.81388888889,-0.205,-0.559065547450146,0.0618316044437908,0.0621578711051541,0
1100.81666666667,-0.21,-0.569901524414482,0.0646010346183405,0.0621638718232216,0
1100.81944444444,-0.215,-0.56377125807085,0.0664994730433219,0.0621696263331974,0
1100.82222222222,-0.215,-0.537178401611933,0.067349642811582,0.0621750599433925,0
1100.825,-0.21,-0.487542229804298,0.0670220376188124,0.0621801557475418,0
1100.82777777778,-0.205,-0.413489139884972,0.0679803869657681,0.062184957466968,0
1100.83055555556,-0.17,-0.315070470046019,0.0700818880779006,0.0621895675210638,0
1100.83333333333,-0.11,-0.193886027690471,0.0731315912914737,0.0621941157959226,0
1100.83611111111,-0.015,-0.0530995354440981,0.0768992166792102,0.0621987077946966,0
1100.83888888889,0.155,0.102659698548769,0.0811381451957397,0.0622033597869866,0
1100.84166666667,0.36,0.267505836777294,0.0856049966988239,0.0622080762631921,0
1100.84444444444,0.59,0.434604559408351,0.0900781708521846,0.0622128444587345,0
1100.84722222222,0.825,0.596560441636738,0.0943738279009056,0.0622176299911696,0
1100.85,1.015,0.745857487211191,0.0983580158821101,0.0622223733645593,0
1100.85277777778,1.195,0.875322083075108,0.101953989212531,0.0622269885063165,0
1100.85555555556,1.355,0.978575418102799,0.105144181677621,0.0622313634945032,0
1100.85833333333,1.485,1.05044272462397,0.107966758722889,0.0622353640414161,0
1100.86111111111,1.58,1.0872895485452,0.110084363013327,0.0622388375320526,1
1100.86388888889,1.62,1.08726042095875,0.110628546387186,0.0622415834827715,0
1100.86666666667,1.575,1.0504023914854,0.109560168881045,0.0622436266168247,0
1100.86944444444,1.49,0.978664335912215,0.107088344898281,0.0622450196858469,0
1100.87222222222,1.345,0.875772102595043,0.104374917405639,0.0622458436079661,0
1100.875,1.13,0.746988692851755,0.101326908145015,0.0622462032492454,0
1100.87777777778,0.845,0.59877706318864,0.0978958053235309,0.0622462124792586,0
1100.88055555556,0.535,0.43839013706574,0.0940863087522354,0.0622459910600636,0
1100.88333333333,0.26,0.273417681961689,0.0899601596434268,0.062245657656698,0
1100.88611111111,0.055,0.111322463541602,0.0856346800886666,0.0622453214823321,0
1100.88888888889,-0.075,-0.0410016587469975,0.0812761051555988,0.0622450736106793,0
1100.89166666667,-0.145,-0.177619270172192,0.0770882399829765,0.0622449788516192,0
1100.89444444444,-0.175,-0.293864670181795,0.0732973768343157,0.0622450688109491,0
1100.89722222222,-0.175,-0.386555381458911,0.0701347286448164,0.0622453364331345,0
1100.9,-0.175,-0.454096172225228,0.0678178491648833,0.0622457333676797,0
1100.90277777778,-0.19,-0.496470346526078,0.0665619402722633,0.0622461698351705,0
1100.90555555556,-0.23,-0.515123570655621,0.0666773752369847,0.062246517820659,0
1100.90833333333,-0.275,-0.512753376236462,0.0655450530595795,0.0622466181180194,0
1100.91111111111,-0.315,-0.493024103684118,0.0631553992633858,0.0622462876224912,0
1100.91388888889,-0.35,-0.46023192988666,0.0596446021657247,0.062245356002269,0
1100.91666666667,-0.37,-0.418947419463338,0.0554130936290113,0.0622437211452035,0
1100.91944444444,-0.37,-0.373663586038041,0.0507146520418574,0.0622414116722741,0
1100.92222222222,-0.365,-0.328475771964963,0.0458085260838016,0.0622385024073523,0
1100.925,-0.375,-0.286815956421951,0.0409440636793764,0.062235111551922,0
1100.92777777778,-0.37,-0.251258747252532,0.0363469578935907,0.0622313942894619,0
1100.93055555556,-0.37,-0.223409791684126,0.0322079172326591,0.0622275329622982,0
1100.93333333333,-0.37,-0.203880227131372,0.0286743580570077,0.0622237241884296,0
1100.93611111111,-0.37,-0.192343689599161,0.0258454745383292,0.0622201634795569,0
1100.93888888889,-0.365,-0.187665887996046,0.0237707860491087,0.0622170272952803,0
1100.94166666667,-0.36,-0.18809135403129,0.0224520125519357,0.0622144564284719,0
1100.94444444444,-0.37,-0.191468095594655,0.0218479036732988,0.062212524023496,0
1100.94722222222,-0.37,-0.195488781923259,0.0218814622805657,0.0622109489848851,0
1100.95,-0.375,-0.197926877406823,0.0222854086782044,0.0622093509288577,0
1100.95277777778,-0.385,-0.196847759921823,0.021905249980374,0.0622078944609688,0
1100.95555555556,-0.39,-0.190778097743222,0.02090955872782,0.0622069748925906,0
1100.95833333333,-0.4,-0.178821274107572,0.0194883382975697,0.0622068745760878,0
1100.96111111111,-0.42,-0.160712000768289,0.0180166624411642,0.0622065929652376,0
1100.96388888889,-0.405,-0.136808955392569,0.0165964699147557,0.0621977752727421,0
1100.96666666667,-0.395,-0.108029804760269,0.0153031259149319,0.0621776186817284,0
1100.96944444444,-0.39,-0.0757378616386853,0.0141878359616449,0.0621435197519829,0
1100.97222222222,-0.385,-0.0415934663073814,0.0132774214945852,0.0620932613755133,0
1100.975,-0.38,-0.00738568833945394,0.0126319528204945,0.0620251936850825,0
1100.97777777778,-0.38,0.0251390567502681,0.0123439534853458,0.0619383959359401,0
1100.98055555556,-0.385,0.0544354160985665,0.0123653674403894,0.0618328067614917,0
1100.98333333333,-0.375,0.0792904329189473,0.0125857585003952,0.0617093115179102,0
1100.98611111111,-0.385,0.0989168566592316,0.0127269981415198,0.061569777972984,0
1100.98888888889,-0.405,0.113001496609911,0.0128330711822381,0.0614170338655918,0
1100.99166666667,-0.41,0.121706166925175,0.0129431676942333,0.0612547828474379,0
1100.99444444444,-0.41,0.125623294398567,0.0130139617449257,0.0610874612027892,0
1100.99722222222,-0.42,0.125692412344631,0.0128127333369108,0.0609200425848496,0
1101,-0.42,0.123087178755094,0.0125456540210033,0.0607525476897712,0
1101.00277777778,-0.415,0.119084947947863,0.0122135861464176,0.0605797372291559,0
1101.00555555556,-0.41,0.11493210839974,0.0118266899779872,0.0603968279288275,0
1101.00833333333,-0.395,0.111718307875646,0.0114022106395496,0.0601996822534819,0
1101.01111111111,-0.41,0.110271371851971,0.0109617485777126,0.0599849479960024,0
1101.01388888889,-0.415,0.111082344856096,0.0105283312407608,0.0597501332536855,0
1101.01666666667,-0.435,0.114266901668995,0.0101235967998348,0.0594936301716258,0
1101.01944444444,-0.455,0.119565707968373,0.00976536567627246,0.0592151797960645,0
1101.02222222222,-0.47,0.126382514743785,0.00946581741239239,0.0589317629914066,0
1101.025,-0.475,0.133855205899764,0.0092304158494893,0.0586448085164963,0
1101.02777777778,-0.48,0.140952010409199,0.00905764254870214,0.0583553922541264,0
1101.03055555556,-0.49,0.146582904740624,0.00893951510661821,0.0580639332412014,0
1101.03333333333,-0.495,0.149715049695702,0.00886279122517443,0.0577737683725168,0
1101.03611111111,-0.505,0.149481011349532,0.00881069771022269,0.057488996375597,0
1101.03888888889,-0.51,0.1452694878752,0.00885164772999906,0.0572121493997043,0
1101.04166666667,-0.52,0.1367901828989,0.00890857404526765,0.0569448159571808,0
1101.04444444444,-0.53,0.124107126407664,0.00899160593612872,0.0566919171312373,0
1101.04722222222,-0.53,0.107637876590053,0.0091112501940072,0.0564591026188366,0
1101.05,-0.54,0.0881193332617431,0.00927240728288594,0.0562524566874197,0
1101.05277777778,-0.545,0.0665440407020424,0.00947374016219597,0.0560780829715402,0
1101.05555555556,-0.57,0.0440735615209689,0.00965174262863224,0.0559416417269055,0
1101.05833333333,-0.58,0.0219375190145535,0.00968543817841809,0.0558478726252564,0
1101.06111111111,-0.585,0.00132805931877728,0.00957500784560905,0.0558001383099162,0
1101.06388888889,-0.595,-0.016700312177414,0.00934092244779699,0.0558000245001336,0
1101.06666666667,-0.6,-0.0313163101948704,0.00914564405409376,0.0558470313338986,0
1101.06944444444,-0.605,-0.0419752543251166,0.00901218889540927,0.0559383825747061,0
1101.07222222222,-0.605,-0.0484549320785103,0.00895910186169752,0.0560689738043734,0
1101.075,-0.59,-0.0508613476183021,0.00900087571996921,0.0562314668017126,0
1101.07777777778,-0.595,-0.049604679098724,0.00913065099381671,0.0564164250622398,0
1101.08055555556,-0.59,-0.0453485823663983,0.0090936282343378,0.0566170993241023,0
1101.08333333333,-0.58,-0.0389384267241966,0.0088670417259721,0.0568316511246909,0
1101.08611111111,-0.585,-0.0313159036975978,0.00844673277649643,0.0570577205254786,0
1101.08888888889,-0.575,-0.0234285475960197,0.00790984005804935,0.0572924124363969,0
1101.09166666667,-0.57,-0.0161429580723536,0.00730816435979401,0.0575376479072443,0
1101.09444444444,-0.575,-0.0101699135415764,0.00666217293758828,0.0577975421138239,0
1101.09722222222,-0.57,-0.00600818578488839,0.0059936691873907,0.0580746344906417,0
1101.1,-0.54,-0.0039118591369724,0.00532440635268504,0.0583699879588211,0
1101.10277777778,-0.53,-0.00388352889810981,0.00467483438319336,0.0586833945443057,0
1101.10555555556,-0.495,-0.00569314663669559,0.004063070805907,0.0590136657436404,0
1101.10833333333,-0.475,-0.00891975154427985,0.00361398502072266,0.0593589824701115,0
1101.11111111111,-0.45,-0.0130111218980643,0.00337341643149224,0.059717271823204,0
1101.11388888889,-0.43,-0.0173547087430208,0.00334878778117552,0.0600865752052635,0
1101.11666666667,-0.395,-0.0213522300307681,0.00352836925866112,0.0604625985999334,0
1101.11944444444,-0.355,-0.0244900934802117,0.00379590816235057,0.06084574483982,0
1101.12222222222,-0.345,-0.0263983897139064,0.00398676675400733,0.0612392038299101,0
1101.125,-0.325,-0.0268924866703478,0.00410432349128438,0.0616400947805228,0
1101.12777777778,-0.31,-0.0259931256877019,0.00415346283754795,0.0620405247571063,0
1101.13055555556,-0.295,-0.0239231776087968,0.00414009893670755,0.0624329799461627,0
1101.13333333333,-0.28,-0.0210816362930625,0.00407081575330208,0.0628107622162511,0
1101.13611111111,-0.26,-0.0179977658677189,0.00395264302599437,0.063168278219922,0
1101.13888888889,-0.245,-0.0152703455677673,0.00382530671053453,0.0635011047426089,0
1101.14166666667,-0.215,-0.0134984729872499,0.00387416970535975,0.0638061311628455,0
1101.14444444444,-0.21,-0.0132112452323632,0.00409122083761901,0.0640816248538964,0
1101.14722222222,-0.205,-0.0148037554794739,0.00432707674373819,0.0643272199344789,0
1101.15,-0.205,-0.018486210522038,0.00457050020357078,0.0645438346908692,0
1101.15277777778,-0.2,-0.0242516574162468,0.00481169503357953,0.0647336802481384,0
1101.15555555556,-0.2,-0.031865935803121,0.00504053573917931,0.0648999177859094,0
1101.15833333333,-0.205,-0.0408812325296931,0.00524689704935657,0.0650463824268559,0
1101.16111111111,-0.215,-0.0506722284200649,0.00542112370291037,0.0651771735800647,0
1101.16388888889,-0.205,-0.0604915294433011,0.0055546117875214,0.0652966695191848,0
1101.16666666667,-0.195,-0.0695390935115433,0.00564045239593031,0.0654092780579784,0
1101.16944444444,-0.18,-0.0770388964887498,0.00561204793009749,0.0655208296079184,0
1101.17222222222,-0.175,-0.0823152736936573,0.00563231861740993,0.065631097843518,0
1101.175,-0.155,-0.084861309132511,0.00570483278452957,0.0657367410536919,0
1101.17777777778,-0.155,-0.0843923345241585,0.00582442031112042,0.0658351745086494,0
1101.18055555556,-0.16,-0.0808789810263109,0.00598244450169032,0.065924503377679,0
1101.18333333333,-0.17,-0.07455616795193,0.00616714078632098,0.0660035209928658,0
1101.18611111111,-0.17,-0.065906728935888,0.00636423294843365,0.0660716630656139,0
1101.18888888889,-0.18,-0.0556208436931585,0.00644796375234368,0.0661289258594518,0
1101.19166666667,-0.18,-0.0445348232691202,0.00636748482450397,0.0661757582741794,0
1101.19444444444,-0.2,-0.0335548559617702,0.00623009881272476,0.0662129388544923,0
1101.19722222222,-0.18,-0.0235728566788824,0.0061431818677732,0.0662414488714758,0
1101.2,-0.185,-0.0153824202763785,0.00611843511596758,0.0662623518824486,0
1101.20277777778,-0.175,-0.00960296958896416,0.00616407732240814,0.0662766941680812,0
1101.20555555556,-0.185,-0.00661949498866411,0.00628432353015957,0.0662878345982305,0
1101.20833333333,-0.175,-0.0065438635151701,0.00647921041725989,0.0663001101336372,0
1101.21111111111,-0.16,-0.00920166152613585,0.00674479135665559,0.0663134113348073,0
1101.21388888889,-0.155,-0.0141461136883397,0.00707368703441249,0.0663275471214149,0
1101.21666666667,-0.16,-0.0206980223848182,0.00745594016723673,0.0663422819781333,0
1101.21944444444,-0.165,-0.0280081442112967,0.00784774622092577,0.0663576426419876,0
1101.22222222222,-0.17,-0.0351362090461032,0.00805970723171506,0.0663736812521971,0
1101.225,-0.185,-0.0411391095022573,0.00809708132159157,0.0663904605719109,0
1101.22777777778,-0.195,-0.045159813062759,0.00798407978540777,0.0664080402228374,0
1101.23055555556,-0.19,-0.0465083791979714,0.00776181751671824,0.066426461967718,0
1101.23333333333,-0.19,-0.0447271266453595,0.00748447818370683,0.0664455837918678,0
1101.23611111111,-0.18,-0.0396334396620808,0.0072140215612869,0.0664652206756654,0
1101.23888888889,-0.155,-0.0313357987378714,0.00701390987495821,0.0664851771711429,0
1101.24166666667,-0.165,-0.0202211788607237,0.00694243683311987,0.0665052666512701,0
1101.24444444444,-0.155,-0.0069147378126958,0.00704629628647531,0.0665253295640135,0
1101.24722222222,-0.175,0.00778454598145546,0.00735502110683125,0.0665452485653845,0
1101.25,-0.175,0.0229861962011374,0.00787685639116148,0.0665652308596427,0
1101.25277777778,-0.165,0.0378005480609949,0.00841321317031977,0.0665856950321129,0
1101.25555555556,-0.17,0.0514319243517517,0.00895076083166759,0.066606740480031,0
1101.25833333333,-0.175,0.0632632745170862,0.00947591679301353,0.0666283194182092,0
1101.26111111111,-0.17,0.0729234973278233,0.00996957158993786,0.0666503536535851,0
1101.26388888889,-0.145,0.0803301590086229,0.0104076588603637,0.0666727388828969,0
1101.26666666667,-0.12,0.0857025534753349,0.0107623654406747,0.0666953510094635,0
1101.26944444444,-0.095,0.0895428329260678,0.0110039278420302,0.066718054303679,0
1101.27222222222,-0.065,0.0925860126927752,0.0111028970310398,0.0667407104419988,0
1101.275,-0.045,0.0957227379499472,0.0111730980232135,0.0667631880238804,0
1101.27777777778,-0.04,0.0999014983293032,0.0114335435177425,0.0667853719616722,0
1101.28055555556,-0.03,0.106019216518495,0.0118973476673394,0.066807170726393,0
1101.28333333333,-0.03,0.114810591353217,0.0125676302892526,0.0668285212168892,0
1101.28611111111,-0.03,0.12674708574384,0.0134361368179849,0.0668494877767357,0
1101.28888888889,-0.03,0.14195594046291,0.0144827001349329,0.066870271226839,0
1101.29166666667,-0.005,0.160168085069466,0.0156756680754099,0.0668910964649548,0
1101.29444444444,0.015,0.180701419410757,0.0169733401630206,0.0669121949097235,0
1101.29722222222,0.065,0.202482850986268,0.0183263670289216,0.066933754250385,0
1101.3,0.11,0.224108961923552,0.0196809737853352,0.066955568198776,0
1101.30277777778,0.145,0.243941557600708,0.0209827827328637,0.0669773840378402,0
1101.30555555556,0.16,0.260230948885882,0.0221809394950019,0.0669990109610997,0
1101.30833333333,0.165,0.271256962085692,0.0232321974438954,0.0670203177587866,0
1101.31111111111,0.145,0.275475634702182,0.024104593987695,0.0670412250959053,0
1101.31388888889,0.11,0.271658553376532,0.0247803626227832,0.0670616935279034,0
1101.31666666667,0.1,0.259011947051911,0.0252577676714019,0.0670817079044135,0
1101.31944444444,0.08,0.237263985789393,0.0255516225210006,0.0671014131664487,0
1101.32222222222,0.08,0.206711169876763,0.0256923523010985,0.0671209878457969,0
1101.325,0.095,0.168218039495497,0.0257235810405451,0.0671405553568438,0
1101.32777777778,0.09,0.123168419509854,0.0256983521333206,0.0671601625645274,0
1101.33055555556,0.085,0.0733706990163382,0.0256742187345031,0.0671797676753763,0
1101.33333333333,0.075,0.0209238566157696,0.0257075563427542,0.0671992904157208,0
1101.33611111111,0.045,-0.0319452987861136,0.0258475425823347,0.0672188104291367,0
1101.33888888889,0.03,-0.0830602448874425,0.0261303097514922,0.0672383721435928,0
1101.34166666667,0,-0.130472927176508,0.0265737969921173,0.0672579886944071,0
1101.34444444444,-0.035,-0.172626134959315,0.0271738068665226,0.0672776773236152,0
1101.34722222222,-0.075,-0.208485009943938,0.0279017050669635,0.0672976185736482,0
1101.35,-0.08,-0.237624789164859,0.0287040949669021,0.0673179712698087,0
1101.35277777778,-0.085,-0.260265259349124,0.0295046573635032,0.0673388651403943,0
1101.35555555556,-0.115,-0.277246731016239,0.0299449328676159,0.0673603953634406,0
1101.35833333333,-0.16,-0.289947282033956,0.0295711954192966,0.0673826192424663,0
1101.36111111111,-0.19,-0.300146163845988,0.0293909304454039,0.0674055576557834,0
1101.36388888889,-0.2,-0.30984317212466,0.0296380106010824,0.0674291995108499,0
1101.36666666667,-0.2,-0.321048028205773,0.0304080942832411,0.0674534001114085,0
1101.36944444444,-0.205,-0.335557014359137,0.0317738664522404,0.0674778762537488,0
1101.37222222222,-0.2,-0.354735949604976,0.0337764384442079,0.0675022153926459,0
1101.375,-0.18,-0.3793288848941,0.0364183408052401,0.0675262022848226,0
1101.37777777778,-0.175,-0.409310564375178,0.0396587620995185,0.0675496482389184,0
1101.38055555556,-0.17,-0.443797805290591,0.0434115560844567,0.0675725840049727,0
1101.38333333333,-0.185,-0.481030687325498,0.0475463624500257,0.0675951397712704,0
1101.38611111111,-0.18,-0.518429126423459,0.0518929741141844,0.0676174352695778,0
1101.38888888889,-0.185,-0.55272444672149,0.0562488516260907,0.0676395757382214,0
1101.39166666667,-0.185,-0.580159428839411,0.0603894494133977,0.0676616494596025,0
1101.39444444444,-0.18,-0.596744499784328,0.0640807971113123,0.0676837269071327,0
1101.39722222222,-0.175,-0.59855272010769,0.06709358920191,0.0677058614040953,0
1101.4,-0.165,-0.582032443088059,0.0692178929832414,0.0677279402886928,0
1101.40277777778,-0.155,-0.544314302660751,0.0702775006999989,0.0677496625192863,0
1101.40555555556,-0.14,-0.483488745496884,0.0701429346184879,0.0677707446761635,0
1101.40833333333,-0.125,-0.398831732610262,0.0707709533248453,0.0677909790030798,0
1101.41111111111,-0.08,-0.290959424349688,0.0724442601966572,0.0678102560217487,0
1101.41388888889,-0.005,-0.161897413479185,0.0750066627937917,0.0678285578952159,0
1101.41666666667,0.12,-0.0150560405432299,0.0782761392747846,0.0678459572955228,0
1101.41944444444,0.28,0.144889931121308,0.0820595232243968,0.0678626096880585,0
1101.42222222222,0.475,0.312211998011874,0.0861672372151238,0.0678787358072695,0
1101.425,0.69,0.480416944055285,0.0904268931684649,0.0678945687134052,0
1101.42777777778,0.9,0.64259626688519,0.0946946890706249,0.067910174731511,0
1101.43055555556,1.08,0.791813381938013,0.0988637300438411,0.0679255247675296,0
1101.43333333333,1.245,0.9215029353618,0.102868670224348,0.0679404983282951,0
1101.43611111111,1.425,1.02585537765625,0.106686387645883,0.0679549613053988,0
1101.43888888889,1.55,1.10016073833258,0.110332740841349,0.0679687664919082,0
1101.44166666667,1.66,1.14108824393058,0.112716455585058,0.0679817542963638,0
1101.44444444444,1.69,1.14688283584543,0.113585539742449,0.0679937541949052,1
1101.44722222222,1.67,1.11746543727995,0.112889832670341,0.0680045980591708,0
1101.45,1.6,1.05443055184404,0.110659358706147,0.068014126684458,0
1101.45277777778,1.45,0.960941941281304,0.107002724373452,0.0680226495296486,0
1101.45555555556,1.265,0.841534188043386,0.103003658787608,0.0680304602480234,0
1101.45833333333,1.015,0.701834374023555,0.0987804146360851,0.0680378673697385,0
1101.46111111111,0.725,0.548223427377059,0.0943639435518138,0.0680451655526271,0
1101.46388888889,0.44,0.387460522695258,0.0898259990147575,0.068052526479932,0
1101.46666666667,0.22,0.226296002434659,0.0852772252699476,0.0680600528851976,0
1101.46944444444,0.07,0.0710984939133585,0.0808615534732735,0.0680678146402014,0
1101.47222222222,-0.015,-0.0724797534392646,0.076747336904547,0.0680758459874207,0
1101.475,-0.05,-0.199778629608697,0.0731159308754981,0.0680841447673378,0
1101.47777777778,-0.07,-0.307331092600578,0.0701486366151807,0.068092673864078,0
1101.48055555556,-0.09,-0.392979097187773,0.0680130647533243,0.0681013649212168,0
1101.48333333333,-0.11,-0.455900678179401,0.0668500224816099,0.0681102620205495,0
1101.48611111111,-0.15,-0.496550730252138,0.0667619859211364,0.0681193630886016,0
1101.48888888889,-0.21,-0.516523998177143,0.0657753040221043,0.0681285502754372,0
1101.49166666667,-0.27,-0.518353910789549,0.0636023455607836,0.0681376769326363,0
1101.49444444444,-0.32,-0.505264801908526,0.0604081751759735,0.0681466001338192,0
1101.49722222222,-0.34,-0.480897509366722,0.0563990739020498,0.0681551974156013,0
1101.5,-0.345,-0.449029199146051,0.0518089250674747,0.0681633781969632,0
1101.50277777778,-0.34,-0.413307523830118,0.0468847587832819,0.0681710924675751,0
1101.50555555556,-0.33,-0.377017016386193,0.041872386077126,0.0681783351640548,0
1101.50833333333,-0.325,-0.342892175659837,0.0370030021882336,0.0681851452729032,0
1101.51111111111,-0.33,-0.312987341100083,0.0324815307926876,0.0681916923242911,0
1101.51388888889,-0.325,-0.288608562518713,0.0284773268322451,0.0681982485193079,0
1101.51666666667,-0.33,-0.270307653773468,0.0251176678932611,0.068204991825057,0
1101.51944444444,-0.345,-0.257933877090977,0.0224842572764493,0.0682120292783247,0
1101.52222222222,-0.345,-0.250734597372697,0.0206127512665849,0.0682194240255074,0
1101.525,-0.355,-0.247493065711573,0.0194951234735802,0.068227179583739,0
1101.52777777778,-0.365,-0.246689442218025,0.0190845038014084,0.0682352272387157,0
1101.53055555556,-0.36,-0.246670352160418,0.0193019895451404,0.0682434179080944,0
1101.53333333333,-0.36,-0.24581268275717,0.0200448291773036,0.0682514851941236,0
1101.53611111111,-0.375,-0.242668866463039,0.0202926327542855,0.0682596538662166,0
1101.53888888889,-0.375,-0.236083368645887,0.0200466388034244,0.0682682179545477,0
1101.54166666667,-0.375,-0.225273244240983,0.0194461772316124,0.0682746419389401,0
1101.54444444444,-0.375,-0.209869148037703,0.018631528135796,0.0682726768404915,0
1101.54722222222,-0.38,-0.189916760554984,0.0177337414924537,0.0682598364493783,0
1101.55,-0.385,-0.165841922504516,0.0168659411168605,0.0682337459600483,0
1101.55277777778,-0.38,-0.138385590004726,0.0161166815165605,0.068192305678262,0
1101.55555555556,-0.385,-0.108516823065828,0.0155457323961088,0.0681339038006517,0
1101.55833333333,-0.4,-0.0773332679614897,0.015182451235451,0.0680576289235362,0
1101.56111111111,-0.4,-0.0459589376603617,0.0150266883159512,0.0679634232845642,0
1101.56388888889,-0.395,-0.0154485626658717,0.0150519688984941,0.0678521238143047,0
1101.56666666667,-0.39,0.0132935189138841,0.0152105298627523,0.0677256032533821,0
1101.56944444444,-0.39,0.0395738734071159,0.0154396654059049,0.0675868092625131,0
1101.57222222222,-0.38,0.0629461353522561,0.0156687663634555,0.0674396112611043,0
1101.575,-0.38,0.0832215479657552,0.0158264234161809,0.0672886580233194,0
1101.57777777778,-0.38,0.100455015932584,0.0158470039661305,0.0671391661824603,0
1101.58055555556,-0.39,0.114909940570709,0.015676199293037,0.0669853964559582,0
1101.58333333333,-0.405,0.127006792107966,0.0153317103333912,0.0668222406907527,0
1101.58611111111,-0.41,0.137261486894965,0.0149215162752051,0.0666454565917015,0
1101.58888888889,-0.41,0.146220116729119,0.014450915767798,0.0664518279315418,0
1101.59166666667,-0.43,0.154396422880172,0.0139335410972704,0.0662392402682761,0
1101.59444444444,-0.44,0.162217676968442,0.0133891528421746,0.0660066692568908,0
1101.59722222222,-0.455,0.169983432054611,0.0128410262447129,0.0657541774399513,0
1101.6,-0.455,0.177840084071608,0.0123131945284998,0.0654826949450334,0
1101.60277777778,-0.445,0.185772500683633,0.0118278090044978,0.0651937371464723,0
1101.60555555556,-0.445,0.193612300308244,0.011402849895474,0.0648889981871237,0
1101.60833333333,-0.455,0.201060854553218,0.0110503785931642,0.0645702428650566,0
1101.61111111111,-0.47,0.207723872379792,0.0107754658647809,0.0642390610306307,0
1101.61388888889,-0.49,0.213153596312076,0.01057586638831,0.0638985390347653,0
1101.61666666667,-0.5,0.216894248554746,0.0104424432654674,0.063555622920244,0
1101.61944444444,-0.515,0.218526410852188,0.0103602820808681,0.0632174314555102,0
1101.62222222222,-0.525,0.217706466277014,0.0103103774151052,0.0628901608066536,0
1101.625,-0.535,0.214197997761129,0.0102717294601037,0.0625748525782747,0
1101.62777777778,-0.555,0.207893024993217,0.0102236574856719,0.0622729722757245,0
1101.63055555556,-0.555,0.198822052388049,0.0101481221512665,0.0619862120942687,0
1101.63333333333,-0.565,0.187152979286038,0.0100318505971704,0.0617162773526925,0
1101.63611111111,-0.56,0.173179883673529,0.00986807622706882,0.0614646087826081,0
1101.63888888889,-0.575,0.157303448339372,0.00965773734761657,0.0612320993520193,0
1101.64166666667,-0.58,0.1400052982343,0.00941002266255806,0.0610188733611197,0
1101.64444444444,-0.585,0.1218187374015,0.00914220361397233,0.0608241879936672,0
1101.64722222222,-0.605,0.103298323588731,0.00887874983826848,0.0606462910968122,0
1101.65,-0.625,0.0849904382186126,0.00864978047444456,0.0604823955782809,0
1101.65277777778,-0.635,0.0674065610911279,0.00848895670431265,0.0603287378605348,0
1101.65555555556,-0.645,0.0510004190400651,0.00843096600899106,0.0601805871549661,0
1101.65833333333,-0.65,0.0361496254266153,0.00850878301877425,0.060031822565334,0
1101.66111111111,-0.665,0.0231419360956143,0.00875091306246892,0.0598879544034825,0
1101.66388888889,-0.655,0.0121658752534022,0.00912228309833578,0.059754535235566,0
1101.66666666667,-0.635,0.00330526772492545,0.00950630777241062,0.0596365221198378,0
1101.66944444444,-0.61,-0.00346283741147267,0.00989704621407011,0.0595371059256311,0
1101.67222222222,-0.6,-0.00826726849373883,0.0102864695486233,0.0594583667091748,0
1101.675,-0.575,-0.0113390658490626,0.0106643374029489,0.0594012524772218,0
1101.67777777778,-0.56,-0.0130049934311166,0.0110182262603041,0.0593656254107328,0
1101.68055555556,-0.55,-0.0136779195814161,0.0113338058821969,0.0593503680516344,0
1101.68333333333,-0.535,-0.0138435837844553,0.0115954322619498,0.0593535440785333,0
1101.68611111111,-0.53,-0.0140432239136544,0.0117870824142669,0.0593615820893602,0
1101.68888888889,-0.515,-0.0148516666077347,0.0118936027186155,0.0593681175263938,0
1101.69166666667,-0.485,-0.0168507951004839,0.011902185168705,0.0593735912904446,0
1101.69444444444,-0.45,-0.0205987888684411,0.0118039323152336,0.0593784354518394,0
1101.69722222222,-0.435,-0.0265961343948245,0.0115953295676172,0.0593830490873072,0
1101.7,-0.4,-0.0352500679594111,0.0112794196392256,0.0593877783518307,0
1101.70277777778,-0.38,-0.046839743574724,0.0108664733763366,0.0593927763587962,0
1101.70555555556,-0.345,-0.0614849276387789,0.0106020003396388,0.0593973571945341,0
1101.70833333333,-0.31,-0.0791213152148168,0.010539095917584,0.0594009898122486,0
1101.71111111111,-0.3,-0.0994855645220252,0.0106476065256022,0.0594033177512314,0
1101.71388888889,-0.28,-0.12211280539948,0.0108879066769251,0.0594042978648432,0
1101.71666666667,-0.265,-0.146348677875289,0.0112143750950642,0.0594039978733695,0
1101.71944444444,-0.265,-0.171376922244339,0.0115795322626395,0.059402573985632,0
1101.72222222222,-0.265,-0.196262237362244,0.0119385459057365,0.0594002478193702,0
1101.725,-0.235,-0.22000665261224,0.012253762375437,0.0593972809551803,0
1101.72777777778,-0.22,-0.241616155251118,0.0124988961134327,0.0593939904695094,0
1101.73055555556,-0.22,-0.260172931673833,0.0126625099336056,0.059390762826674,0
1101.73333333333,-0.205,-0.274907476050647,0.0127504475581941,0.0593879393365658,0
1101.73611111111,-0.2,-0.285264138420833,0.0127869365732091,0.0593857601390496,0
1101.73888888889,-0.175,-0.290953544110928,0.0128141624465701,0.0593842316509807,0
1101.74166666667,-0.16,-0.291985791818148,0.0128902181055961,0.0593833591112568,0
1101.74444444444,-0.16,-0.288679449040173,0.0130854524834992,0.059383133705823,0
1101.74722222222,-0.16,-0.281643069751284,0.0134773675052843,0.0593834655363423,0
1101.75,-0.17,-0.271728156982359,0.0141443371697431,0.059384048236748,0
1101.75277777778,-0.185,-0.259955021511728,0.0151585351731853,0.0593846988428683,0
1101.75555555556,-0.195,-0.247415640030372,0.0165785495811009,0.0593852242439968,0
1101.75833333333,-0.185,-0.235160154588634,0.0184422259735816,0.0593854430682885,0
1101.76111111111,-0.2,-0.22407583278852,0.020760307481301,0.0593852073039728,0
1101.76388888889,-0.17,-0.214768890964166,0.0235114266564381,0.059384422066699,0
1101.76666666667,-0.175,-0.207460372433093,0.0266389484009871,0.0593830620510994,0
1101.76944444444,-0.17,-0.201907128953998,0.0300500664806814,0.0593813209356062,0
1101.77222222222,-0.16,-0.197357809348182,0.0336174229246559,0.0593797276933047,0
1101.775,-0.135,-0.192551634144791,0.0371833573076725,0.0593785085181212,0
1101.77777777778,-0.13,-0.185764738290939,0.0405667116296552,0.0593773993644811,0
1101.78055555556,-0.125,-0.174905190614599,0.0435719283717153,0.0593760696986087,0
1101.78333333333,-0.11,-0.157653718040096,0.0459999976728502,0.0593741335765984,0
1101.78611111111,-0.11,-0.131642998344271,0.0474326244406092,0.05937208875042,0
1101.78888888889,-0.095,-0.0946644904989299,0.047671755723891,0.0593805425939553,0
1101.79166666667,-0.08,-0.044888499091898,0.0480186106254778,0.0594021514027026,0
1101.79444444444,-0.055,0.0189191596151108,0.0495266571305855,0.0594392008290942,0
1101.79722222222,-0.025,0.0972016474728608,0.0522315163766215,0.0594934885084216,0
1101.8,0.005,0.189454255565771,0.0561079591477825,0.0595661587423572,0
1101.80277777778,0.06,0.294122026762655,0.0610666875860312,0.0596575542289091,0
1101.80555555556,0.12,0.408564572604572,0.0669548389589638,0.059767105175398,0
1101.80833333333,0.18,0.529096499554583,0.0735603912585248,0.0598932247229858,0
1101.81111111111,0.24,0.651106612852558,0.0806204005583309,0.0600332628999426,0
1101.81388888889,0.295,0.769253254336854,0.0878327439452845,0.0601836520211088,0
1101.81666666667,0.355,0.877727192044538,0.0948707971795619,0.060340036912629,0
1101.81944444444,0.405,0.970567883254376,0.101400260575901,0.0604975513624659,0
1101.82222222222,0.475,1.04201414069451,0.107097176025445,0.0606515711134332,0
1101.825,0.555,1.08686665973749,0.111666065986015,0.060806698328475,0
1101.82777777778,0.65,1.10083784624155,0.114857081296171,0.0609672455559853,1
1101.83055555556,0.73,1.08086414132661,0.116481073877569,0.0611370631258115,0
1101.83333333333,0.755,1.02535765720786,0.116421612773214,0.0613192289969815,0
1101.83611111111,0.71,0.934377357591454,0.114643132318166,0.0615161341363,0
1101.83888888889,0.545,0.809705031786048,0.112692842970504,0.0617294619571444,0
1101.84166666667,0.28,0.654817585276721,0.111316625269873,0.0619602610205966,0
1101.84444444444,-0.115,0.474754253637324,0.110411568192581,0.0622089840478081,0
1101.84722222222,-0.58,0.27588471841898,0.109882293904437,0.0624755587873178,0
1101.85,-1.02,0.0655912052455078,0.10965241407768,0.062759511402153,0
1101.85277777778,-1.415,-0.14811607258196,0.109673638333799,0.063060105974743,0
1101.85555555556,-1.695,-0.357025791579397,0.109931688871404,0.0633742083880494,0
1101.85833333333,-1.915,-0.55316712592707,0.110448451493558,0.0636954416761201,0
1101.86111111111,-2.045,-0.729237221640193,0.111280121927654,0.0640170956460993,0
1101.86388888889,-2.135,-0.878986503071222,0.112511459856174,0.0643324082451231,0
1101.86666666667,-2.205,-0.997536666761586,0.114246611285862,0.0646348844011846,0
1101.86944444444,-2.245,-1.08161095946746,0.116597272706739,0.0649237104082343,0
1101.87222222222,-2.265,-1.12966257884821,0.118291723665899,0.065198761110366,0
1101.875,-2.265,-1.14189430435881,0.118342864249294,0.0654596541317635,0
1101.87777777778,-2.245,-1.12017020758325,0.116807754316028,0.065705982984642,0
1101.88055555556,-2.18,-1.06782791280865,0.11381823163727,0.0659374465949902,0
1101.88333333333,-2.105,-0.989406796853227,0.109570991910287,0.0661539956343319,0
1101.88611111111,-2.01,-0.890313205367489,0.104314328455995,0.0663559763676589,0
1101.88888888889,-1.91,-0.776447793393417,0.0983324539258156,0.0665442573464792,0
1101.89166666667,-1.79,-0.653822176668012,0.0919284542701298,0.0667203487044422,0
1101.89444444444,-1.675,-0.528192069593168,0.0854069791043573,0.0668865635691563,0
1101.89722222222,-1.575,-0.404732015843002,0.079057750344157,0.0670458786294897,0
1101.9,-1.485,-0.287772882044401,0.0731408759905271,0.067201779152617,0
1101.90277777778,-1.42,-0.180617824677184,0.067874796837364,0.0673576207344485,0
1101.90555555556,-1.355,-0.085445914173229,0.0634274837147159,0.067508799866552,0
1101.90833333333,-1.305,-0.00330554646375789,0.0599112581378813,0.0676507887908217,0
1101.91111111111,-1.225,0.0658072362668332,0.0573813484752918,0.0677791095608746,0
1101.91388888889,-1.155,0.122796797304031,0.0558380362119284,0.06788956884206,0
1101.91666666667,-1.045,0.169258908855725,0.0556004941380447,0.0679795232725403,0
1101.91944444444,-0.935,0.207235076977151,0.0553601498282526,0.0680478985429413,0
1101.92222222222,-0.82,0.238952571403983,0.0543960729203867,0.0680946649526423,0
1101.925,-0.715,0.266572662868917,0.0528516424756291,0.0681209153699508,0
1101.92777777778,-0.63,0.291967836712048,0.0508797510197511,0.0681286062848592,0
1101.93055555556,-0.58,0.316545359870632,0.0486321239280692,0.0681203716190125,0
1101.93333333333,-0.56,0.341129857890698,0.046249891309772,0.0680993145790579,0
1101.93611111111,-0.54,0.365911942842324,0.0438559748567764,0.068073091367355,0
1101.93888888889,-0.51,0.390463920934729,0.0415496763425188,0.0680478461811422,0
1101.94166666667,-0.455,0.413817721206124,0.0394036600042777,0.0680229861471309,0
1101.94444444444,-0.37,0.434594922080359,0.0374633238813298,0.0679979313725382,0
1101.94722222222,-0.26,0.45117454404252,0.0357483708052836,0.0679722524395577,0
1101.95,-0.16,0.461881456533295,0.0342562319623101,0.0679465329150933,0
1101.95277777778,-0.035,0.465177020276513,0.0329668758624009,0.0679214350597974,0
1101.95555555556,0.06,0.45983401490854,0.0318484607416375,0.0678974592721983,0
1101.95833333333,0.13,0.445079903116951,0.030863262485474,0.0678747259855048,0
1101.96111111111,0.19,0.420695838670462,0.0299733325639676,0.0678532812635455,0
1101.96388888889,0.21,0.387063205613009,0.0291454067609426,0.0678331099403497,0
1101.96666666667,0.235,0.345154466347733,0.0283546878014678,0.0678141507198053,0
1101.96944444444,0.235,0.296470240032435,0.0275872528565819,0.0677963125759072,0
1101.97222222222,0.24,0.242929369237649,0.0268409782013813,0.0677794688372149,0
1101.975,0.255,0.186722839299677,0.0261250153183955,0.0677633644848343,0
1101.97777777778,0.265,0.130145442462982,0.0254579832809139,0.0677477718904273,0
1101.98055555556,0.295,0.075420782473372,0.0248651506474731,0.0677324950464989,0
1101.98333333333,0.315,0.0245354726716447,0.0243749580380208,0.0677172240537654,0
1101.98611111111,0.34,-0.0209027986269699,0.0240152747101511,0.0677019403059922,0
1101.98888888889,0.35,-0.0597711398902094,0.023809786793662,0.0676866761431714,0
1101.99166666667,0.36,-0.0914925957234339,0.0237748827211042,0.0676714800694038,0
1101.99444444444,0.375,-0.116048118258492,0.0239173372798985,0.0676564207483445,0
1101.99722222222,0.39,-0.133939480381445,0.0238645235672301,0.0676417595745405,0
1102,0.41,-0.146107680779187,0.0233908880263801,0.0676279081667229,0
1102.00277777778,0.43,-0.153815326918293,0.0227847112198019,0.0676150460669272,0
1102.00555555556,0.45,-0.158504568558458,0.0220796597963117,0.0676031861211347,0
1102.00833333333,0.465,-0.161644128999897,0.0213149047363012,0.0675923103922328,0
1102.01111111111,0.48,-0.164579687157664,0.0205318541492806,0.0675823699854747,0
1102.01388888889,0.495,-0.168401261571141,0.0197706733554653,0.0675732821632158,0
1102.01666666667,0.51,-0.173839417435803,0.0190669225272355,0.0675649305209164,0
1102.01944444444,0.525,-0.181199249158424,0.0184486247623213,0.0675571682411322,0
1102.02222222222,0.545,-0.190337463755702,0.0179340318975979,0.0675498242066465,0
1102.025,0.545,-0.200683848121714,0.0175302865767477,0.0675427115390163,0
1102.02777777778,0.56,-0.211304320505692,0.0172330939046996,0.0675357419498582,0
1102.03055555556,0.58,-0.220999014892293,0.0170274225599932,0.0675290109936731,0
1102.03333333333,0.595,-0.228425760840543,0.0168891620949931,0.0675226512977636,0
1102.03611111111,0.62,-0.232237168541133,0.0167875786555095,0.0675168720237232,0
1102.03888888889,0.655,-0.231218487434194,0.0166883428084197,0.0675121467812324,0
1102.04166666667,0.68,-0.224413550378471,0.0165568562620199,0.0675088297718064,0
1102.04444444444,0.705,-0.211227408602237,0.0163615825975999,0.0675069556595799,0
1102.04722222222,0.725,-0.191496566077263,0.0163226772623842,0.0675065080513472,0
1102.05,0.74,-0.165520806785564,0.0164966879839662,0.0675074214965426,0
1102.05277777778,0.75,-0.13405417901142,0.0167972832756855,0.0675095832733564,0
1102.05555555556,0.76,-0.0982564230921144,0.0171445598054795,0.0675128411722195,0
1102.05833333333,0.775,-0.0596096614379288,0.0174722989727059,0.0675170151256179,0
1102.06111111111,0.8,-0.0198081945252991,0.0177335466705103,0.0675219276911976,0
1102.06388888889,0.815,0.0193685009717737,0.0179040477578201,0.0675275791478492,0
1102.06666666667,0.83,0.0561881847809941,0.017983278354074,0.067533939043487,0
1102.06944444444,0.85,0.0890920570477474,0.0179930499023646,0.0675409392513831,0
1102.07222222222,0.875,0.116803959395968,0.0179738872953875,0.0675484724375017,0
1102.075,0.885,0.138413562186002,0.017979588120415,0.0675563946550286,0
1102.07777777778,0.89,0.153427084743351,0.0180705327123425,0.0675645343550457,0
1102.08055555556,0.89,0.161782175295499,0.0182361670263311,0.0675727115459558,0
1102.08333333333,0.89,0.163826885166425,0.0181995923453619,0.0675810208531311,0
1102.08611111111,0.89,0.160265898247517,0.0179575905483147,0.0675896016406626,0
1102.08888888889,0.88,0.152080026880198,0.0175177577346221,0.0675986235097031,0
1102.09166666667,0.87,0.140427205262571,0.0168977298294923,0.0676082698682512,0
1102.09444444444,0.855,0.126534611485068,0.0161237438178317,0.0676187214673398,0
1102.09722222222,0.84,0.11159201977084,0.0152286829988913,0.0676301387058777,0
1102.1,0.83,0.0966560048118929,0.0142497883707222,0.0676426446785236,0
1102.10277777778,0.805,0.0825732586826292,0.0132262343958782,0.0676563080211678,0
1102.10555555556,0.795,0.0699291870252545,0.0121967654019748,0.0676711280214665,0
1102.10833333333,0.76,0.059025339740849,0.011197569839754,0.0676868282726143,0
1102.11111111111,0.735,0.049886360956585,0.0102605361699083,0.0677027889333115,0
1102.11388888889,0.7,0.0422942910825363,0.00941199009639591,0.0677191317542537,0
1102.11666666667,0.66,0.0358454902160514,0.00867196283075557,0.0677361491900185,0
1102.11944444444,0.615,0.0300234140034409,0.00825452128941595,0.0677539377693263,0
1102.12222222222,0.58,0.0242791426958264,0.00816691141017198,0.067772688582422,0
1102.125,0.545,0.0181110530339593,0.00838335784684176,0.0677913764891212,0
1102.12777777778,0.505,0.0111353621060708,0.00861249994081012,0.0677982939008495,0
1102.13055555556,0.46,0.00314041206313651,0.00871964460613926,0.0677907967458545,0
1102.13333333333,0.43,-0.00588062137284883,0.00871349659935019,0.0677666279165421,0
1102.13611111111,0.395,-0.0157216135428824,0.00860413029252955,0.0677241156980654,0
1102.13888888889,0.365,-0.0259804309801666,0.00840217028846889,0.0676623523863063,0
1102.14166666667,0.335,-0.036098832622318,0.00811822774509613,0.067581338791437,0
1102.14444444444,0.31,-0.0454209272961938,0.00776261699852851,0.0674820818864957,0
1102.14722222222,0.26,-0.0532639398010117,0.00734533992366356,0.0673666354389008,0
1102.15,0.23,-0.0589938356422392,0.00706239850516715,0.0672380690973542,0
1102.15277777778,0.19,-0.0620979018585995,0.00694279952246813,0.0671001744143398,0
1102.15555555556,0.145,-0.0622467139450639,0.0069607054982957,0.0669575741365777,0
1102.15833333333,0.115,-0.0593389960865637,0.00707643361278898,0.0668155242817843,0
1102.16111111111,0.08,-0.0535245920324907,0.00724122300547627,0.0666706460779933,0
1102.16388888889,0.065,-0.0452029354981417,0.00740273577953253,0.0665183650295536,0
1102.16666666667,0.035,-0.0349968278541509,0.00751074570465021,0.0663548553887356,0
1102.16944444444,0.02,-0.023703761192287,0.00752246084292077,0.066177141761583,0
1102.17222222222,0,-0.0122292317715435,0.00740697125995254,0.0659830521767185,0
1102.175,-0.005,-0.00150826089183913,0.00714840561019928,0.0657710757557754,0
1102.17777777778,-0.03,0.00757749070462977,0.00687061086167188,0.0655404496334473,0
1102.18055555556,-0.04,0.014279171905767,0.00668908882834353,0.0652910377590945,0
1102.18333333333,-0.05,0.0180492063845698,0.00661039951335543,0.0650231726883508,0
1102.18611111111,-0.065,0.0185922428708608,0.00663640378300714,0.0647374774321781,0
1102.18888888889,-0.085,0.0158936967228511,0.00676378227596638,0.0644346844946302,0
1102.19166666667,-0.095,0.0102230884368588,0.00698391068222114,0.0641154689834801,0
1102.19444444444,-0.105,0.00211174526381065,0.00728313182995159,0.0637853747027838,0
1102.19722222222,-0.125,-0.00769317092297949,0.00764342905813446,0.0634510882111491,0
1102.2,-0.115,-0.0182941395235216,0.00784293539307431,0.0631198094378853,0
1102.20277777778,-0.11,-0.0287222812787674,0.00785840977391461,0.0627986437754482,0
1102.20555555556,-0.105,-0.0380226587690473,0.00769365002768011,0.0624941388726286,0
1102.20833333333,-0.105,-0.045338088706782,0.00736904070119381,0.0622077605623438,0
1102.21111111111,-0.11,-0.0499838408436377,0.0070394873670706,0.0619404308054329,0
1102.21388888889,-0.115,-0.0515064704367785,0.00677533116061071,0.0616929210377181,0
1102.21666666667,-0.115,-0.0497215259740395,0.00658705493567696,0.0614656768291335,0
1102.21944444444,-0.13,-0.0447268475032773,0.00647925297183283,0.061258651155879,0
1102.22222222222,-0.13,-0.036890435995781,0.00645040846024991,0.0610711621755893,0
1102.225,-0.14,-0.0268142175020058,0.00649315211619528,0.0609017895702942,0
1102.22777777778,-0.15,-0.0152772287013698,0.00659498304991036,0.0607483200790372,0
1102.23055555556,-0.145,-0.00316360907875428,0.00655328631757751,0.060607757652765,0
1102.23333333333,-0.135,0.00861787042178927,0.00638537975938026,0.0604765901817176,0
1102.23611111111,-0.125,0.0192153021255569,0.00621401114893203,0.0603506444368744,0
1102.23888888889,-0.115,0.0279087036973127,0.00605849470080995,0.0602252372699372,0
1102.24166666667,-0.115,0.0341718647957544,0.00593584189313951,0.0601043890827845,0
1102.24444444444,-0.115,0.0377154886893029,0.00585940238571615,0.0599933235269694,0
1102.24722222222,-0.125,0.0385079258651911,0.00583784088292813,0.0598964547083592,0
1102.25,-0.13,0.0367719058929005,0.00587453245935775,0.0598172121805364,0
1102.25277777778,-0.13,0.0329579064594937,0.00596742151318452,0.0597580125838116,0
1102.25555555556,-0.13,0.0276969461028681,0.00610934837300527,0.059720328897435,0
1102.25833333333,-0.135,0.021737451457879,0.00616570677586718,0.0597045369281939,0
1102.26111111111,-0.145,0.0158722610926464,0.00602349466438784,0.0597099828440594,0
1102.26388888889,-0.145,0.010862660591428,0.00581506692935128,0.0597336510679484,0
1102.26666666667,-0.145,0.00736652702739948,0.00561745317160517,0.059754121280738,0
1102.26944444444,-0.13,0.00587718611704263,0.00544655035779392,0.0597718779277814,0
1102.27222222222,-0.125,0.00667850421531463,0.00531582272840121,0.0597874835094895,0
1102.275,-0.13,0.00982015768536428,0.00523522387587032,0.0598015481102932,0
1102.27777777778,-0.135,0.0151150968766139,0.00521046848484707,0.0598146990651601,0
1102.28055555556,-0.15,0.0221591340547135,0.00524271133917041,0.0598275521548799,0
1102.28333333333,-0.155,0.0303705300946819,0.00532865282913021,0.0598406855298806,0
1102.28611111111,-0.175,0.039045624004109,0.00546105055095278,0.0598543377932848,0
1102.28888888889,-0.185,0.0474251096583028,0.00562957934462433,0.0598679977289044,0
1102.29166666667,-0.2,0.0547646443561347,0.00570222516971586,0.059881154932795,0
1102.29444444444,-0.2,0.0604031528840773,0.00564241962361949,0.0598934117149731,0
1102.29722222222,-0.195,0.0638224910298118,0.00548129028653808,0.0599044948075886,0
1102.3,-0.185,0.0646930182676729,0.00529173512716196,0.0599142579511055,0
1102.30277777778,-0.2,0.0629010110762367,0.00512216687221012,0.0599226758717904,0
1102.30555555556,-0.18,0.0585555915570986,0.00497699964075993,0.0599298312231027,0
1102.30833333333,-0.175,0.051974784356989,0.00485690831077783,0.0599358952212559,0
1102.31111111111,-0.175,0.0436522659867622,0.00485219155835569,0.0599411036349362,0
1102.31388888889,-0.175,0.0342081532096143,0.00493426918025748,0.0599457298909268,0
1102.31666666667,-0.165,0.0243286278455209,0.00500901039945055,0.0599500561823552,0
1102.31944444444,-0.17,0.0147001834983883,0.00508636748530817,0.0599543464912234,0
1102.32222222222,-0.2,0.00594471919111238,0.00517648290594294,0.0599588228367107,0
1102.325,-0.19,-0.00143843863529055,0.00528848406166454,0.0599636447461309,0
1102.32777777778,-0.2,-0.00711821082765395,0.00542937230567518,0.0599688942785321,0
1102.33055555556,-0.19,-0.0109609597275988,0.00560311675723971,0.0599745675841968,0
1102.33333333333,-0.2,-0.013040598324211,0.00581004341267173,0.059980585552581,0
1102.33611111111,-0.195,-0.0136288079054756,0.00604658132558592,0.0599868404081596,0
1102.33888888889,-0.205,-0.013166412882394,0.0063053928867775,0.0599932606173872,0
1102.34166666667,-0.19,-0.0122187019107647,0.00657587778780233,0.0599997378137455,0
1102.34444444444,-0.18,-0.0114189511216019,0.00672141696837636,0.0600061410130235,0
1102.34722222222,-0.185,-0.0114054661270543,0.00667511345303022,0.0600123338898727,0
1102.35,-0.205,-0.0127580212171692,0.00645199667566272,0.0600181958267166,0
1102.35277777778,-0.205,-0.0159395903505931,0.0062725479915908,0.0600236420716744,0
1102.35555555556,-0.21,-0.0212487391772417,0.00614790830575107,0.0600286419887232,0
1102.35833333333,-0.2,-0.0287870338583624,0.00608601701784625,0.0600332328184412,0
1102.36111111111,-0.22,-0.0384444182348703,0.00609097892155712,0.0600375314604613,0
1102.36388888889,-0.22,-0.049903847790765,0.00616280105277719,0.0600417410005877,0
1102.36666666667,-0.225,-0.0626647007765007,0.00629752852797415,0.0600464709257975,0
1102.36944444444,-0.225,-0.0760827755260659,0.00648776909063875,0.0600514625477008,0
1102.37222222222,-0.22,-0.0894231832314262,0.00672355703563513,0.0600563598325202,0
1102.375,-0.2,-0.10192129123388,0.00699347216502811,0.0600607254952321,0
1102.37777777778,-0.2,-0.112846164654171,0.00728590189182796,0.0600640705482244,0
1102.38055555556,-0.21,-0.121560754021752,0.00755842805061574,0.0600687753957102,0
1102.38333333333,-0.21,-0.127573397449835,0.00780118073195039,0.0600882917683973,0
1102.38611111111,-0.215,-0.130576015023935,0.00805269427534116,0.0601248785936871,0
1102.38888888889,-0.225,-0.130465594367483,0.00835555670011119,0.0601801552920733,0
1102.39166666667,-0.22,-0.127347087835342,0.00865887796718268,0.0602549114501193,0
1102.39444444444,-0.22,-0.121517525947546,0.00896764272041367,0.0603489553958842,0
1102.39722222222,-0.215,-0.113432847932693,0.00929049677686933,0.0604610159112031,0
1102.4,-0.215,-0.103660508377945,0.00963764571845687,0.0605887076143575,0
1102.40277777778,-0.21,-0.092822202265287,0.0100193888923985,0.0607285670007722,0
1102.40555555556,-0.215,-0.081531947658172,0.0104444919821696,0.0608761614931959,0
1102.40833333333,-0.205,-0.0703351991485352,0.0109185548534488,0.0610262689664399,0
1102.41111111111,-0.2,-0.0596545998436954,0.0114425411974895,0.0611788776080928,0
1102.41388888889,-0.2,-0.0497474224946867,0.0120116310960583,0.0613394790917584,0
1102.41666666667,-0.19,-0.0406787508362266,0.012614536850493,0.0615127249915737,0
1102.41944444444,-0.19,-0.0323130972082994,0.0132333874671905,0.0617021723646253,0
1102.42222222222,-0.18,-0.0243255584779652,0.0138442406084634,0.0619102571646048,0
1102.425,-0.17,-0.0162319149304699,0.0144182262792585,0.0621382730216445,0
1102.42777777778,-0.145,-0.00743541961759134,0.0149232685641683,0.0623864374853658,0
1102.43055555556,-0.135,0.00271345221759662,0.0153186601681587,0.0626540372461503,0
1102.43333333333,-0.11,0.0148491991947193,0.0153729519941207,0.0629396355638754,0
1102.43611111111,-0.09,0.0295211156585819,0.0152647558362608,0.0632413221526688,0
1102.43888888889,-0.07,0.0471267296457412,0.015338655099832,0.0635569827020583,0
1102.44166666667,-0.055,0.0678546660665563,0.0156068277403971,0.0638845639305314,0
1102.44444444444,-0.05,0.0916420852258117,0.0160710818216621,0.0642223103895903,0
1102.44722222222,-0.05,0.118150761478645,0.0167219599835657,0.064568853242251,0
1102.45,-0.04,0.146764440205391,0.0175386908112275,0.0649163772789984,0
1102.45277777778,-0.025,0.176608454969245,0.0184900469313583,0.0652569845188257,0
1102.45555555556,-0.01,0.206590829850306,0.0195360956708293,0.0655882658557023,0
1102.45833333333,0.02,0.235462371154824,0.0206307510570443,0.0659091270932802,0
1102.46111111111,0.05,0.261891701619322,0.0217249621920264,0.0662181755708565,0
1102.46388888889,0.08,0.284549929500461,0.02277030899279,0.0665138808156063,0
1102.46666666667,0.095,0.302198773336944,0.0237227278618353,0.0667948182260741,0
1102.46944444444,0.09,0.31377555050912,0.0245460619274459,0.0670599185928645,0
1102.47222222222,0.07,0.318468519994158,0.0252151265123765,0.0673087023203585,0
1102.475,0.045,0.3157766466843,0.0257180020876291,0.0675414759936717,0
1102.47777777778,0.035,0.30554889002588,0.0260573137644319,0.0677594723617871,0
1102.48055555556,0.015,0.287999543894746,0.0262503259135545,0.0679649196209035,0
1102.48333333333,0.03,0.263697869425403,0.0263277683441964,0.0681610331321158,0
1102.48611111111,0.03,0.233532148123084,0.0263314104849053,0.0683519271815988,0
1102.48888888889,0.035,0.198650205611255,0.0263105047526723,0.0685424515560705,0
1102.49166666667,0.03,0.160380278822621,0.0263173215802234,0.0687322063140059,0
1102.49444444444,-0.005,0.120137688028953,0.026402088059275,0.0689152533109483,0
1102.49722222222,-0.02,0.0793240101702571,0.0266077120238641,0.0690864411641617,0
1102.5,-0.045,0.0392262336278511,0.0269647169700241,0.0692416383545212,0
1102.50277777778,-0.065,0.000923637675371629,0.0274868255442227,0.0693778922884183,0
1102.50555555556,-0.1,-0.0347901530744365,0.0281676076900271,0.0694935109333953,0
1102.50833333333,-0.125,-0.0674633362900243,0.0289785536926637,0.0695880629487881,0
1102.51111111111,-0.14,-0.0970150810882,0.0298688447269592,0.0696623016245306,0
1102.51388888889,-0.165,-0.123734219747646,0.0307669791040746,0.0697180216630434,0
1102.51666666667,-0.195,-0.14824617483879,0.0313986321195072,0.069757861961523,0
1102.51944444444,-0.23,-0.171449141150506,0.0313291458095938,0.0697845691851312,0
1102.52222222222,-0.245,-0.194422908059936,0.0309804280666469,0.0697860274283976,0
1102.525,-0.26,-0.218315949299747,0.0310218878302586,0.069772954262499,0
1102.52777777778,-0.265,-0.244218359317824,0.0315453722518764,0.0697447670614659,0
1102.53055555556,-0.275,-0.273029726043554,0.032623095667931,0.0697017270353115,0
1102.53333333333,-0.28,-0.305331968699905,0.0342998014290406,0.0696450304658993,0
1102.53611111111,-0.28,-0.341277438554047,0.0365861712664354,0.0695777044120559,0
1102.53888888889,-0.275,-0.380502123297207,0.039454057611907,0.0695048053145094,0
1102.54166666667,-0.27,-0.422072602413463,0.0428340200939278,0.069432029888553,0
1102.54444444444,-0.255,-0.464473512522932,0.0466155130295716,0.0693589957124242,0
1102.54722222222,-0.27,-0.505639790435876,0.0506499039120624,0.0692805462736468,0
1102.55,-0.27,-0.543035007602619,0.0547563141687917,0.0691912883298441,0
1102.55277777778,-0.285,-0.573773874024004,0.0587300754006947,0.0690858793154645,0
1102.55555555556,-0.285,-0.594783684781409,0.0623534006903994,0.0689593308219643,0
1102.55833333333,-0.28,-0.60299633845234,0.0654076954144659,0.0688073100375739,0
1102.56111111111,-0.295,-0.595559806866665,0.0676867885818814,0.0686264198118462,0
1102.56388888889,-0.3,-0.570055799252583,0.0690102655567248,0.0684144404095467,0
1102.56666666667,-0.29,-0.524709029723349,0.0692360349606078,0.0681705158195963,0
1102.56944444444,-0.28,-0.458573108145934,0.0684144247649235,0.0678952720000468,0
1102.57222222222,-0.25,-0.371678714285123,0.0686177565076508,0.0675908553039294,0
1102.575,-0.175,-0.265131398207006,0.0697776734896544,0.0672608874488021,0
1102.57777777778,-0.065,-0.141149016329633,0.0717903038746256,0.0669103367439385,0
1102.58055555556,0.09,-0.00303232780862513,0.0745241975734244,0.0665453106646356,0
1102.58333333333,0.285,0.144933563277525,0.0778298092982383,0.0661727798861177,0
1102.58611111111,0.49,0.297644689619567,0.0815498450383195,0.0658002492911883,0
1102.58888888889,0.67,0.449403770280303,0.0855297171109631,0.0654353916326289,0
1102.59166666667,0.855,0.594194590803665,0.0896273363484088,0.0650790066101778,0
1102.59444444444,1.02,0.725990162864548,0.0937215120609762,0.0647285768400062,0
1102.59722222222,1.18,0.839076664953621,0.0977183298322369,0.0643820371299428,0
1102.6,1.34,0.928373333120387,0.101555028011705,0.0640377383976998,0
1102.60277777778,1.46,0.989727932300277,0.104688221453807,0.0636943624022344,0
1102.60555555556,1.545,1.02016828625269,0.106384692797037,0.0633507975079036,1
1102.60833333333,1.56,1.01809257190946,0.106547968090367,0.0630059888661971,0
1102.61111111111,1.515,0.983384584644642,0.105157971440825,0.0626587793370693,0
1102.61388888889,1.4,0.917444749510186,0.102272736293142,0.0623077585935971,0
1102.61666666667,1.25,0.823132998491877,0.0991717379777507,0.0619511391337524,0
1102.61944444444,1.02,0.704625396483553,0.0960285423717369,0.0615866722235627,0
1102.62222222222,0.77,0.567192177347693,0.0928119047349312,0.0612117276920492,0
1102.625,0.49,0.416910230775871,0.0895154786122965,0.0608294373392144,0
1102.62777777778,0.24,0.260327662756263,0.0861630450232378,0.0604471001317882,0
1102.63055555556,0.065,0.104101487703593,0.0828109635820672,0.0600717575316935,0
1102.63333333333,-0.05,-0.0453684743822456,0.0795475212739297,0.0597098611875,0
1102.63611111111,-0.125,-0.182286000506212,0.0764891084816811,0.0593669844313123,0
1102.63888888889,-0.175,-0.301762901381719,0.0737734188917585,0.0590475921898298,0
1102.64166666667,-0.19,-0.400062042788353,0.0715501282975288,0.0587548798975698,0
1102.64444444444,-0.22,-0.474763719356093,0.0699697353458985,0.0584906872921354,0
1102.64722222222,-0.265,-0.524845472391909,0.069171425127492,0.0582554878160026,0
1102.65,-0.31,-0.550671491132587,0.0691277753044476,0.058048450993271,0
1102.65277777778,-0.38,-0.553894065710614,0.0680493230592542,0.0578675713785859,0
1102.65555555556,-0.44,-0.537275700778853,0.0659545587478998,0.057709851403518,0
1102.65833333333,-0.47,-0.504445991475879,0.06285628301431,0.0575715244323979,0
1102.66111111111,-0.495,-0.459611794422237,0.0588204310199091,0.0574483024577286,0
1102.66388888889,-0.5,-0.407242260892492,0.0541974556541533,0.057335632298144,0
1102.66666666667,-0.49,-0.351751708633151,0.0493418073650621,0.0572289446877785,0
1102.66944444444,-0.49,-0.297202989766364,0.0444998944746116,0.0571222444619923,0
1102.67222222222,-0.49,-0.247051996178989,0.0398977633719788,0.0570208621218398,0
1102.675,-0.495,-0.203950395093316,0.0357296058387821,0.0569328889200032,0
1102.67777777778,-0.49,-0.169618891111999,0.0321489600093848,0.0568617520503534,0
1102.68055555556,-0.49,-0.144797650177894,0.029263027694012,0.0568099456963181,0
1102.68333333333,-0.485,-0.129274446595282,0.0271302996034161,0.0567789465984144,0
1102.68611111111,-0.505,-0.121985088976654,0.0257614446049552,0.0567691776249635,0
1102.68888888889,-0.51,-0.12117521950171,0.0251231966379693,0.056780018560792,0
1102.69166666667,-0.515,-0.124608091655922,0.0251447790182873,0.0568098614986031,0
1102.69444444444,-0.525,-0.129799761761101,0.0257262536847158,0.0568562071836837,0
1102.69722222222,-0.535,-0.134261516505304,0.0256019879573907,0.0569157970556671,0
1102.7,-0.53,-0.135729410676004,0.0246709283574814,0.0569847696749328,0
1102.70277777778,-0.53,-0.132362477147063,0.0231556235941447,0.0570609010428441,0
1102.70555555556,-0.52,-0.122894330958887,0.02157815451372,0.0571457851849939,0
1102.70833333333,-0.515,-0.106727236762342,0.0200424669871139,0.0572388880551142,0
1102.71111111111,-0.505,-0.0839628636860239,0.0186310709217258,0.0573440931811464,0
1102.71388888889,-0.505,-0.0553694700628892,0.0174019117340845,0.0574650601645196,0
1102.71666666667,-0.51,-0.0222906729914447,0.0163874663776708,0.0576050319406503,0
1102.71944444444,-0.53,0.0134941907382508,0.0155959411553596,0.0577666506889323,0
1102.72222222222,-0.545,0.0499442175176027,0.0150142920639657,0.0579517932323287,0
1102.725,-0.555,0.0849490991299768,0.0146126630785293,0.0581614360811096,0
1102.72777777778,-0.565,0.116521661123202,0.014372859752128,0.0583955586683912,0
1102.73055555556,-0.575,0.142973568893103,0.0144881856734439,0.0586530936353181,0
1102.73333333333,-0.565,0.163058908797557,0.0146146707201204,0.0589319281448001,0
1102.73611111111,-0.555,0.176073567636888,0.0147385293897163,0.0592289582323517,0
1102.73888888889,-0.55,0.181902548542492,0.014892839283245,0.0595401951603345,0
1102.74166666667,-0.54,0.181012189625614,0.0150989523186634,0.0598609196657755,0
1102.74444444444,-0.54,0.174389259428185,0.0151329904579616,0.0601858770845784,0
1102.74722222222,-0.555,0.163433645440421,0.0148111803500402,0.0605095037921398,0
1102.75,-0.575,0.149815412469889,0.0144497633244037,0.0608259004462583,0
1102.75277777778,-0.58,0.13531003532411,0.0140735275735766,0.0611292022147352,0
1102.75555555556,-0.59,0.121627349574435,0.0137127205774248,0.0614194613007384,0
1102.75833333333,-0.61,0.110250077040144,0.0133992666313923,0.061698941078754,0
1102.76111111111,-0.63,0.102296659756461,0.0131629572770082,0.0619699413125198,0
1102.76388888889,-0.635,0.0984206967515054,0.0130279869896352,0.0622348537447972,0
1102.76666666667,-0.615,0.0987557579044967,0.0130101569298899,0.0624962227492274,0
1102.76944444444,-0.635,0.102910079097602,0.0131149930889139,0.0627568014275682,0
1102.77222222222,-0.64,0.110011017605431,0.0133369296674249,0.0630195937546879,0
1102.775,-0.665,0.118794589128891,0.0136596033182431,0.0632878744450302,0
1102.77777777778,-0.67,0.127731330785429,0.0140571987630469,0.0635651800510687,0
1102.78055555556,-0.69,0.135176502983261,0.0144966907122163,0.0638552706331447,0
1102.78333333333,-0.695,0.139530542551849,0.014879345163898,0.0641599814162477,0
1102.78611111111,-0.715,0.139394889493393,0.0148328641668699,0.0644744183448638,0
1102.78888888889,-0.72,0.133708889040307,0.0144924043723474,0.0647934957268943,0
1102.79166666667,-0.73,0.121855352737973,0.0142523556988809,0.0651121585314226,0
1102.79444444444,-0.74,0.103725362003241,0.0141353018964532,0.0654255916346232,0
1102.79722222222,-0.76,0.0797367293667397,0.0141539662177226,0.0657294058880975,0
1102.8,-0.785,0.0508048369141828,0.0143102499153106,0.0660199746940682,0
1102.80277777778,-0.795,0.0182689484686491,0.0145952159729467,0.0662944237693585,0
1102.80555555556,-0.815,-0.0162188614111131,0.0149899910577429,0.0665505942644424,0
1102.80833333333,-0.815,-0.0508316720160322,0.0154443689715167,0.0667870743693969,0
1102.81111111111,-0.825,-0.0837197405627546,0.015685078514746,0.0670031965957367,0
1102.81388888889,-0.84,-0.113162616340935,0.0157361819187294,0.0671990040807336,0
1102.81666666667,-0.845,-0.137707543079575,0.015648483535475,0.067375190613399,0
1102.81944444444,-0.85,-0.156281790511093,0.0154936292711656,0.0675330200249645,0
1102.82222222222,-0.87,-0.168269128526739,0.015356178324988,0.0676742310945132,0
1102.825,-0.885,-0.173544109810353,0.015324423875701,0.0678029691873103,0
1102.82777777778,-0.89,-0.172461829863739,0.0154714973304512,0.0679250150816616,0
1102.83055555556,-0.895,-0.165805008423738,0.0154916697050439,0.0680461544910006,0
1102.83333333333,-0.9,-0.154694191548362,0.0153877239089858,0.068171912161554,0
1102.83611111111,-0.9,-0.140470240481873,0.0151697276145802,0.0683019186671137,0
1102.83888888889,-0.92,-0.124560740717529,0.0148535515509604,0.0684337062308095,0
1102.84166666667,-0.885,-0.108343307762401,0.0144590314414051,0.0685649783611637,0
1102.84444444444,-0.875,-0.0930188672983558,0.0140079746463599,0.0686936463925439,0
1102.84722222222,-0.87,-0.079506846645924,0.0135222160067456,0.0688178511720429,0
1102.85,-0.855,-0.0683719486991693,0.013021910359488,0.0689359726420079,0
1102.85277777778,-0.85,-0.0597890114758208,0.0125242140817476,0.0690466305232878,0
1102.85555555556,-0.835,-0.0535486930667387,0.0120424588969633,0.0691486793852316,0
1102.85833333333,-0.825,-0.049102725075174,0.0115858634176733,0.0692412011226573,0
1102.86111111111,-0.805,-0.0456436303164911,0.0111597676160077,0.0693234960412376,0
1102.86388888889,-0.785,-0.0422104697772251,0.0107663188320617,0.069395077886319,0
1102.86666666667,-0.755,-0.0378096865310149,0.0107633550667687,0.0694556800729106,0
1102.86944444444,-0.715,-0.0315386872147386,0.0110925618398122,0.0695052567315917,0
1102.87222222222,-0.69,-0.0226995789980908,0.0113909054507478,0.0695441326300451,0
1102.875,-0.655,-0.0108914808011204,0.0116578385117699,0.0695728536337389,0
1102.87777777778,-0.625,0.00392804599040739,0.0118907379025826,0.0695921611487211,0
1102.88055555556,-0.6,0.0214188552658606,0.0120845353941694,0.0696027931337234,0
1102.88333333333,-0.585,0.0408740966550835,0.0122318078042778,0.0696055903961405,0
1102.88611111111,-0.57,0.0612749059860294,0.0123233306035087,0.0696015840460973,0
1102.88888888889,-0.55,0.081378852820479,0.0123490434616829,0.0695919680043113,0
1102.89166666667,-0.54,0.0998337293127295,0.0122993260020651,0.0695780613578106,0
1102.89444444444,-0.515,0.115305704732165,0.0121664423611006,0.0695633705573867,0
1102.89722222222,-0.475,0.126609362571396,0.0119565296309289,0.0695491245397566,0
1102.9,-0.445,0.13282683175461,0.0119577320626744,0.0695350472411585,0
1102.90277777778,-0.425,0.133404155035823,0.0121086072179562,0.0695210237793276,0
1102.90555555556,-0.405,0.128215122945705,0.0123311016976481,0.0695073213722648,0
1102.90833333333,-0.385,0.11758584658083,0.0125389644340904,0.0694944454490694,0
1102.91111111111,-0.38,0.102277060423698,0.0126469395031564,0.0694828742548146,0
1102.91388888889,-0.39,0.0834251847786811,0.0125798459110728,0.0694727866099166,0
1102.91666666667,-0.365,0.0624471513786225,0.0122806618872555,0.0694642212303658,0
1102.91944444444,-0.37,0.0409175243582625,0.0118224617405071,0.0694571413664391,0
1102.92222222222,-0.35,0.0204291915099901,0.0114488895523529,0.0694514445536599,0
1102.925,-0.355,0.00245058986824892,0.0111834260675272,0.0694469765290645,0
1102.92777777778,-0.36,-0.0118071036712365,0.011043399858319,0.0694435475559276,0
1102.93055555556,-0.36,-0.0215001952890735,0.0110384362769419,0.0694410443858128,0
1102.93333333333,-0.365,-0.0262295069244509,0.0111694817935676,0.0694394331435886,0
1102.93611111111,-0.36,-0.0260766576903467,0.0114285077300277,0.0694386876447204,0
1102.93888888889,-0.37,-0.0215958191781621,0.0117989362631465,0.0694387942337453,0
1102.94166666667,-0.365,-0.0137613449163083,0.0122567651396431,0.0694397549837814,0
1102.94444444444,-0.345,-0.00387584446597635,0.0127723022293358,0.0694415890358827,0
1102.94722222222,-0.355,0.00655295813706046,0.0129544989601958,0.0694443265552914,0
1102.95,-0.355,0.0159552344562512,0.0127518235756139,0.0694480048097966,0
1102.95277777778,-0.36,0.0228486285024728,0.0122638338620251,0.0694525185241788,0
1102.95555555556,-0.36,0.0259803900087416,0.0118470833497697,0.0694577617421998,0
1102.95833333333,-0.38,0.0244486674729175,0.0115245929845588,0.0694636382479814,0
1102.96111111111,-0.365,0.0177914516539346,0.0113121305351347,0.069470069619272,0
1102.96388888889,-0.355,0.00603465132465899,0.0112174590982967,0.069477088635156,0
1102.96666666667,-0.355,-0.010305397939249,0.0112403129937661,0.0694847700225974,0
1102.96944444444,-0.345,-0.0302654009137655,0.0113730860165814,0.0694931781014713,0
1102.97222222222,-0.335,-0.0525205973881605,0.0116021475452677,0.0695023473612113,0
1102.975,-0.33,-0.0755043249649379,0.0119096405107149,0.0695123191344411,0
1102.97777777778,-0.335,-0.0975504102646151,0.0122650266000862,0.0695230883818227,0
1102.98055555556,-0.345,-0.11704491686623,0.0123603818026718,0.0695346165102691,0
1102.98333333333,-0.34,-0.13257281574853,0.0122449263828504,0.0695466936091492,0
1102.98611111111,-0.355,-0.143045553033588,0.0119941479888934,0.0695591082717295,0
1102.98888888889,-0.36,-0.147797243245588,0.0117023890158067,0.0695717304199804,0
1102.99166666667,-0.365,-0.146640158782529,0.0114734070126425,0.0695844400002982,0
1102.99444444444,-0.37,-0.139874047992922,0.0114097810912189,0.0695973780517087,0
1102.99722222222,-0.36,-0.128248235183979,0.0116021620525388,0.0696107719812481,0
1103,-0.36,-0.112880019196918,0.0120137598171663,0.0696248340547896,0
1103.00277777778,-0.345,-0.0951371580169469,0.0124357304504108,0.069639701727176,0
1103.00555555556,-0.345,-0.0764957934065929,0.0128736252717914,0.0696554866872331,0
1103.00833333333,-0.335,-0.0583876822054628,0.0133294013214198,0.069672270980309,0
1103.01111111111,-0.33,-0.0420518062557252,0.0137997364613554,0.0696900124470145,0
1103.01388888889,-0.32,-0.0284051986223773,0.0142748897995667,0.0697085613400581,0
1103.01666666667,-0.3,-0.0179461527965056,0.0147382828270135,0.0697278439081952,0
1103.01944444444,-0.295,-0.0107000134093387,0.0151669072216621,0.0697478242380973,0
1103.02222222222,-0.285,-0.00621374632230463,0.0155325814979333,0.0697684624849692,0
1103.025,-0.275,-0.00360081929672578,0.0158039884737364,0.0697897169533946,0
1103.02777777778,-0.27,-0.00163302691320352,0.0159493377394278,0.0698115454303584,0
1103.03055555556,-0.25,0.00112877131422561,0.0159394209047799,0.0698339057427348,0
1103.03333333333,-0.235,0.00617701363916065,0.0161280712341293,0.0698567311056012,0
1103.03611111111,-0.215,0.0148878230237085,0.0165102384179667,0.069879899252527,0
1103.03888888889,-0.205,0.0283558807337299,0.0170896144214186,0.069903308775024,0
1103.04166666667,-0.185,0.0472502449168017,0.0178572158549928,0.0699268817553127,0
1103.04444444444,-0.17,0.0717059950661154,0.0187908485268464,0.0699504798189654,0
1103.04722222222,-0.13,0.101263549769247,0.019855756953865,0.0699739777759326,0
1103.05,-0.095,0.134863271801897,0.0210064878135199,0.0699973054294717,0
1103.05277777778,-0.075,0.170897915084419,0.0221898794588625,0.0700203696904669,0
1103.05555555556,-0.04,0.207320040457153,0.0233489741162776,0.0700430851270033,0
1103.05833333333,-0.04,0.241796233201641,0.0244275463833594,0.0700653906345396,0
1103.06111111111,-0.06,0.271895293815119,0.0253748616486928,0.0700872324536003,0
1103.06388888889,-0.075,0.29529399499571,0.0261502299254135,0.0701086319035678,0
1103.06666666667,-0.1,0.309981860985818,0.0267269106413172,0.0701295990718076,0
1103.06944444444,-0.115,0.314445962993029,0.0270949552339372,0.0701500858893365,0
1103.07222222222,-0.115,0.307818018978837,0.0272626463649262,0.0701700650651025,0
1103.075,-0.09,0.289969059857944,0.0272563008225373,0.0701895311921667,0
1103.07777777778,-0.08,0.261541342948897,0.0271183398057101,0.0702085003294702,0
1103.08055555556,-0.08,0.223912685388183,0.026903684374509,0.0702270328171896,0
1103.08333333333,-0.09,0.179094476724457,0.0266746923729175,0.0702452720275299,0
1103.08611111111,-0.135,0.129570767730564,0.0264950019897307,0.0702633740130103,0
1103.08888888889,-0.17,0.0780914615994426,0.0264227723893984,0.0702814923048438,0
1103.09166666667,-0.195,0.027437227934769,0.0265039009921727,0.0702997627034821,0
1103.09444444444,-0.24,-0.0198231247636168,0.0267658400654533,0.0703182898450853,0
1103.09722222222,-0.27,-0.0615607663348595,0.0272126259274391,0.0703369436529604,0
1103.1,-0.295,-0.0962790484166945,0.0278216701635445,0.0703555246206146,0
1103.10277777778,-0.29,-0.12325099552863,0.0285427463677121,0.0703738485957639,0
1103.10555555556,-0.3,-0.142587663315416,0.0292994452217897,0.0703919020526798,0
1103.10833333333,-0.315,-0.155228748884917,0.0299931765933733,0.0704096896996387,0
1103.11111111111,-0.32,-0.162853589911027,0.0305095845399805,0.0704272341622086,0
1103.11388888889,-0.34,-0.167717811506686,0.0302921423765396,0.0704445989185419,0
1103.11666666667,-0.35,-0.172427751403244,0.0304925975515029,0.0704618360111182,0
1103.11944444444,-0.365,-0.179670801608433,0.0312163666347061,0.0704789709453698,0
1103.12222222222,-0.37,-0.191924397745353,0.0325445661129925,0.0704960122163487,0
1103.125,-0.39,-0.211169126782247,0.0345241265682589,0.070512951445618,0
1103.12777777778,-0.395,-0.238632023075744,0.0371596720105862,0.070529764907974,0
1103.13055555556,-0.395,-0.274584474588847,0.0404079453837735,0.0705464258090039,0
1103.13333333333,-0.385,-0.318215350996507,0.0441754094212399,0.0705629999576322,0
1103.13611111111,-0.385,-0.367594266366831,0.0483194423606733,0.0705795719762663,0
1103.13888888889,-0.375,-0.419732741958374,0.0526532946868516,0.070596177400517,0
1103.14166666667,-0.38,-0.470743012492712,0.0569546942516575,0.0706128098135218,0
1103.14444444444,-0.38,-0.516085980441555,0.0609777036904165,0.0706294120967152,0
1103.14722222222,-0.37,-0.550892056207586,0.0644671679733787,0.0706459208603002,0
1103.15,-0.375,-0.570331988666407,0.0671748625207582,0.0706622733608932,0
1103.15277777778,-0.365,-0.570009867392002,0.0688762825344271,0.0706784132396756,0
1103.15555555556,-0.37,-0.546347708197172,0.0693869171019518,0.0706942960654325,0
1103.15833333333,-0.34,-0.496930687875232,0.0698721737209259,0.0707098937222071,0
1103.16111111111,-0.33,-0.420784245444214,0.0715669929530632,0.0707251971165387,0
1103.16388888889,-0.29,-0.318558783577763,0.0742896062448511,0.0707402044480707,0
1103.16666666667,-0.225,-0.192604256756377,0.07781442713695,0.0707549073177889,0
1103.16944444444,-0.11,-0.0469250228028244,0.081890999835549,0.0707692888197107,0
1103.17222222222,0.07,0.112985667948375,0.0862641532733218,0.0707833206622421,0
1103.175,0.28,0.280422975890329,0.0906936959082551,0.0707969609971824,0
1103.17777777778,0.505,0.447842334920744,0.0949720457769223,0.0708102532610654,0
1103.18055555556,0.725,0.607301204381949,0.0989383832835918,0.0708232048784871,0
1103.18333333333,0.91,0.750940425217896,0.102488223819271,0.0708357271663569,0
1103.18611111111,1.09,0.871471557210584,0.105577706731119,0.0708475093158443,0
1103.18888888889,1.24,0.962635784654092,0.108222352117634,0.0708583792940399,0
1103.19166666667,1.36,1.0196018060766,0.11049050863254,0.0708684298710878,0
1103.19444444444,1.46,1.03927443013047,0.112469948738697,0.0708776970220185,1
1103.19722222222,1.515,1.02049204828367,0.112710089255102,0.0708862777189345,0
1103.2,1.485,0.964099240346496,0.111191130004828,0.0708942767710945,0
1103.20277777778,1.425,0.872889858747726,0.109145986808134,0.0709017924635618,0
1103.20555555556,1.3,0.751425323839962,0.106830483110609,0.070908910617889,0
1103.20833333333,1.1,0.605741819287097,0.104169325837992,0.0709156886425526,0
1103.21111111111,0.82,0.442967918078581,0.101137039813491,0.0709221524528822,0
1103.21388888889,0.49,0.270880305257855,0.0977641492237769,0.0709282972914576,0
1103.21666666667,0.14,0.0974292436961827,0.0941382023321754,0.0709340911943437,0
1103.21944444444,-0.15,-0.0697330195887764,0.0903995266557012,0.070939574840754,0
1103.22222222222,-0.38,-0.223688665657819,0.0867320511470562,0.0709448531112917,0
1103.225,-0.535,-0.358626638050256,0.0833499497989695,0.0709500309053404,0
1103.22777777778,-0.61,-0.470127430025209,0.0804812126650954,0.0709550756907949,0
1103.23055555556,-0.605,-0.555343901416294,0.0783495066688455,0.0709598753483068,0
1103.23333333333,-0.58,-0.61306978576927,0.0771558291739534,0.0709643169776412,0
1103.23611111111,-0.52,-0.643696019939843,0.0770614715073785,0.070968297066868,0
1103.23888888889,-0.49,-0.649063222003829,0.0768783609036237,0.0709717306699507,0
1103.24166666667,-0.475,-0.632225932276946,0.075350819339645,0.0709745586521541,0
1103.24444444444,-0.475,-0.597150077638705,0.0726441966008946,0.070976764608699,0
1103.24722222222,-0.495,-0.548369111723213,0.0689751367644512,0.0709783884071263,0
1103.25,-0.52,-0.490626172480187,0.0645961674687697,0.0709795216256819,0
1103.25277777778,-0.55,-0.428529308830702,0.0597789816640991,0.0709802979729443,0
1103.25555555556,-0.54,-0.366244460745191,0.0547975510783881,0.0709808786752205,0
1103.25833333333,-0.54,-0.307246696332529,0.0499121666585587,0.0709814348459492,0
1103.26111111111,-0.545,-0.254144616622028,0.0453553827799282,0.0709821274792715,0
1103.26388888889,-0.545,-0.208586334880594,0.0413206606752621,0.0709831139472566,0
1103.26666666667,-0.55,-0.171248579770254,0.0379542781694748,0.0709844762629765,0
1103.26944444444,-0.54,-0.141903826217993,0.0353508161469099,0.0709860544554933,0
1103.27222222222,-0.545,-0.119554452147359,0.0335522673036921,0.0709873661101933,0
1103.275,-0.55,-0.102618200424155,0.032550559486039,0.070988282542098,0
1103.27777777778,-0.545,-0.089146026086239,0.0322930623691879,0.0709891281542433,0
1103.28055555556,-0.55,-0.077051923504449,0.0326904673925382,0.070990278414126,0
1103.28333333333,-0.56,-0.0643346013294407,0.0324651152256325,0.0709921446460895,0
1103.28611111111,-0.555,-0.0492728016785368,0.0313871057915036,0.070994228970081,0
1103.28888888889,-0.565,-0.0305794067004345,0.0297805536192292,0.0709859026439894,0
1103.29166666667,-0.575,-0.007503893827365,0.0280447452716172,0.0709645349935584,0
1103.29444444444,-0.58,0.0201222320077407,0.0263041764438797,0.0709278075460808,0
1103.29722222222,-0.58,0.0518971453943604,0.0246649076953028,0.070873893609349,0
1103.3,-0.595,0.0869126761990362,0.0232099925228187,0.070801625581758,0
1103.30277777778,-0.58,0.123861381232761,0.0219970988964106,0.0707106408477458,0
1103.30555555556,-0.57,0.161174260957368,0.0210582618902962,0.0706014909851002,0
1103.30833333333,-0.555,0.197174654277938,0.0204015466886369,0.0704758342361158,0
1103.31111111111,-0.555,0.230233209215707,0.0200142737789213,0.0703363761389376,0
1103.31388888889,-0.575,0.258909566856743,0.0198673696753992,0.0701867303812288,0
1103.31666666667,-0.56,0.282068384638632,0.0199203614005248,0.0700311562735548,0
1103.31944444444,-0.58,0.298960332379777,0.0201265316493643,0.0698744725741089,0
1103.32222222222,-0.585,0.309262409266395,0.0204377907944489,0.0697212717239085,0
1103.325,-0.59,0.313075990314901,0.0208088951350275,0.0695669378745567,0
1103.32777777778,-0.59,0.310885037395366,0.0212007390291555,0.0694071655709728,0
1103.33055555556,-0.59,0.303480540233088,0.0215825611624891,0.0692381216534738,0
1103.33333333333,-0.595,0.291860172587993,0.021933021034086,0.0690565710327487,0
1103.33611111111,-0.605,0.277114118211211,0.0222402100647263,0.0688599591859705,0
1103.33888888889,-0.605,0.260308893800586,0.0225007532363566,0.0686464473544035,0
1103.34166666667,-0.605,0.242380729255921,0.0227182246901262,0.0684148879008899,0
1103.34444444444,-0.61,0.224048720691806,0.0229011397813195,0.0681646446748298,0
1103.34722222222,-0.62,0.205755706429585,0.0230607952184497,0.0678956847820696,0
1103.35,-0.64,0.187641867259077,0.0232092095659523,0.0676084254517973,0
1103.35277777778,-0.665,0.169552712190584,0.023357372706258,0.0673035626395587,0
1103.35555555556,-0.675,0.151079700438739,0.0235139511340515,0.0669842479379108,0
1103.35833333333,-0.685,0.131628588884475,0.0236845239427613,0.0666569755750553,0
1103.36111111111,-0.7,0.110507971095231,0.023871350448532,0.0663287087746763,0
1103.36388888889,-0.695,0.0870286230434449,0.0240736027576167,0.0660063609916348,0
1103.36666666667,-0.71,0.0606033504628286,0.0242879423837445,0.0656965435860374,0
1103.36944444444,-0.715,0.0308371136180513,0.0243581845294991,0.0654001682738795,0
1103.37222222222,-0.71,-0.00240173553132832,0.024135887117267,0.0651173634892983,0
1103.375,-0.725,-0.0389363432550025,0.0239190031794599,0.0648483865667937,0
1103.37777777778,-0.725,-0.0782670086189004,0.0237138491678112,0.0645935221251988,0
1103.38055555556,-0.745,-0.119589211582895,0.0235266656568428,0.0643529560333437,0
1103.38333333333,-0.755,-0.161842454261225,0.0233639629900945,0.064126633342735,0
1103.38611111111,-0.775,-0.203785341662606,0.0232331926364785,0.0639141166960791,0
1103.38888888889,-0.785,-0.244089751060754,0.0231436399260724,0.063714466557237,0
1103.39166666667,-0.785,-0.281445037067386,0.0231073839623941,0.0635261481566077,0
1103.39444444444,-0.79,-0.314662169114437,0.0231401377023525,0.0633469778423197,0
1103.39722222222,-0.785,-0.342767598348908,0.0232617701041366,0.0631742511799979,0
1103.4,-0.78,-0.365077514757403,0.0234963253307434,0.0630046938234503,0
1103.40277777778,-0.78,-0.38124490860748,0.0238713912477837,0.0628351198698007,0
1103.40555555556,-0.77,-0.391274338813689,0.0244167283176696,0.0626702496730196,0
1103.40833333333,-0.77,-0.395502313960107,0.0251621455660135,0.0625146659534966,0
1103.41111111111,-0.76,-0.39454444175256,0.0261346957390338,0.0623728363589174,0
1103.41388888889,-0.76,-0.38921370830387,0.0273553489075751,0.0622488807292613,0
1103.41666666667,-0.74,-0.3804171202649,0.0288353838373881,0.0621453158734041,0
1103.41944444444,-0.73,-0.369040217672357,0.0305728008941366,0.0620630521436458,0
1103.42222222222,-0.705,-0.355830430463394,0.0325491015816002,0.0620019018842263,0
1103.425,-0.705,-0.341290762154144,0.0347267922978331,0.0619608107258009,0
1103.42777777778,-0.67,-0.325594776493699,0.0370479501876859,0.0619378658262992,0
1103.43055555556,-0.655,-0.308532360269862,0.0394341364967021,0.0619304789503459,0
1103.43333333333,-0.63,-0.289493346742575,0.0417878599518866,0.0619355997034933,0
1103.43611111111,-0.59,-0.26749299533899,0.0439956846098044,0.0619456395175026,0
1103.43888888889,-0.56,-0.24123978221313,0.0459329510135242,0.0619545364455977,0
1103.44166666667,-0.525,-0.209242252829716,0.0474699459936731,0.0619628979074035,0
1103.44444444444,-0.495,-0.169948129751241,0.0484792257989332,0.0619714712687823,0
1103.44722222222,-0.47,-0.121905756968652,0.0488436804902717,0.0619805926975027,0
1103.45,-0.435,-0.0639355651062849,0.0489309414104087,0.0619896057576305,0
1103.45277777778,-0.4,0.00470222593079332,0.0501249529184155,0.0619977792497039,0
1103.45555555556,-0.355,0.0841578466190448,0.0521723240034377,0.0620045498731697,0
1103.45833333333,-0.31,0.173873606628648,0.0550719824988124,0.0620097382135592,0
1103.46111111111,-0.255,0.272508529529088,0.0587799604980044,0.0620132491646411,0
1103.46388888889,-0.21,0.377914802978171,0.0632081125165764,0.0620150634124891,0
1103.46666666667,-0.145,0.487171269185284,0.0682254257822624,0.062015225935014,0
1103.46944444444,-0.08,0.596675081544901,0.0736620006751195,0.0620138270192442,0
1103.47222222222,-0.015,0.702288347751885,0.0793156004815099,0.0620109860463574,0
1103.475,0.06,0.799532394878551,0.0849604906118872,0.0620068363072729,0
1103.47777777778,0.13,0.883818549820895,0.090358121467417,0.0620015136951603,0
1103.48055555556,0.195,0.950701320653709,0.0952690687633178,0.0619951642997889,0
1103.48333333333,0.25,0.996137828856329,0.0994655412190207,0.0619880941922097,0
1103.48611111111,0.27,1.01673644511135,0.102743706486011,0.0619803632034245,1
1103.48888888889,0.26,1.00997790328096,0.104935077192334,0.0619720206857079,0
1103.49166666667,0.215,0.974393697341221,0.105916241600692,0.0619631317197521,0
1103.49444444444,0.105,0.909689202426885,0.105616315383111,0.0619537611646119,0
1103.49722222222,-0.06,0.81680251802205,0.10402162653751,0.0619437868626587,0
1103.5,-0.275,0.69789425345294,0.10117731540491,0.061932927068578,0
1103.50277777778,-0.525,0.556268057705389,0.0983664979151636,0.0619211101767396,0
1103.50555555556,-0.805,0.396226304691243,0.0960811699070775,0.0619082625752932,0
1103.50833333333,-1.07,0.222869647137944,0.0943231350546348,0.061896602788917,0
1103.51111111111,-1.32,0.0418528365287856,0.0931063653851984,0.0618871327327856,0
1103.51388888889,-1.545,-0.140887990779445,0.0924587038029853,0.0618805710117351,0
1103.51666666667,-1.745,-0.319419636993394,0.0924213798374749,0.0618775415529663,0
1103.51944444444,-1.915,-0.488090321700375,0.0930463371097582,0.0618784603317254,0
1103.52222222222,-2.075,-0.641785552299175,0.0943915706677513,0.061883425855431,0
1103.525,-2.215,-0.776146468120367,0.096514856237624,0.0618921252122064,0
1103.52777777778,-2.345,-0.887738591386317,0.0994664062384957,0.0619012638111419,0
1103.53055555556,-2.425,-0.974162551091071,0.102814989967815,0.061909097752353,0
1103.53333333333,-2.49,-1.03410248181829,0.105050772271962,0.061917547837054,0
1103.53611111111,-2.515,-1.06731212598413,0.106136092907261,0.0619288905250677,0
1103.53888888889,-2.525,-1.07454286314833,0.106083997796741,0.0619454576376944,0
1103.54166666667,-2.5,-1.05742164745053,0.104954727801237,0.0619698758192453,0
1103.54444444444,-2.44,-1.01828988623594,0.102849920202783,0.0620050899599052,0
1103.54722222222,-2.395,-0.960016430749667,0.0999049988840371,0.0620538966217407,0
1103.55,-2.365,-0.885798938803708,0.0962803176736536,0.0621187350869129,0
1103.55277777778,-2.325,-0.798967858480903,0.0921516670216938,0.0622014821600979,0
1103.55555555556,-2.27,-0.702806206354037,0.087700755681405,0.0623032639546633,0
1103.55833333333,-2.215,-0.600396290515479,0.0831062383447022,0.0624243024177232,0
1103.56111111111,-2.12,-0.494501746500866,0.0785357822249916,0.0625637908505701,0
1103.56388888889,-2.02,-0.387489956771935,0.0741395580070227,0.0627196788838416,0
1103.56666666667,-1.89,-0.281296390491629,0.0700454129051564,0.062888904580888,0
1103.56944444444,-1.76,-0.177428920510976,0.0663558464092732,0.0630674936062367,0
1103.57222222222,-1.62,-0.0770070277509695,0.0636046462283872,0.0632507195516712,0
1103.575,-1.485,0.0191717655870309,0.062149695427078,0.0634333181494029,0
1103.57777777778,-1.375,0.110547691786789,0.0619825925007782,0.0636171546077524,0
1103.58055555556,-1.28,0.196707126486293,0.0630475890146499,0.0638070932861601,0
1103.58333333333,-1.175,0.277293901878673,0.0640656125753624,0.064007025260471,0
1103.58611111111,-1.08,0.351932936649183,0.0645657656499675,0.0642199761801292,0
1103.58888888889,-0.995,0.420173839101358,0.0645857409493753,0.0644480618549901,0
1103.59166666667,-0.92,0.481459780803683,0.0641695240306567,0.064692517448036,0
1103.59444444444,-0.84,0.535124179243538,0.0633643327956682,0.0649537923358185,0
1103.59722222222,-0.76,0.580414822693107,0.0622182792054266,0.0652316977903488,0
1103.6,-0.645,0.616542279928482,0.0607788198421432,0.0655255926685091,0
1103.60277777778,-0.525,0.642747008206182,0.0590919738537637,0.0658345895019527,0
1103.60555555556,-0.385,0.658377716073252,0.0572022086134114,0.066157759164532,0
1103.60833333333,-0.215,0.662972410958589,0.0551528316358432,0.0664943171539608,0
1103.61111111111,-0.07,0.65633325649953,0.052986686659496,0.0668412147159785,0
1103.61388888889,0.055,0.638586899010276,0.0507469349518332,0.0671916098794273,0
1103.61666666667,0.16,0.610223239707132,0.0484777101830095,0.0675384184190959,0
1103.61944444444,0.22,0.572107603640658,0.0462244647736084,0.0678749410150199,0
1103.62222222222,0.245,0.525463704682197,0.0440338736135053,0.0681963987756996,0
1103.625,0.265,0.471827504304065,0.0419532220581548,0.0685014550835482,0
1103.62777777778,0.25,0.412974765134962,0.0400292726882737,0.0687887249104993,0
1103.63055555556,0.235,0.350827563831841,0.0383066725982969,0.0690569668040059,0
1103.63333333333,0.225,0.287347029323705,0.0368260232976362,0.0693052801884999,0
1103.63611111111,0.245,0.224420931313844,0.0356217828154753,0.0695332917149037,0
1103.63888888889,0.27,0.163755337010504,0.0347201997657963,0.0697413132053408,0
1103.64166666667,0.3,0.106779326658898,0.0341374891318953,0.0699304554871427,0
1103.64444444444,0.32,0.0545707289001817,0.0338784484758064,0.0701026866978547,0
1103.64722222222,0.345,0.00780909496935362,0.0339356822509965,0.0702608280261942,0
1103.65,0.355,-0.0332401706972306,0.034289553824889,0.0704084931540014,0
1103.65277777778,0.36,-0.0687092639350159,0.0344510514600908,0.0705501644941602,0
1103.65555555556,0.38,-0.0990805389771289,0.0340709092325727,0.0706907493067946,0
1103.65833333333,0.38,-0.125112348304255,0.0331340209979657,0.0708279312795635,0
1103.66111111111,0.39,-0.147744639360769,0.0319931942375371,0.0709563588381272,0
1103.66388888889,0.41,-0.167992519647984,0.0307864879145265,0.0710712850277692,0
1103.66666666667,0.425,-0.186837022691941,0.0295681714776003,0.0711688667418678,0
1103.66944444444,0.455,-0.205122522534791,0.0283878727033075,0.0712462675121989,0
1103.67222222222,0.46,-0.223469634517954,0.0272877286133289,0.0713018118538094,0
1103.675,0.49,-0.242211058975142,0.0263000927586732,0.0713351037416192,0
1103.67777777778,0.525,-0.261355793984021,0.025445971494571,0.0713467954931974,0
1103.68055555556,0.545,-0.280584642836266,0.0247343045824119,0.0713384630819504,0
1103.68333333333,0.565,-0.29927719208739,0.0241621385157471,0.0713124394790675,0
1103.68611111111,0.57,-0.316567679434972,0.0237156701107807,0.0712726010251295,0
1103.68888888889,0.585,-0.331424649963191,0.0233720691540444,0.0712347598848447,0
1103.69166666667,0.59,-0.342747235843103,0.0231019280494514,0.0711984516885946,0
1103.69444444444,0.595,-0.349469468734332,0.0228721385030296,0.0711632002086897,0
1103.69722222222,0.605,-0.350663369233873,0.0226489642074772,0.071128541930624,0
1103.7,0.625,-0.345631709219828,0.0224010666325494,0.0710937826077747,0
1103.70277777778,0.64,-0.333982293628674,0.0221022491092017,0.0710585138184126,0
1103.70555555556,0.665,-0.315677269921403,0.0217337114232088,0.07102297042677,0
1103.70833333333,0.7,-0.291053195206792,0.0212856505195051,0.070987550690388,0
1103.71111111111,0.72,-0.260810172513051,0.0207580987294912,0.0709525618964651,0
1103.71388888889,0.745,-0.225971077789929,0.0201609542586664,0.0709182158093379,0
1103.71666666667,0.76,-0.18781449643903,0.0195161724212287,0.070884631553517,0
1103.71944444444,0.775,-0.147787242588305,0.0188675087178648,0.0708518442213578,0
1103.72222222222,0.79,-0.107404048169979,0.0182047101520686,0.0708198182479704,0
1103.725,0.8,-0.0681430341552884,0.0175851688517752,0.0707884645988983,0
1103.72777777778,0.8,-0.0313458279698141,0.0170454373100661,0.0707576595932464,0
1103.73055555556,0.805,0.00186934566357319,0.0166195036628293,0.0707272568165672,0
1103.73333333333,0.825,0.0306745420551264,0.0163369352484522,0.0706969007773469,0
1103.73611111111,0.835,0.0545737625262203,0.0162208807711503,0.0706663059095434,0
1103.73888888889,0.84,0.0734165421804423,0.0162865959928206,0.0706352868941261,0
1103.74166666667,0.855,0.0873831250598707,0.0161935682273277,0.0706037847940739,0
1103.74444444444,0.865,0.0969434124532929,0.0158299310821037,0.0705718571500244,0
1103.74722222222,0.855,0.102794149289843,0.0152154304296999,0.070539694143376,0
1103.75,0.84,0.105780647222288,0.0144448790424709,0.0705075973825582,0
1103.75277777778,0.815,0.106810569551534,0.0135431762262991,0.0704758749981884,0
1103.75555555556,0.8,0.10676781838004,0.0125397327784589,0.0704446740924699,0
1103.75833333333,0.78,0.106434330768716,0.0114666075374191,0.0704140426949367,0
1103.76111111111,0.76,0.106426640324561,0.0103566430681876,0.0703840155547414,0
1103.76388888889,0.755,0.107152491867178,0.00924174187370078,0.0703546057646359,0
1103.76666666667,0.75,0.108790764505195,0.00815140043813623,0.07032579781606,0
1103.76944444444,0.73,0.111295659263546,0.00711158556383919,0.0702975437201411,0
1103.77222222222,0.705,0.114423761126524,0.006143999395975,0.0702697611916327,0
1103.775,0.69,0.117780414175998,0.00526574010149138,0.0702423341549021,0
1103.77777777778,0.65,0.120880056103977,0.00448932819648014,0.0702151159610809,0
1103.78055555556,0.605,0.12321391091873,0.00385611694289684,0.0701879345952093,0
1103.78333333333,0.575,0.124317849298386,0.00344449536634897,0.0701606015659684,0
1103.78611111111,0.53,0.123833344510823,0.00322049631982939,0.070133201191998,0
1103.78888888889,0.48,0.121555260025855,0.0031368225707563,0.0701058288752445,0
1103.79166666667,0.45,0.117461619001095,0.00313760166780979,0.0700786013702576,0
1103.79444444444,0.405,0.111722384265339,0.00316381906067131,0.0700516496806347,0
1103.79722222222,0.355,0.104686434904594,0.00316871764961791,0.0700251093426356,0
1103.8,0.32,0.0968481506615823,0.00325357578432534,0.0699991100187836,0
1103.80277777778,0.29,0.0887970908833737,0.00345511215196576,0.0699737652090592,0
1103.80555555556,0.255,0.0811559785000555,0.00374468604586251,0.0699491615506859,0
1103.80833333333,0.235,0.0745134036691953,0.00411389284317428,0.0699253505863107,0
1103.81111111111,0.19,0.0693582289038696,0.00455339952062057,0.0699023446264249,0
1103.81388888889,0.155,0.0660225520523414,0.00505218519092025,0.0698801162090176,0
1103.81666666667,0.12,0.0646392768265733,0.00559743819847168,0.0698586013766798,0
1103.81944444444,0.06,0.0651189301268796,0.00617463354802932,0.0698376332519063,0
1103.82222222222,0.035,0.0671484872864198,0.00676782353198884,0.0698170193159567,0
1103.825,-0.01,0.0702128023307742,0.00736014849640769,0.06979656133695,0
1103.82777777778,-0.025,0.0736370004442042,0.00790113285183746,0.0697760676497968,0
1103.83055555556,-0.035,0.0766460921912009,0.00828409458398061,0.0697553650549237,0
1103.83333333333,-0.06,0.0784363189134312,0.00849272255702953,0.069734309420409,0
1103.83611111111,-0.07,0.078251508662485,0.00852649115725891,0.0697128207430794,0
1103.83888888889,-0.085,0.0754571351446462,0.00840061088819644,0.0696909710602296,0
1103.84166666667,-0.1,0.0696048900389188,0.00814438935215214,0.0696688834874201,0
1103.84444444444,-0.11,0.0604813955732961,0.00793536715643592,0.0696467204237222,0
1103.84722222222,-0.13,0.0481361258132377,0.00779743593811776,0.0696246673516163,0
1103.85,-0.14,0.0328855374089443,0.00772205963894226,0.069602911399288,0
1103.85277777778,-0.16,0.015292651107276,0.00769700275074628,0.0695816198847953,0
1103.85555555556,-0.175,-0.00387633916118921,0.00770723839562605,0.0695609193647554,0
1103.85833333333,-0.19,-0.0237146462263403,0.00773609929797139,0.0695408772655754,0
1103.86111111111,-0.195,-0.0432510105759189,0.00773350192828371,0.0695214858585638,0
1103.86388888889,-0.195,-0.0615323729237217,0.0077173901308522,0.0695026504747177,0
1103.86666666667,-0.195,-0.0777054240187478,0.00772934828186488,0.0694838629030013,0
1103.86944444444,-0.185,-0.0910893987358673,0.00777968510932452,0.0694654669813506,0
1103.87222222222,-0.185,-0.101233250979046,0.00787449839760984,0.0694478832082036,0
1103.875,-0.175,-0.107951775121454,0.00801520816368846,0.0694315902843861,0
1103.87777777778,-0.185,-0.111337196679387,0.00818574153492213,0.0694170988761036,0
1103.88055555556,-0.19,-0.111745056377114,0.00821113586817459,0.0694018875066951,0
1103.88333333333,-0.2,-0.109755640274676,0.00804903865993799,0.0693723470625369,0
1103.88611111111,-0.215,-0.106114533222584,0.00779823721236252,0.0693260562804455,0
1103.88888888889,-0.22,-0.101657871067814,0.00755365172450328,0.0692612401439252,0
1103.89166666667,-0.22,-0.0972293460601715,0.00733083725501606,0.0691769692002841,0
1103.89444444444,-0.21,-0.0935968355071299,0.00714403565031918,0.0690733193306167,0
1103.89722222222,-0.21,-0.0913765941133471,0.00700495156479425,0.0689514784940568,0
1103.9,-0.21,-0.0909722645339834,0.00692177143291125,0.0688138605072559,0
1103.90277777778,-0.2,-0.0925345795680097,0.00689851320230117,0.0686640048652659,0
1103.90555555556,-0.205,-0.0959456809917319,0.00693476400860534,0.0685064608348611,0
1103.90833333333,-0.205,-0.100829647101492,0.00702582691335938,0.0683466069296573,0
1103.91111111111,-0.21,-0.106588324208763,0.0071632597098105,0.0681846476145093,0
1103.91388888889,-0.195,-0.112459134147273,0.00733575221850115,0.0680152999246734,0
1103.91666666667,-0.205,-0.117589412163995,0.00753025690868969,0.0678340851890616,0
1103.91944444444,-0.205,-0.121120221346155,0.00773326409959292,0.0676375189213427,0
1103.92222222222,-0.2,-0.122271647413021,0.00793209967608234,0.0674231410822021,0
1103.925,-0.205,-0.120421394927087,0.00797892037833295,0.0671896318139873,0
1103.92777777778,-0.235,-0.115169104314947,0.00788938865406733,0.0669367477758197,0
1103.93055555556,-0.235,-0.106380135525783,0.00775419493338475,0.0666651767241608,0
1103.93333333333,-0.245,-0.0942044957603238,0.00764534149340338,0.0663763279186211,0
1103.93611111111,-0.245,-0.0790689439720818,0.0075588930518329,0.0660720788750297,0
1103.93888888889,-0.245,-0.0616428607315375,0.0074875100993811,0.0657544695036532,0
1103.94166666667,-0.23,-0.0427809850696513,0.00752586038696084,0.0654254080421135,0
1103.94444444444,-0.22,-0.0234483493390276,0.00759835803419953,0.0650864862784387,0
1103.94722222222,-0.22,-0.00463447400613428,0.00768878298361147,0.0647388984260243,0
1103.95,-0.22,0.0127350518080678,0.00780778351007045,0.0643902838642358,0
1103.95277777778,-0.225,0.027881186803275,0.00796381250603348,0.0640483737022082,0
1103.95555555556,-0.255,0.0402403469611505,0.00816215588108282,0.0637154283389501,0
1103.95833333333,-0.26,0.0495129770552781,0.00840426387401023,0.0633925844951203,0
1103.96111111111,-0.255,0.055687068471198,0.00868745174645648,0.0630814716983266,0
1103.96388888889,-0.26,0.0590342849389039,0.00900500070733588,0.0627838465497558,0
1103.96666666667,-0.275,0.0600789719872922,0.00921904760129431,0.0625013356209444,0
1103.96944444444,-0.25,0.059542927732316,0.00920961224529654,0.062235172705645,0
1103.97222222222,-0.25,0.0582711524841336,0.00895285435130946,0.0619858910161964,0
1103.975,-0.255,0.057145646736636,0.00862177143203734,0.0617531295363534,0
1103.97777777778,-0.27,0.0569955109639554,0.0083228840702451,0.0615355679903112,0
1103.98055555556,-0.27,0.0585119988831315,0.00806789159336778,0.0613308699054956,0
1103.98333333333,-0.255,0.0621767456870798,0.0078652760948756,0.0611357061145313,0
1103.98611111111,-0.27,0.0682101706437481,0.00771958971292694,0.0609458592232545,0
1103.98888888889,-0.265,0.0765451520208183,0.00763111473988985,0.0607564028884483,0
1103.99166666667,-0.275,0.0868286700110172,0.00759593023806109,0.0605677006476895,0
1103.99444444444,-0.28,0.0984514378259582,0.00760637951566604,0.0603857067665555,0
1103.99722222222,-0.29,0.110602847637576,0.00765189387919373,0.0602156496657042,0
1104,-0.3,0.122346105120677,0.00772009330161421,0.0600618019146776,0
1104.00277777778,-0.295,0.132706451053045,0.00779805742508568,0.059927393507464,0
1104.00555555556,-0.28,0.140764063463774,0.00787364333046955,0.0598144244781177,0
1104.00833333333,-0.275,0.145742728751979,0.00793672145499651,0.0597236452593977,0
1104.01111111111,-0.27,0.147085718615518,0.00794323990635881,0.0596546129058333,0
1104.01388888889,-0.265,0.144511483508951,0.00792265313960901,0.0596058132040083,0
1104.01666666667,-0.27,0.138043665212683,0.00792415124969962,0.0595748369914837,0
1104.01944444444,-0.275,0.128012363801582,0.00794285767098752,0.0595586297340958,0
1104.02222222222,-0.295,0.115026337595969,0.00791540777791394,0.0595524949749195,0
1104.025,-0.29,0.0999186069418562,0.00789042920333861,0.0595449927527778,0
1104.02777777778,-0.305,0.0836705058270384,0.00788076309700004,0.0595366917818285,0
1104.03055555556,-0.305,0.0673213305658702,0.0078995766103228,0.0595281367821171,0
1104.03333333333,-0.29,0.0518721665201194,0.00795901221711741,0.0595198257824071,0
1104.03611111111,-0.295,0.038193089819941,0.00806891886522814,0.0595113339803721,0
1104.03888888889,-0.3,0.0269426764756195,0.00823578994874382,0.0595020931416928,0
1104.04166666667,-0.3,0.0185076254790271,0.00846201367120646,0.0594918039569679,0
1104.04444444444,-0.285,0.0129684177551888,0.00874551150798334,0.0594804919969539,0
1104.04722222222,-0.285,0.0100944650955188,0.00907980301512438,0.0594683024479343,0
1104.05,-0.295,0.00936938575103576,0.00945449377902029,0.0594554826185029,0
1104.05277777778,-0.295,0.0100441447634739,0.00985614187861522,0.0594421719432967,0
1104.05555555556,-0.3,0.0112130957035991,0.0100918874339225,0.0594284173212571,0
1104.05833333333,-0.31,0.0119057176936289,0.0100548779894739,0.0594142787789588,0
1104.06111111111,-0.32,0.0111852766735865,0.00975288219586212,0.0593998214329925,0
1104.06388888889,-0.305,0.00824490853232285,0.00939510330377249,0.0593851096241389,0
1104.06666666667,-0.315,0.00249180065947324,0.00907887846070426,0.0593702030836979,0
1104.06944444444,-0.305,-0.00638877260395702,0.00880963937965932,0.0593551574758922,0
1104.07222222222,-0.285,-0.0183959231911996,0.00858834710210529,0.0593400267194625,0
1104.075,-0.275,-0.0332059838013518,0.00841154472383425,0.0593248651409766,0
1104.07777777778,-0.275,-0.0501966550349242,0.00827184756672274,0.0593097396320161,0
1104.08055555556,-0.28,-0.0685004004694419,0.00815882497687989,0.0592947309961394,0
1104.08333333333,-0.28,-0.08708218366834,0.00806018912263685,0.0592799338936298,0
1104.08611111111,-0.3,-0.104834249786159,0.0079631754055085,0.0592654549462044,0
1104.08888888889,-0.305,-0.120678947227345,0.00787216769852201,0.0592514088602462,0
1104.09166666667,-0.315,-0.133669731979137,0.00794903226817001,0.0592379127512289,0
1104.09444444444,-0.325,-0.143080588189616,0.00810162253508609,0.0592250790097828,0
1104.09722222222,-0.315,-0.148475132596873,0.00828173199385011,0.0592130061351239,0
1104.1,-0.315,-0.149748555993233,0.00848652424588591,0.0592017724403825,0
1104.10277777778,-0.29,-0.147138117658219,0.00865890754686788,0.0591914248319473,0
1104.10555555556,-0.29,-0.141200907453086,0.00868400860316442,0.0591819702167706,0
1104.10833333333,-0.285,-0.132760739688571,0.00850634575189746,0.0591733741685754,0
1104.11111111111,-0.3,-0.12282904047647,0.00831253062979248,0.0591655633188558,0
1104.11388888889,-0.295,-0.112507145400579,0.00816099603067553,0.0591584344115343,0
1104.11666666667,-0.295,-0.102879286256635,0.00806774561687289,0.0591518652274782,0
1104.11944444444,-0.295,-0.0949065280177557,0.00804641153870317,0.0591457301390547,0
1104.12222222222,-0.305,-0.0893319167942115,0.00810710010961661,0.0591398118134552,0
1104.125,-0.315,-0.0866061068670953,0.00825557906652602,0.0591338262505129,0
1104.12777777778,-0.31,-0.0868408360241574,0.00849288481182523,0.0591277697993791,0
1104.13055555556,-0.31,-0.0897949878884323,0.00881538486933853,0.0591217160154095,0
1104.13333333333,-0.3,-0.0948948646414366,0.00921528352979846,0.0591160761015458,0
1104.13611111111,-0.3,-0.101286989885718,0.00968151210414682,0.0591107052421782,0
1104.13888888889,-0.295,-0.107918587184787,0.0102009041600951,0.0591052723484433,0
1104.14166666667,-0.285,-0.113638143933306,0.0107595249430312,0.05910454296937,0
1104.14444444444,-0.29,-0.117306442707169,0.011163976090206,0.0591113532668123,0
1104.14722222222,-0.275,-0.117907327893277,0.0113532431986169,0.0591284509899982,0
1104.15,-0.285,-0.114647393170891,0.0113751915756576,0.059158529403206,0
1104.15277777778,-0.3,-0.10703474595804,0.0112938031336303,0.0592040384018454,0
1104.15555555556,-0.305,-0.0949289473481644,0.0111824950868895,0.0592669874850847,0
1104.15833333333,-0.32,-0.078556964381514,0.0111163208949606,0.0593487498093358,0
1104.16111111111,-0.315,-0.0584932503905064,0.0111637975405497,0.0594498979868473,0
1104.16388888889,-0.295,-0.0356055774412354,0.0113791549392014,0.0595700768310207,0
1104.16666666667,-0.285,-0.0109716447097398,0.0117957791975203,0.0597079257823243,0
1104.16944444444,-0.265,0.0142255543993326,0.0124053343419122,0.059861059864858,0
1104.17222222222,-0.255,0.0388134003044626,0.0130164645241101,0.0600206060193663,0
1104.175,-0.225,0.0617448851710437,0.0136212352347378,0.0601772754831097,0
1104.17777777778,-0.215,0.0822017992008015,0.0142065563573858,0.0603251259281685,0
1104.18055555556,-0.2,0.0996752253023091,0.0147541686263149,0.0604623568222605,0
1104.18333333333,-0.19,0.114014746905391,0.0152412682990082,0.0605938900534979,0
1104.18611111111,-0.17,0.12544070325444,0.0156417674014313,0.0607244394259055,0
1104.18888888889,-0.165,0.134517373953135,0.0159281187021203,0.0608583924929859,0
1104.19166666667,-0.14,0.142088808346447,0.0158487461394849,0.0609997407382202,0
1104.19444444444,-0.145,0.149182770066854,0.0158676649922491,0.0611520584529761,0
1104.19722222222,-0.145,0.15689157764486,0.016068642567737,0.0613185232732311,0
1104.2,-0.13,0.166241158605824,0.0164613405066695,0.0615019770437721,0
1104.20277777778,-0.12,0.178061134390264,0.0170456372491694,0.0617029410955334,0
1104.20555555556,-0.1,0.192869047808631,0.0178105826572222,0.0619153059318528,0
1104.20833333333,-0.06,0.210780876153058,0.0187342270170186,0.0621338368978768,0
1104.21111111111,-0.015,0.231457803301071,0.019784416039231,0.0623532821391101,0
1104.21388888889,0.02,0.254096030662278,0.0209205568741871,0.0625687755742276,0
1104.21666666667,0.045,0.277462468463354,0.0220962670648585,0.0627711288294786,0
1104.21944444444,0.05,0.299974821561364,0.023262727266617,0.0629506422008107,0
1104.22222222222,0.05,0.319820268817991,0.0243724782464946,0.063098369492005,0
1104.225,0.025,0.335103041562123,0.0253833413922114,0.0632091552931454,0
1104.22777777778,0,0.344008114468212,0.0262621066529407,0.0632819819747277,0
1104.23055555556,-0.025,0.344966244874171,0.0269876274164508,0.0633165896353475,0
1104.23333333333,-0.035,0.33680495093116,0.0275529906401577,0.0633136714317353,0
1104.23611111111,-0.045,0.318870802632134,0.0279664920152375,0.0632750428061405,0
1104.23888888889,-0.02,0.291110579436441,0.028251236458182,0.0632037685623158,0
1104.24166666667,-0.02,0.254102259912937,0.0284432973599403,0.0631042260663385,0
1104.24444444444,-0.005,0.209031170130135,0.0285884949469914,0.0629820920756144,0
1104.24722222222,-0.01,0.157611550964543,0.028737984263527,0.0628442460442477,0
1104.25,-0.03,0.101958870211311,0.0289429652423457,0.0626985885054859,0
1104.25277777778,-0.06,0.0444229400924541,0.0292489297686366,0.062553777835705,0
1104.25555555556,-0.09,-0.0126041403035975,0.0296899333352433,0.062413646691148,0
1104.25833333333,-0.13,-0.0668884001843523,0.0302834136741902,0.062280564585758,0
1104.26111111111,-0.16,-0.116544604702309,0.0310260703249358,0.0621534604181783,0
1104.26388888889,-0.195,-0.16019915753118,0.0318912656204836,0.0620244931707396,0
1104.26666666667,-0.22,-0.197109306441377,0.0328283109705042,0.061886028633504,0
1104.26944444444,-0.22,-0.227226079281865,0.0337638683119732,0.0617315552987866,0
1104.27222222222,-0.225,-0.251193047162678,0.0346055343647075,0.0615553811624412,0
1104.275,-0.245,-0.270278548760397,0.0346846490365848,0.0613526730206033,0
1104.27777777778,-0.26,-0.286244945183796,0.0343541744052159,0.0611194551494058,0
1104.28055555556,-0.285,-0.301164292295751,0.0344441863441707,0.0608525725303469,0
1104.28333333333,-0.285,-0.317194998104673,0.0350514194063593,0.060551712553094,0
1104.28611111111,-0.315,-0.336338101702572,0.0362508464185039,0.0602240408384729,0
1104.28888888889,-0.315,-0.360194378432741,0.0380869136692298,0.0598882298898315,0
1104.29166666667,-0.32,-0.38974427684319,0.0405662545754771,0.0595545323855219,0
1104.29444444444,-0.32,-0.425171607635992,0.0436525619734348,0.0592271861944176,0
1104.29722222222,-0.31,-0.465748975266526,0.0472641767566689,0.0589099882765935,0
1104.3,-0.31,-0.50979837123616,0.0512747782513954,0.0586061737737099,0
1104.30277777778,-0.3,-0.554734482063672,0.0555173506881183,0.05831832870256,0
1104.30555555556,-0.29,-0.597191569958401,0.0597913650901837,0.0580487590308189,0
1104.30833333333,-0.29,-0.633227805767093,0.0638728739659804,0.0577994563574614,0
1104.31111111111,-0.295,-0.658594251702346,0.0675269856188193,0.0575714898695234,0
1104.31388888889,-0.295,-0.669049871129799,0.0705219836730039,0.0573648703885995,0
1104.31666666667,-0.29,-0.660699487140473,0.0726442018741277,0.0571788273508151,0
1104.31944444444,-0.295,-0.630328917715089,0.073712667677565,0.057011958954627,0
1104.32222222222,-0.31,-0.575710839388117,0.0735924998047768,0.0568623608844504,0
1104.325,-0.29,-0.495856366253121,0.0738733445760449,0.0567257271826006,0
1104.32777777778,-0.255,-0.391190796816478,0.0752180119036443,0.0565961489280208,0
1104.33055555556,-0.185,-0.263637229782074,0.0774585871514049,0.0564677571984186,0
1104.33333333333,-0.08,-0.116598385122443,0.0804000163534864,0.0563349294942255,0
1104.33611111111,0.09,0.0451655239873957,0.0838364445176105,0.0561976567275763,0
1104.33888888889,0.295,0.21575722721522,0.087567528779127,0.0560580888799723,0
1104.34166666667,0.515,0.38844803239814,0.0914133894800489,0.0559183554433224,0
1104.34444444444,0.715,0.55604900288691,0.0952269999306838,0.0557804118764659,0
1104.34722222222,0.905,0.71132290919521,0.0989030522538695,0.05564602584158,0
1104.35,1.09,0.847408919968025,0.102382651327712,0.0555168923295862,0
1104.35277777778,1.26,0.958230831420193,0.105653554000125,0.0553944004552833,0
1104.35555555556,1.4,1.0388606608505,0.108746054975901,0.0552797170370524,0
1104.35833333333,1.505,1.08581256557358,0.111149102746561,0.0551738082686684,0
1104.36111111111,1.545,1.09724704437468,0.112008252311446,0.0550774380297656,1
1104.36388888889,1.54,1.07307184019898,0.111268545543223,0.054991164831235,0
1104.36666666667,1.47,1.0149333841007,0.108956850625839,0.0549153373353433,0
1104.36944444444,1.345,0.926100425185476,0.105514891097337,0.0548500891000311,0
1104.37222222222,1.165,0.811249079914662,0.101777383372396,0.0547953320681522,0
1104.375,0.91,0.676165332362263,0.097733234418411,0.0547507513570384,0
1104.37777777778,0.63,0.527386521147751,0.0934149313326066,0.0547158084112884,0
1104.38055555556,0.355,0.371807164851384,0.0889000777421137,0.0546897516463939,0
1104.38333333333,0.12,0.216276350955457,0.0843087374800931,0.054671641668088,0
1104.38611111111,-0.045,0.0672137456883453,0.0797967895018899,0.0546603743356726,0
1104.38888888889,-0.145,-0.0697308632617931,0.0755458355065854,0.0546547116234543,0
1104.39166666667,-0.21,-0.189953486697005,0.0717504899037532,0.0546533197551966,0
1104.39444444444,-0.245,-0.29009163442197,0.068604097133655,0.0546526805469689,0
1104.39722222222,-0.255,-0.368130403760436,0.0662840469759162,0.0546515665648641,0
1104.4,-0.285,-0.423416310567492,0.0649378852928607,0.0546502510903696,0
1104.40277777778,-0.32,-0.456582892616003,0.0646713450562977,0.054648980103194,0
1104.40555555556,-0.375,-0.469398213146863,0.063872002809992,0.0546476266984862,0
1104.40833333333,-0.41,-0.464549470036777,0.0618711922510062,0.0546457976174045,0
1104.41111111111,-0.435,-0.445383627025686,0.0588190832750507,0.0546431001753245,0
1104.41388888889,-0.47,-0.41562510203161,0.0549315017612029,0.0546394408072221,0
1104.41666666667,-0.48,-0.379091982410099,0.0504442626802647,0.0546349474504095,0
1104.41944444444,-0.485,-0.339431033306568,0.045606300915355,0.054629773227843,0
1104.42222222222,-0.485,-0.299889095722247,0.0406649997597113,0.0546239851573948,0
1104.425,-0.475,-0.263134616601371,0.0358525545908098,0.0546176159581453,0
1104.42777777778,-0.49,-0.231138376156901,0.031374167133772,0.0546107078479234,0
1104.43055555556,-0.49,-0.20511738786622,0.0273987026935275,0.0546033115500464,0
1104.43333333333,-0.505,-0.185540866746899,0.0240522447015703,0.0545956340852042,0
1104.43611111111,-0.505,-0.172192491891015,0.0214147633710558,0.054587934068063,0
1104.43888888889,-0.5,-0.164279275976543,0.0195198944114044,0.0545804776463926,0
1104.44166666667,-0.495,-0.160574464035774,0.0183576153736321,0.0545735168733008,0
1104.44444444444,-0.495,-0.159580185002941,0.0178794254189954,0.0545672696021937,0
1104.44722222222,-0.495,-0.159695134890631,0.0180054906761961,0.054561805846852,0
1104.45,-0.5,-0.159373336278111,0.0182987240199337,0.0545571362958825,0
1104.45277777778,-0.505,-0.157261854908884,0.0179897119085341,0.0545532220685818,0
1104.45555555556,-0.52,-0.152308040703693,0.0172142520104858,0.0545499851744076,0
1104.45833333333,-0.535,-0.143830120671563,0.0161184120158702,0.054547325803623,0
1104.46111111111,-0.54,-0.131548497888864,0.0148475182650064,0.0545451310730368,0
1104.46388888889,-0.53,-0.11557859389108,0.0135360687695194,0.0545432758954417,0
1104.46666666667,-0.535,-0.0963892248780635,0.0122992613044478,0.05454163420463,0
1104.46944444444,-0.54,-0.0747330846950171,0.0112266599317587,0.0545400920418556,0
1104.47222222222,-0.535,-0.0515577430265617,0.0103783239647392,0.0545385314774877,0
1104.475,-0.53,-0.0279065538865177,0.00978351001532907,0.0545369679304682,0
1104.47777777778,-0.515,-0.00481898437794231,0.00944184861757662,0.0545354619281251,0
1104.48055555556,-0.515,0.0167608303337147,0.00932670888552874,0.0545340835579145,0
1104.48333333333,-0.5,0.0360599036977628,0.00939031193267554,0.0545329120011504,0
1104.48611111111,-0.51,0.0525311166874428,0.00957004677292771,0.0545320335587779,0
1104.48888888889,-0.515,0.0658836267659182,0.00978745953034802,0.0545315407856483,0
1104.49166666667,-0.525,0.0760881185464229,0.00998687746988108,0.0545315311495842,0
1104.49444444444,-0.535,0.0833583064970964,0.010094197508759,0.0545318482589714,0
1104.49722222222,-0.55,0.0881120662747554,0.0100539237807571,0.0545322166699401,0
1104.5,-0.555,0.0909170966032374,0.00982519519981511,0.0545323073101835,0
1104.50277777778,-0.555,0.0924269988184332,0.00941921769423287,0.0545319676835384,0
1104.50555555556,-0.555,0.0933140614522334,0.00897726682705348,0.0545311132262862,0
1104.50833333333,-0.55,0.0942048620887202,0.00852080825695003,0.0545296806318952,0
1104.51111111111,-0.56,0.0956241073358364,0.00807607786552524,0.0545276238132497,0
1104.51388888889,-0.575,0.0979510239222628,0.00767113295287444,0.0545249157923879,0
1104.51666666667,-0.575,0.101391218243326,0.00733288585286158,0.0545215497333598,0
1104.51944444444,-0.59,0.105965381928409,0.0070843862265128,0.0545175390790614,0
1104.52222222222,-0.595,0.111514682236436,0.00694257910900352,0.0545129168064083,0
1104.525,-0.605,0.117721271636582,0.00691671012301958,0.054507733864581,0
1104.52777777778,-0.61,0.124141191489461,0.00700748279168491,0.0545021537251253,0
1104.53055555556,-0.62,0.13024611034844,0.00720700180045969,0.0544962402260663,0
1104.53333333333,-0.625,0.135469872845126,0.00749946659093533,0.0544900735379919,0
1104.53611111111,-0.63,0.139255748938261,0.0078625175381291,0.0544837875823095,0
1104.53888888889,-0.635,0.141100540123075,0.00826908693726312,0.0544774899220269,0
1104.54166666667,-0.645,0.140592265002261,0.00868957258729832,0.054471253683038,0
1104.54444444444,-0.66,0.13743893615268,0.00909413488090319,0.0544651132856157,0
1104.54722222222,-0.675,0.131486865672664,0.00945491937966835,0.0544590642017636,0
1104.55,-0.695,0.122727906840936,0.00974802472048885,0.0544530739255549,0
1104.55277777778,-0.725,0.111295967639354,0.0099550678599914,0.0544472294338292,0
1104.55555555556,-0.735,0.0974539443996829,0.0100642415419183,0.0544417121661606,0
1104.55833333333,-0.765,0.081572864055222,0.0100708081762015,0.0544366431056417,0
1104.56111111111,-0.775,0.0641054557513342,0.00997702544242731,0.0544320621582531,0
1104.56388888889,-0.795,0.0455565829808203,0.00979154736151018,0.0544279949500697,0
1104.56666666667,-0.81,0.0264529625998458,0.00962666779780654,0.0544244525522556,0
1104.56944444444,-0.81,0.00731440126690168,0.0095067480772646,0.054421431547977,0
1104.57222222222,-0.815,-0.0113715694373964,0.00944776096338592,0.0544189134891544,0
1104.575,-0.83,-0.0291702348566894,0.00946742206606216,0.0544168655678625,0
1104.57777777778,-0.83,-0.0457145072092348,0.00958342480877828,0.0544152805666718,0
1104.58055555556,-0.85,-0.0607136213887378,0.00981168052540791,0.0544141899458526,0
1104.58333333333,-0.875,-0.0739558301184748,0.0101296465512723,0.0544135424086617,0
1104.58611111111,-0.89,-0.0853056432164647,0.010397708379273,0.0544132596443627,0
1104.58888888889,-0.91,-0.094696498736746,0.0106072420021478,0.0544132397859813,0
1104.59166666667,-0.92,-0.102119995029436,0.0107532805954882,0.0544133646195474,0
1104.59444444444,-0.93,-0.107612948391743,0.010834104234471,0.0544135070877346,0
1104.59722222222,-0.925,-0.11124357510702,0.0108506033794108,0.0544136412870769,0
1104.6,-0.93,-0.11309803951265,0.0108055108402172,0.0544137320897134,0
1104.60277777778,-0.92,-0.11326847547408,0.0107026036930805,0.0544137175959275,0
1104.60555555556,-0.91,-0.11184339342134,0.0105459728940991,0.054413515404486,0
1104.60833333333,-0.885,-0.108901145464177,0.010339444835673,0.054413031339858,0
1104.61111111111,-0.895,-0.10450685290768,0.0100862174331067,0.0544122786131132,0
1104.61388888889,-0.89,-0.0987129184333834,0.00978874584424713,0.0544112520564272,0
1104.61666666667,-0.885,-0.0915629628014802,0.00944888244296057,0.0544099706903035,0
1104.61944444444,-0.88,-0.0830987558344068,0.00906824524614765,0.0544084944431447,0
1104.62222222222,-0.87,-0.0733694659635245,0.0086487616396986,0.0544069080794786,0
1104.625,-0.87,-0.0624423441019226,0.00819331264185584,0.054405319564832,0
1104.62777777778,-0.85,-0.0504137985585377,0.00789749035536878,0.0544038571163688,0
1104.63055555556,-0.815,-0.0374197205199396,0.00776156687043875,0.0544026555215333,0
1104.63333333333,-0.785,-0.0236438957878565,0.00777685376387319,0.0544017026836348,0
1104.63611111111,-0.76,-0.00932339734493047,0.00792878820658705,0.0544006532108945,0
1104.63888888889,-0.725,0.00524999936291729,0.00819801480771806,0.0543992634802287,0
1104.64166666667,-0.685,0.0197331003998393,0.00856175788702202,0.0543974290792741,0
1104.64444444444,-0.65,0.0337396799998941,0.00899539868021473,0.0543950643915019,0
1104.64722222222,-0.62,0.0468539866865102,0.00937587193134609,0.0543921072446432,0
1104.65,-0.585,0.0586489533450317,0.00967354056586896,0.054388522426568,0
1104.65277777778,-0.575,0.0687082479724025,0.00987263086667137,0.0543843047168779,0
1104.65555555556,-0.56,0.0766508747543851,0.00996078166981991,0.0543794793810965,0
1104.65833333333,-0.545,0.082156668399356,0.00993022254880589,0.0543741007706531,0
1104.66111111111,-0.525,0.0849907579918364,0.0097787148753784,0.0543682486594468,0
1104.66388888889,-0.485,0.0850249457841335,0.00951015848011596,0.054362029250333,0
1104.66666666667,-0.445,0.0822539789942686,0.00913479062605018,0.0543555748306665,0
1104.66944444444,-0.425,0.076804904536958,0.00877109091236102,0.054349035140234,0
1104.67222222222,-0.385,0.0689380883346692,0.00840958450403904,0.0543425674948979,0
1104.675,-0.355,0.0590390361336598,0.00803698719401867,0.0543363253363956,0
1104.67777777778,-0.34,0.047600837985584,0.00764091709950061,0.0543303465743022,0
1104.68055555556,-0.325,0.035197824280139,0.00721172514292791,0.0543246640403398,0
1104.68333333333,-0.335,0.0224518053161204,0.00674412826055848,0.0543193509855132,0
1104.68611111111,-0.335,0.00999299898057066,0.00628380724904196,0.0543144991496704,0
1104.68888888889,-0.335,-0.00158163937775568,0.00591632720786963,0.0543101573566526,0
1104.69166666667,-0.34,-0.0117495506575225,0.00565784606807085,0.054306326981773,0
1104.69444444444,-0.335,-0.0200998584231268,0.00551774748735969,0.0543030391582071,0
1104.69722222222,-0.315,-0.0263635995456235,0.00549811220700546,0.0543002351156628,0
1104.7,-0.315,-0.0304340839832997,0.00559371143664098,0.0542978204720838,0
1104.70277777778,-0.305,-0.0323752383915713,0.00579252267292928,0.0542956913385939,0
1104.70555555556,-0.295,-0.0324166924852655,0.0060767253554479,0.0542937482212839,0
1104.70833333333,-0.29,-0.0309354386388661,0.00623299271531548,0.0542919165843892,0
1104.71111111111,-0.285,-0.0284250464416054,0.00624277281034136,0.0542901622953038,0
1104.71388888889,-0.28,-0.0254545437001131,0.0060981525103577,0.0542885375099228,0
1104.71666666667,-0.29,-0.0226200779982107,0.00580074419649547,0.0542874714497475,0
1104.71944444444,-0.295,-0.0204932480309713,0.00545052131971122,0.0542873798627323,0
1104.72222222222,-0.295,-0.0195704565827628,0.00515388432380537,0.0542878603383792,0
1104.725,-0.295,-0.0202277268488386,0.00492449407072988,0.0542884036012164,0
1104.72777777778,-0.3,-0.0226851123414569,0.004770660808598,0.0542885590261509,0
1104.73055555556,-0.295,-0.026984125945814,0.00469535477774446,0.0542879021493076,0
1104.73333333333,-0.305,-0.0329805617325612,0.00469669615493462,0.0542859872621104,0
1104.73611111111,-0.295,-0.0403537653842712,0.00476886041188413,0.0542823728521371,0
1104.73888888889,-0.29,-0.0486319366886719,0.00490329569619631,0.0542766499729032,0
1104.74166666667,-0.28,-0.0572315521335131,0.00509011868843471,0.0542874017586078,0
1104.74444444444,-0.275,-0.0655076177188503,0.0053195375766891,0.0543166640795553,0
1104.74722222222,-0.27,-0.0728103379448749,0.00558314729131473,0.0543655387413227,0
1104.75,-0.27,-0.0785430351579363,0.00577279822094206,0.0544342612416707,0
1104.75277777778,-0.265,-0.0822158626606988,0.00591672305405462,0.0545220949694043,0
1104.75555555556,-0.275,-0.0834900737597037,0.00605443157566446,0.0546272770018831,0
1104.75833333333,-0.28,-0.0822083390383711,0.00623018576585346,0.0547470228201945,0
1104.76111111111,-0.285,-0.0784077982141959,0.00648862404504727,0.0548775943255129,0
1104.76388888889,-0.29,-0.0723140965893665,0.00687004785602925,0.0550144023468342,0
1104.76666666667,-0.285,-0.0643164548556412,0.00736046691646452,0.0551522462033643,0
1104.76944444444,-0.28,-0.0549256913920676,0.0078993432952048,0.0552910816700167,0
1104.77222222222,-0.28,-0.0447188801737861,0.00848588103515874,0.0554356676362778,0
1104.775,-0.26,-0.034275808956646,0.00911402323687152,0.0555902903199952,0
1104.77777777778,-0.25,-0.024113444589096,0.00977149866250424,0.0557586950108382,0
1104.78055555556,-0.245,-0.0146250933765063,0.0104394230284929,0.0559439512410214,0
1104.78333333333,-0.24,-0.00603079120885731,0.0110925555524965,0.0561483930863727,0
1104.78611111111,-0.235,0.00165534460897999,0.0117002532959782,0.0563736087839024,0
1104.78888888889,-0.215,0.00863647541457185,0.0122281000071999,0.0566204723817164,0
1104.79166666667,-0.21,0.0153206877720969,0.0126401183138212,0.0568892229156272,0
1104.79444444444,-0.185,0.0222847376402747,0.0129014105209703,0.0571795803800121,0
1104.79722222222,-0.18,0.030216074857658,0.0129810201567252,0.0574908853393308,0
1104.8,-0.17,0.0398376149215179,0.0131072709602635,0.0578222482119235,0
1104.80277777778,-0.135,0.0518216968882037,0.0134542297526661,0.0581678848592017,0
1104.80555555556,-0.125,0.0667011199069023,0.0140254025828152,0.0585212269965485,0
1104.80833333333,-0.1,0.0847859203829888,0.0148117075576706,0.0588751823533025,0
1104.81111111111,-0.085,0.10609452844601,0.0157911640323818,0.0592225524285994,0
1104.81388888889,-0.065,0.130307088082428,0.0169296158317534,0.0595564748682062,0
1104.81666666667,-0.045,0.156747079077487,0.0181825006662621,0.0598740882241464,0
1104.81944444444,-0.025,0.184395056995559,0.0194975848941736,0.0601752716156663,0
1104.82222222222,0.02,0.211935515636505,0.0208184909709584,0.0604598265933336,0
1104.825,0.05,0.237834815782811,0.0220887626397052,0.0607276030379101,0
1104.82777777778,0.065,0.260445090634266,0.0232561480964084,0.0609786429314754,0
1104.83055555556,0.065,0.278126318739343,0.0242767408553047,0.0612133287175036,0
1104.83333333333,0.04,0.289376620249429,0.0251186069205559,0.0614325220621418,0
1104.83611111111,0.02,0.292959510785326,0.0257645479144662,0.0616376790892975,0
1104.83888888889,0.02,0.288016502761382,0.0262137031206667,0.0618309294091687,0
1104.84166666667,0.015,0.274154156957531,0.0264817762534857,0.0620151209230411,0
1104.84444444444,0.015,0.251496443258379,0.0265997797091692,0.0621939149273064,0
1104.84722222222,0.01,0.220695957253846,0.0266113122349965,0.0623715200935164,0
1104.85,0.02,0.182900956023648,0.0265685156643199,0.0625470740926323,0
1104.85277777778,0.005,0.139679042623589,0.0265269817969918,0.0627150828147121,0
1104.85555555556,-0.015,0.0929023112056961,0.026539990607239,0.0628706906701058,0
1104.85833333333,-0.03,0.0446025042287129,0.0266525453840735,0.0630098497771093,0
1104.86111111111,-0.075,-0.00319212321063469,0.0268957204180605,0.0631295140973762,0
1104.86388888889,-0.085,-0.0486243037719401,0.0272818461479565,0.0632279007335885,0
1104.86666666667,-0.125,-0.0901646178341719,0.0278010220721015,0.0633044080111932,0
1104.86944444444,-0.14,-0.126742938647755,0.0284193695325662,0.0633595309537125,0
1104.87222222222,-0.165,-0.157841266897566,0.0290793186809945,0.063394747535783,0
1104.875,-0.185,-0.183537605589142,0.0297020740314805,0.0634123551803462,0
1104.87777777778,-0.2,-0.20449444378634,0.0301922315515807,0.0634152718468236,0
1104.88055555556,-0.23,-0.221890104701949,0.0301034430128486,0.0634123905041734,0
1104.88333333333,-0.25,-0.237296286883457,0.0301967575109576,0.0634109522815085,0
1104.88611111111,-0.27,-0.252510153151149,0.0307356415845234,0.0634104460986212,0
1104.88888888889,-0.285,-0.269353853077612,0.0318034939898419,0.0634103867121658,0
1104.89166666667,-0.3,-0.289457978988121,0.0334578084419517,0.0634103363631472,0
1104.89444444444,-0.31,-0.314047794121708,0.0357221334773109,0.0634099223879223,0
1104.89722222222,-0.315,-0.343751873644965,0.038579867379135,0.0634092448824352,0
1104.9,-0.315,-0.378451927548662,0.0419705113984506,0.0634087318356108,0
1104.90277777778,-0.3,-0.417190032356591,0.045788856035972,0.0634087171718972,0
1104.90555555556,-0.29,-0.458145434303102,0.0498873818684636,0.0634094357592686,0
1104.90833333333,-0.28,-0.498687785508033,0.0540819311898611,0.0634109437250499,0
1104.91111111111,-0.265,-0.535507538917532,0.0581604655075015,0.0634131411706806,0
1104.91388888889,-0.27,-0.564817745591712,0.061894484491051,0.0634159448722655,0
1104.91666666667,-0.28,-0.582615204210516,0.0650524626746453,0.0634192981902423,0
1104.91944444444,-0.27,-0.584983344611228,0.0674144785551046,0.0634231745151284,0
1104.92222222222,-0.285,-0.568414878362217,0.0687870819453186,0.0634275626212523,0
1104.925,-0.295,-0.530129526529656,0.0690173812502474,0.0634321732287383,0
1104.92777777778,-0.285,-0.468361320770885,0.068980190424441,0.0634367580238853,0
1104.93055555556,-0.275,-0.382591200429505,0.0701105432030079,0.06344113893572,0
1104.93333333333,-0.25,-0.273703861004029,0.0722650808823877,0.0634452179859324,0
1104.93611111111,-0.175,-0.144052846433237,0.0752578742776626,0.0634489728662132,0
1104.93888888889,-0.055,0.00257563710389925,0.0788759741110548,0.0634524582991992,0
1104.94166666667,0.13,0.161102259031369,0.0828965041513652,0.0634557987966286,0
1104.94444444444,0.35,0.325391688734931,0.0871038933063659,0.0634589605379773,0
1104.94722222222,0.575,0.488573933117688,0.0913058356955548,0.0634620091349538,0
1104.95,0.805,0.643429749142844,0.0953466789339139,0.0634650523198655,0
1104.95277777778,1.01,0.782814627915589,0.0991171617011811,0.0634681824609517,0
1104.95555555556,1.195,0.9000923339314,0.102559733981811,0.0634714714169221,0
1104.95833333333,1.365,0.98954763266192,0.105669071020337,0.0634749717760379,0
1104.96111111111,1.48,1.04674879189373,0.108487803176796,0.0634787120443836,0
1104.96388888889,1.545,1.06883365391818,0.109955240731766,0.0634826950169219,1
1104.96666666667,1.535,1.05469832159887,0.109825446828682,0.0634868979319138,0
1104.96944444444,1.47,1.00507439109397,0.108098314307014,0.0634912852584485,0
1104.97222222222,1.34,0.922488672481443,0.105424883724031,0.0634958153549326,0
1104.975,1.15,0.811107848884884,0.10251083486663,0.0635004460100523,0
1104.97777777778,0.895,0.676478874193255,0.0992885497396746,0.0635051341027933,0
1104.98055555556,0.605,0.525183449120556,0.0957335058609752,0.0635098352843179,0
1104.98333333333,0.33,0.364431058817607,0.0918711158013403,0.0635145107669275,0
1104.98611111111,0.095,0.201619327584617,0.0877789640810545,0.0635191328446868,0
1104.98888888889,-0.045,0.0438925224672724,0.0835841768438322,0.063523673217139,0
1104.99166666667,-0.15,-0.102271231192974,0.0794560790839374,0.0635280495759152,0
1104.99444444444,-0.205,-0.231416034005422,0.075594701562332,0.0635322096789507,0
1104.99722222222,-0.23,-0.339384266741493,0.0722160600998255,0.063536144689306,0
1105,-0.24,-0.42349563967949,0.0695354128729461,0.0635398979855509,0
1105.00277777778,-0.27,-0.482619795022635,0.067749882512223,0.0635435678741061,0
1105.00555555556,-0.295,-0.517141123665756,0.0670218937913893,0.0635473329221431,0
1105.00833333333,-0.325,-0.528822486296159,0.0665789684636003,0.0635489176182526,0
1105.01111111111,-0.36,-0.520581852861266,0.0649117395779743,0.0635472519372242,0
1105.01388888889,-0.4,-0.496201930300435,0.0620945430538906,0.0635415464660994,0
1105.01666666667,-0.42,-0.459997184411345,0.0584212786045703,0.0635311154813154,0
1105.01944444444,-0.43,-0.416464973356492,0.0541284691605594,0.0635154938230485,0
1105.02222222222,-0.435,-0.369947663158435,0.0494676814863493,0.0634945482106159,0
1105.025,-0.425,-0.324330633343162,0.0446900624891587,0.0634686187272996,0
1105.02777777778,-0.44,-0.282797218839851,0.0400318740615006,0.0634413391018909,0
1105.03055555556,-0.445,-0.247656237851644,0.0357019112817925,0.0634148513096554,0
1105.03333333333,-0.45,-0.220251307205456,0.0318715158083246,0.0633876599916261,0
1105.03611111111,-0.45,-0.200954203602332,0.0286676808331177,0.0633578629813381,0
1105.03888888889,-0.45,-0.189237674451316,0.0261695034233358,0.0633232212209402,0
1105.04166666667,-0.445,-0.183816895680472,0.0244079931252863,0.0632808281904898,0
1105.04444444444,-0.445,-0.182843706560204,0.0233690107771087,0.0632277039008636,0
1105.04722222222,-0.47,-0.184134204373629,0.0229989053836645,0.0631610208742792,0
1105.05,-0.465,-0.185408497195379,0.0232122536020059,0.0630783164292954,0
1105.05277777778,-0.485,-0.184521477781283,0.0233326764362913,0.0629777014201724,0
1105.05555555556,-0.48,-0.179665323215013,0.0226945187408622,0.0628580497394869,0
1105.05833333333,-0.475,-0.1695278223997,0.0214712129736464,0.0627191532705347,0
1105.06111111111,-0.47,-0.153395239879094,0.0200857300515773,0.0625618285369475,0
1105.06388888889,-0.47,-0.131193800494673,0.0186936227117308,0.0623879639752253,0
1105.06666666667,-0.485,-0.103469533663769,0.0173813234295612,0.0622005003963516,0
1105.06944444444,-0.475,-0.0713116491579581,0.0162127803705958,0.0620033796492961,0
1105.07222222222,-0.45,-0.0362293642282818,0.0152279632774228,0.0618013008664052,0
1105.075,-0.435,4.22430316707586e-06,0.0144434122570893,0.0615995707658744,0
1105.07777777778,-0.43,0.0355253121555634,0.0138545817546964,0.061396451443261,0
1105.08055555556,-0.44,0.0685528864501256,0.0134615175129548,0.0611872921074272,0
1105.08333333333,-0.44,0.0975465536961195,0.0133632237687606,0.0609679000775025,0
1105.08611111111,-0.47,0.121334825929357,0.0134740408644162,0.0607348249993938,0
1105.08888888889,-0.49,0.139203286891661,0.0135983145477517,0.0604856227331363,0
1105.09166666667,-0.495,0.150936182520833,0.0137103102797528,0.0602186859830867,0
1105.09444444444,-0.51,0.156809531914217,0.0137837539443917,0.0599331639135462,0
1105.09722222222,-0.505,0.157538410554051,0.0136316967803434,0.0596288332057741,0
1105.1,-0.51,0.154185204239201,0.0133858537301765,0.0593059355422906,0
1105.10277777778,-0.51,0.148039006896693,0.0130734024917453,0.0589804849696541,0
1105.10555555556,-0.49,0.14047865626434,0.0127009942414708,0.0586564285306662,0
1105.10833333333,-0.49,0.132832990471026,0.0122836881198687,0.0583358544314604,0
1105.11111111111,-0.485,0.126251705184835,0.0118423828535682,0.0580224344747281,0
1105.11388888889,-0.495,0.121598754128318,0.01140085416735,0.0577227924417393,0
1105.11666666667,-0.505,0.119377735094588,0.0109827280270349,0.0574428368130741,0
1105.11944444444,-0.515,0.119695401235098,0.0106087026957823,0.0571873358472147,0
1105.12222222222,-0.525,0.12226566142431,0.0102942875249916,0.0569554810203567,0
1105.125,-0.545,0.12645254631859,0.0100482589883638,0.0567419512353719,0
1105.12777777778,-0.565,0.131346980948745,0.00987195207376041,0.0565440690288428,0
1105.13055555556,-0.565,0.135869149998527,0.00975941612726776,0.0563686447489127,0
1105.13333333333,-0.57,0.138886035687151,0.00969837714776921,0.0562224884774062,0
1105.13611111111,-0.575,0.13933253249602,0.00967187133036351,0.0561119189000072,0
1105.13888888889,-0.58,0.136324480135548,0.00966035405606065,0.0560422757338875,0
1105.14166666667,-0.58,0.129252983529448,0.00967665870425523,0.0560174707887863,0
1105.14444444444,-0.59,0.117851383402987,0.00971541775084925,0.0560396104944156,0
1105.14722222222,-0.6,0.102228994098543,0.00979009869717332,0.0561087184057703,0
1105.15,-0.615,0.0828689623154475,0.00990833642721982,0.0562222255714149,0
1105.15277777778,-0.62,0.0605910092860997,0.0100709146495074,0.0563741900088336,0
1105.15555555556,-0.63,0.0364830788237858,0.010271454670629,0.0565572969754274,0
1105.15833333333,-0.65,0.0118087255777173,0.0104968333693078,0.0567707530068052,0
1105.16111111111,-0.655,-0.0121008087639146,0.0107063734607703,0.0570163631537751,0
1105.16388888889,-0.68,-0.0339596484477026,0.010743881886574,0.0572931704351641,0
1105.16666666667,-0.68,-0.0526350201574423,0.0106285570619779,0.0575974985993583,0
1105.16944444444,-0.665,-0.0672399386714597,0.0105207736630441,0.0579239341041006,0
1105.17222222222,-0.655,-0.0772027038951736,0.0105003094575241,0.058265669015272,0
1105.175,-0.645,-0.0823073845837927,0.0105841730020308,0.0586201213635162,0
1105.17777777778,-0.64,-0.0827022622688433,0.0107830629221148,0.0589881713554743,0
1105.18055555556,-0.645,-0.0788762211563508,0.0108928200710402,0.0593692911463031,0
1105.18333333333,-0.63,-0.071606011462616,0.0108360858000911,0.0597618408056972,0
1105.18611111111,-0.63,-0.0618799133868653,0.0105822379259071,0.060162454724508,0
1105.18888888889,-0.63,-0.0508053534222019,0.0101197680179339,0.0605558478894711,0
1105.19166666667,-0.635,-0.03950929968967,0.00945752738184438,0.0609432334525144,0
1105.19444444444,-0.61,-0.0290406880206276,0.00875467573256264,0.0613262504937364,0
1105.19722222222,-0.61,-0.0202836867252119,0.00805153518855425,0.0617070920742422,0
1105.2,-0.58,-0.0138893579322923,0.00737715294442137,0.062088583962211,0
1105.20277777778,-0.55,-0.0102313533947716,0.00675797890934104,0.0624739550525499,0
1105.20555555556,-0.51,-0.0093888884137784,0.00621613078910205,0.0628665486281742,0
1105.20833333333,-0.495,-0.0111576044748513,0.0057680749601923,0.0632674830392643,0
1105.21111111111,-0.465,-0.0150863115645561,0.00542381598758014,0.0636688112757453,0
1105.21388888889,-0.46,-0.0205352400438716,0.00518663871333395,0.0640629345111818,0
1105.21666666667,-0.425,-0.0267495445351798,0.00505339591587628,0.0644429509927567,0
1105.21944444444,-0.405,-0.0329405542144884,0.0050642725019976,0.0648029501979309,0
1105.22222222222,-0.41,-0.0383667569630651,0.00502053165469434,0.0651382381724966,0
1105.225,-0.39,-0.0424067687381887,0.00491126503431756,0.0654454848572911,0
1105.22777777778,-0.38,-0.04461753071141,0.00475427523421904,0.0657227890329693,0
1105.23055555556,-0.365,-0.0447725840479096,0.00456730245109737,0.0659696627052339,0
1105.23333333333,-0.355,-0.0428773288477322,0.00436664386821044,0.0661869406499379,0
1105.23611111111,-0.335,-0.0391604741616617,0.00416604629391684,0.0663766256035469,0
1105.23888888889,-0.32,-0.0340432059954467,0.00397595300598635,0.0665416851049992,0
1105.24166666667,-0.3,-0.0280897186711444,0.00380314712477575,0.0666858148670197,0
1105.24444444444,-0.29,-0.0219444744742871,0.00370322500153637,0.0668131989023646,0
1105.24722222222,-0.275,-0.0162627218029301,0.00377707825100153,0.0669282310429876,0
1105.25,-0.275,-0.0116413134946652,0.00389120899715913,0.0670352748507815,0
1105.25277777778,-0.285,-0.00855668922409091,0.00399172961203261,0.0671404223307868,0
1105.25555555556,-0.305,-0.00731604966174439,0.00408351848764429,0.0672447968288084,0
1105.25833333333,-0.29,-0.00802634834431324,0.00417117361671896,0.0673451105527983,0
1105.26111111111,-0.305,-0.0105839048850112,0.00425819707209218,0.0674387322286177,0
1105.26388888889,-0.3,-0.0146853825878196,0.00434639342380298,0.0675237320245611,0
1105.26666666667,-0.29,-0.0198587764607133,0.00443553937933069,0.0675988763059419,0
1105.26944444444,-0.28,-0.0255111257148483,0.00452335033550299,0.0676635780951484,0
1105.27222222222,-0.28,-0.0309880805436592,0.00460573649322117,0.0677178117300961,0
1105.275,-0.28,-0.0356393625581872,0.00454660286535876,0.0677620020033719,0
1105.27777777778,-0.285,-0.0388836585036186,0.00449183341623056,0.0677968989482059,0
1105.28055555556,-0.29,-0.0402666167414307,0.00445966571516087,0.0678234494117951,0
1105.28333333333,-0.29,-0.0395063537778519,0.00445489317376321,0.0678426756873296,0
1105.28611111111,-0.285,-0.0365221445623689,0.00448057392922845,0.0678555743138645,0
1105.28888888889,-0.295,-0.0314436368627256,0.00453745930381262,0.0678630336108953,0
1105.29166666667,-0.3,-0.0245998319416898,0.00462364374565519,0.0678711622302363,0
1105.29444444444,-0.29,-0.0164890260696356,0.00473447334236709,0.0678804195996498,0
1105.29722222222,-0.295,-0.00773272283516214,0.00486272182495163,0.0678907317153789,0
1105.3,-0.3,0.000981967049969796,0.00495002837794618,0.0679020307282464,0
1105.30277777778,-0.3,0.00896586399815989,0.00490708540588241,0.067914252197393,0
1105.30555555556,-0.28,0.0155911084835871,0.00478815272804875,0.067927332575489,0
1105.30833333333,-0.29,0.020348388185805,0.00469531948400418,0.0679412063573797,0
1105.31111111111,-0.275,0.0228926400961319,0.00463931678327826,0.0679558018224723,0
1105.31388888889,-0.27,0.0230730200882994,0.00462931930214424,0.0679710372228397,0
1105.31666666667,-0.28,0.0209444794269469,0.00467241556914219,0.0679868190455134,0
1105.31944444444,-0.28,0.0167600745917526,0.0047732879547063,0.0680031138191444,0
1105.32222222222,-0.29,0.0109449909679825,0.00493412115932413,0.068019881593102,0
1105.325,-0.29,0.00405500486263334,0.00510229931706316,0.0680370713704467,0
1105.32777777778,-0.305,-0.00327642367166457,0.00517464226083442,0.0680545555479612,0
1105.33055555556,-0.305,-0.010397180793364,0.00515625037831275,0.068072160430879,0
1105.33333333333,-0.305,-0.0166958633685835,0.00506487878458328,0.0680900214877063,0
1105.33611111111,-0.285,-0.0216557089258815,0.00492936096126885,0.0681083394762997,0
1105.33888888889,-0.275,-0.0248978976452924,0.00478683952666187,0.0681272018176058,0
1105.34166666667,-0.26,-0.0262101079961411,0.00467905407688136,0.0681466731380723,0
1105.34444444444,-0.265,-0.0255576779505089,0.00464802895488965,0.0681667927239538,0
1105.34722222222,-0.265,-0.0230764481549079,0.00473156513807859,0.0681875735712719,0
1105.35,-0.27,-0.0190481772218244,0.00495896445059524,0.0682090037635875,0
1105.35277777778,-0.28,-0.0138611493459,0.00534739869363764,0.0682310486875645,0
1105.35555555556,-0.28,-0.00796007558843168,0.00589928235384788,0.0682536545060227,0
1105.35833333333,-0.29,-0.00179048046164095,0.00645412418064416,0.0682767527590301,0
1105.36111111111,-0.305,0.00425664071008811,0.00698721147171594,0.0683002657490825,0
1105.36388888889,-0.3,0.00989407024809878,0.0074836553903365,0.0683241137255855,0
1105.36666666667,-0.285,0.0149762248329482,0.00792598747610829,0.0683482204294347,0
1105.36944444444,-0.25,0.0195213679394632,0.00829454268235474,0.0683725183021334,0
1105.37222222222,-0.23,0.0237153966423444,0.00856821700666958,0.0683969529285957,0
1105.375,-0.205,0.0278961856382801,0.00872558826535411,0.0684214861875068,0
1105.37777777778,-0.185,0.0325193672691512,0.00874634611274272,0.0684460980668408,0
1105.38055555556,-0.16,0.0381082791106483,0.00865615677126728,0.0684708906067023,0
1105.38333333333,-0.155,0.0451924475210788,0.008866307639364,0.0684957796230623,0
1105.38611111111,-0.155,0.0542402413189852,0.00934112579382254,0.0685207053044848,0
1105.38888888889,-0.16,0.065592101084186,0.00998949375082859,0.0685456265603782,0
1105.39166666667,-0.145,0.0794009460427424,0.0108022337517622,0.0685705184371008,0
1105.39444444444,-0.145,0.095585952181007,0.0117611589300264,0.0685953686786143,0
1105.39722222222,-0.09,0.113804905819452,0.0128392862876331,0.0686201723845916,0
1105.4,-0.045,0.133448842095727,0.0140017749456267,0.0686448538816702,0
1105.40277777778,0.005,0.153660799359494,0.0152075900378704,0.0686693301330127,0
1105.40555555556,0.03,0.173378415952225,0.0164118265067223,0.0686935152439285,0
1105.40833333333,0.06,0.19139794546767,0.0175685608573546,0.0687173881469829,0
1105.41111111111,0.05,0.2064552579945,0.0186340387101588,0.0687409664173227,0
1105.41388888889,0.02,0.217317707071571,0.0195699577221677,0.0687642876173934,0
1105.41666666667,-0.005,0.222879530203138,0.0203465744374902,0.0687874084866929,0
1105.41944444444,-0.04,0.222252832386515,0.020945354010781,0.0688104008724906,0
1105.42222222222,-0.045,0.214846246860861,0.021360896052729,0.0688334239250348,0
1105.425,-0.04,0.200424090335932,0.0216019086649271,0.0688566213241267,0
1105.42777777778,-0.025,0.179140189787155,0.0216910645519691,0.0688800184660411,0
1105.43055555556,-0.005,0.151542458826998,0.0216636543093328,0.0689036102304189,0
1105.43333333333,-0.015,0.118546600781412,0.0215650470590508,0.0689273764846381,0
1105.43611111111,-0.02,0.0813798336533486,0.0214470704572743,0.0689512820289246,0
1105.43888888889,-0.04,0.0414980674447434,0.0213635225989659,0.0689753115738627,0
1105.44166666667,-0.08,0.000482308597946223,0.0213651189462793,0.0689994970475662,0
1105.44444444444,-0.105,-0.0400779785367695,0.0214942498352461,0.0690238650429048,0
1105.44722222222,-0.15,-0.0787054292899555,0.0217799710794179,0.0690484323795789,0
1105.45,-0.18,-0.114149430127792,0.0222336660428168,0.0690732017084684,0
1105.45277777778,-0.185,-0.145485110178932,0.0228457988552531,0.069098158577003,0
1105.45555555556,-0.215,-0.172187783919219,0.0235841243573413,0.0691232700359842,0
1105.45833333333,-0.225,-0.194175573175523,0.0243936328781735,0.0691484847884678,0
1105.46111111111,-0.23,-0.211815204233513,0.0251551713278711,0.0691736313696833,0
1105.46388888889,-0.25,-0.225888738397689,0.0253512895587668,0.0691987285827699,0
1105.46666666667,-0.265,-0.237522052919811,0.0248610421379891,0.0692237763406802,0
1105.46944444444,-0.285,-0.248079015648562,0.0246683981411554,0.0692487633341299,0
1105.47222222222,-0.3,-0.259028250348939,0.0248930225798744,0.0692737374231914,0
1105.475,-0.3,-0.271791935035684,0.0256279903696567,0.069298798827923,0
1105.47777777778,-0.31,-0.287588000783186,0.0269451803426954,0.0693240300107628,0
1105.48055555556,-0.32,-0.30727823113155,0.0288872208754711,0.0693494927550083,0
1105.48333333333,-0.32,-0.331234984175354,0.0314607758254766,0.0693752261999306,0
1105.48611111111,-0.325,-0.359238516849068,0.0346317698979151,0.0694012458762421,0
1105.48888888889,-0.32,-0.390415200303081,0.0383230518869483,0.0694275442703401,0
1105.49166666667,-0.325,-0.423224364390564,0.0424148507682656,0.0694540928998368,0
1105.49444444444,-0.335,-0.455498253028191,0.0467482017800088,0.0694808457770523,0
1105.49722222222,-0.325,-0.484535823263893,0.0511313188107693,0.0695077440341055,0
1105.5,-0.315,-0.507247136121746,0.0553486792451899,0.0695347213908382,0
1105.50277777778,-0.315,-0.520341150343375,0.0591723828270612,0.0695616315949642,0
1105.50555555556,-0.295,-0.520546131665751,0.0623751622428545,0.0695883544928259,0
1105.50833333333,-0.29,-0.504848907025152,0.0647442742648782,0.0696149025105472,0
1105.51111111111,-0.295,-0.470737067342143,0.0660953986886402,0.0696413324730048,0
1105.51388888889,-0.3,-0.416427143392869,0.0662856272422296,0.0696677289577571,0
1105.51666666667,-0.275,-0.341061867046684,0.0664663587124266,0.0696942017382426,0
1105.51944444444,-0.245,-0.244860925387584,0.0677183561535514,0.0697208467779908,0
1105.52222222222,-0.175,-0.129212072990626,0.0699449959863094,0.0697477042284745,0
1105.525,-0.075,0.00330704224480544,0.0730156006772371,0.069774799151097,0
1105.52777777778,0.08,0.148981670679955,0.0767751385143158,0.069802142045091,0
1105.53055555556,0.285,0.303087839075991,0.0810551541834879,0.0698297278103126,0
1105.53333333333,0.5,0.460090698467686,0.0856851265000581,0.0698575342278117,0
1105.53611111111,0.695,0.613903766100026,0.0905034178339245,0.0698855203390018,0
1105.53888888889,0.9,0.758195007954528,0.0953670101566312,0.0699136249828524,0
1105.54166666667,1.095,0.886722042886787,0.100159314039155,0.0699417617773521,0
1105.54444444444,1.25,0.993676180108967,0.104795483513054,0.0699698065545805,0
1105.54722222222,1.4,1.07401374326978,0.10922486132286,0.0699976094736295,0
1105.55,1.53,1.12375331428762,0.112347834707342,0.0700249982333305,0
1105.55277777778,1.58,1.1402191770421,0.113990049196937,0.0700519701174174,1
1105.55555555556,1.56,1.12221427971964,0.114065523161549,0.0700786619367685,0
1105.55833333333,1.505,1.07011028817951,0.112567895609628,0.0701052250486454,0
1105.56111111111,1.38,0.985847502681169,0.109571221639569,0.0701318158240911,0
1105.56388888889,1.215,0.872843213600462,0.10594056110643,0.0701585856694703,0
1105.56666666667,1,0.735813083651466,0.102276065310354,0.0701856714759892,0
1105.56944444444,0.735,0.580515945791463,0.0985591580543432,0.0702131808318962,0
1105.57222222222,0.455,0.413437584523444,0.0948003780477648,0.0702411878900234,0
1105.575,0.21,0.24143324720369,0.0910433936537917,0.0702697331267971,0
1105.57777777778,0.025,0.0713514996094962,0.0873659519190944,0.070298822206294,0
1105.58055555556,-0.1,-0.0903366258415491,0.0838775669686223,0.0703284274541674,0
1105.58333333333,-0.16,-0.237879554806239,0.0807140174361075,0.0703584947177982,0
1105.58611111111,-0.205,-0.366536492612998,0.0780289882150736,0.0703889317766843,0
1105.58888888889,-0.24,-0.472799945403564,0.0759834371764484,0.0704196080141198,0
1105.59166666667,-0.26,-0.554536005284829,0.0747334723942084,0.07045039403816,0
1105.59444444444,-0.3,-0.611034674207877,0.0744176723571856,0.0704811741181185,0
1105.59722222222,-0.33,-0.642968751548341,0.0739031402789703,0.0705118581825159,0
1105.6,-0.385,-0.652266148075742,0.0721482208379897,0.0705423903008129,0
1105.60277777778,-0.425,-0.641906451139834,0.0693060896842548,0.0705727629657032,0
1105.60555555556,-0.455,-0.615657713990592,0.0655775962286302,0.0706030232011841,0
1105.60833333333,-0.46,-0.577773395979766,0.0611973558657173,0.0706332654618552,0
1105.61111111111,-0.46,-0.532671847774503,0.0564184920064435,0.0706635702153141,0
1105.61388888889,-0.46,-0.484621535808027,0.0514970606436629,0.0706940379454518,0
1105.61666666667,-0.465,-0.437454278481909,0.0466771728680333,0.0707247764275074,0
1105.61944444444,-0.475,-0.394326200191099,0.0421777435361359,0.0707558849506725,0
1105.62222222222,-0.485,-0.357542101701769,0.0381816452176259,0.0707874411893199,0
1105.625,-0.515,-0.328453811889572,0.0348278480325492,0.0708194966143265,0
1105.62777777778,-0.52,-0.307437228848894,0.0322068938220781,0.0708520499897014,0
1105.63055555556,-0.505,-0.293946636516005,0.030359805187054,0.0708850342215749,0
1105.63333333333,-0.52,-0.286638974835197,0.0292802849210824,0.0709180548072501,0
1105.63611111111,-0.51,-0.283555507780982,0.0289198372027252,0.0709512819502657,0
1105.63888888889,-0.5,-0.282344180029296,0.0291952544866356,0.0709850792348551,0
1105.64166666667,-0.49,-0.280503197989264,0.0299977760116634,0.0710147199528356,0
1105.64444444444,-0.48,-0.27562521912167,0.0304886819015447,0.0710373620674255,0
1105.64722222222,-0.48,-0.265622059697147,0.0301570437915003,0.0710502658742486,0
1105.65,-0.48,-0.248911973756086,0.0291707888698828,0.0710507745557143,0
1105.65277777778,-0.495,-0.224555122008703,0.0277216137284191,0.0710365043253685,0
1105.65555555556,-0.51,-0.192327530182206,0.026119726939546,0.0710055413420276,0
1105.65833333333,-0.52,-0.152729233213039,0.0246483647210981,0.0709566308131926,0
1105.66111111111,-0.53,-0.106927958998784,0.0233536081194633,0.0708893403385859,0
1105.66388888889,-0.53,-0.0566451484013168,0.0222567442895117,0.0708041837413187,0
1105.66666666667,-0.515,-0.00399588269822193,0.0213565398524184,0.0707027022572631,0
1105.66944444444,-0.51,0.0487019996766458,0.0206331526525541,0.0705874335264399,0
1105.67222222222,-0.505,0.0991319718447363,0.0202827223804654,0.070461888017068,0
1105.675,-0.5,0.145177656935424,0.0202565263659627,0.0703304335435421,0
1105.67777777778,-0.5,0.18509883550929,0.0204628905155163,0.070198118123895,0
1105.68055555556,-0.5,0.217669356262497,0.0207799304920527,0.0700661045306927,0
1105.68333333333,-0.505,0.242265324004963,0.0210680348832466,0.0699291823071893,0
1105.68611111111,-0.52,0.258896555962916,0.0211836439010906,0.0697827843343159,0
1105.68888888889,-0.51,0.268179481246836,0.0209931303847533,0.0696231770221705,0
1105.69166666667,-0.525,0.271254950349651,0.0204482516231422,0.069447631384746,0
1105.69444444444,-0.53,0.269659355260495,0.0198706141838962,0.0692543880956848,0
1105.69722222222,-0.535,0.265161602269367,0.0192814975948605,0.0690425818386923,0
1105.7,-0.54,0.259581465425966,0.0187074489679244,0.0688121983688739,0
1105.70277777778,-0.545,0.254606418005232,0.0181765992255273,0.0685639131370262,0
1105.70555555556,-0.54,0.251624056868742,0.0177149685882223,0.0682988870774509,0
1105.70833333333,-0.555,0.251585702624128,0.0173431664760579,0.0680185386776531,0
1105.71111111111,-0.57,0.254913817066446,0.0170738356046027,0.0677243134998673,0
1105.71388888889,-0.59,0.261461794326676,0.0169101020253721,0.0674174722520134,0
1105.71666666667,-0.605,0.270529821717943,0.0168451812963387,0.0671039950881599,0
1105.71944444444,-0.605,0.280935308789185,0.016863167013332,0.066790960530686,0
1105.72222222222,-0.625,0.291131318173842,0.0169409037029009,0.0664854518945603,0
1105.725,-0.635,0.29936195855891,0.0170507335398901,0.0661917127858376,0
1105.72777777778,-0.65,0.303840226009653,0.0171638162321634,0.0659108446020477,0
1105.73055555556,-0.66,0.302931624155316,0.0172536622125239,0.0656442330059515,0
1105.73333333333,-0.67,0.295326258146066,0.0172994965048613,0.0653933525327591,0
1105.73611111111,-0.675,0.280183047401605,0.0173099066954611,0.0651595427143401,0
1105.73888888889,-0.68,0.257232160613584,0.0173782751125775,0.064943775697175,0
1105.74166666667,-0.69,0.226825528928844,0.0174949005418627,0.0647464381722827,0
1105.74444444444,-0.71,0.189930006813222,0.0176389743630934,0.064567148572404,0
1105.74722222222,-0.73,0.148063002362894,0.0177800931633092,0.0644046356376587,0
1105.75,-0.74,0.103175715260229,0.0178808556715236,0.0642567254858478,0
1105.75277777778,-0.76,0.0574940168898263,0.0178613999619841,0.0641202948849192,0
1105.75555555556,-0.77,0.0133310329411078,0.0179637735780327,0.0639913555206075,0
1105.75833333333,-0.765,-0.0271117314255661,0.0182239483387193,0.0638652118439566,0
1105.76111111111,-0.755,-0.061936616176271,0.0186694834740702,0.063740619444507,0
1105.76388888889,-0.75,-0.0897176491914237,0.0193163147107036,0.0636230626079882,0
1105.76666666667,-0.735,-0.109628279225301,0.0201665295953595,0.063517717040856,0
1105.76944444444,-0.745,-0.121516737939675,0.0212073754642894,0.0634284740614672,0
1105.77222222222,-0.73,-0.125921401520277,0.0223489692933752,0.0633581940765212,0
1105.775,-0.725,-0.124023910903728,0.0231521754737,0.0633085092344091,0
1105.77777777778,-0.73,-0.117543473816225,0.0235092741121376,0.0632797944748234,0
1105.78055555556,-0.725,-0.108581199523552,0.023346122526629,0.0632713719667067,0
1105.78333333333,-0.695,-0.0994280112871274,0.0226301955255216,0.0632816389349437,0
1105.78611111111,-0.675,-0.0923532049443808,0.0213748523135422,0.0633082382075487,0
1105.78888888889,-0.645,-0.0893927379615483,0.0202229701629503,0.0633374957552463,0
1105.79166666667,-0.63,-0.09215663682722,0.0192421083397012,0.0633641317059362,0
1105.79444444444,-0.605,-0.101673448952858,0.0184517322886924,0.0633886483155786,0
1105.79722222222,-0.57,-0.118286544404038,0.0178558662797595,0.0634115740985952,0
1105.8,-0.545,-0.141612550400456,0.0174435033982021,0.0634334361142928,0
1105.80277777778,-0.505,-0.17056666564748,0.0171906226994145,0.0634547353189421,0
1105.80555555556,-0.475,-0.203453537687571,0.017063672656953,0.0634755049292769,0
1105.80833333333,-0.44,-0.238116335337282,0.0170242282480178,0.0634953118121014,0
1105.81111111111,-0.425,-0.272131158235105,0.0170343982221718,0.0635138691670352,0
1105.81388888889,-0.41,-0.303029503473776,0.0170624623065115,0.0635312095522392,0
1105.81666666667,-0.395,-0.328528574732928,0.0170367589014015,0.06354747411227,0
1105.81944444444,-0.39,-0.3467480655412,0.0170178275306865,0.0635628497094978,0
1105.82222222222,-0.37,-0.356392814193824,0.0169912962150838,0.0635775421810109,0
1105.825,-0.36,-0.356883383162043,0.0169229256405904,0.063591749439323,0
1105.82777777778,-0.35,-0.348420961078882,0.0167596509314573,0.0636056388282952,0
1105.83055555556,-0.335,-0.331978666850439,0.0168822938038119,0.0636193382501799,0
1105.83333333333,-0.335,-0.309217873959292,0.0174514888623958,0.0636329460047727,0
1105.83611111111,-0.3,-0.282335004269628,0.0183449689235927,0.0636466064198436,0
1105.83888888889,-0.305,-0.253850763468117,0.0196392538511591,0.0636603811570828,0
1105.84166666667,-0.285,-0.226359418982252,0.0213963983487533,0.0636741816632161,0
1105.84444444444,-0.27,-0.202259937198483,0.0236550281544719,0.0636879093142385,0
1105.84722222222,-0.285,-0.183493195023728,0.0264222996052494,0.0637014705502119,0
1105.85,-0.285,-0.171309807058888,0.0296675690336399,0.0637146733872797,0
1105.85277777778,-0.305,-0.166091285032433,0.0333184725089546,0.0637274784073864,0
1105.85555555556,-0.3,-0.167243376900792,0.03725996712819,0.0637400896233169,0
1105.85833333333,-0.315,-0.173174804237559,0.0413366817584328,0.063752811823483,0
1105.86111111111,-0.3,-0.181367670377753,0.0453586819922026,0.0637653202953392,0
1105.86388888889,-0.305,-0.188538111953871,0.0491104890461564,0.0637772293076901,0
1105.86666666667,-0.295,-0.190877951731756,0.0523629257881065,0.0637881040508564,0
1105.86944444444,-0.27,-0.184360841450639,0.0543035009220516,0.063797480927435,0
1105.87222222222,-0.255,-0.165090285886035,0.0547521914867929,0.0638048928568932,0
1105.875,-0.24,-0.129662551985687,0.0542933103256686,0.0638099044116107,0
1105.87777777778,-0.23,-0.07551519363508,0.0550946580232015,0.0638269083534815,0
1105.88055555556,-0.21,-0.00123199720843161,0.0572342700169525,0.0638616759335771,0
1105.88333333333,-0.2,0.0932223824044316,0.0607220420976581,0.063915532957989,0
1105.88611111111,-0.16,0.206360126517069,0.0654938557985739,0.0639889887108593,0
1105.88888888889,-0.115,0.335135737590107,0.0714101517164532,0.0640816085286628,0
1105.89166666667,-0.075,0.475026761272056,0.07825927752267,0.0641919364175099,0
1105.89444444444,-0.025,0.620228450468553,0.0857656148552339,0.0643175009527549,0
1105.89722222222,0.05,0.763952246004746,0.0935227013989231,0.0644548465991737,0
1105.9,0.12,0.898809743592343,0.100918363135544,0.064599656869287,0
1105.90277777778,0.205,1.01725689680963,0.107748465066999,0.0647469208351057,0
1105.90555555556,0.285,1.1120681312944,0.113866897139906,0.0648939077365077,0
1105.90833333333,0.37,1.17680723226197,0.119190285692279,0.0650459699350254,0
1105.91111111111,0.47,1.20626155286791,0.123247854079289,0.0652079199423642,1
1105.91388888889,0.565,1.19680831364937,0.125644396488652,0.0653838117705198,0
1105.91666666667,0.645,1.14668636073125,0.126225919745038,0.0655767203270693,0
1105.91944444444,0.64,1.05615337211096,0.124928494772665,0.0657888037754097,0
1105.92222222222,0.535,0.927516637284636,0.122950703320394,0.0660214102888191,0
1105.925,0.295,0.765034558174307,0.121303751362951,0.0662750871207322,0
1105.92777777778,-0.07,0.574695234381052,0.119875870219731,0.0665496609781006,0
1105.93055555556,-0.545,0.363887198035926,0.118585410180348,0.0668444052312341,0
1105.93333333333,-1.04,0.140984893365119,0.11739106042979,0.0671580818907349,0
1105.93611111111,-1.465,-0.0851227082702296,0.116297756169155,0.0674892455235431,0
1105.93888888889,-1.78,-0.30552832596899,0.115357766817035,0.0678352820383909,0
1105.94166666667,-1.975,-0.511794148121378,0.114666882015028,0.068189427416905,0
1105.94444444444,-2.115,-0.696399119811805,0.114356038069716,0.0685444747205418,0
1105.94722222222,-2.215,-0.853117227608499,0.114579120455933,0.0688932471163502,0
1105.95,-2.28,-0.977303821112923,0.115498005300556,0.0692288787433964,0
1105.95277777778,-2.32,-1.06607410654905,0.11726613751887,0.069549109789869,0
1105.95555555556,-2.355,-1.11836601488458,0.119360119240701,0.0698531188782174,0
1105.95833333333,-2.35,-1.13488804903637,0.119715731609805,0.0701399605913037,0
1105.96111111111,-2.325,-1.11796080472558,0.118386949209858,0.070408748434961,0
1105.96388888889,-2.28,-1.07126803187856,0.115508112929251,0.0706588541587918,0
1105.96666666667,-2.205,-0.999538840919288,0.111283065247874,0.0708901048357367,0
1105.96944444444,-2.1,-0.908186570988378,0.105970752413461,0.0711029589355223,0
1105.97222222222,-1.975,-0.802931690072597,0.0998683278783661,0.0712986803414373,0
1105.975,-1.825,-0.689435824434522,0.0932929123842641,0.0714792496532065,0
1105.97777777778,-1.68,-0.572971720109818,0.0865632046885782,0.0716475274974647,0
1105.98055555556,-1.545,-0.458149881780421,0.0799820932360224,0.0718072305740956,0
1105.98333333333,-1.45,-0.348717202977187,0.0738212991148098,0.0719628173584232,0
1105.98611111111,-1.38,-0.247436579292118,0.0683088957130636,0.072117207520453,0
1105.98888888889,-1.33,-0.156049817830473,0.0636203162095809,0.0722650450262926,0
1105.99166666667,-1.27,-0.0753196628934236,0.0598731949940217,0.0724009263649315,0
1105.99444444444,-1.2,-0.0051409537417755,0.0571261134326176,0.0725201352151185,0
1105.99722222222,-1.06,0.0552937578803304,0.0553810541667414,0.0726196489735499,0
1106,-0.915,0.10729205690218,0.0550335277791202,0.0726976626313439,0
1106.00277777778,-0.77,0.152442539590886,0.0549636993513943,0.0727534348896007,0
1106.00555555556,-0.66,0.1923982359413,0.0541557422088751,0.0727872988602327,0
1106.00833333333,-0.595,0.228680487536565,0.0527542333632072,0.0728005966225348,0
1106.01111111111,-0.55,0.262518212363943,0.0509132340450306,0.0727955204272389,0
1106.01388888889,-0.54,0.294733467705791,0.0487854444117543,0.0727749158916049,0
1106.01666666667,-0.53,0.325679546166251,0.0465126797207572,0.0727469622319484,0
1106.01944444444,-0.47,0.355232931740894,0.0442182160406094,0.072720152274798,0
1106.02222222222,-0.39,0.382835724378116,0.0420013735353125,0.0726939251778163,0
1106.025,-0.27,0.407580997417903,0.0399345104465013,0.0726677511872827,0
1106.02777777778,-0.145,0.428330299613599,0.038062406745416,0.0726410596805972,0
1106.03055555556,-0.025,0.443850377866804,0.0364038377517727,0.0726134672521573,0
1106.03333333333,0.07,0.452955298022214,0.0349549875384783,0.0725853530598781,0
1106.03611111111,0.135,0.454640487647334,0.033694239484572,0.0725572719576226,0
1106.03888888889,0.165,0.448196718736554,0.0325878132146534,0.0725296468289989,0
1106.04166666667,0.18,0.433294498829809,0.0315956958521457,0.0725027573291631,0
1106.04444444444,0.175,0.410032483115844,0.030677339668673,0.0724767394417384,0
1106.04722222222,0.16,0.378947048680946,0.0297966629626435,0.0724515952242675,0
1106.05,0.17,0.340983758977158,0.0289259885255923,0.0724272119385717,0
1106.05277777778,0.19,0.297434777426389,0.0280486743621594,0.0724033523584955,0
1106.05555555556,0.205,0.24984908782723,0.0271603231704073,0.0723796645969189,0
1106.05833333333,0.215,0.199924430226812,0.0262685889321474,0.0723558229248858,0
1106.06111111111,0.235,0.149391024551027,0.025391719941617,0.0723315965288434,0
1106.06388888889,0.25,0.0998973753233164,0.024556078361542,0.0723068113606023,0
1106.06666666667,0.26,0.0529077589697217,0.0237929497808992,0.0722814811263097,0
1106.06944444444,0.28,0.00961949832373237,0.0231349977684347,0.0722556603879057,0
1106.07222222222,0.305,-0.0290940004277809,0.0226127264775134,0.0722293816473863,0
1106.075,0.34,-0.062711016016145,0.0223462371797895,0.0722027372008791,0
1106.07777777778,0.355,-0.091059365810613,0.0224133706799325,0.0721759629825863,0
1106.08055555556,0.36,-0.114286261319739,0.0224110115913529,0.072149283057682,0
1106.08333333333,0.375,-0.132804414687737,0.0222256707783564,0.0721229671159305,0
1106.08611111111,0.38,-0.147220486563294,0.0218701862983407,0.0720970034627444,0
1106.08888888889,0.37,-0.158253179484074,0.0213663188684438,0.0720713422321784,0
1106.09166666667,0.385,-0.166648793571899,0.0207427835941013,0.0720459347872792,0
1106.09444444444,0.39,-0.173101864352935,0.0200327107506744,0.0720207379156079,0
1106.09722222222,0.41,-0.178187649903858,0.0192707918237775,0.0719957175007565,0
1106.1,0.43,-0.182311834753119,0.0184903857682132,0.0719708507046807,0
1106.10277777778,0.445,-0.185681021568167,0.0177208539683142,0.0719461273324156,0
1106.10555555556,0.475,-0.188295565769312,0.0169853623101601,0.0719215495006847,0
1106.10833333333,0.505,-0.189964259603537,0.0162993386911913,0.0718971294756661,0
1106.11111111111,0.525,-0.190338470420025,0.0156697093366477,0.0718727770191389,0
1106.11388888889,0.555,-0.188961739898608,0.0150949636640735,0.0718484064557997,0
1106.11666666667,0.57,-0.185329678769341,0.0145660218254894,0.0718239483041212,0
1106.11944444444,0.595,-0.178954323427371,0.0140678080552692,0.0717993491906625,0
1106.12222222222,0.615,-0.169426987097524,0.0135813725070246,0.0717745684613113,0
1106.125,0.63,-0.156474021304013,0.0130863592005782,0.071749573166408,0
1106.12777777778,0.64,-0.140000742336127,0.0126149151833153,0.0717243332087044,0
1106.13055555556,0.66,-0.12011997558827,0.0124200916841073,0.0716988159338185,0
1106.13333333333,0.675,-0.0971631064968806,0.0124601716273729,0.0716730126233299,0
1106.13611111111,0.7,-0.0716730657777338,0.0126896254072723,0.0716472133711482,0
1106.13888888889,0.725,-0.04438018378868,0.0130628274846645,0.0716216686695917,0
1106.14166666667,0.75,-0.0161632003099648,0.0135373325976832,0.0715965423864267,0
1106.14444444444,0.775,0.0120011908312751,0.0140764829478892,0.0715719684363966,0
1106.14722222222,0.79,0.0390961222347762,0.014651192820799,0.0715480423706562,0
1106.15,0.795,0.064125131599001,0.0152408396950642,0.0715248155475693,0
1106.15277777778,0.81,0.0861710058458613,0.015833273260311,0.0715022918520171,0
1106.15555555556,0.8,0.104448708115287,0.0163290818219563,0.0714804280920698,0
1106.15833333333,0.81,0.118348858573368,0.0166694587735673,0.071459137659061,0
1106.16111111111,0.815,0.127469123183403,0.0168268993418107,0.0714382980429675,0
1106.16388888889,0.805,0.131631890664453,0.0167815978860396,0.0714177601600701,0
1106.16666666667,0.81,0.130887695289519,0.016523143213408,0.0713976741700616,0
1106.16944444444,0.795,0.125504883845771,0.0160515800152967,0.071378240864265,0
1106.17222222222,0.785,0.115946951403244,0.0153777624581076,0.0713596643690891,0
1106.175,0.76,0.102839721005124,0.0146493120831524,0.0713419425272061,0
1106.17777777778,0.725,0.0869310752098269,0.0138964650153932,0.0713249366103354,0
1106.18055555556,0.725,0.0690462420830232,0.0131312331974652,0.0713085061948958,0
1106.18333333333,0.695,0.0500416951120027,0.0123703221100092,0.0712925231161163,0
1106.18611111111,0.66,0.0307605645964718,0.011634128779415,0.0712768849850321,0
1106.18888888889,0.62,0.0119921114085574,0.0109453822964037,0.0712615265105376,0
1106.19166666667,0.575,-0.00556267280008883,0.0103275592684173,0.0712464273872116,0
1106.19444444444,0.545,-0.0213178516092196,0.00980321623538758,0.0712316154582418,0
1106.19722222222,0.515,-0.0348208443352049,0.00939237824143869,0.071217163754583,0
1106.2,0.485,-0.0457619761562345,0.00911110890005786,0.0712031813147047,0
1106.20277777778,0.45,-0.0539755702687194,0.00897036463473755,0.0711897979432669,0
1106.20555555556,0.43,-0.0594333505559129,0.00897520704530449,0.0711771436619282,0
1106.20833333333,0.395,-0.0622312967785727,0.00907309165371676,0.0711653232236577,0
1106.21111111111,0.35,-0.0625713543679441,0.00898795746937674,0.0711543918604124,0
1106.21388888889,0.315,-0.0607395461502537,0.00873844255568971,0.0711442964327236,0
1106.21666666667,0.28,-0.0570820703961244,0.0083492902505774,0.0711345718130443,0
1106.21944444444,0.23,-0.0519809111269822,0.00784960782090711,0.0711246240790872,0
1106.22222222222,0.19,-0.0458303491844928,0.00727101800231251,0.0711145405105409,0
1106.225,0.14,-0.0390155646304845,0.00664582829265997,0.0711044445671695,0
1106.22777777778,0.095,-0.0318942812343106,0.00600533102396993,0.0710944756297689,0
1106.23055555556,0.075,-0.024782139681692,0.00537832812306876,0.0710847772390503,0
1106.23333333333,0.055,-0.0179422133926923,0.00478995012971101,0.0710754846792583,0
1106.23611111111,0.045,-0.0115788129477842,0.0042608117866817,0.0710667128709555,0
1106.23888888889,0.03,-0.0058354733897477,0.00380651872605718,0.0710585455347422,0
1106.24166666667,0.02,-0.000796792474001639,0.00343751368757971,0.0710320966733549,0
1106.24444444444,0.005,0.00350640491348945,0.00315922824186037,0.0709899615497915,0
1106.24722222222,-0.02,0.00708925393237847,0.00297248862083348,0.0709448843206,0
1106.25,-0.055,0.010003174030266,0.0028779025319965,0.0708974700012914,0
1106.25277777778,-0.08,0.0123251739758695,0.00287093140854357,0.0708485650818715,0
1106.25555555556,-0.105,0.0141469875257324,0.00281449693045949,0.0707980161023385,0
1106.25833333333,-0.135,0.0155648428605912,0.00269586112848976,0.0707450876538237,0
1106.26111111111,-0.15,0.0166705712481515,0.00252675202463261,0.070689252431094,0
1106.26388888889,-0.165,0.0175446166392483,0.00231927886768319,0.0706302271924721,0
1106.26666666667,-0.165,0.018251326362768,0.00208541019776169,0.0705679852479874,0
1106.26944444444,-0.16,0.0188366954245484,0.00184312762723942,0.0705045567226915,0
1106.27222222222,-0.175,0.0193285178258199,0.00160585980226781,0.0704404043248321,0
1106.275,-0.175,0.0197386846871008,0.00138219255760452,0.0703766173566839,0
1106.27777777778,-0.17,0.0200671786549751,0.00117780744480597,0.0703147970454854,0
1106.28055555556,-0.17,0.020307164360158,0.000995408903174796,0.0702568847248818,0
1106.28333333333,-0.17,0.0204504805467819,0.000834887914305467,0.0702049435788465,0
1106.28611111111,-0.18,0.0204928118241956,0.000693704686793126,0.0701609088140487,0
1106.28888888889,-0.19,0.0204378621778082,0.000572860462938156,0.0701263243624018,0
1106.29166666667,-0.185,0.0202999671685719,0.000488779685756078,0.0701020894643635,0
1106.29444444444,-0.2,0.0201047588153198,0.000442102420416869,0.0700882225819624,0
1106.29722222222,-0.195,0.0198877213183127,0.000432059842099685,0.0700836784481288,0
1106.3,-0.19,0.0196907260610277,0.000456466821360948,0.0700862296078461,0
1106.30277777778,-0.17,0.0195568856700716,0.00051175530064004,0.0700972376303055,0
1106.30555555556,-0.16,0.0195242925437868,0.000593065868308446,0.0701177201569053,0
1106.30833333333,-0.155,0.0196193813948151,0.000694411420084123,0.0701482003403718,0
1106.31111111111,-0.145,0.0198507560232569,0.000808920600442615,0.0701886460355984,0
1106.31388888889,-0.155,0.0202043322170212,0.000929160487695851,0.0702384398150805,0
1106.31666666667,-0.16,0.0206405643907713,0.00104752862807934,0.0702932072725421,0
1106.31944444444,-0.16,0.0210943462415038,0.00115669509838701,0.0703524294528115,0
1106.32222222222,-0.18,0.0214779184800393,0.00125006689381398,0.0704186045414119,0
1106.325,-0.19,0.0216868022696725,0.00132224063950556,0.0704940927540968,0
1106.32777777778,-0.195,0.0216084357425776,0.00136940627232439,0.0705810402407685,0
1106.33055555556,-0.205,0.0211328581829704,0.00138587488851727,0.0706813149524672,0
1106.33333333333,-0.195,0.0201644989322039,0.00139231445604469,0.0707964576513703,0
1106.33611111111,-0.195,0.0186339201535393,0.00142308042936945,0.0709276501565005,0
1106.33888888889,-0.19,0.0165082624201039,0.00147374657261434,0.0710756982821081,0
1106.34166666667,-0.175,0.01379916813345,0.00153810083699926,0.0712410298357488,0
1106.34444444444,-0.175,0.0105671162799694,0.00160856432336847,0.0714237161602902,0
1106.34722222222,-0.19,0.00692138555495505,0.00167673426341099,0.0716235078699647,0
1106.35,-0.185,0.00301525026277841,0.00172745489001819,0.0718380656599426,0
1106.35277777778,-0.185,-0.00096352886883691,0.00174975859413385,0.0720665926381455,0
1106.35555555556,-0.2,-0.00480637180123912,0.00173761267535258,0.0723076216121571,0
1106.35833333333,-0.21,-0.00830069340803585,0.00175669705344254,0.0725590827054398,0
1106.36111111111,-0.205,-0.0112484611806008,0.00181024358042944,0.0728184020645468,0
1106.36388888889,-0.21,-0.0134848159922806,0.00189893441248596,0.0730826266165435,0
1106.36666666667,-0.215,-0.0148949506214403,0.00202089370206357,0.0733485665140695,0
1106.36944444444,-0.215,-0.0154274901374211,0.00216639000693973,0.0736129478236406,0
1106.37222222222,-0.215,-0.0151028476698894,0.00230696758186626,0.073872566992394,0
1106.375,-0.2,-0.0140154260902193,0.00242792339528187,0.07412444547845,0
1106.37777777778,-0.2,-0.0123290704391104,0.00251534973166961,0.0743659637151741,0
1106.38055555556,-0.18,-0.0102658015146627,0.00255758540181553,0.0745894019415134,0
1106.38333333333,-0.195,-0.00808852001899958,0.00254652367968529,0.0747894292080881,0
1106.38611111111,-0.215,-0.00607899863148161,0.00247863756533219,0.0749690433410619,0
1106.38888888889,-0.21,-0.00451301160884462,0.00235560412982344,0.0751320317773049,0
1106.39166666667,-0.215,-0.00363482956104877,0.00225737573916229,0.0752855736576358,0
1106.39444444444,-0.225,-0.00363348501194139,0.00219028559794469,0.0754368663687331,0
1106.39722222222,-0.245,-0.00462316415030051,0.00215268080489559,0.075592313036796,0
1106.4,-0.24,-0.00662979528365315,0.00214047551631417,0.0757514156022737,0
1106.40277777778,-0.23,-0.00958540165182766,0.00214756086204485,0.075910960896283,0
1106.40555555556,-0.23,-0.0133311048392116,0.00216639995493568,0.0760681640278489,0
1106.40833333333,-0.21,-0.0176288642077151,0.00218875600280798,0.0762207845980655,0
1106.41111111111,-0.2,-0.0221811914401917,0.00220648848448946,0.0763671122339854,0
1106.41388888889,-0.205,-0.0266572692800108,0.00220063187887541,0.076505778247287,0
1106.41666666667,-0.215,-0.0307232118139198,0.00221230048930496,0.0766357119580787,0
1106.41944444444,-0.22,-0.0340737039815871,0.00224496985815507,0.0767560956014766,0
1106.42222222222,-0.235,-0.036462008326464,0.00229956895803169,0.0768663237146897,0
1106.425,-0.23,-0.0377253628637045,0.00237434158641377,0.0769661320634197,0
1106.42777777778,-0.23,-0.0378031239589652,0.0024649562213152,0.0770553915957502,0
1106.43055555556,-0.23,-0.0367456119959619,0.00256485500907167,0.0771340605473203,0
1106.43333333333,-0.225,-0.034712446959657,0.00266580935959444,0.0772021599660496,0
1106.43611111111,-0.225,-0.0319601430256787,0.0027586291188135,0.0772597694554627,0
1106.43888888889,-0.225,-0.028819774787743,0.00276570281459216,0.0773070318292215,0
1106.44166666667,-0.225,-0.0256665319889885,0.0027165923131364,0.0773441711900077,0
1106.44444444444,-0.23,-0.0228838434834745,0.0027010625238247,0.0773715666181924,0
1106.44722222222,-0.235,-0.0208253834660181,0.00272453535343094,0.0773900327355799,0
1106.45,-0.25,-0.0197786019812743,0.00279011608955014,0.0774005967179218,0
1106.45277777778,-0.235,-0.0199334028859985,0.00289846434776185,0.0774044919121396,0
1106.45555555556,-0.24,-0.0213592141681255,0.00304792504188023,0.0774061559199728,0
1106.45833333333,-0.245,-0.0239929815158876,0.00323490633008666,0.0774086411455085,0
1106.46111111111,-0.245,-0.0276396243367574,0.00345446443538582,0.0774117638004986,0
1106.46388888889,-0.24,-0.0319853120555008,0.00370103127244044,0.0774153442141908,0
1106.46666666667,-0.24,-0.0366226578551602,0.0039692025155709,0.0774192060609247,0
1106.46944444444,-0.23,-0.0410857097227348,0.0042544932549431,0.0774232421240015,0
1106.47222222222,-0.235,-0.0448915679356912,0.00448103531916692,0.0774278823490704,0
1106.475,-0.23,-0.0475846855021511,0.00465350377059461,0.0774335648271788,0
1106.47777777778,-0.215,-0.0487795018180915,0.00479072317121953,0.0774407217094158,0
1106.48055555556,-0.22,-0.048197075226956,0.00491858330935553,0.0774495754615294,0
1106.48333333333,-0.205,-0.0456918327488208,0.00506743079770029,0.0774601344230811,0
1106.48611111111,-0.215,-0.0412654175028558,0.00526878633151369,0.0774723400431551,0
1106.48888888889,-0.225,-0.0350658167868955,0.0055516793153113,0.0774860917302604,0
1106.49166666667,-0.235,-0.0273713900662794,0.00593894587562124,0.0775013156793506,0
1106.49444444444,-0.245,-0.018560952097027,0.0064331833807045,0.077517897068858,0
1106.49722222222,-0.24,-0.00907255220513179,0.00695844224913831,0.0775356823577406,0
1106.5,-0.245,0.000645125016211334,0.00750617745232931,0.0775544840572474,0
1106.50277777778,-0.235,0.010183867635672,0.00806257257381521,0.0775740885047622,0
1106.50555555556,-0.215,0.0192241882236961,0.00860852286499956,0.0775942361905429,0
1106.50833333333,-0.19,0.0275753807607505,0.00912014685526867,0.0776148706996428,0
1106.51111111111,-0.165,0.0352026125862445,0.00956984188209746,0.0776359945665289,0
1106.51388888889,-0.14,0.0422373627139525,0.00992784746057645,0.0776576647647282,0
1106.51666666667,-0.125,0.0489690292660534,0.0101642280458093,0.0776799796921034,0
1106.51944444444,-0.105,0.055817341509933,0.0102511383611067,0.0777030694251281,0
1106.52222222222,-0.105,0.0632871614706856,0.0103370817822973,0.0777270837047231,0
1106.525,-0.095,0.0719091604567882,0.0106125254827239,0.0777521312002025,0
1106.52777777778,-0.1,0.0821715170043753,0.0110854126410625,0.0777780137548884,0
1106.53055555556,-0.09,0.0944490287381074,0.0117535283204293,0.0778044631759152,0
1106.53333333333,-0.08,0.108936717290246,0.012603730798827,0.0778311584768332,0
1106.53611111111,-0.065,0.125595035756954,0.0136119965396846,0.077857749091579,0
1106.53888888889,-0.04,0.144113123997255,0.0147443442356726,0.0778838631606543,0
1106.54166666667,-0.005,0.163895225341216,0.0159586304559477,0.0779095732372768,0
1106.54444444444,0.04,0.184073471504305,0.0172071315406172,0.0779349939412071,0
1106.54722222222,0.085,0.203547913021769,0.0184397501541432,0.0779602329763302,0
1106.55,0.11,0.221052120667378,0.019607617270919,0.0779853691334329,0
1106.55277777778,0.09,0.235240140656225,0.0206668079623181,0.0780104344971224,0
1106.55555555556,0.07,0.244788295194439,0.0215818579191893,0.078035402748017,0
1106.55833333333,0.045,0.248503510654001,0.0223287614404586,0.0780601821544095,0
1106.56111111111,0.015,0.245428724848338,0.0228971529731564,0.0780848050244694,0
1106.56388888889,0.015,0.234935615057829,0.0232914232668992,0.078109427682178,0
1106.56666666667,0.01,0.216795472220046,0.0235305954665313,0.0781341878132215,0
1106.56944444444,0.03,0.191220516802448,0.0236468813221866,0.0781591693264033,0
1106.57222222222,0.05,0.158870218208299,0.0236829463744616,0.0781844947426223,0
1106.575,0.065,0.120820073754176,0.0236880270767808,0.0782102647077929,0
1106.57777777778,0.06,0.0784935906786291,0.0237131529498566,0.0782365390379475,0
1106.58055555556,0.04,0.0335616130693092,0.0238058233706599,0.07826331943983,0
1106.58333333333,0,-0.0121836610055672,0.0240045623772611,0.0782908685506932,0
1106.58611111111,-0.05,-0.0569699213858447,0.0243338181717671,0.0783195455692513,0
1106.58888888889,-0.1,-0.0991892603093997,0.0247996811618839,0.0783495969068272,0
1106.59166666667,-0.145,-0.137533022185466,0.0253868624116268,0.078381303650254,0
1106.59444444444,-0.165,-0.171104221062439,0.0260573033658232,0.07841497129217,0
1106.59722222222,-0.185,-0.199496089731351,0.0267506810040574,0.078450914258957,0
1106.6,-0.185,-0.222827756423467,0.0273869366409165,0.0784893119791119,0
1106.60277777778,-0.19,-0.24173141490276,0.0276587464756144,0.0785148415522577,0
1106.60555555556,-0.2,-0.257289407678194,0.0274314260941358,0.078524333660126,0
1106.60833333333,-0.21,-0.270924054039784,0.0275659040947195,0.0785163861096325,0
1106.61111111111,-0.22,-0.284247452289492,0.0281598024464207,0.0784903327147165,0
1106.61388888889,-0.245,-0.298882481208887,0.0292940279219844,0.0784463967446164,0
1106.61666666667,-0.245,-0.316269449994792,0.031024024221999,0.0783857998110478,0
1106.61944444444,-0.255,-0.33747498043839,0.0333720643526377,0.0783106933729816,0
1106.62222222222,-0.255,-0.363020512973784,0.0363212599025094,0.0782268320545852,0
1106.625,-0.265,-0.392747177177548,0.0398118808808984,0.0781407625273679,0
1106.62777777778,-0.26,-0.425731645408398,0.0437404463627506,0.0780564402027589,0
1106.63055555556,-0.26,-0.460264109296553,0.047961869932087,0.0779682041048063,0
1106.63333333333,-0.26,-0.493894916957095,0.0522947361022402,0.0778700750269018,0
1106.63611111111,-0.265,-0.5235510230041,0.0565295587466878,0.0777560658077849,0
1106.63888888889,-0.26,-0.545717651932578,0.060439646288059,0.0776205136810616,0
1106.64166666667,-0.245,-0.556674922944481,0.063793987936213,0.0774584142065559,0
1106.64444444444,-0.24,-0.552774104216853,0.0663713971083907,0.0772657349550464,0
1106.64722222222,-0.245,-0.530734099362142,0.0679750169850507,0.0770396907317783,0
1106.65,-0.235,-0.487936091745209,0.068446220653568,0.076779313469899,0
1106.65277777778,-0.23,-0.422693254359712,0.0682966540647689,0.0764863533234703,0
1106.65555555556,-0.215,-0.334473217205165,0.0693448155573852,0.0761633933215488,0
1106.65833333333,-0.165,-0.224053570341097,0.0714721213278319,0.0758135144938441,0
1106.66111111111,-0.08,-0.0935949217854986,0.0745161087349132,0.0754401664458175,0
1106.66388888889,0.055,0.0533783606626603,0.0782837653888902,0.075048893839522,0
1106.66666666667,0.255,0.212093020016651,0.082566634384483,0.0746470050657673,0
1106.66944444444,0.47,0.37673364245096,0.0871564782773355,0.0742425047029027,0
1106.67222222222,0.685,0.540730523261472,0.0918602439193348,0.073843696055904,0
1106.675,0.885,0.697111578827425,0.0965131332694378,0.0734535710875171,0
1106.67777777778,1.085,0.838895986196099,0.100988747109317,0.0730706434932444,0
1106.68055555556,1.26,0.959503560684683,0.10520551621147,0.0726940620667833,0
1106.68333333333,1.42,1.05315208515713,0.109128947634541,0.0723233302275749,0
1106.68611111111,1.545,1.1152150543557,0.112500544556726,0.0719580016184889,0
1106.68888888889,1.61,1.1425146071043,0.114387774518292,0.0715975939765121,1
1106.69166666667,1.635,1.13352863992976,0.114688757709162,0.0712413896405397,0
1106.69444444444,1.58,1.08849692772449,0.113383004131545,0.0708882462665599,0
1106.69722222222,1.47,1.00941809159564,0.110533071172538,0.0705364448787505,0
1106.7,1.3,0.899936926346679,0.107169659243063,0.0701837306603465,0
1106.70277777778,1.08,0.765129350845952,0.103611786049435,0.0698270439841896,0
1106.70555555556,0.8,0.611199485769997,0.0998285024957232,0.0694626185194907,0
1106.70833333333,0.51,0.445109544646424,0.0958308391400896,0.0690890018860582,0
1106.71111111111,0.255,0.274167877140289,0.0916756096800636,0.0687139042008773,0
1106.71388888889,0.055,0.105603278326759,0.0874649478032542,0.0683447853533455,0
1106.71666666667,-0.06,-0.0538456290767538,0.0833415406316015,0.0679884996823804,0
1106.71944444444,-0.125,-0.19829856196766,0.0794798879755611,0.0676509900012765,0
1106.72222222222,-0.16,-0.323035344248627,0.076074256483799,0.0673370490018493,0
1106.725,-0.19,-0.424712473719598,0.0733242830630186,0.0670501531724193,0
1106.72777777778,-0.205,-0.501482147459734,0.0714193887623986,0.0667923784843145,0
1106.73055555556,-0.25,-0.553008667611891,0.0705232753529754,0.0665643961309989,0
1106.73333333333,-0.27,-0.580384651246513,0.0702867679194766,0.0663655443748017,0
1106.73611111111,-0.33,-0.585956632589834,0.0688452646335473,0.066194026026007,0
1106.73888888889,-0.37,-0.573075931680543,0.0661859375583758,0.0660471665819175,0
1106.74166666667,-0.405,-0.545795605740132,0.0624620866075689,0.0659214225481957,0
1106.74444444444,-0.395,-0.508537546349627,0.0580455875969875,0.0658126037881637,0
1106.74722222222,-0.4,-0.465755124309009,0.0531937242251856,0.0657162569732049,0
1106.75,-0.4,-0.421616156215455,0.0481682811124134,0.0656279192164496,0
1106.75277777778,-0.42,-0.379728469832416,0.0432202217001601,0.0655413707499919,0
1106.75555555556,-0.43,-0.342926222244391,0.0385759694687704,0.0654553721618147,0
1106.75833333333,-0.43,-0.313129741900887,0.0344261010595581,0.0653732034518526,0
1106.76111111111,-0.445,-0.291285480673404,0.0309170577937111,0.0652975068935477,0
1106.76388888889,-0.45,-0.277386185403588,0.0281462453508846,0.0652301837283944,0
1106.76666666667,-0.45,-0.270565150922996,0.0261606383705394,0.0651724895015271,0
1106.76944444444,-0.455,-0.269252887047677,0.0249587564902857,0.0651250561552594,0
1106.77222222222,-0.45,-0.271380138650747,0.0244956490622413,0.0650879699689792,0
1106.775,-0.45,-0.274608255564064,0.0246903335585238,0.0650608809364329,0
1106.77777777778,-0.435,-0.276566606512949,0.0254349902394037,0.0650431249753785,0
1106.78055555556,-0.435,-0.275077118837394,0.025716807363758,0.0650338488338971,0
1106.78333333333,-0.445,-0.268348014643528,0.0253002169118753,0.0650322648320788,0
1106.78611111111,-0.46,-0.255122187349828,0.0243627829509465,0.0650376514022376,0
1106.78888888889,-0.465,-0.234770096496648,0.0230961463240783,0.0650492617208835,0
1106.79166666667,-0.47,-0.20732215194586,0.0216908534006876,0.0650610291174223,0
1106.79444444444,-0.48,-0.173440867842631,0.0203219742634924,0.0650725011526622,0
1106.79722222222,-0.47,-0.134338144306275,0.0191365967067095,0.0650837237745288,0
1106.8,-0.465,-0.0916474661249301,0.0182441039727108,0.0650947041737692,0
1106.80277777778,-0.455,-0.0472642446859315,0.0177098971137338,0.0651054156590852,0
1106.80555555556,-0.445,-0.00316971764497146,0.0175529288167541,0.0651158076105421,0
1106.80833333333,-0.445,0.038745381567806,0.0177470994784088,0.06512582141079,0
1106.81111111111,-0.435,0.0768417863066749,0.0182262545501258,0.0651354111997311,0
1106.81388888889,-0.445,0.10986362033349,0.0187455330503795,0.0651445542511885,0
1106.81666666667,-0.435,0.137030645422327,0.0192559073345858,0.0651532584586082,0
1106.81944444444,-0.445,0.158084042937894,0.0197910891228378,0.0651615681028973,0
1106.82222222222,-0.465,0.173283245773707,0.0202708495079438,0.0651696288343234,0
1106.825,-0.48,0.183355720297278,0.0204458352856021,0.0651777044893419,0
1106.82777777778,-0.495,0.189405680158718,0.0202249474467335,0.0651861104754197,0
1106.83055555556,-0.49,0.192791153473941,0.019547710330674,0.0651951243739203,0
1106.83333333333,-0.495,0.19498134487832,0.0188136410660644,0.0652046653989676,0
1106.83611111111,-0.505,0.19740764331964,0.0181062991730419,0.0652145753627766,0
1106.83888888889,-0.505,0.201321834377182,0.0174632393090802,0.065224712564191,0
1106.84166666667,-0.5,0.207674096694331,0.016921000736651,0.0652349081423095,0
1106.84444444444,-0.5,0.217021311351737,0.0165111891327061,0.0652450001830042,0
1106.84722222222,-0.52,0.229473295020313,0.0162571464619285,0.065254917762363,0
1106.85,-0.515,0.244681055975426,0.0161715161869961,0.0652645972892342,0
1106.85277777778,-0.54,0.261867384085854,0.016254915320308,0.0652739862396,0
1106.85555555556,-0.54,0.279896355241154,0.0164958129212074,0.0652830428772152,0
1106.85833333333,-0.55,0.297374978049348,0.016871597188108,0.0652917354434536,0
1106.86111111111,-0.58,0.312777516892976,0.0173507010612564,0.0653000409670215,0
1106.86388888889,-0.595,0.324581208638933,0.0178955592655275,0.0653079431592748,0
1106.86666666667,-0.605,0.331401288605442,0.0184660963996208,0.0653154310037535,0
1106.86944444444,-0.62,0.332113503092897,0.0190234021192,0.0653226389813804,0
1106.87222222222,-0.615,0.325953567215787,0.0195332389628594,0.065329789976516,0
1106.875,-0.63,0.312585198010209,0.0199690511855632,0.0653369615919587,0
1106.87777777778,-0.635,0.292131210528742,0.0203141963397004,0.065344083529553,0
1106.88055555556,-0.655,0.265165450947845,0.0205631998108041,0.0653511041100017,0
1106.88333333333,-0.675,0.232666766023248,0.0207219284200733,0.0653581569263327,0
1106.88611111111,-0.69,0.19593947643484,0.020806683424214,0.0653653459703095,0
1106.88888888889,-0.715,0.156507655195101,0.0208423160120673,0.0653727436710119,0
1106.89166666667,-0.72,0.115992675590185,0.0208595601971927,0.065380385427536,0
1106.89444444444,-0.735,0.0759848111372898,0.0208918504098179,0.0653882753883671,0
1106.89722222222,-0.755,0.0379200423083349,0.0209719375148798,0.0653963946590216,0
1106.9,-0.75,0.00297263247146213,0.0211286332597294,0.0654047116218587,0
1106.90277777778,-0.765,-0.0280274582882124,0.0213839979021355,0.0654131898706757,0
1106.90555555556,-0.78,-0.0546455097004867,0.0217512405000428,0.0654217949504563,0
1106.90833333333,-0.78,-0.0768573354297241,0.022233530327922,0.0654304290405354,0
1106.91111111111,-0.78,-0.0950280772110704,0.0228238277595259,0.0654390087396449,0
1106.91388888889,-0.8,-0.10985682307386,0.0230809189743623,0.065447444861162,0
1106.91666666667,-0.81,-0.122292330985157,0.0229085424223824,0.0654555796797879,0
1106.91944444444,-0.815,-0.133427622704706,0.0222861904806087,0.0654631971024019,0
1106.92222222222,-0.805,-0.144383014690663,0.0214902245529369,0.0654700895770058,0
1106.925,-0.8,-0.156188124468148,0.0207163856271151,0.0654761112111005,0
1106.92777777778,-0.8,-0.169673453184472,0.01999033165228,0.0654812246865217,0
1106.93055555556,-0.8,-0.18538129550822,0.0193310532083315,0.0654854112045246,0
1106.93333333333,-0.795,-0.203504039784779,0.0187491591142893,0.0654886564441344,0
1106.93611111111,-0.79,-0.223855536986874,0.0182461596867007,0.0654909580428582,0
1106.93888888889,-0.76,-0.245878336395707,0.0178148643181126,0.0654923332704231,0
1106.94166666667,-0.73,-0.268686449869113,0.0174409002179065,0.0654928258389614,0
1106.94444444444,-0.7,-0.291140176954381,0.0171052443660791,0.0654925109238217,0
1106.94722222222,-0.68,-0.311946661929387,0.0167875514508593,0.0654914987564191,0
1106.95,-0.655,-0.329777501933355,0.0164699670759915,0.0654899354043434,0
1106.95277777778,-0.635,-0.343393083040721,0.0161410470185801,0.0654880004700232,0
1106.95555555556,-0.625,-0.35176253223888,0.0157993670550137,0.0654860481808975,0
1106.95833333333,-0.6,-0.354168313408909,0.0154564085086869,0.0654840813146415,0
1106.96111111111,-0.57,-0.350285565730491,0.0151383437916122,0.0654820540321938,0
1106.96388888889,-0.54,-0.340228209654728,0.0148864220977403,0.0654797124427984,0
1106.96666666667,-0.5,-0.324556485336536,0.0147557630978281,0.065476819536391,0
1106.96944444444,-0.48,-0.304243738971305,0.0148124981014712,0.0654731646311075,0
1106.97222222222,-0.435,-0.280603688093612,0.0151293434639025,0.0654685729617947,0
1106.975,-0.4,-0.255182807040788,0.0157798382362368,0.0654629180573996,0
1106.97777777778,-0.38,-0.229625603900887,0.0168316147748667,0.0654561263790039,0
1106.98055555556,-0.35,-0.20552315296999,0.0183391852079413,0.065448176836428,0
1106.98333333333,-0.345,-0.184257081913312,0.0203368076580763,0.065439100110341,0
1106.98611111111,-0.325,-0.16685212504241,0.0228320355936399,0.0654289731948595,0
1106.98888888889,-0.315,-0.15385024618434,0.025800546329479,0.0654179106033626,0
1106.99166666667,-0.295,-0.145218186067923,0.0291827887995827,0.0654060530090217,0
1106.99444444444,-0.275,-0.140298159148559,0.0328828883813434,0.0653935541735192,0
1106.99722222222,-0.26,-0.137808449080741,0.0367701036418684,0.0653805671903894,0
1107,-0.245,-0.135897034156357,0.0406829557046753,0.0653672311685065,0
1107.00277777778,-0.23,-0.132247371292687,0.0441681818972236,0.0653536623013181,0
1107.00555555556,-0.23,-0.124231372512654,0.0468672860197593,0.0653399433898955,0
1107.00833333333,-0.205,-0.109100728690681,0.0486144459284651,0.0653260245228262,0
1107.01111111111,-0.195,-0.0842043708564254,0.0492804794088502,0.0653118165749777,0
1107.01388888889,-0.185,-0.047217278182172,0.0487804951088183,0.0652972127855653,0
1107.01666666667,-0.18,0.00363573864019155,0.0487290214562632,0.0652820961939516,0
1107.01944444444,-0.155,0.0693780806081868,0.0498544786970381,0.0652663499555304,0
1107.02222222222,-0.13,0.150117245135509,0.0522014495375409,0.0652498652670117,0
1107.025,-0.115,0.244932582352121,0.0557546105012742,0.0652325520262605,0
1107.02777777778,-0.075,0.35182587866646,0.0604355539966391,0.0652143503573297,0
1107.03055555556,-0.03,0.467741750303435,0.0661032470954189,0.0651952436362179,0
1107.03333333333,0.035,0.588660219281863,0.0725582651376986,0.0651752698626365,0
1107.03611111111,0.1,0.709758911035247,0.0795506934450459,0.065154531260447,0
1107.03888888889,0.15,0.825637402026675,0.0867913457624218,0.0651337011895104,0
1107.04166666667,0.22,0.930591709288992,0.0939657207352725,0.0651124787548183,0
1107.04444444444,0.285,1.01892308491829,0.100749923998452,0.0650905030735001,0
1107.04722222222,0.34,1.08526244658895,0.106827637408008,0.0650725265206679,0
1107.05,0.41,1.12489016388535,0.111907129494961,0.0650620948305509,0
1107.05277777778,0.465,1.13403067006212,0.115737279253225,0.065061895145656,1
1107.05555555556,0.515,1.1101025249334,0.118121631226367,0.0650744944445863,0
1107.05833333333,0.5,1.05190706181102,0.118929611101393,0.0651021529404451,0
1107.06111111111,0.44,0.959742456505545,0.118104200603099,0.0651466379151112,0
1107.06388888889,0.305,0.835434717500601,0.115665587222728,0.0652090526547544,0
1107.06666666667,0.05,0.682282399264118,0.113081631998599,0.0652896910124825,0
1107.06944444444,-0.275,0.504917420541433,0.111012597111488,0.0653879343579161,0
1107.07222222222,-0.685,0.309089837198904,0.109437685223503,0.0655021962988531,0
1107.075,-1.05,0.101389389366468,0.10835182588189,0.0656299209789772,0
1107.07777777778,-1.42,-0.111079237905249,0.107769327717223,0.0657676420836324,0
1107.08055555556,-1.725,-0.321047527042304,0.107725003920556,0.0659111026643719,0
1107.08333333333,-1.97,-0.521439084538184,0.108272603299441,0.0660554289594799,0
1107.08611111111,-2.13,-0.705708772195349,0.109480612676305,0.0661988483037374,0
1107.08888888889,-2.235,-0.868144686538956,0.111425728233207,0.0663457020767767,0
1107.09166666667,-2.3,-1.00411538736286,0.114184504661533,0.0664997239491759,0
1107.09444444444,-2.345,-1.11024868725822,0.117823864032199,0.0666639293140349,0
1107.09722222222,-2.375,-1.18453312045635,0.120741049443196,0.0668405670255107,0
1107.1,-2.405,-1.22633855797381,0.12224170289517,0.0670311330096114,0
1107.10277777778,-2.415,-1.23635793447037,0.122328360386643,0.0672364294345691,0
1107.10555555556,-2.425,-1.21647729875349,0.121066391559707,0.0674566785542116,0
1107.10833333333,-2.37,-1.16958601416537,0.118577110283646,0.0676916755819788,0
1107.11111111111,-2.32,-1.09934258727996,0.115028254324777,0.067941008379976,0
1107.11388888889,-2.26,-1.00991403920831,0.110622549892422,0.068204178595511,0
1107.11666666667,-2.175,-0.905707794230264,0.10558516085281,0.0684807520545213,0
1107.11944444444,-2.105,-0.791114693342178,0.100150848702124,0.068770479582326,0
1107.12222222222,-2.025,-0.670280004092193,0.0945516384732279,0.0690670552424281,0
1107.125,-1.95,-0.546916356533854,0.089005702234895,0.0693637757941334,0
1107.12777777778,-1.845,-0.424168643713028,0.0837080440115847,0.0696538932595712,0
1107.13055555556,-1.72,-0.304536409995182,0.0788234090272287,0.0699309511884788,0
1107.13333333333,-1.585,-0.189854482069104,0.0744816593810723,0.0701925635431476,0
1107.13611111111,-1.435,-0.0813279600214524,0.0708681090789486,0.0704377176780885,0
1107.13888888889,-1.285,0.0203864532081678,0.0687590819118433,0.070665559407851,0
1107.14166666667,-1.125,0.115064125766348,0.0681761181560036,0.0708755515655645,0
1107.14444444444,-0.97,0.202774768790171,0.0690796527273779,0.0710676752891957,0
1107.14722222222,-0.83,0.283737930020882,0.0700015449372259,0.0712424946120367,0
1107.15,-0.73,0.358186085936364,0.0703025569430443,0.0714012303045879,0
1107.15277777778,-0.63,0.426248240740597,0.0700469866677795,0.0715457948400314,0
1107.15555555556,-0.56,0.487864406424287,0.0693058092359834,0.0716787814399845,0
1107.15833333333,-0.51,0.542737981326087,0.0681515522693029,0.0718034032915767,0
1107.16111111111,-0.445,0.590329173825167,0.0666542177822953,0.0719233866145361,0
1107.16388888889,-0.36,0.629888580409395,0.0648784323541497,0.0720428237606421,0
1107.16666666667,-0.265,0.660526179590562,0.0628818791611335,0.0721625120270454,0
1107.16944444444,-0.11,0.681307679387845,0.0607149428954079,0.0722770590565758,0
1107.17222222222,0.045,0.691367640473215,0.0584213916501538,0.072381628894498,0
1107.175,0.215,0.690027299339447,0.0560398368118922,0.0724721454164448,0
1107.17777777778,0.345,0.676904653987367,0.0536056587507301,0.0725454446535625,0
1107.18055555556,0.435,0.652005165389257,0.0511530657076922,0.0725993680402613,0
1107.18333333333,0.475,0.615783286322843,0.0487169658485828,0.072632795563701,0
1107.18611111111,0.475,0.569167776520369,0.0463343752229425,0.0726456206002179,0
1107.18888888889,0.445,0.513547143763513,0.0440451520440092,0.0726386716404148,0
1107.19166666667,0.41,0.450715254860781,0.0418919330153423,0.0726135384649793,0
1107.19444444444,0.375,0.38278085231122,0.0399192418058092,0.0725724931691222,0
1107.19722222222,0.355,0.312048059366909,0.0381718341450497,0.0725287185930966,0
1107.2,0.36,0.240877658602045,0.036692429603758,0.0724863721611941,0
1107.20277777778,0.37,0.171540746768282,0.0355190492206298,0.0724449682951145,0
1107.20555555556,0.39,0.106077141807411,0.0346822247247945,0.0724040324475756,0
1107.20833333333,0.415,0.0461705806926278,0.0342023653443028,0.0723631254206089,0
1107.21111111111,0.425,-0.00694866691284866,0.0340875607129273,0.0723218627686227,0
1107.21388888889,0.43,-0.0525655045293404,0.0343320643322952,0.0722805051633002,0
1107.21666666667,0.43,-0.0905008628032904,0.0348232075934034,0.0722394694251526,0
1107.21944444444,0.43,-0.121090077784813,0.0348064708536522,0.0721990895661213,0
1107.22222222222,0.44,-0.145120854428821,0.0342350330610389,0.0721596128222961,0
1107.225,0.45,-0.163736369309074,0.0330825110268819,0.0721211529893573,0
1107.22777777778,0.46,-0.17831205835072,0.0316023650544262,0.0720836663465178,0
1107.23055555556,0.475,-0.190316862434859,0.0300565360998547,0.0720470353328316,0
1107.23333333333,0.485,-0.201170972162635,0.0285137130970631,0.0720111307557908,0
1107.23611111111,0.52,-0.2121123156843,0.0270383290193926,0.0719758283132881,0
1107.23888888889,0.505,-0.22408315888864,0.0256868179986985,0.0719410234606555,0
1107.24166666667,0.54,-0.237646320277002,0.0245044302182315,0.0719066416720574,0
1107.24444444444,0.56,-0.252937816482006,0.0235228405588447,0.0718726436553819,0
1107.24722222222,0.575,-0.269659493628912,0.0227587236479383,0.0718390168838723,0
1107.25,0.6,-0.287111659116306,0.0222133911038047,0.0718057203305261,0
1107.25277777778,0.61,-0.304262225163345,0.0218735030582205,0.0717727336483377,0
1107.25555555556,0.625,-0.319845720869251,0.0217127826004065,0.0717400502916866,0
1107.25833333333,0.625,-0.332483000768546,0.0216945855629711,0.0717076683470616,0
1107.26111111111,0.625,-0.34081079338087,0.0217751152408618,0.0716755819289527,0
1107.26388888889,0.65,-0.343609533456732,0.0219070270884791,0.071643771780954,0
1107.26666666667,0.675,-0.339918256855474,0.0220431453952488,0.0716121971674401,0
1107.26944444444,0.695,-0.329126663781191,0.0221400137073272,0.0715807900352976,0
1107.27222222222,0.725,-0.311036641959416,0.0221610226878386,0.0715494524873609,0
1107.275,0.75,-0.285888377662298,0.0220789006824516,0.071518185135943,0
1107.27777777778,0.765,-0.254349404318117,0.0218774093929002,0.0714871171141833,0
1107.28055555556,0.775,-0.217468249186797,0.0215521544919447,0.0714563700216729,0
1107.28333333333,0.79,-0.176597437475251,0.0211104927887837,0.0714260528373735,0
1107.28611111111,0.805,-0.133293222930666,0.0205958120543414,0.0713962577616399,0
1107.28888888889,0.815,-0.0892013055957561,0.0200534541478258,0.0713670569840412,0
1107.29166666667,0.81,-0.0459388113122226,0.0194975174212,0.0713385006855464,0
1107.29444444444,0.85,-0.00498286697233693,0.0189607849312643,0.0713106191984609,0
1107.29722222222,0.865,0.0324247772159878,0.0184906846583381,0.0712834238008793,0
1107.3,0.885,0.0653493528563417,0.0181437678386793,0.0712569081870056,0
1107.30277777778,0.895,0.0932055730812504,0.0179792596583431,0.0712310514780759,0
1107.30555555556,0.91,0.115768518857825,0.0180523183354031,0.0712058211874336,0
1107.30833333333,0.935,0.133153388949745,0.0181530889696684,0.0711812177855269,0
1107.31111111111,0.94,0.145767453468713,0.0180753453641465,0.0711570365580874,0
1107.31388888889,0.945,0.154240025040267,0.017814574326094,0.0711330559480622,0
1107.31666666667,0.945,0.159338121164942,0.0173747352985291,0.0711090568057853,0
1107.31944444444,0.935,0.161876572241572,0.0167675402511408,0.0710848402228435,0
1107.32222222222,0.915,0.162631544238264,0.016011344470669,0.0710602440181946,0
1107.325,0.895,0.162265789332085,0.0151297741171876,0.0710351571602619,0
1107.32777777778,0.88,0.161272491474131,0.0141502219732124,0.0710095294149725,0
1107.33055555556,0.865,0.159942491058887,0.0131023358634872,0.0709833759028637,0
1107.33333333333,0.845,0.158357167219981,0.0120166065311092,0.0709567758606999,0
1107.33611111111,0.83,0.156406579428935,0.0109231360203113,0.0709298673891686,0
1107.33888888889,0.805,0.153829887299745,0.00985063715632445,0.0709028353127894,0
1107.34166666667,0.78,0.150272831917173,0.00882568310239954,0.0708758926335336,0
1107.34444444444,0.755,0.145355390206571,0.00787219666883121,0.0708492591511788,0
1107.34722222222,0.705,0.138741765211618,0.00717718307386676,0.07082313788477,0
1107.35,0.655,0.130204736697471,0.00672898246752258,0.0707976911914705,0
1107.35277777778,0.62,0.119677074979218,0.00648480725568075,0.0707730167356441,0
1107.35555555556,0.565,0.107284142481483,0.00638973303637676,0.0707489242663658,0
1107.35833333333,0.515,0.09335382551156,0.00638253913723606,0.0707250927098383,0
1107.36111111111,0.48,0.0784023480139235,0.00640197219883489,0.0707018571102054,0
1107.36388888889,0.44,0.0630970765533376,0.00639282548968602,0.0706796346036436,0
1107.36666666667,0.395,0.0481998741840347,0.0064744005823156,0.0706589012626275,0
1107.36944444444,0.37,0.0344966540311551,0.00665685449756273,0.070640161246154,0
1107.37222222222,0.34,0.0227203103865835,0.00695084632335923,0.0706238815968215,0
1107.375,0.31,0.0134750108598369,0.00734870911930204,0.0706104719440882,0
1107.37777777778,0.275,0.00716983372713047,0.00782580187940876,0.0705855147001745,0
1107.38055555556,0.23,0.00396892565059914,0.00834359096579404,0.0705432118907842,0
1107.38333333333,0.205,0.00376381199917195,0.00885413469215572,0.0704821321999702,0
1107.38611111111,0.18,0.00617136352177779,0.00930550812761266,0.0704015854232521,0
1107.38888888889,0.15,0.0105584160297165,0.00964761434239869,0.0703018207557299,0
1107.39166666667,0.125,0.0160913994052717,0.00983779199705182,0.0701842925405598,0
1107.39444444444,0.085,0.0218068186170096,0.00984565086444815,0.0700514646928214,0
1107.39722222222,0.065,0.0266962916666041,0.0096566444197503,0.0699067688474558,0
1107.4,0.045,0.0297983015296002,0.00927401446513511,0.0697544996539899,0
1107.40277777778,0.035,0.0302880189609748,0.0087979879428632,0.0695996498995198,0
1107.40555555556,0.025,0.0275565863685382,0.00843273508007157,0.0694449380819245,0
1107.40833333333,0.03,0.021272124968418,0.00818075594776667,0.0692850048282397,0
1107.41111111111,0.015,0.0114163616050749,0.00803825745123682,0.0691150260654486,0
1107.41388888889,0.005,-0.00170698331617224,0.00799550887683153,0.0689309107442321,0
1107.41666666667,0,-0.017493261150313,0.00803761755213475,0.0687294399219317,0
1107.41944444444,-0.01,-0.0350858367846762,0.00814567804406537,0.0685083368822658,0
1107.42222222222,-0.03,-0.0534486602317376,0.00829821445817848,0.068266264983957,0
1107.425,-0.04,-0.07145593157059,0.00847280754650123,0.0680027572320892,0
1107.42777777778,-0.045,-0.0879906367943381,0.00848174129650711,0.0677180807064277,0
1107.43055555556,-0.065,-0.102042817293426,0.00833520651039968,0.0674130563215525,0
1107.43333333333,-0.045,-0.112798386166172,0.00821372154851866,0.0670888555306452,0
1107.43611111111,-0.045,-0.11971013176767,0.00813753834314417,0.0667467529906482,0
1107.43888888889,-0.035,-0.122544180053752,0.0081119459868845,0.0663892259079082,0
1107.44166666667,-0.04,-0.121397471702001,0.00813656531557411,0.0660229139742115,0
1107.44444444444,-0.025,-0.116684533262372,0.00820563876187131,0.0656548606983702,0
1107.44722222222,-0.035,-0.109094725729912,0.00812039776790285,0.0652921106131938,0
1107.45,-0.035,-0.0995239619763977,0.0079971086637173,0.0649414139464666,0
1107.45277777778,-0.055,-0.0889873269895795,0.0078696739585357,0.0646049742422842,0
1107.45555555556,-0.065,-0.0785208758790393,0.00775465023793805,0.0642836136345563,0
1107.45833333333,-0.065,-0.0690819444803448,0.00766757140462044,0.0639783178761236,0
1107.46111111111,-0.065,-0.0614574803945335,0.00762150992946146,0.0636900637946907,0
1107.46388888889,-0.06,-0.0561891671817466,0.00762589802797706,0.063419702725572,0
1107.46666666667,-0.06,-0.0535225369089701,0.0076857134583647,0.063167698126757,0
1107.46944444444,-0.06,-0.0533849931981469,0.0078011003491819,0.0629334703908878,0
1107.47222222222,-0.05,-0.0553949126791525,0.00796745460061598,0.0627156113459006,0
1107.475,-0.055,-0.0589010189350303,0.00817595977562035,0.0625118027656438,0
1107.47777777778,-0.045,-0.0630483136530941,0.00841451710559339,0.062318804501458,0
1107.48055555556,-0.055,-0.066864284048089,0.00866897627808589,0.0621325173694383,0
1107.48333333333,-0.06,-0.0693571314220825,0.00884546223142466,0.0619481197817996,0
1107.48611111111,-0.065,-0.0696165751894338,0.0087631297197094,0.0617623732307608,0
1107.48888888889,-0.08,-0.0669074978106945,0.00854512381156794,0.0615927105155882,0
1107.49166666667,-0.095,-0.060747340897618,0.00836034860075019,0.0614508535272737,0
1107.49444444444,-0.1,-0.0509596838737026,0.00821328171723837,0.0613420613831048,0
1107.49722222222,-0.105,-0.0376986922057724,0.00810397527103665,0.0612690798716008,0
1107.5,-0.095,-0.0214418993510198,0.00802814228134342,0.0612325479490743,0
1107.50277777778,-0.075,-0.00295182104700604,0.00797768501603962,0.0612309267281974,0
1107.50555555556,-0.09,0.0167900977730878,0.00794161332697605,0.0612605551787671,0
1107.50833333333,-0.08,0.0366710228305348,0.00790726285127189,0.0613158400005097,0
1107.51111111111,-0.08,0.0555474766212113,0.00794334658478887,0.061389551231136,0
1107.51388888889,-0.085,0.0723496955690841,0.00801191062019485,0.0614833317595581,0
1107.51666666667,-0.085,0.0861796037398004,0.00811273965519363,0.061595044830578,0
1107.51944444444,-0.095,0.0963929680281646,0.00825149282607534,0.0617221398914775,0
1107.52222222222,-0.1,0.10265776902674,0.0084294571891969,0.0618707996846758,0
1107.525,-0.125,0.104983064626626,0.00864321113975705,0.0620461274843109,0
1107.52777777778,-0.13,0.103715428430268,0.00888474978927537,0.0622515816978585,0
1107.53055555556,-0.135,0.0995031457904691,0.0089552324527729,0.062489159215331,0
1107.53333333333,-0.14,0.0932314504254937,0.00878846011898377,0.0627586975076014,0
1107.53611111111,-0.13,0.0859348862548033,0.00854639162561432,0.0630585168378141,0
1107.53888888889,-0.125,0.0786951115572126,0.00833730244431258,0.0633858802992598,0
1107.54166666667,-0.105,0.0725339081652113,0.00817687059011942,0.0637372324379555,0
1107.54444444444,-0.11,0.0683116739352681,0.00807803093215553,0.064108482728032,0
1107.54722222222,-0.11,0.0666412074579121,0.0080497727608788,0.0644948919896878,0
1107.55,-0.11,0.0678251794407277,0.00809629155748019,0.0648886406620905,0
1107.55277777778,-0.125,0.0718234559485069,0.0082165788396182,0.0652813073795754,0
1107.55555555556,-0.13,0.0782536042193491,0.00840449228879994,0.0656683295595581,0
1107.55833333333,-0.135,0.0864247408929825,0.00864930233756179,0.0660528909720945,0
1107.56111111111,-0.14,0.095401677818503,0.0089366654369535,0.0664373349524829,0
1107.56388888889,-0.135,0.104093389758741,0.00924993278725176,0.0668231068659505,0
1107.56666666667,-0.14,0.111357454362123,0.00957167043994954,0.0672106798380256,0
1107.56944444444,-0.125,0.116110528982291,0.00979782242122682,0.06759983635973,0
1107.57222222222,-0.12,0.117434288215483,0.00979840142723832,0.0679899301855593,0
1107.575,-0.11,0.114666617499281,0.00962369733267087,0.0683800466370131,0
1107.57777777778,-0.1,0.107469212089101,0.00940540005004871,0.0687691422753153,0
1107.58055555556,-0.1,0.0958649430059504,0.00922794892031178,0.0691564221143035,0
1107.58333333333,-0.105,0.0802412147828895,0.00908772139359422,0.0695415914523584,0
1107.58611111111,-0.1,0.0613187829298206,0.00897666402918163,0.0699253701659363,0
1107.58888888889,-0.135,0.0400888127709336,0.00895488053834463,0.0703093611218353,0
1107.59166666667,-0.13,0.0177240277982548,0.00904437844694258,0.0706960486206357,0
1107.59444444444,-0.15,-0.0045276811758885,0.00914431905321861,0.0710786237508087,0
1107.59722222222,-0.15,-0.0254570807606985,0.00926811766401566,0.0714502324458158,0
1107.6,-0.14,-0.0440039749314222,0.00942671498887327,0.0718067555220874,0
1107.60277777778,-0.13,-0.0593535290886476,0.00962728176678681,0.0721439649731168,0
1107.60555555556,-0.115,-0.0710092166167695,0.00987227969293437,0.0724578327771685,0
1107.60833333333,-0.105,-0.0788352602701687,0.0101589720697312,0.0727448486418778,0
1107.61111111111,-0.1,-0.0830643340843015,0.0104794340699945,0.0730023205181692,0
1107.61388888889,-0.105,-0.0842696107068206,0.0108210638688847,0.0732286326536249,0
1107.61666666667,-0.115,-0.0833036677321729,0.010976673083089,0.0734234390066753,0
1107.61944444444,-0.12,-0.0812099757969531,0.010812934570632,0.0735879884792252,0
1107.62222222222,-0.12,-0.079115370679761,0.0105136802701254,0.0737270505467624,0
1107.625,-0.145,-0.0781138000177829,0.0102665257080136,0.0738462889247254,0
1107.62777777778,-0.14,-0.0791525452608661,0.0100878155252435,0.073951907997765,0
1107.63055555556,-0.145,-0.0829319565930221,0.00999018393595812,0.0740502908716146,0
1107.63333333333,-0.135,-0.0898285106828063,0.00998157652969895,0.074147652529291,0
1107.63611111111,-0.115,-0.099848818666763,0.0100647220421423,0.0742456632535981,0
1107.63888888889,-0.115,-0.112619277761267,0.0102371015257367,0.0743377195162498,0
1107.64166666667,-0.11,-0.12741265124628,0.0104914118094813,0.0744177540658038,0
1107.64444444444,-0.11,-0.143209303044797,0.0108164695294983,0.0744810060224885,0
1107.64722222222,-0.115,-0.158787446575287,0.0111984564652546,0.0745256716646909,0
1107.65,-0.105,-0.17283391920309,0.0116223711293535,0.0745511126620367,0
1107.65277777778,-0.13,-0.184064942604098,0.0120735293285212,0.0745577693329673,0
1107.65555555556,-0.13,-0.191345280532224,0.0125389502393442,0.0745633445327162,0
1107.65833333333,-0.145,-0.193794269081151,0.0129418585955645,0.0745718112217366,0
1107.66111111111,-0.125,-0.190868374712691,0.0132644853603978,0.0745828241953422,0
1107.66388888889,-0.125,-0.182412128790872,0.0135817304849235,0.0745959838668801,0
1107.66666666667,-0.13,-0.168672292238136,0.0139697599198136,0.0746105502730067,0
1107.66944444444,-0.105,-0.150273638168525,0.0144257682154718,0.0746257288721122,0
1107.67222222222,-0.095,-0.128158467977362,0.0148857985490054,0.074640753320173,0
1107.675,-0.06,-0.103495539142363,0.0153551277984075,0.0746551266831527,0
1107.67777777778,-0.035,-0.0775671345333144,0.0158376119070139,0.0746688536921143,0
1107.68055555556,-0.035,-0.0516452421339975,0.0163341624760417,0.0746823564443016,0
1107.68333333333,-0.02,-0.0268690140962802,0.016841466820668,0.0746959327062638,0
1107.68611111111,-0.01,-0.0041357054312246,0.0173511206595501,0.0747097253840249,0
1107.68888888889,-0.005,0.0159838634810428,0.0178493071047739,0.0747237487727706,0
1107.69166666667,-0.005,0.0332965250710378,0.0183171043674303,0.074737956557469,0
1107.69444444444,0.005,0.0479990081074264,0.0187314421275957,0.0747521656466236,0
1107.69722222222,0.025,0.0606492934124627,0.0190666586689054,0.0747661257152347,0
1107.7,0.045,0.0720991615278467,0.0192965442530845,0.0747795892238801,0
1107.70277777778,0.055,0.0833938752562848,0.0191963909349618,0.0747926655859903,0
1107.70555555556,0.07,0.0956482995300757,0.0192461107839781,0.0748054317959218,0
1107.70833333333,0.09,0.109911285347247,0.0194592793291232,0.0748179355168822,0
1107.71111111111,0.105,0.127031576351878,0.0198409934407999,0.0748301975720538,0
1107.71388888889,0.13,0.147538678674322,0.0203865722306499,0.0748422237969416,0
1107.71666666667,0.155,0.171551025807865,0.0210810490960891,0.0748540194871899,0
1107.71944444444,0.175,0.198721451404174,0.0218995661042246,0.0748656069858847,0
1107.72222222222,0.2,0.228226650883352,0.0228087012084946,0.0748770428737065,0
1107.725,0.205,0.258803264009449,0.0237686701120521,0.0748885051093668,0
1107.72777777778,0.215,0.288828814451428,0.0247362559939904,0.0749005360995771,0
1107.73055555556,0.2,0.316441407696268,0.0256682402480989,0.0749135013527445,0
1107.73333333333,0.18,0.339688226142072,0.0265250439171443,0.0749277644246948,0
1107.73611111111,0.165,0.356689843768179,0.0272742495576969,0.0749436916539077,0
1107.73888888889,0.16,0.365805514258301,0.0278936619197232,0.0749616318367266,0
1107.74166666667,0.155,0.365784066115402,0.0283735857600606,0.0749818943615064,0
1107.74444444444,0.175,0.35588594457211,0.028718050275202,0.0749998316966248,0
1107.74722222222,0.185,0.335964220210165,0.0289447891221676,0.0750015553543108,0
1107.75,0.195,0.306495856901929,0.0290838871588292,0.0749861615927487,0
1107.75277777778,0.185,0.268558901805116,0.0291751219027107,0.074953463584045,0
1107.75555555556,0.155,0.223756143872382,0.0292641495808382,0.0749052954177814,0
1107.75833333333,0.12,0.174090746027403,0.0293978018869725,0.0748450973299675,0
1107.76111111111,0.065,0.121803935604255,0.0296188595062358,0.0747770650710747,0
1107.76388888889,0.04,0.0691886093633721,0.0299607423449351,0.0747059899758429,0
1107.76666666667,0,0.0183953101221039,0.030442596249191,0.0746370836978425,0
1107.76944444444,-0.015,-0.0287518021593087,0.0310652564147878,0.074568399733429,0
1107.77222222222,-0.015,-0.0709117701516206,0.0318085264351059,0.0744947136354572,0
1107.775,-0.02,-0.107341216764035,0.0326301302298741,0.0744106564299235,0
1107.77777777778,-0.025,-0.137954460567834,0.0334665766824578,0.0743109356477706,0
1107.78055555556,-0.045,-0.163322120053004,0.0342360316767965,0.0741906098554155,0
1107.78333333333,-0.06,-0.184606304720542,0.0348416508799008,0.0740453610581202,0
1107.78611111111,-0.08,-0.203436155556336,0.0345013852385037,0.0738717486794755,0
1107.78888888889,-0.11,-0.221732984436692,0.0345253161017828,0.0736674292350409,0
1107.79166666667,-0.145,-0.241499083013887,0.0350076614938887,0.0734313272888286,0
1107.79444444444,-0.165,-0.264587988002027,0.0360223213585385,0.0731637457148636,0
1107.79722222222,-0.165,-0.292476252013465,0.0376167157944328,0.0728664065686962,0
1107.8,-0.165,-0.32605734856841,0.0398047347468911,0.0725423944026502,0
1107.80277777778,-0.135,-0.365477150369869,0.0425615356409614,0.0721960164844604,0
1107.80555555556,-0.125,-0.410027526719386,0.0458207263456893,0.0718326752247756,0
1107.80833333333,-0.11,-0.458110221963674,0.0494743227827505,0.0714586356952111,0
1107.81111111111,-0.12,-0.507277645797738,0.0533756851546396,0.0710809625575463,0
1107.81388888889,-0.12,-0.554350974291817,0.057345426924949,0.0707069988045729,0
1107.81666666667,-0.125,-0.595609539042852,0.061180071426639,0.0703439957041745,0
1107.81944444444,-0.12,-0.627039404368798,0.0646630186070236,0.0699926749722005,0
1107.82222222222,-0.135,-0.64462380940172,0.0675771952154246,0.0696508150142716,0
1107.825,-0.135,-0.644654227344496,0.0697186106833069,0.0693162755340297,0
1107.82777777778,-0.14,-0.624038507947456,0.0709099405396107,0.0689869261310253,0
1107.83055555556,-0.13,-0.580582128268149,0.0710132184538285,0.0686605594711643,0
1107.83333333333,-0.095,-0.513220037096492,0.0707225160358533,0.0683348005612684,0
1107.83611111111,-0.055,-0.422179840522823,0.0714075367817458,0.0680069360716534,0
1107.83888888889,0.005,-0.309061893056553,0.0729319430551874,0.0676739106682293,0
1107.84166666667,0.12,-0.176827856705365,0.075134630807719,0.0673323369091262,0
1107.84444444444,0.26,-0.0296960000273732,0.0778436700478424,0.0669785052622431,0
1107.84722222222,0.455,0.127051595888668,0.0808901440369025,0.0666084338977572,0
1107.85,0.66,0.287338216954865,0.0841207558184403,0.0662252934471693,0
1107.85277777778,0.84,0.444620696286149,0.0874082063561738,0.0658353703377338,0
1107.85555555556,1.03,0.592254833447573,0.090658564866537,0.0654449669431008,0
1107.85833333333,1.205,0.723873545482527,0.0938151289356009,0.0650601169212819,0
1107.86111111111,1.36,0.833752326611324,0.0968585849496279,0.0646863296640256,0
1107.86388888889,1.51,0.917137559847449,0.0998036009023099,0.0643283750678709,0
1107.86666666667,1.635,0.970515976516052,0.102692286252964,0.063990048848128,0
1107.86944444444,1.715,0.991807864908727,0.104163438130049,0.0636741199223285,1
1107.87222222222,1.71,0.980472136452813,0.104132110883664,0.0633823174687366,0
1107.875,1.665,0.937517629833791,0.102590190659984,0.0631153438701308,0
1107.87777777778,1.555,0.865421583892544,0.0996049333146414,0.0628729370857931,0
1107.88055555556,1.4,0.767962542514183,0.0960933281363841,0.062653997897742,0
1107.88333333333,1.19,0.649980602749146,0.0923648060631925,0.0624567573210841,0
1107.88611111111,0.925,0.517082480716887,0.0884546621001353,0.0622788820196324,0
1107.88888888889,0.65,0.375312043808003,0.084433044256839,0.0621172196747576,0
1107.89166666667,0.405,0.230808554379666,0.0804025409670447,0.0619650947618943,0
1107.89444444444,0.235,0.0894748290850556,0.076492694923899,0.0618157132669603,0
1107.89722222222,0.115,-0.0433240936688339,0.072851907868987,0.061662452095239,0
1107.9,0.035,-0.163014183401562,0.069637412233431,0.0615052093632906,0
1107.90277777778,-0.01,-0.266004051062263,0.067004135652659,0.0613467217071332,0
1107.90555555556,-0.04,-0.349806344174008,0.0650933625204523,0.0611894389359528,0
1107.90833333333,-0.05,-0.413085468006508,0.0640220985949819,0.0610354959064327,0
1107.91111111111,-0.085,-0.455633357540639,0.063873972473741,0.0608867071472512,0
1107.91388888889,-0.135,-0.478279762225589,0.0639105955363991,0.0607445791088581,0
1107.91666666667,-0.185,-0.482747495784326,0.0627321529286464,0.0606104022933948,0
1107.91944444444,-0.24,-0.471466098487519,0.0604630290133151,0.0604851677918156,0
1107.92222222222,-0.28,-0.447359202258885,0.0572738337720367,0.0603696363948996,0
1107.925,-0.315,-0.413621520509553,0.0533696946737681,0.0602643680765773,0
1107.92777777778,-0.33,-0.373500842049105,0.0489772100810316,0.0601697454468937,0
1107.93055555556,-0.32,-0.330098816386944,0.0443309144356696,0.0600859890547947,0
1107.93333333333,-0.32,-0.286201872306885,0.0396600964354771,0.0600131638681037,0
1107.93611111111,-0.325,-0.244150559737908,0.0351767481434419,0.0599511776566904,0
1107.93888888889,-0.34,-0.20575222113408,0.0310653119229245,0.0598997732226272,0
1107.94166666667,-0.325,-0.172238460847669,0.0274747427372309,0.0598585166781062,0
1107.94444444444,-0.335,-0.144265648445539,0.0245132274007997,0.0598267865819411,0
1107.94722222222,-0.345,-0.121953885615576,0.0222457128663984,0.0598038366107901,0
1107.95,-0.34,-0.104957654738889,0.0206942059947719,0.0597887394596198,0
1107.95277777778,-0.325,-0.0925598574658914,0.0198406303167612,0.0597803599324527,0
1107.95555555556,-0.33,-0.0837801864716961,0.0196318724473348,0.0597743271032095,0
1107.95833333333,-0.345,-0.0774887340750583,0.019986531243727,0.0597676613883664,0
1107.96111111111,-0.35,-0.0725163546937699,0.0200247755773887,0.0597606242075134,0
1107.96388888889,-0.345,-0.0677544487785211,0.0195263271342934,0.0597534666247034,0
1107.96666666667,-0.335,-0.062238379935623,0.0185940912347069,0.0597463999503549,0
1107.96944444444,-0.345,-0.055210516742237,0.0173387423111967,0.0597395480307987,0
1107.97222222222,-0.345,-0.0461607493194809,0.0158716438971792,0.0597325498610885,0
1107.975,-0.345,-0.0348441244938926,0.0144175043798548,0.0597250319628575,0
1107.97777777778,-0.35,-0.0212768521350083,0.0131023867728432,0.0597166034400789,0
1107.98055555556,-0.365,-0.00571326878739244,0.0119719817095736,0.059707059823438,0
1107.98333333333,-0.355,0.0113926541168026,0.0110505917833322,0.0596963869352548,0
1107.98611111111,-0.355,0.0294370257309104,0.0103426344795746,0.0596846162003925,0
1107.98888888889,-0.36,0.0477224502862415,0.0098354477236624,0.0596718203106636,0
1107.99166666667,-0.36,0.0655166451580622,0.00950305982135724,0.0596581065006004,0
1107.99444444444,-0.375,0.082109071629647,0.00931053977725402,0.0596435572319392,0
1107.99722222222,-0.39,0.0968619102837562,0.00921852999120258,0.0596282704513601,0
1108,-0.41,0.109252393256754,0.00918758040744342,0.0596124340420433,0
1108.00277777778,-0.395,0.118904284635622,0.00918194831869444,0.0595962408281597,0
1108.00555555556,-0.38,0.125607125296948,0.00917259625995541,0.0595798770315734,0
1108.00833333333,-0.375,0.1293226849756,0.00913920532289397,0.0595635116856484,0
1108.01111111111,-0.375,0.130178856631253,0.00907111538492033,0.0595472876538423,0
1108.01388888889,-0.385,0.1284519585536,0.00896719941417374,0.0595313147714544,0
1108.01666666667,-0.375,0.12453905658796,0.00883476864603422,0.0595156654672511,0
1108.01944444444,-0.39,0.11892246481895,0.00868768227442637,0.0595003284343857,0
1108.02222222222,-0.395,0.112129012393539,0.00854389386996277,0.0594851976366032,0
1108.025,-0.42,0.104686961800381,0.00842270316687946,0.0594701387004671,0
1108.02777777778,-0.435,0.0970836148918723,0.00834199416131691,0.0594550055459511,0
1108.03055555556,-0.45,0.0897266331820346,0.00831572860490327,0.0594396576738649,0
1108.03333333333,-0.465,0.0829119171880303,0.00835192983202957,0.0594239754931064,0
1108.03611111111,-0.49,0.0768005299893266,0.0084513390011077,0.0594078982214067,0
1108.03888888889,-0.49,0.0714066155217046,0.0086068592126209,0.0593914096760974,0
1108.04166666667,-0.5,0.0665975667141365,0.00880382850114759,0.0593745353786769,0
1108.04444444444,-0.515,0.0621068705023195,0.00902108676943526,0.059357322972288,0
1108.04722222222,-0.53,0.0575591388342034,0.0092327306867079,0.0593398539399815,0
1108.05,-0.55,0.0525058838420528,0.00941039022000838,0.0593221342671017,0
1108.05277777778,-0.555,0.0464696795709479,0.00952581562849648,0.059304211159685,0
1108.05555555556,-0.575,0.0389935470214056,0.00949809336294675,0.0592861817960314,0
1108.05833333333,-0.59,0.0296917794391489,0.00957827071287933,0.05926819295667,0
1108.06111111111,-0.615,0.0182980598209776,0.00977917449402178,0.0592502472584665,0
1108.06388888889,-0.625,0.00470666730619849,0.010104750281926,0.0592322043992363,0
1108.06666666667,-0.635,-0.0109971431465953,0.0105492757286701,0.0592139304929366,0
1108.06944444444,-0.66,-0.028520866565931,0.0110973750516832,0.059195303367497,0
1108.07222222222,-0.66,-0.0473648970244142,0.0117248416445018,0.0591762164704168,0
1108.075,-0.665,-0.066840189399265,0.0124002061327639,0.0591566318409134,0
1108.07777777778,-0.69,-0.0861031141872568,0.0130869231814706,0.0591365506995341,0
1108.08055555556,-0.705,-0.104205706527529,0.013745997372221,0.0591159820498122,0
1108.08333333333,-0.715,-0.120158087686739,0.0143388309905963,0.0590949334972547,0
1108.08611111111,-0.725,-0.132998601948972,0.0148300577574582,0.0590734029457118,0
1108.08888888889,-0.73,-0.141866288093338,0.0151901279844249,0.0590513723622789,0
1108.09166666667,-0.745,-0.146069796595145,0.015397432193625,0.0590288045800769,0
1108.09444444444,-0.74,-0.145146844218435,0.0154397900593563,0.059005643771682,0
1108.09722222222,-0.72,-0.13890879910475,0.0153151861804689,0.0589818198086362,0
1108.1,-0.715,-0.127465997682609,0.0150316989655799,0.0589574298071188,0
1108.10277777778,-0.72,-0.111230847407975,0.0146709859621994,0.0589326218853806,0
1108.10555555556,-0.71,-0.0908975588592382,0.0142753120921827,0.0589075234650011,0
1108.10833333333,-0.69,-0.0673993315833485,0.0138200599508764,0.0588822347356568,0
1108.11111111111,-0.675,-0.0418458186817732,0.0132918866913105,0.0588568275457064,0
1108.11388888889,-0.67,-0.0154455325281675,0.0126913727619134,0.0588313538078096,0
1108.11666666667,-0.645,0.0105806490830291,0.0120343816214777,0.0588058536450147,0
1108.11944444444,-0.635,0.0350877150824126,0.0113883556169546,0.058780486714404,0
1108.12222222222,-0.625,0.0570889388228648,0.0108033301519621,0.0587554514275573,0
1108.125,-0.61,0.0758252112736766,0.0102927912716131,0.0587309828061566,0
1108.12777777778,-0.585,0.0908149795238291,0.0098624039195214,0.058707361901081,0
1108.13055555556,-0.57,0.10188005658278,0.00960290467707024,0.0586845963153777,0
1108.13333333333,-0.52,0.109144638960093,0.00959506315160078,0.0586625873540793,0
1108.13611111111,-0.495,0.113007259021903,0.00982032748582701,0.0586411923497352,0
1108.13888888889,-0.47,0.114087897372377,0.0100049568810592,0.0586202293460986,0
1108.14166666667,-0.435,0.113154854852238,0.0101658969647629,0.0585994872810732,0
1108.14444444444,-0.395,0.111038004567944,0.0103187816945575,0.0585787438966173,0
1108.14722222222,-0.37,0.108536506213031,0.0104761028894361,0.0585577856829745,0
1108.15,-0.345,0.106329807321109,0.0106458454763616,0.0585364231471743,0
1108.15277777778,-0.32,0.10490068081514,0.0108307358818792,0.0585145050593087,0
1108.15555555556,-0.31,0.104478131512926,0.0110281871132258,0.0584919886853821,0
1108.15833333333,-0.285,0.105006302169748,0.0112309498800498,0.0584690154751829,0
1108.16111111111,-0.265,0.106143156025239,0.0114284015794779,0.05844576391819,0
1108.16388888889,-0.255,0.107289909654328,0.0116083316650615,0.0584224355365397,0
1108.16666666667,-0.23,0.107649190705901,0.0117590203106425,0.0583992393110289,0
1108.16944444444,-0.205,0.10630698259262,0.0118713640334618,0.0583763757672776,0
1108.17222222222,-0.21,0.102330878329426,0.0119407822719024,0.0583540220466134,0
1108.175,-0.18,0.0948752602601556,0.0119686460281799,0.0583323192758399,0
1108.17777777778,-0.165,0.083282962684737,0.0119630043872875,0.058311363426464,0
1108.18055555556,-0.18,0.0671728988351887,0.0119384452158313,0.0582910716884605,0
1108.18333333333,-0.15,0.0465040913965119,0.011961882160413,0.0582713220266608,0
1108.18611111111,-0.165,0.0216084881962952,0.0119607247670309,0.0582520830165603,0
1108.18888888889,-0.16,-0.00681227410043518,0.0119109027611829,0.0582333032964183,0
1108.19166666667,-0.16,-0.0377276087620198,0.0118784406563876,0.0582149130706215,0
1108.19444444444,-0.165,-0.0698539806246763,0.0119841874524202,0.0581968321457849,0
1108.19722222222,-0.175,-0.101760282473768,0.0122484147799002,0.0581789834516481,0
1108.2,-0.18,-0.131993447756568,0.0126219527545644,0.0581611681039871,0
1108.20277777778,-0.16,-0.159212643978943,0.0130511111564316,0.0581433171683189,0
1108.20555555556,-0.145,-0.182318887151606,0.0134946397410586,0.0581254516645533,0
1108.20833333333,-0.11,-0.200566623363518,0.0138950674529558,0.0581076830294651,0
1108.21111111111,-0.11,-0.213644829337246,0.0140883134735833,0.0580904400242626,0
1108.21388888889,-0.105,-0.221717460646607,0.0139987683014538,0.0580734188720904,0
1108.21666666667,-0.1,-0.225416473122537,0.0141917615887672,0.0580562560712473,0
1108.21944444444,-0.095,-0.22578489550078,0.0147513382166941,0.0580424257197496,0
1108.22222222222,-0.095,-0.224172181587773,0.0157515658550563,0.0580377044599707,0
1108.225,-0.085,-0.222088895711561,0.0172484323205439,0.0580449161750812,0
1108.22777777778,-0.08,-0.221032235526239,0.0192720312654937,0.058066722244872,0
1108.23055555556,-0.05,-0.222297533379098,0.0218197191793649,0.0581054144509482,0
1108.23333333333,-0.045,-0.226793316970014,0.0248509159177366,0.0581627108827489,0
1108.23611111111,-0.04,-0.234878458769148,0.02828415379165,0.0582395108751722,0
1108.23888888889,-0.04,-0.24623923069123,0.0319968580699064,0.0583356747714026,0
1108.24166666667,-0.03,-0.259821678200871,0.0358281706154955,0.058450132304359,0
1108.24444444444,-0.03,-0.273830760784143,0.0395849187278578,0.0585808656216614,0
1108.24722222222,-0.015,-0.285802445480735,0.0430505972945848,0.0587248023162913,0
1108.25,0.025,-0.292748788192213,0.0459969910747424,0.0588778966931519,0
1108.25277777778,0.05,-0.291369493920776,0.0481978339167073,0.0590352783108557,0
1108.25555555556,0.095,-0.278317070519416,0.0494437016810886,0.059191462848682,0
1108.25833333333,0.14,-0.250497050734117,0.0495571829717721,0.0593509193526649,0
1108.26111111111,0.195,-0.205380385372065,0.0506816764503294,0.0595186076484233,0
1108.26388888889,0.29,-0.141302450434247,0.0531669754633251,0.0596987468584837,0
1108.26666666667,0.385,-0.0577224778304864,0.0569909735338296,0.0598945792131049,0
1108.26944444444,0.49,0.0445812339685089,0.0620822391539892,0.0601083182715297,0
1108.27222222222,0.6,0.163401274042871,0.068205691698633,0.060341153864107,0
1108.275,0.7,0.295091544249017,0.0750047022694664,0.0605933276735107,0
1108.27777777778,0.79,0.434666270167546,0.0821680943476199,0.0608642767009833,0
1108.28055555556,0.86,0.576007499272429,0.0893782999941692,0.0611528299235901,0
1108.28333333333,0.96,0.712172390753311,0.0963325977659759,0.0614573008760857,0
1108.28611111111,1.045,0.835783312361056,0.102762893326426,0.061775827734716,0
1108.28888888889,1.13,0.93947646819754,0.108452486948187,0.062106777661262,0
1108.29166666667,1.215,1.01637911658825,0.113248512945488,0.0624479090954418,0
1108.29444444444,1.295,1.06058191306467,0.116973964978849,0.0627920232044224,0
1108.29722222222,1.365,1.06757188297042,0.118909355954053,0.0631317255130119,1
1108.3,1.425,1.03459314971401,0.118899493079629,0.0634608278525069,0
1108.30277777778,1.46,0.960906764424129,0.117801473032475,0.0637784817581829,0
1108.30555555556,1.445,0.847927534503287,0.117354754170155,0.0640834243601958,0
1108.30833333333,1.37,0.699224171333336,0.117374223145789,0.0643741511884512,0
1108.31111111111,1.21,0.52037874968581,0.117668483436177,0.0646491298300516,0
1108.31388888889,0.965,0.318711659540723,0.118059245041992,0.0649070341600395,0
1108.31666666667,0.59,0.102888147475138,0.118399021804529,0.0651469792742974,0
1108.31944444444,0.155,-0.117568588196872,0.118585592916416,0.0653687339142294,0
1108.32222222222,-0.315,-0.332825671088909,0.118571964126635,0.0655728265570363,0
1108.325,-0.75,-0.533313324925246,0.118370952268848,0.0657606368333574,0
1108.32777777778,-1.085,-0.710283224652898,0.118053981287673,0.0659345672036859,0
1108.33055555556,-1.315,-0.85631432128609,0.117744179387657,0.066098062635858,0
1108.33333333333,-1.415,-0.965731724524998,0.1176043624316,0.0662554583241272,0
1108.33611111111,-1.405,-1.03491048620729,0.11782093576561,0.0664127906969275,0
1108.33888888889,-1.3,-1.06244448263429,0.118585106768345,0.0665657992630924,0
1108.34166666667,-1.15,-1.04917039863971,0.1177986470946,0.0667090914483494,0
1108.34444444444,-1.005,-0.998047310709167,0.11544497986166,0.0668374861615277,0
1108.34722222222,-0.9,-0.913902737812024,0.112134600062288,0.0669466402659282,0
1108.35,-0.775,-0.803065477591752,0.107840421320533,0.0670343061908598,0
1108.35277777778,-0.685,-0.672913350948784,0.102607101022909,0.0670994538106087,0
1108.35555555556,-0.605,-0.531369554629057,0.0965530666095701,0.0671422305416784,0
1108.35833333333,-0.53,-0.386384266465798,0.0898664425620201,0.0671638553102735,0
1108.36111111111,-0.44,-0.24543827226457,0.0827951126297717,0.067166457351953,0
1108.36388888889,-0.365,-0.115102724659501,0.0756316441388418,0.0671528738299688,0
1108.36666666667,-0.285,-0.000683961505821047,0.0687423204742192,0.0671264221583764,0
1108.36944444444,-0.225,0.0940249392301946,0.0629265694586238,0.0670905222167341,0
1108.37222222222,-0.175,0.166872895895242,0.05839213820906,0.0670503842029267,0
1108.375,-0.155,0.217356319057937,0.0552659173769143,0.0670099808795666,0
1108.37777777778,-0.165,0.24650724804302,0.053591643581206,0.0669688850378183,0
1108.38055555556,-0.18,0.256678650760803,0.0533327528567951,0.0669269183403757,0
1108.38333333333,-0.21,0.25124861522618,0.0534644887877944,0.0668847888658559,0
1108.38611111111,-0.24,0.234270399487116,0.0521215248853504,0.0668430781610122,0
1108.38888888889,-0.255,0.210098219828045,0.0494196331071969,0.0668022263172617,0
1108.39166666667,-0.27,0.183019086811634,0.0456474126482534,0.0667623522435392,0
1108.39444444444,-0.27,0.15691899465337,0.0414646033225577,0.0667235014162594,0
1108.39722222222,-0.275,0.135007579966733,0.0371280418422228,0.06668565827998,0
1108.4,-0.26,0.119619412329926,0.0328757986751251,0.0666487574275894,0
1108.40277777778,-0.245,0.112102915674857,0.0289144560711027,0.0666127001504297,0
1108.40555555556,-0.24,0.11280018323714,0.0254094949768396,0.0665773710936439,0
1108.40833333333,-0.235,0.121113303512524,0.0224792087400073,0.0665426384397337,0
1108.41111111111,-0.24,0.135645893908368,0.0201922870128037,0.0665082028534997,0
1108.41388888889,-0.245,0.15440289301505,0.0185689446094264,0.0664737984222912,0
1108.41666666667,-0.24,0.175027714621798,0.0175852267830189,0.0664394605556465,0
1108.41944444444,-0.235,0.19505388004088,0.0171799211504011,0.0664052977035029,0
1108.42222222222,-0.25,0.212148306034436,0.0172633599872574,0.0663713771126595,0
1108.425,-0.25,0.224325440794104,0.0173528275079307,0.0663376862616285,0
1108.42777777778,-0.24,0.230115152124795,0.0169097531653969,0.0663042637199551,0
1108.43055555556,-0.24,0.228672285213885,0.0161190599428945,0.0662712964753855,0
1108.43333333333,-0.235,0.219821629016093,0.0151998130796436,0.0662388352073374,0
1108.43611111111,-0.225,0.204038115626076,0.0143267777211658,0.0662069218794188,0
1108.43888888889,-0.23,0.182367879308652,0.0135745933755451,0.0661755781466292,0
1108.44166666667,-0.21,0.156300820624072,0.0131140325483347,0.0661447963600199,0
1108.44444444444,-0.205,0.127609144752635,0.0130179024232377,0.0661145346467187,0
1108.44722222222,-0.215,0.0981686824670919,0.0132637614099793,0.0660847143026474,0
1108.45,-0.205,0.0697805118199791,0.013354113320675,0.0660552211122865,0
1108.45277777778,-0.225,0.0440094848528746,0.0133240348557513,0.0660259107619387,0
1108.45555555556,-0.23,0.0220538786559967,0.0132174446060633,0.0659964731935118,0
1108.45833333333,-0.24,0.00465681301682911,0.0130815598719713,0.065966961099083,0
1108.46111111111,-0.26,-0.00793431596978416,0.0129616585614805,0.0659374505019118,0
1108.46388888889,-0.24,-0.015958909603934,0.0128965750760727,0.0659080396108331,0
1108.46666666667,-0.23,-0.0200879694095181,0.0129152608960357,0.0658788453080267,0
1108.46944444444,-0.225,-0.0213300456160194,0.0130346218964092,0.0658499968522957,0
1108.47222222222,-0.225,-0.0209090716338839,0.0131592085358488,0.0658218121904044,0
1108.475,-0.21,-0.0201270048714776,0.0128693758343823,0.0657943003584639,0
1108.47777777778,-0.205,-0.0202250735351143,0.0124712732164144,0.0657674242764334,0
1108.48055555556,-0.22,-0.0222569771828191,0.0120225864247337,0.0657411126623303,0
1108.48333333333,-0.215,-0.0269857002100764,0.0115551068967085,0.0657152648180193,0
